<?xml version="1.0" encoding="UTF-8"?>
<TEI xmlns="http://www.tei-c.org/ns/1.0" xml:id="R-33-4714181" xml:lang="is">
  <teiHeader>
    <fileDesc>
      <titleStmt>
        <title>
          <title type="main">Almenn viðskiptalög (118. mál)</title>
        </title>
        <respStmt>
          <resp xml:lang="is">Söfnun og úrvinnsla texta</resp>
          <resp xml:lang="en">Collection and processing of text</resp>
          <name xml:lang="is">Stofnun Árna Magnússonar í íslenskum fræðum</name>
          <name xml:lang="en">The Arni Magnusson Institute for Icelandic Studies</name>
        </respStmt>
      </titleStmt>
      <editionStmt>
        <p xml:lang="is">Málheild: Ræður frá Alþingi Íslendinga (2020.06)</p>
        <p xml:lang="en">Corpus: Speeches from The Parliament of Iceland (2020.06)</p>
      </editionStmt>
      <publicationStmt>
        <distributor xml:lang="is">Stofnun Árna Magnússonar í íslenskum fræðum</distributor>
        <distributor xml:lang="en">The Arni Magnusson Institute for Icelandic Studies</distributor>
        <address>
          <addrLine xml:lang="is">Árnagarður við Suðurgötu, 107 Reykjavík, Íslandi</addrLine>
          <addrLine xml:lang="en">Árnagarður Suðurgata, 107 Reykjavik, Iceland</addrLine>
          <addrLine>
            <email>arnastofnun@arnastofnun.is</email>
          </addrLine>
        </address>
        <idno type="risam">R-33-4714181</idno>
        <availability>
          <p xml:lang="is">Þessi texti er til notkunar í málrannsóknum og máltækniverkefnum um allan heim með CC-BY leyfi</p>
          <p xml:lang="en">This text is available for use in language research and language technology projects world wide with CC-BY licence.</p>
        </availability>
        <date>2020-05-27</date>
      </publicationStmt>
      <sourceDesc>
        <biblStruct>
          <analytic>
            <title>
              <title type="main">Almenn viðskiptalög (118. mál)</title>
            </title>
            <author>
             <persName>Lárus H. Bjarnason</persName>
             <note type="gender">M</note>
             <note type="age">44</note>
             <note type="url">http://althingi.is/altext/cv/is/?nfaerslunr=399</note>
             <note type="political_party">Heimastjórnarflokkurinn</note>
             <note type="constituency">konungkjörinn alþingismaður (Kk)</note>
             <note type="role">Alþingismaður</note>
            </author>
            <date when="1911-02-17">17.02. 1911</date>
          </analytic>
          <monogr>
            <title>althingi.is</title>
            <imprint>
              <publisher>Alþingi</publisher>
            </imprint>
            <biblScope>
             <ref>http://althingi.is/altext/raeda/?lthing=22&amp;rnr=224</ref>
            </biblScope>
          </monogr>
        </biblStruct>
      </sourceDesc>
    </fileDesc>
    <encodingDesc>
      <projectDesc>
        <p xml:lang="is">Sjá lýsingu á verkefninu í rmh2Hdr.xml.</p>
        <p xml:lang="en">See description of project in rmh2Hdr.xml.</p>
      </projectDesc>
      <tagsDecl>
        <namespace name="http://www.tei-c.org/ns/1.0">
          <tagUsage gi="text" occurs="1"/>
          <tagUsage gi="body" occurs="1"/>
          <tagUsage gi="div1" occurs="1"/>
          <tagUsage gi="p" occurs="2"/>
          <tagUsage gi="s" occurs="21"/>
          <tagUsage gi="w" occurs="460"/>
          <tagUsage gi="c" occurs="0"/>
        </namespace>
      </tagsDecl>
    </encodingDesc>
  </teiHeader>
  <text>
    <body>
      <div1>
        <p n="1">
          <s n="1">
            <w lemma="Lárus" type="nken-s">Lárus</w>
            <w lemma="H." type="ks">H.</w>
            <w lemma="Bjarnason" type="nken-s">Bjarnason</w>
            <w lemma=":" type="pa">:</w>
          </s>
        </p>
        <p n="2">
          <s n="1">
            <w lemma="ég" type="fp1eþ">Mér</w>
            <w lemma="þykja" type="sfg3en">þykir</w>
            <w lemma="leiður" type="lhensf">leitt</w>
            <w lemma="," type="pk">,</w>
            <w lemma="að" type="c">að</w>
            <w lemma="ráðherra" type="nken">ráðherra</w>
            <w lemma="skulu" type="svg3en">skuli</w>
            <w lemma="vera" type="sng">vera</w>
            <w lemma="á" type="af">á</w>
            <w lemma="för" type="nvfþ">förum</w>
            <w lemma="úr" type="af">úr</w>
            <w lemma="deild" type="nveþg">deildinni</w>
            <w lemma="." type="pl">.</w>
          </s>
          <s n="2">
            <w lemma="eg" type="fp1en">Eg</w>
            <w lemma="hafa" type="svg1eþ">hefði</w>
            <w lemma="gjarnan" type="aa">gjarnan</w>
            <w lemma="vilja" type="sþghen">viljað</w>
            <w lemma="að" type="c">að</w>
            <w lemma="hann" type="fpken">hann</w>
            <w lemma="hafa" type="svg3eþ">hefði</w>
            <w lemma="hlusta" type="sþghen">hlustað</w>
            <w lemma="á" type="af">á</w>
            <w lemma="mál" type="nheo">mál</w>
            <w lemma="minn" type="feheo">mitt</w>
            <w lemma="," type="pk">,</w>
            <w lemma="og" type="c">og</w>
            <w lemma="vona" type="sng">vona</w>
            <w lemma="að" type="cn">að</w>
            <w lemma="minsta" type="sng">minsta</w>
            <w lemma="kostur" type="nkfo">kosti</w>
            <w lemma="að" type="c">að</w>
            <w lemma="hann" type="fpken">hann</w>
            <w lemma="skella" type="svg3en">skelli</w>
            <w lemma="ekki" type="aa">ekki</w>
            <w lemma="hurð" type="nveþg">hurðinni</w>
            <w lemma="í" type="af">í</w>
            <w lemma="lás" type="nkeo">lás</w>
            <w lemma="á" type="aa">á</w>
            <w lemma="eftir" type="af">eftir</w>
            <w lemma="sig" type="fpkeþ">sér</w>
            <w lemma="," type="pk">,</w>
            <w lemma="eins" type="aa">eins</w>
            <w lemma="og" type="c">og</w>
            <w lemma="hann" type="fpkeþ">honum</w>
            <w lemma="verða" type="sfg3en">verður</w>
            <w lemma="stundum" type="aa">stundum</w>
            <w lemma="á" type="aa">á</w>
            <w lemma="." type="pl">.</w>
          </s>
          <s n="3">
            <w lemma="-" type="pa">-</w>
            <w lemma="ár" type="nheog">Árið</w>
            <w lemma="1909" type="ta">1909</w>
            <w lemma="vera" type="sfg3eþ">var</w>
            <w lemma="það" type="fphen">það</w>
            <w lemma="telja" type="sþghen">talið</w>
            <w lemma="afsökun" type="nven">afsökun</w>
            <w lemma="stjórn" type="nveþg">stjórninni</w>
            <w lemma="," type="pk">,</w>
            <w lemma="hversu" type="aa">hversu</w>
            <w lemma="naumur" type="lkeosf">nauman</w>
            <w lemma="tími" type="nkeo">tíma</w>
            <w lemma="hún" type="fpven">hún</w>
            <w lemma="hafa" type="svg3eþ">hefði</w>
            <w lemma="hafa" type="sþghen">haft</w>
            <w lemma="til" type="af">til</w>
            <w lemma="að" type="cn">að</w>
            <w lemma="undirbúa" type="sng">undirbúa</w>
            <w lemma="lög" type="nhfog">lögin</w>
            <w lemma="." type="pl">.</w>
          </s>
          <s n="4">
            <w lemma="nú" type="aa">Nú</w>
            <w lemma="vera" type="sfg3fn">eru</w>
            <w lemma="ekki" type="aa">ekki</w>
            <w lemma="sami" type="fbhfn">sömu</w>
            <w lemma="afsökun" type="nven">afsökun</w>
            <w lemma="til" type="af">til</w>
            <w lemma="að" type="cn">að</w>
            <w lemma="dreifa" type="sng">dreifa</w>
            <w lemma=";" type="pk">;</w>
            <w lemma="nú" type="aa">nú</w>
            <w lemma="hafa" type="sfg3en">hefir</w>
            <w lemma="stjórn" type="nveng">stjórnin</w>
            <w lemma="sannarlega" type="aa">sannarlega</w>
            <w lemma="hafa" type="sþghen">haft</w>
            <w lemma="nægur" type="lkeosf">nægan</w>
            <w lemma="tími" type="nkeo">tíma</w>
            <w lemma="." type="pl">.</w>
          </s>
          <s n="5">
            <w lemma="liggja" type="sfg3en">Liggur</w>
            <w lemma="það" type="fpheþ">því</w>
            <w lemma="nærri" type="aa">nærri</w>
            <w lemma="að" type="cn">að</w>
            <w lemma="athuga" type="sng">athuga</w>
            <w lemma="," type="pk">,</w>
            <w lemma="hvernig" type="aa">hvernig</w>
            <w lemma="sá" type="faken">sá</w>
            <w lemma="tími" type="nken">tími</w>
            <w lemma="hafa" type="sfg3en">hefir</w>
            <w lemma="vera" type="sþghen">verið</w>
            <w lemma="nota" type="sþgken">notaður</w>
            <w lemma="og" type="c">og</w>
            <w lemma="líta" type="sng">líta</w>
            <w lemma="á" type="af">á</w>
            <w lemma="það" type="fphfo">þau</w>
            <w lemma="frv." type="ks">frv.</w>
            <w lemma="," type="pk">,</w>
            <w lemma="sem" type="ct">sem</w>
            <w lemma="hafa" type="sfg3fn">hafa</w>
            <w lemma="vera" type="sþghen">verið</w>
            <w lemma="leggja" type="sþghfn">lögð</w>
            <w lemma="fram" type="aa">fram</w>
            <w lemma="." type="pl">.</w>
          </s>
          <s n="6">
            <w lemma="það" type="fphfn">Þau</w>
            <w lemma="vera" type="sfg3fn">eru</w>
            <w lemma="æði" type="nheþ">æði</w>
            <w lemma="margur" type="lhfnsf">mörg</w>
            <w lemma="," type="pk">,</w>
            <w lemma="24" type="ta">24</w>
            <w lemma="tal" type="nheeg">talsins</w>
            <w lemma="," type="pk">,</w>
            <w lemma="svo" type="aa">svo</w>
            <w lemma="að" type="c">að</w>
            <w lemma="ekki" type="aa">ekki</w>
            <w lemma="vera" type="sfg3en">er</w>
            <w lemma="hægur" type="lhensf">hægt</w>
            <w lemma="að" type="cn">að</w>
            <w lemma="athuga" type="sng">athuga</w>
            <w lemma="það" type="fphfo">þau</w>
            <w lemma="allur" type="fohfo">öll</w>
            <w lemma="," type="pk">,</w>
            <w lemma="enda" type="c">enda</w>
            <w lemma="vera" type="sfg3en">er</w>
            <w lemma="það" type="fphen">það</w>
            <w lemma="skema" type="sþmhen">skemst</w>
            <w lemma="af" type="af">af</w>
            <w lemma="að" type="cn">að</w>
            <w lemma="segja" type="sng">segja</w>
            <w lemma="," type="pk">,</w>
            <w lemma="að" type="c">að</w>
            <w lemma="sá" type="fahfn">þau</w>
            <w lemma="frv." type="ks">frv.</w>
            <w lemma="," type="pk">,</w>
            <w lemma="sem" type="ct">sem</w>
            <w lemma="vera" type="sfg3fn">eru</w>
            <w lemma="nýr" type="lhfnsf">ný</w>
            <w lemma="," type="pk">,</w>
            <w lemma="vera" type="sfg3fn">eru</w>
            <w lemma="ónýtur" type="lhfnsf">ónýt</w>
            <w lemma="eða" type="c">eða</w>
            <w lemma="lítt" type="aa">lítt</w>
            <w lemma="nýtilegur" type="lhfnsf">nýtileg</w>
            <w lemma="," type="pk">,</w>
            <w lemma="en" type="c">en</w>
            <w lemma="sá" type="fahfn">þau</w>
            <w lemma="," type="pk">,</w>
            <w lemma="sem" type="ct">sem</w>
            <w lemma="vera" type="sfg3fn">eru</w>
            <w lemma="nýtilegur" type="lhfnsf">nýtileg</w>
            <w lemma="," type="pk">,</w>
            <w lemma="vera" type="sfg3fn">eru</w>
            <w lemma="ekki" type="aa">ekki</w>
            <w lemma="nýr" type="lhfnsf">ný</w>
            <w lemma="." type="pl">.</w>
          </s>
          <s n="7">
            <w lemma="meðal" type="af">Meðal</w>
            <w lemma="sá" type="fakfe">þeirra</w>
            <w lemma="," type="pk">,</w>
            <w lemma="sem" type="ct">sem</w>
            <w lemma="nýr" type="lhfnsf">ný</w>
            <w lemma="vera" type="sfg3fn">eru</w>
            <w lemma="og" type="c">og</w>
            <w lemma="ekki" type="aa">ekki</w>
            <w lemma="nýtilegur" type="lhfnsf">nýtileg</w>
            <w lemma="skulu" type="sfg3en">skal</w>
            <w lemma="eg" type="fp1en">eg</w>
            <w lemma="nefna" type="sng">nefna</w>
            <w lemma="fræðslufrv" type="nheo">fræðslufrv</w>
            <w lemma="." type="pl">.</w>
          </s>
          <s n="8">
            <w lemma="og" type="c">og</w>
            <w lemma="frv." type="ks">frv.</w>
            <w lemma="um" type="af">um</w>
            <w lemma="færsla" type="nveo">færslu</w>
            <w lemma="þingtími" type="nkeeg">þingtímans</w>
            <w lemma="." type="pl">.</w>
          </s>
          <s n="9">
            <w lemma="einn" type="fohen">Eitt</w>
            <w lemma="af" type="af">af</w>
            <w lemma="sá" type="fakeþ">þeim</w>
            <w lemma="frv." type="ks">frv.</w>
            <w lemma="," type="pk">,</w>
            <w lemma="sem" type="ct">sem</w>
            <w lemma="verða" type="sfg3fn">verða</w>
            <w lemma="að" type="cn">að</w>
            <w lemma="telja" type="snm">teljast</w>
            <w lemma="nokkur" type="fohen">nokkuð</w>
            <w lemma="nýtilegur" type="lhfnsf">nýtileg</w>
            <w lemma="," type="pk">,</w>
            <w lemma="vera" type="sfg3en">er</w>
            <w lemma="þessi" type="fahen">þetta</w>
            <w lemma="," type="pk">,</w>
            <w lemma="sem" type="ct">sem</w>
            <w lemma="nú" type="aa">nú</w>
            <w lemma="liggja" type="sfg3en">liggur</w>
            <w lemma="fyrir" type="aa">fyrir</w>
            <w lemma="." type="pl">.</w>
          </s>
          <s n="10">
            <w lemma="enda" type="c">Enda</w>
            <w lemma="á" type="af">á</w>
            <w lemma="hæstv." type="kt">hæstv.</w>
            <w lemma="stj" type="x">stj</w>
            <w lemma="." type="pl">.</w>
          </s>
          <s n="11">
            <w lemma="lítið" type="aa">lítið</w>
            <w lemma="í" type="af">í</w>
            <w lemma="það" type="fpheþ">því</w>
            <w lemma="." type="pl">.</w>
          </s>
          <s n="12">
            <w lemma="það" type="fphen">Það</w>
            <w lemma="vera" type="sfg3en">er</w>
            <w lemma="lán" type="nhen">lán</w>
            <w lemma="frá" type="af">frá</w>
            <w lemma="„" type="n----s">„</w>
            <w lemma="danskur" type="lveþvf">dönsku</w>
            <w lemma="mamma" type="nveþ">mömmu</w>
            <w lemma="“" type="x">“</w>
            <w lemma="," type="pk">,</w>
            <w lemma="vera" type="sfg3en">er</w>
            <w lemma="þýðing" type="nven">þýðing</w>
            <w lemma="af" type="af">af</w>
            <w lemma="danskur" type="lhfþvf">dönsku</w>
            <w lemma="lög" type="nhfþg">lögunum</w>
            <w lemma="frá" type="af">frá</w>
            <w lemma="6." type="ta">6.</w>
            <w lemma="apríl" type="nkeþ">apríl</w>
            <w lemma="1906" type="ta">1906</w>
            <w lemma="." type="pl">.</w>
          </s>
          <s n="13">
            <w lemma="sá" type="fahen">Það</w>
            <w lemma="einn" type="lhenvf">eina</w>
            <w lemma="sem" type="ct">sem</w>
            <w lemma="hæstv." type="ks">hæstv.</w>
            <w lemma="ráðh." type="ks">ráðh.</w>
            <w lemma="hafa" type="sfg3en">hefir</w>
            <w lemma="leggja" type="sþghen">lagt</w>
            <w lemma="til" type="af">til</w>
            <w lemma="frá" type="af">frá</w>
            <w lemma="eigin" type="lheþof">eigin</w>
            <w lemma="brjóst" type="nheþ">brjósti</w>
            <w lemma="," type="pk">,</w>
            <w lemma="athugasemd" type="nveng">athugasemdin</w>
            <w lemma="um" type="af">um</w>
            <w lemma="að" type="c">að</w>
            <w lemma="enginn" type="fohen">ekkert</w>
            <w lemma="ákvæði" type="nhen">ákvæði</w>
            <w lemma="vera" type="svg3en">sé</w>
            <w lemma="til" type="aa">til</w>
            <w lemma="í" type="af">í</w>
            <w lemma="ísl." type="kt">ísl.</w>
            <w lemma="lög" type="nhfþ">lögum</w>
            <w lemma="líkt" type="aa">líkt</w>
            <w lemma="danskur" type="lhfþvf">dönsku</w>
            <w lemma="lög" type="nhfþg">lögunum</w>
            <w lemma="frá" type="af">frá</w>
            <w lemma="6." type="ta">6.</w>
            <w lemma="apríl" type="nkeþ">apríl</w>
            <w lemma="1855" type="ta">1855</w>
            <w lemma="," type="pk">,</w>
            <w lemma="vera" type="sfg3en">er</w>
            <w lemma="rangur" type="lhensf">rangt</w>
            <w lemma="," type="pk">,</w>
            <w lemma="það" type="fpheþ">því</w>
            <w lemma="að" type="c">að</w>
            <w lemma="til" type="aa">til</w>
            <w lemma="vera" type="sfg3fn">eru</w>
            <w lemma="lög" type="nhfn">lög</w>
            <w lemma="frá" type="af">frá</w>
            <w lemma="27." type="ta">27.</w>
            <w lemma="maí" type="nkeþ">maí</w>
            <w lemma="1859" type="ta">1859</w>
            <w lemma="," type="pk">,</w>
            <w lemma="um" type="af">um</w>
            <w lemma="þessi" type="faheo">þetta</w>
            <w lemma="efni" type="nheo">efni</w>
            <w lemma="," type="pk">,</w>
            <w lemma="og" type="c">og</w>
            <w lemma="hafa" type="svg3fþ">hefðu</w>
            <w lemma="lögskipaður" type="lkfnsf">lögskipaðir</w>
            <w lemma="meðráðamaður" type="nkfn">meðráðamenn</w>
            <w lemma="hæstv." type="kt">hæstv.</w>
            <w lemma="ráðh." type="kt">ráðh.</w>
            <w lemma="í" type="af">í</w>
            <w lemma="stjórnarráð" type="nheþg">stjórnarráðinu</w>
            <w lemma="geta" type="sþghen">getað</w>
            <w lemma="segja" type="sþghen">sagt</w>
            <w lemma="hann" type="fpkeþ">honum</w>
            <w lemma="þessi" type="faheo">þetta</w>
            <w lemma="," type="pk">,</w>
            <w lemma="ef" type="c">ef</w>
            <w lemma="hann" type="fpken">hann</w>
            <w lemma="hafa" type="svg3eþ">hefði</w>
            <w lemma="láta" type="sþghen">látið</w>
            <w lemma="svo" type="aa">svo</w>
            <w lemma="lítið" type="aa">lítið</w>
            <w lemma="að" type="cn">að</w>
            <w lemma="leita" type="sng">leita</w>
            <w lemma="hann" type="fpkfe">þeirra</w>
            <w lemma="." type="pl">.</w>
          </s>
          <s n="14">
            <w lemma="að" type="af">Að</w>
            <w lemma="annar" type="foheþ">öðru</w>
            <w lemma="leyti" type="nheþ">leyti</w>
            <w lemma="vera" type="sfg3en">er</w>
            <w lemma="frv." type="ks">frv.</w>
            <w lemma="nálega" type="aa">nálega</w>
            <w lemma="eingöngu" type="aa">eingöngu</w>
            <w lemma="afskrift" type="nven">afskrift</w>
            <w lemma="af" type="af">af</w>
            <w lemma="frv." type="ks">frv.</w>
            <w lemma="nefnd" type="nvee">nefndar</w>
            <w lemma="í" type="af">í</w>
            <w lemma="n." type="x">n.</w>
            <w lemma="d." type="x">d.</w>
            <w lemma="á" type="af">á</w>
            <w lemma="síðari" type="lheþve">síðasta</w>
            <w lemma="þing" type="nheþ">þingi</w>
            <w lemma="," type="pk">,</w>
            <w lemma="svo" type="aa">svo</w>
            <w lemma="að" type="c">að</w>
            <w lemma="ráðherra" type="nken">ráðherra</w>
            <w lemma="hafa" type="sfg3en">hefir</w>
            <w lemma="sannarlega" type="aa">sannarlega</w>
            <w lemma="ekki" type="aa">ekki</w>
            <w lemma="hafa" type="sþghen">haft</w>
            <w lemma="mikill" type="lheosf">mikið</w>
            <w lemma="fyrir" type="af">fyrir</w>
            <w lemma="það" type="fpheþ">því</w>
            <w lemma="." type="pl">.</w>
          </s>
          <s n="15">
            <w lemma="Frv." type="kt">Frv.</w>
            <w lemma="vera" type="sfg3en">er</w>
            <w lemma="góður" type="lhensf">gott</w>
            <w lemma="að" type="af">að</w>
            <w lemma="margur" type="lheþsf">mörgu</w>
            <w lemma="leyti" type="nheþ">leyti</w>
            <w lemma="." type="pl">.</w>
          </s>
          <s n="16">
            <w lemma="en" type="c">En</w>
            <w lemma="eins" type="aa">eins</w>
            <w lemma="og" type="c">og</w>
            <w lemma="allur" type="fokfn">allir</w>
            <w lemma="vita" type="sfg3fn">vita</w>
            <w lemma="," type="pk">,</w>
            <w lemma="þá" type="aa">þá</w>
            <w lemma="eiga" type="sfg3fn">eiga</w>
            <w lemma="lög" type="nhfn">lög</w>
            <w lemma="að" type="cn">að</w>
            <w lemma="fara" type="sng">fara</w>
            <w lemma="eftir" type="af">eftir</w>
            <w lemma="sérhátt" type="nhfþ">sérháttum</w>
            <w lemma="hver" type="fohee">hvers</w>
            <w lemma="land" type="nhee">lands</w>
            <w lemma="," type="pk">,</w>
            <w lemma="á" type="af">á</w>
            <w lemma="líkan" type="nheo">líkan</w>
            <w lemma="háttur" type="nkeo">hátt</w>
            <w lemma="eins" type="aa">eins</w>
            <w lemma="og" type="c">og</w>
            <w lemma="föt" type="nhfn">föt</w>
            <w lemma="eiga" type="sfg3fn">eiga</w>
            <w lemma="að" type="cn">að</w>
            <w lemma="laga" type="sng">laga</w>
            <w lemma="sig" type="fphfo">sig</w>
            <w lemma="eftir" type="af">eftir</w>
            <w lemma="líkami" type="nkeþg">líkamanum</w>
            <w lemma="," type="pk">,</w>
            <w lemma="sem" type="ct">sem</w>
            <w lemma="eiga" type="sfg3en">á</w>
            <w lemma="að" type="cn">að</w>
            <w lemma="bera" type="sng">bera</w>
            <w lemma="það" type="fphfo">þau</w>
            <w lemma="." type="pl">.</w>
          </s>
          <s n="17">
            <w lemma="þó" type="aa">Þó</w>
            <w lemma="einhver" type="fohfn">einhver</w>
            <w lemma="lög" type="nhfn">lög</w>
            <w lemma="hefja" type="svg3eþ">hæfi</w>
            <w lemma="annarstaðar" type="aa">annarstaðar</w>
            <w lemma="," type="pk">,</w>
            <w lemma="vera" type="sfg3en">er</w>
            <w lemma="ekki" type="aa">ekki</w>
            <w lemma="þar" type="aa">þar</w>
            <w lemma="með" type="aa">með</w>
            <w lemma="segja" type="sþghen">sagt</w>
            <w lemma="," type="pk">,</w>
            <w lemma="að" type="c">að</w>
            <w lemma="það" type="fphfn">þau</w>
            <w lemma="hefja" type="svg3eþ">hæfi</w>
            <w lemma="hér" type="aa">hér</w>
            <w lemma="." type="pl">.</w>
          </s>
          <s n="18">
            <w lemma="hinn" type="fahen">Hitt</w>
            <w lemma="vera" type="sfg3en">er</w>
            <w lemma="sannur" type="lhensf">satt</w>
            <w lemma="," type="pk">,</w>
            <w lemma="að" type="c">að</w>
            <w lemma="það" type="fphen">það</w>
            <w lemma="vera" type="sfg3en">er</w>
            <w lemma="hagfeldur" type="lhensf">hagfelt</w>
            <w lemma="fyrir" type="af">fyrir</w>
            <w lemma="þessi" type="fakeo">þennan</w>
            <w lemma="lítill" type="lkeovf">litla</w>
            <w lemma="hólmi" type="nkeo">hólma</w>
            <w lemma="," type="pk">,</w>
            <w lemma="„" type="x">„</w>
            <w lemma="hjáleiga" type="nveog">hjáleiguna</w>
            <w lemma="“" type="x">“</w>
            <w lemma="," type="pk">,</w>
            <w lemma="að" type="cn">að</w>
            <w lemma="geta" type="sng">geta</w>
            <w lemma="nota" type="sþghen">notað</w>
            <w lemma="sig" type="fpkeþ">sér</w>
            <w lemma="góður" type="lhfosf">góð</w>
            <w lemma="lög" type="nhfo">lög</w>
            <w lemma="frá" type="af">frá</w>
            <w lemma="annar" type="fohfþ">öðrum</w>
            <w lemma="land" type="nhfþ">löndum</w>
            <w lemma="." type="pl">.</w>
          </s>
          <s n="19">
            <w lemma="en" type="c">En</w>
            <w lemma="þar" type="aa">þar</w>
            <w lemma="eð" type="c">eð</w>
            <w lemma="stjórn" type="nveng">stjórnin</w>
            <w lemma="hafa" type="sfg3en">hefir</w>
            <w lemma="ekki" type="aa">ekki</w>
            <w lemma="athuga" type="sþghen">athugað</w>
            <w lemma="frumvarp" type="nheog">frumvarpið</w>
            <w lemma="neinn" type="foheo">neitt</w>
            <w lemma="," type="pk">,</w>
            <w lemma="þá" type="aa">þá</w>
            <w lemma="verða" type="sfg3en">verður</w>
            <w lemma="deild" type="nveng">deildin</w>
            <w lemma="að" type="cn">að</w>
            <w lemma="vinna" type="sng">vinna</w>
            <w lemma="hún" type="fpvee">hennar</w>
            <w lemma="verk" type="nheo">verk</w>
            <w lemma="og" type="c">og</w>
            <w lemma="athuga" type="sng">athuga</w>
            <w lemma="það" type="fpheo">það</w>
            <w lemma="í" type="af">í</w>
            <w lemma="nefnd" type="nveo">nefnd</w>
            <w lemma="." type="pl">.</w>
          </s>
          <s n="20">
            <w lemma="eg" type="fp1en">Eg</w>
            <w lemma="vilja" type="sfg1en">vil</w>
            <w lemma="stinga" type="sng">stinga</w>
            <w lemma="upp" type="aa">upp</w>
            <w lemma="á" type="af">á</w>
            <w lemma="að" type="c">að</w>
            <w lemma="5" type="ta">5</w>
            <w lemma="maður" type="nkfe">manna</w>
            <w lemma="n." type="ks">n.</w>
            <w lemma="verða" type="svg3en">verði</w>
            <w lemma="kjósa" type="sþghfn">kosin</w>
            <w lemma="að" type="af">að</w>
            <w lemma="lokinn" type="lveþsf">lokinni</w>
            <w lemma="umr." type="ks">umr.</w>
            <w lemma="," type="pk">,</w>
            <w lemma="til" type="af">til</w>
            <w lemma="að" type="cn">að</w>
            <w lemma="íhuga" type="sng">íhuga</w>
            <w lemma="frv" type="n-eo">frv</w>
            <w lemma="." type="pl">.</w>
          </s>
        </p>
      </div1>
    </body>
  </text>
</TEI>
