<?xml version="1.0" encoding="UTF-8"?>
<TEI xmlns="http://www.tei-c.org/ns/1.0" xml:id="R-33-4792802" xml:lang="is">
  <teiHeader>
    <fileDesc>
      <titleStmt>
        <title>
          <title type="main">Breytingar á stjórnarskipunarlögum (17. mál)</title>
        </title>
        <respStmt>
          <resp xml:lang="is">Söfnun og úrvinnsla texta</resp>
          <resp xml:lang="en">Collection and processing of text</resp>
          <name xml:lang="is">Stofnun Árna Magnússonar í íslenskum fræðum</name>
          <name xml:lang="en">The Arni Magnusson Institute for Icelandic Studies</name>
        </respStmt>
      </titleStmt>
      <editionStmt>
        <p xml:lang="is">Málheild: Ræður frá Alþingi Íslendinga (2020.06)</p>
        <p xml:lang="en">Corpus: Speeches from The Parliament of Iceland (2020.06)</p>
      </editionStmt>
      <publicationStmt>
        <distributor xml:lang="is">Stofnun Árna Magnússonar í íslenskum fræðum</distributor>
        <distributor xml:lang="en">The Arni Magnusson Institute for Icelandic Studies</distributor>
        <address>
          <addrLine xml:lang="is">Árnagarður við Suðurgötu, 107 Reykjavík, Íslandi</addrLine>
          <addrLine xml:lang="en">Árnagarður Suðurgata, 107 Reykjavik, Iceland</addrLine>
          <addrLine>
            <email>arnastofnun@arnastofnun.is</email>
          </addrLine>
        </address>
        <idno type="risam">R-33-4792802</idno>
        <availability>
          <p xml:lang="is">Þessi texti er til notkunar í málrannsóknum og máltækniverkefnum um allan heim með CC-BY leyfi</p>
          <p xml:lang="en">This text is available for use in language research and language technology projects world wide with CC-BY licence.</p>
        </availability>
        <date>2020-05-27</date>
      </publicationStmt>
      <sourceDesc>
        <biblStruct>
          <analytic>
            <title>
              <title type="main">Breytingar á stjórnarskipunarlögum (17. mál)</title>
            </title>
            <author>
             <persName>Björn Jónsson</persName>
             <note type="gender">M</note>
             <note type="age">64</note>
             <note type="url">http://althingi.is/altext/cv/is/?nfaerslunr=83</note>
             <note type="political_party">Sjálfstæðisflokkurinn eldri</note>
             <note type="constituency">Barðstrendinga (Ba)</note>
             <note type="role">Alþingismaður</note>
             <note type="role">forsætisráðherra</note>
            </author>
            <date when="1911-02-25">25.02. 1911</date>
          </analytic>
          <monogr>
            <title>althingi.is</title>
            <imprint>
              <publisher>Alþingi</publisher>
            </imprint>
            <biblScope>
             <ref>http://althingi.is/altext/raeda/?lthing=22&amp;rnr=1207</ref>
            </biblScope>
          </monogr>
        </biblStruct>
      </sourceDesc>
    </fileDesc>
    <encodingDesc>
      <projectDesc>
        <p xml:lang="is">Sjá lýsingu á verkefninu í rmh2Hdr.xml.</p>
        <p xml:lang="en">See description of project in rmh2Hdr.xml.</p>
      </projectDesc>
      <tagsDecl>
        <namespace name="http://www.tei-c.org/ns/1.0">
          <tagUsage gi="text" occurs="1"/>
          <tagUsage gi="body" occurs="1"/>
          <tagUsage gi="div1" occurs="1"/>
          <tagUsage gi="p" occurs="2"/>
          <tagUsage gi="s" occurs="5"/>
          <tagUsage gi="w" occurs="159"/>
          <tagUsage gi="c" occurs="0"/>
        </namespace>
      </tagsDecl>
    </encodingDesc>
  </teiHeader>
  <text>
    <body>
      <div1>
        <p n="1">
          <s n="1">
            <w lemma="ráðherra" type="nkeng">Ráðherrann</w>
            <w lemma="(" type="pa">(</w>
            <w lemma="B." type="x">B.</w>
            <w lemma="J." type="ks">J.</w>
            <w lemma=")" type="pa">)</w>
            <w lemma=":" type="pa">:</w>
          </s>
        </p>
        <p n="2">
          <s n="1">
            <w lemma="eg" type="fp1en">Eg</w>
            <w lemma="hafa" type="sfg1en">hefi</w>
            <w lemma="gera" type="sþghen">gert</w>
            <w lemma="grein" type="nveo">grein</w>
            <w lemma="fyrir" type="af">fyrir</w>
            <w lemma="það" type="fpheþ">því</w>
            <w lemma="áður" type="aa">áður</w>
            <w lemma="," type="pk">,</w>
            <w lemma="hver" type="fshee">hvers</w>
            <w lemma="vegna" type="af">vegna</w>
            <w lemma="eg" type="fp1en">eg</w>
            <w lemma="koma" type="sfg1eþ">kom</w>
            <w lemma="ekki" type="aa">ekki</w>
            <w lemma="fram" type="aa">fram</w>
            <w lemma="með" type="af">með</w>
            <w lemma="stjórnarfrumvarp" type="nheo">stjórnarfrumvarp</w>
            <w lemma="um" type="af">um</w>
            <w lemma="þessi" type="faheo">þetta</w>
            <w lemma="." type="pl">.</w>
          </s>
          <s n="2">
            <w lemma="eg" type="fp1en">Eg</w>
            <w lemma="verða" type="sfg1en">verð</w>
            <w lemma="að" type="cn">að</w>
            <w lemma="segja" type="sng">segja</w>
            <w lemma="það" type="fpheo">það</w>
            <w lemma="afdráttarlaus" type="lheosf">afdráttarlaust</w>
            <w lemma="," type="pk">,</w>
            <w lemma="að" type="c">að</w>
            <w lemma="ég" type="fp1eþ">mér</w>
            <w lemma="líka" type="sfg3en">líkar</w>
            <w lemma="hvorugur" type="fohen">hvorugt</w>
            <w lemma="af" type="af">af</w>
            <w lemma="sá" type="favfþ">þeim</w>
            <w lemma="frumv." type="kt">frumv.</w>
            <w lemma="," type="pk">,</w>
            <w lemma="sem" type="ct">sem</w>
            <w lemma="fram" type="aa">fram</w>
            <w lemma="vera" type="sfg3fn">eru</w>
            <w lemma="koma" type="sþghfn">komin</w>
            <w lemma="," type="pk">,</w>
            <w lemma="og" type="c">og</w>
            <w lemma="hafa" type="sfg1en">hefi</w>
            <w lemma="eg" type="fp1en">eg</w>
            <w lemma="hinn" type="gheo">hið</w>
            <w lemma="þriðji" type="lheovf">þriðja</w>
            <w lemma="í" type="af">í</w>
            <w lemma="smíð" type="nvfþ">smíðum</w>
            <w lemma="," type="pk">,</w>
            <w lemma="er" type="c">er</w>
            <w lemma="eg" type="fp1en">eg</w>
            <w lemma="hafa" type="sfg1en">hefi</w>
            <w lemma="von" type="nveo">von</w>
            <w lemma="um" type="af">um</w>
            <w lemma="að" type="c">að</w>
            <w lemma="bera" type="sþghen">borið</w>
            <w lemma="verða" type="svg3en">verði</w>
            <w lemma="upp" type="aa">upp</w>
            <w lemma="á" type="af">á</w>
            <w lemma="þessi" type="faheþ">þessu</w>
            <w lemma="þing" type="nheþ">þingi</w>
            <w lemma="," type="pk">,</w>
            <w lemma="til" type="af">til</w>
            <w lemma="það" type="fphee">þess</w>
            <w lemma="að" type="c">að</w>
            <w lemma="eg" type="fp1en">eg</w>
            <w lemma="hafa" type="svg1en">hafi</w>
            <w lemma="einhver" type="foheo">eitthvað</w>
            <w lemma="," type="pk">,</w>
            <w lemma="sem" type="ct">sem</w>
            <w lemma="eg" type="fp1en">eg</w>
            <w lemma="geta" type="svg1en">geti</w>
            <w lemma="fylgja" type="sþghen">fylgt</w>
            <w lemma="." type="pl">.</w>
          </s>
          <s n="3">
            <w lemma="verða" type="sfg3en">Verður</w>
            <w lemma="svo" type="aa">svo</w>
            <w lemma="reyna" type="sþghen">reynt</w>
            <w lemma="að" type="cn">að</w>
            <w lemma="fá" type="sng">fá</w>
            <w lemma="það" type="fpheo">það</w>
            <w lemma="samþykur" type="lheosf">samþykt</w>
            <w lemma="og" type="c">og</w>
            <w lemma="rjúfa" type="sng">rjúfa</w>
            <w lemma="þá" type="aa">þá</w>
            <w lemma="þing" type="nheo">þing</w>
            <w lemma="," type="pk">,</w>
            <w lemma="enda" type="c">enda</w>
            <w lemma="vera" type="sfg3en">er</w>
            <w lemma="sá" type="faken">sá</w>
            <w lemma="vænn" type="lkense">vænstur</w>
            <w lemma="," type="pk">,</w>
            <w lemma="þar" type="aa">þar</w>
            <w lemma="sem" type="c">sem</w>
            <w lemma="það" type="fphen">það</w>
            <w lemma="vera" type="sfg3en">er</w>
            <w lemma="nú" type="aa">nú</w>
            <w lemma="verða" type="sþghen">orðið</w>
            <w lemma="svo" type="aa">svo</w>
            <w lemma="margklofinn" type="lhensf">margklofið</w>
            <w lemma="og" type="c">og</w>
            <w lemma="vinglaður" type="lhensf">vinglað</w>
            <w lemma="," type="pk">,</w>
            <w lemma="sem" type="ct">sem</w>
            <w lemma="allur" type="fokfn">allir</w>
            <w lemma="vita" type="sfg3fn">vita</w>
            <w lemma="." type="pl">.</w>
          </s>
          <s n="4">
            <w lemma="þessi" type="fahen">Þetta</w>
            <w lemma="frumvarp" type="nhen">frumvarp</w>
            <w lemma="hafa" type="svg3eþ">hefði</w>
            <w lemma="líklega" type="aa">líklega</w>
            <w lemma="vera" type="sþghen">verið</w>
            <w lemma="langt" type="aa">langt</w>
            <w lemma="koma" type="sþghen">komið</w>
            <w lemma="," type="pk">,</w>
            <w lemma="ef" type="c">ef</w>
            <w lemma="eg" type="fp1en">eg</w>
            <w lemma="hafa" type="svg1eþ">hefði</w>
            <w lemma="hafa" type="sþghen">haft</w>
            <w lemma="góður" type="lkeovm">betri</w>
            <w lemma="tími" type="nkeo">tíma</w>
            <w lemma="og" type="c">og</w>
            <w lemma="mikill" type="lkeovm">meiri</w>
            <w lemma="friður" type="nkeo">frið</w>
            <w lemma="til" type="af">til</w>
            <w lemma="það" type="fphee">þess</w>
            <w lemma="að" type="cn">að</w>
            <w lemma="vinna" type="sng">vinna</w>
            <w lemma="að" type="af">að</w>
            <w lemma="það" type="fpheþ">því</w>
            <w lemma="," type="pk">,</w>
            <w lemma="enda" type="c">enda</w>
            <w lemma="munu" type="sfg3en">mun</w>
            <w lemma="enginn" type="foken">enginn</w>
            <w lemma="stór" type="lkensf">stór</w>
            <w lemma="baga" type="sfg3eþ">bagi</w>
            <w lemma="að" type="af">að</w>
            <w lemma="það" type="fpheþ">því</w>
            <w lemma="," type="pk">,</w>
            <w lemma="með" type="af">með</w>
            <w lemma="það" type="fpheþ">því</w>
            <w lemma="að" type="c">að</w>
            <w lemma="það" type="fphen">það</w>
            <w lemma="hafa" type="svg3eþ">hefði</w>
            <w lemma="hvort" type="c">hvort</w>
            <w lemma="sem" type="c">sem</w>
            <w lemma="vera" type="sfg3eþ">var</w>
            <w lemma="verða" type="sþghen">orðið</w>
            <w lemma="að" type="cn">að</w>
            <w lemma="bíða" type="sng">bíða</w>
            <w lemma="lengi" type="aam">lengur</w>
            <w lemma="en" type="c">en</w>
            <w lemma="svo" type="aa">svo</w>
            <w lemma="í" type="af">í</w>
            <w lemma="nefnd" type="nveþ">nefnd</w>
            <w lemma="." type="pl">.</w>
          </s>
        </p>
      </div1>
    </body>
  </text>
</TEI>
