<?xml version="1.0" encoding="UTF-8"?>
<TEI xmlns="http://www.tei-c.org/ns/1.0" xml:id="R-33-4632983" xml:lang="is">
  <teiHeader>
    <fileDesc>
      <titleStmt>
        <title>
          <title type="main">Stjórnarskrárbreyting (1. mál)</title>
        </title>
        <respStmt>
          <resp xml:lang="is">Söfnun og úrvinnsla texta</resp>
          <resp xml:lang="en">Collection and processing of text</resp>
          <name xml:lang="is">Stofnun Árna Magnússonar í íslenskum fræðum</name>
          <name xml:lang="en">The Arni Magnusson Institute for Icelandic Studies</name>
        </respStmt>
      </titleStmt>
      <editionStmt>
        <p xml:lang="is">Málheild: Ræður frá Alþingi Íslendinga (2020.06)</p>
        <p xml:lang="en">Corpus: Speeches from The Parliament of Iceland (2020.06)</p>
      </editionStmt>
      <publicationStmt>
        <distributor xml:lang="is">Stofnun Árna Magnússonar í íslenskum fræðum</distributor>
        <distributor xml:lang="en">The Arni Magnusson Institute for Icelandic Studies</distributor>
        <address>
          <addrLine xml:lang="is">Árnagarður við Suðurgötu, 107 Reykjavík, Íslandi</addrLine>
          <addrLine xml:lang="en">Árnagarður Suðurgata, 107 Reykjavik, Iceland</addrLine>
          <addrLine>
            <email>arnastofnun@arnastofnun.is</email>
          </addrLine>
        </address>
        <idno type="risam">R-33-4632983</idno>
        <availability>
          <p xml:lang="is">Þessi texti er til notkunar í málrannsóknum og máltækniverkefnum um allan heim með CC-BY leyfi</p>
          <p xml:lang="en">This text is available for use in language research and language technology projects world wide with CC-BY licence.</p>
        </availability>
        <date>2020-05-27</date>
      </publicationStmt>
      <sourceDesc>
        <biblStruct>
          <analytic>
            <title>
              <title type="main">Stjórnarskrárbreyting (1. mál)</title>
            </title>
            <author>
             <persName>Jón Þorkelsson</persName>
             <note type="gender">M</note>
             <note type="age">51</note>
             <note type="url">http://althingi.is/altext/cv/is/?nfaerslunr=342</note>
             <note type="political_party">Sjálfstæðisflokkurinn eldri</note>
             <note type="constituency">Reykvíkinga (Rv)</note>
             <note type="role">Alþingismaður</note>
            </author>
            <date when="1911-02-20">20.02. 1911</date>
          </analytic>
          <monogr>
            <title>althingi.is</title>
            <imprint>
              <publisher>Alþingi</publisher>
            </imprint>
            <biblScope>
             <ref>http://althingi.is/altext/raeda/?lthing=22&amp;rnr=1195</ref>
            </biblScope>
          </monogr>
        </biblStruct>
      </sourceDesc>
    </fileDesc>
    <encodingDesc>
      <projectDesc>
        <p xml:lang="is">Sjá lýsingu á verkefninu í rmh2Hdr.xml.</p>
        <p xml:lang="en">See description of project in rmh2Hdr.xml.</p>
      </projectDesc>
      <tagsDecl>
        <namespace name="http://www.tei-c.org/ns/1.0">
          <tagUsage gi="text" occurs="1"/>
          <tagUsage gi="body" occurs="1"/>
          <tagUsage gi="div1" occurs="1"/>
          <tagUsage gi="p" occurs="2"/>
          <tagUsage gi="s" occurs="21"/>
          <tagUsage gi="w" occurs="545"/>
          <tagUsage gi="c" occurs="0"/>
        </namespace>
      </tagsDecl>
    </encodingDesc>
  </teiHeader>
  <text>
    <body>
      <div1>
        <p n="1">
          <s n="1">
            <w lemma="flutningsmaður" type="nken">Flutningsmaður</w>
            <w lemma="(" type="pa">(</w>
            <w lemma="Jón" type="nken-s">Jón</w>
            <w lemma="Þorkelsson" type="nken-s">Þorkelsson</w>
            <w lemma=")" type="pa">)</w>
            <w lemma=":" type="pa">:</w>
          </s>
        </p>
        <p n="2">
          <s n="1">
            <w lemma="það" type="fphee">Þess</w>
            <w lemma="skulu" type="sfg3en">skal</w>
            <w lemma="að" type="af">að</w>
            <w lemma="upphaf" type="nheþ">upphafi</w>
            <w lemma="geta" type="sþghen">getið</w>
            <w lemma="," type="pk">,</w>
            <w lemma="að" type="af">að</w>
            <w lemma="háttv." type="kt">háttv.</w>
            <w lemma="2." type="ta">2.</w>
            <w lemma="þm" type="ks">þm</w>
            <w lemma="." type="pl">.</w>
          </s>
          <s n="2">
            <w lemma="S." type="ks">S.</w>
            <w lemma="-" type="pa">-</w>
            <w lemma="múl" type="nhen">Múl</w>
            <w lemma="." type="pl">.</w>
          </s>
          <s n="3">
            <w lemma="(" type="pa">(</w>
            <w lemma="J." type="x">J.</w>
            <w lemma="Ól." type="ks">Ól.</w>
            <w lemma=")" type="pa">)</w>
            <w lemma="rangherma" type="sfg3eþ">ranghermdi</w>
            <w lemma="orð" type="nheo">orð</w>
            <w lemma="minn" type="fehfo">mín</w>
            <w lemma="." type="pl">.</w>
          </s>
          <s n="4">
            <w lemma="eg" type="fp1en">Eg</w>
            <w lemma="segja" type="sfg1eþ">sagði</w>
            <w lemma="," type="pk">,</w>
            <w lemma="að" type="c">að</w>
            <w lemma="síðari" type="lhenve">síðasta</w>
            <w lemma="alþingi" type="nhen">alþingi</w>
            <w lemma="hafa" type="svg3eþ">hefði</w>
            <w lemma="ekki" type="aa">ekki</w>
            <w lemma="vinna" type="sþmhen">unnist</w>
            <w lemma="tími" type="nken">tími</w>
            <w lemma="til" type="af">til</w>
            <w lemma="að" type="cn">að</w>
            <w lemma="afgreiða" type="sng">afgreiða</w>
            <w lemma="stjórnarskrárfrv" type="nheo">stjórnarskrárfrv</w>
            <w lemma="." type="pl">.</w>
          </s>
          <s n="5">
            <w lemma="sá" type="faheo">það</w>
            <w lemma="," type="pk">,</w>
            <w lemma="sem" type="ct">sem</w>
            <w lemma="þá" type="aa">þá</w>
            <w lemma="liggja" type="sfg3eþ">lá</w>
            <w lemma="fyrir" type="aa">fyrir</w>
            <w lemma=";" type="pk">;</w>
            <w lemma="annar" type="foheo">annað</w>
            <w lemma="segja" type="sfg1eþ">sagði</w>
            <w lemma="eg" type="fp1en">eg</w>
            <w lemma="ekki" type="aa">ekki</w>
            <w lemma="," type="pk">,</w>
            <w lemma="og" type="c">og</w>
            <w lemma="líta" type="sfg3en">lítur</w>
            <w lemma="út" type="aa">út</w>
            <w lemma="fyrir" type="af">fyrir</w>
            <w lemma="að" type="c">að</w>
            <w lemma="hinn" type="gken">hinn</w>
            <w lemma="háttv." type="ks">háttv.</w>
            <w lemma="þm." type="ks">þm.</w>
            <w lemma="vera" type="svg3en">sé</w>
            <w lemma="verða" type="sþgken">orðinn</w>
            <w lemma="heyrnardaufur" type="lkensf">heyrnardaufur</w>
            <w lemma="," type="pk">,</w>
            <w lemma="eins" type="aa">eins</w>
            <w lemma="og" type="c">og</w>
            <w lemma="ég" type="fp1eþ">mér</w>
            <w lemma="heyra" type="svm3en">heyrist</w>
            <w lemma="hann" type="fpken">hann</w>
            <w lemma="vera" type="sng">vera</w>
            <w lemma="verða" type="sþgken">orðinn</w>
            <w lemma="nokkur" type="fohen">nokkuð</w>
            <w lemma="hás" type="lkensf">hás</w>
            <w lemma="." type="pl">.</w>
          </s>
          <s n="6">
            <w lemma="eg" type="fp1en">Eg</w>
            <w lemma="verða" type="sfg1en">verð</w>
            <w lemma="fastlega" type="aa">fastlega</w>
            <w lemma="að" type="cn">að</w>
            <w lemma="halda" type="sng">halda</w>
            <w lemma="það" type="fpheþ">því</w>
            <w lemma="fram" type="aa">fram</w>
            <w lemma="," type="pk">,</w>
            <w lemma="að" type="c">að</w>
            <w lemma="frumv." type="kt">frumv.</w>
            <w lemma="vera" type="svg3en">sé</w>
            <w lemma="að" type="af">að</w>
            <w lemma="fullur" type="lheþsf">fullu</w>
            <w lemma="löglega" type="aa">löglega</w>
            <w lemma="fram" type="aa">fram</w>
            <w lemma="bera" type="sþghen">borið</w>
            <w lemma="samkv." type="ks">samkv.</w>
            <w lemma="26." type="ta">26.</w>
            <w lemma="gr." type="ks">gr.</w>
            <w lemma="þingsköp" type="nhfeg">þingskapanna</w>
            <w lemma="," type="pk">,</w>
            <w lemma="það" type="fpheþ">því</w>
            <w lemma="að" type="c">að</w>
            <w lemma="fyrirsögn" type="nveng">fyrirsögnin</w>
            <w lemma="fela" type="sfg3en">felur</w>
            <w lemma="í" type="af">í</w>
            <w lemma="sig" type="fpveþ">sér</w>
            <w lemma="," type="pk">,</w>
            <w lemma="að" type="c">að</w>
            <w lemma="hér" type="aa">hér</w>
            <w lemma="vera" type="svg3en">sé</w>
            <w lemma="um" type="af">um</w>
            <w lemma="stjórnskipunarlög" type="nhfo">stjórnskipunarlög</w>
            <w lemma="að" type="cn">að</w>
            <w lemma="ræða" type="sng">ræða</w>
            <w lemma="." type="pl">.</w>
          </s>
          <s n="7">
            <w lemma="annars" type="aa">Annars</w>
            <w lemma="hafa" type="sfg3fn">hafa</w>
            <w lemma="forseti" type="nkfn">forsetar</w>
            <w lemma="líta" type="sþghen">litið</w>
            <w lemma="ýmis" type="fohfþ">ýmsum</w>
            <w lemma="auga" type="nhfþ">augum</w>
            <w lemma="á" type="af">á</w>
            <w lemma="slíkur" type="fbheo">slíkt</w>
            <w lemma=";" type="pk">;</w>
            <w lemma="að" type="af">að</w>
            <w lemma="vís" type="lheþsf">vísu</w>
            <w lemma="vera" type="sfg3eþ">var</w>
            <w lemma="frumv." type="kt">frumv.</w>
            <w lemma="um" type="af">um</w>
            <w lemma="afnám" type="nheo">afnám</w>
            <w lemma="hæstiréttur" type="nkee">hæstaréttar</w>
            <w lemma="einn" type="foheo">eitt</w>
            <w lemma="sinn" type="nheo">sinn</w>
            <w lemma="vísa" type="sþghen">vísað</w>
            <w lemma="frá" type="aa">frá</w>
            <w lemma="hér" type="aa">hér</w>
            <w lemma="á" type="af">á</w>
            <w lemma="þing" type="nheþ">þingi</w>
            <w lemma="vegna" type="af">vegna</w>
            <w lemma="það" type="fphee">þess</w>
            <w lemma="," type="pk">,</w>
            <w lemma="að" type="c">að</w>
            <w lemma="í" type="af">í</w>
            <w lemma="fyrirsögn" type="nveþg">fyrirsögninni</w>
            <w lemma="vera" type="sfg3eþ">var</w>
            <w lemma="ekki" type="aa">ekki</w>
            <w lemma="nefna" type="sþgven">nefnd</w>
            <w lemma="breyting" type="nven">breyting</w>
            <w lemma="á" type="af">á</w>
            <w lemma="stjórnarskrá" type="nveþg">stjórnarskránni</w>
            <w lemma=";" type="pk">;</w>
            <w lemma="en" type="c">en</w>
            <w lemma="á" type="af">á</w>
            <w lemma="annar" type="foheþ">öðru</w>
            <w lemma="þing" type="nheþ">þingi</w>
            <w lemma="síðar" type="aam">síðar</w>
            <w lemma="vera" type="sfg3eþ">var</w>
            <w lemma="frumv." type="ks">frumv.</w>
            <w lemma="sami" type="fbhee">sama</w>
            <w lemma="efni" type="nhee">efnis</w>
            <w lemma="þó" type="aa">þó</w>
            <w lemma="taka" type="sþghen">tekið</w>
            <w lemma="fyrir" type="aa">fyrir</w>
            <w lemma="sem" type="c">sem</w>
            <w lemma="einfaldur" type="lhfnsf">einföld</w>
            <w lemma="lög" type="nhfn">lög</w>
            <w lemma="," type="pk">,</w>
            <w lemma="-" type="pa">-</w>
            <w lemma="þá" type="aa">þá</w>
            <w lemma="vera" type="sfg3eþ">var</w>
            <w lemma="Þórarinn" type="nken-s">Þórarinn</w>
            <w lemma="Böðvarsson" type="nken-s">Böðvarsson</w>
            <w lemma="forseti" type="nken">forseti</w>
            <w lemma="." type="pl">.</w>
          </s>
          <s n="8">
            <w lemma="maður" type="nkfn">Menn</w>
            <w lemma="eiga" type="svg3fþ">ættu</w>
            <w lemma="því" type="aa">því</w>
            <w lemma="ekki" type="aa">ekki</w>
            <w lemma="að" type="cn">að</w>
            <w lemma="vera" type="sng">vera</w>
            <w lemma="að" type="cn">að</w>
            <w lemma="finna" type="sng">finna</w>
            <w lemma="sig" type="fpkfþ">sér</w>
            <w lemma="slíkur" type="fbheo">slíkt</w>
            <w lemma="til" type="aa">til</w>
            <w lemma="," type="pk">,</w>
            <w lemma="það" type="fpheþ">því</w>
            <w lemma="að" type="c">að</w>
            <w lemma="hér" type="aa">hér</w>
            <w lemma="vera" type="sfg3en">er</w>
            <w lemma="enginn" type="foven">engin</w>
            <w lemma="hætta" type="nven">hætta</w>
            <w lemma="á" type="af">á</w>
            <w lemma="ferð" type="nvfþ">ferðum</w>
            <w lemma="." type="pl">.</w>
          </s>
          <s n="9">
            <w lemma="hinn" type="fakeo">Hinn</w>
            <w lemma="háttv." type="kt">háttv.</w>
            <w lemma="þm." type="ks">þm.</w>
            <w lemma="mega" type="sfg3en">má</w>
            <w lemma="segja" type="sng">segja</w>
            <w lemma="hver" type="fsheo">hvað</w>
            <w lemma="sem" type="ct">sem</w>
            <w lemma="hann" type="fpken">hann</w>
            <w lemma="vilja" type="sfg3en">vill</w>
            <w lemma="um" type="af">um</w>
            <w lemma="tilgangur" type="nkeo">tilgang</w>
            <w lemma="ég" type="fp1fe">okkar</w>
            <w lemma="Flutningsm" type="n----s">flutningsm</w>
            <w lemma="." type="pl">.</w>
          </s>
          <s n="10">
            <w lemma="," type="pk">,</w>
            <w lemma="en" type="c">en</w>
            <w lemma="hann" type="fpken">hann</w>
            <w lemma="hafa" type="sfg3en">hefir</w>
            <w lemma="vera" type="sþghen">verið</w>
            <w lemma="sá" type="faken">sá</w>
            <w lemma="einn" type="lkensf">einn</w>
            <w lemma="," type="pk">,</w>
            <w lemma="að" type="cn">að</w>
            <w lemma="taka" type="sng">taka</w>
            <w lemma="sem" type="aa">sem</w>
            <w lemma="margur" type="lvfose">flestar</w>
            <w lemma="ósk" type="nvfo">óskir</w>
            <w lemma="til" type="af">til</w>
            <w lemma="grein" type="nvfe">greina</w>
            <w lemma="og" type="c">og</w>
            <w lemma="hafa" type="sng">hafa</w>
            <w lemma="allur" type="fovfo">allar</w>
            <w lemma="krafa" type="nvfo">kröfur</w>
            <w lemma="sem" type="ct">sem</w>
            <w lemma="fullur" type="lvfnse">fyllstar</w>
            <w lemma=";" type="pk">;</w>
            <w lemma="nefna" type="sþgven">nefnd</w>
            <w lemma="sá" type="faven">sú</w>
            <w lemma="," type="pk">,</w>
            <w lemma="er" type="ct">er</w>
            <w lemma="skipa" type="sþgven">skipuð</w>
            <w lemma="verða" type="sfg3en">verður</w>
            <w lemma="í" type="af">í</w>
            <w lemma="mál" type="nheog">málið</w>
            <w lemma="og" type="c">og</w>
            <w lemma="alþingi" type="nhen">alþingi</w>
            <w lemma="ráða" type="sfg3en">ræður</w>
            <w lemma="svo" type="aa">svo</w>
            <w lemma="sinn" type="fevfþ">sínum</w>
            <w lemma="gerð" type="nvfþ">gerðum</w>
            <w lemma="," type="pk">,</w>
            <w lemma="hvernig" type="aa">hvernig</w>
            <w lemma="um" type="af">um</w>
            <w lemma="mál" type="nheog">málið</w>
            <w lemma="fara" type="sfg3en">fer</w>
            <w lemma="." type="pl">.</w>
          </s>
          <s n="11">
            <w lemma="-" type="pa">-</w>
            <w lemma="Háttv." type="ks">Háttv.</w>
            <w lemma="þm." type="ks">þm.</w>
            <w lemma="vera" type="sfg3eþ">var</w>
            <w lemma="einhver" type="fohen">eitthvað</w>
            <w lemma="að" type="cn">að</w>
            <w lemma="minna" type="snm">minnast</w>
            <w lemma="á" type="af">á</w>
            <w lemma="hreystiverk" type="nheo">hreystiverk</w>
            <w lemma="minnihluti" type="nkeeg">minnihlutans</w>
            <w lemma="og" type="c">og</w>
            <w lemma="frv." type="ks">frv.</w>
            <w lemma="það" type="fpheo">það</w>
            <w lemma="til" type="af">til</w>
            <w lemma="stjórnarskrárbreyting" type="nvee">stjórnarskrárbreytingar</w>
            <w lemma="," type="pk">,</w>
            <w lemma="sem" type="ct">sem</w>
            <w lemma="hann" type="fpkfn">þeir</w>
            <w lemma="ætla" type="sfg3fn">ætla</w>
            <w lemma="að" type="cn">að</w>
            <w lemma="koma" type="sng">koma</w>
            <w lemma="fram" type="aa">fram</w>
            <w lemma="með" type="aa">með</w>
            <w lemma="og" type="c">og</w>
            <w lemma="hafa" type="sfg3en">hefir</w>
            <w lemma="inni" type="aa">inni</w>
            <w lemma="að" type="cn">að</w>
            <w lemma="halda" type="sng">halda</w>
            <w lemma="ýmist" type="c">ýmist</w>
            <w lemma="einhver" type="fohen">eitthvað</w>
            <w lemma="af" type="af">af</w>
            <w lemma="hinn" type="ghfþ">hinum</w>
            <w lemma="sami" type="fbhfþ">sömu</w>
            <w lemma="ákvæði" type="nhfþ">ákvæðum</w>
            <w lemma="," type="pk">,</w>
            <w lemma="sem" type="ct">sem</w>
            <w lemma="finna" type="sfm3fn">finnast</w>
            <w lemma="í" type="af">í</w>
            <w lemma="frumv." type="kt">frumv.</w>
            <w lemma="ég" type="fp1fe">okkar</w>
            <w lemma="," type="pk">,</w>
            <w lemma="eða" type="c">eða</w>
            <w lemma="þá" type="aa">þá</w>
            <w lemma="einskisverður" type="lvfnsf">einskisverðar</w>
            <w lemma="kákbreyting" type="nvfn">kákbreytingar</w>
            <w lemma="." type="pl">.</w>
          </s>
          <s n="12">
            <w lemma="hann" type="fpkfn">Þeir</w>
            <w lemma="um" type="af">um</w>
            <w lemma="það" type="fpheo">það</w>
            <w lemma="." type="pl">.</w>
          </s>
          <s n="13">
            <w lemma="ég" type="fp1fn">Við</w>
            <w lemma="hafa" type="sfg1fn">höfum</w>
            <w lemma="vilja" type="sþghen">viljað</w>
            <w lemma="hafa" type="sng">hafa</w>
            <w lemma="allur" type="fovfo">allar</w>
            <w lemma="krafa" type="nvfo">kröfur</w>
            <w lemma="afdráttarlaus" type="lvfosf">afdráttarlausar</w>
            <w lemma="í" type="af">í</w>
            <w lemma="ég" type="fp1fe">okkar</w>
            <w lemma="frumv." type="kt">frumv.</w>
            <w lemma="," type="pk">,</w>
            <w lemma="af" type="af">af</w>
            <w lemma="það" type="fpheþ">því</w>
            <w lemma="að" type="c">að</w>
            <w lemma="þykja" type="svm3fn">þykist</w>
            <w lemma="Dani" type="nkfn-s">Danir</w>
            <w lemma="hafa" type="sng">hafa</w>
            <w lemma="rétt" type="aa">rétt</w>
            <w lemma="til" type="af">til</w>
            <w lemma="að" type="cn">að</w>
            <w lemma="skapa" type="sng">skapa</w>
            <w lemma="einn" type="lkfnsf">einir</w>
            <w lemma="fyrirkomulag" type="nheo">fyrirkomulag</w>
            <w lemma="samband" type="nheeg">sambandsins</w>
            <w lemma="," type="pk">,</w>
            <w lemma="eins" type="aa">eins</w>
            <w lemma="og" type="c">og</w>
            <w lemma="hann" type="fpkfn">þeir</w>
            <w lemma="gera" type="sfg3fþ">gerðu</w>
            <w lemma="með" type="af">með</w>
            <w lemma="stöðulög" type="nhfþg">stöðulögunum</w>
            <w lemma="," type="pk">,</w>
            <w lemma="þá" type="aa">þá</w>
            <w lemma="hafa" type="sfg1fn">höfum</w>
            <w lemma="vér" type="fp1fn">vér</w>
            <w lemma="Íslendingur" type="nkfn-s">Íslendingar</w>
            <w lemma="eigi" type="aa">eigi</w>
            <w lemma="varla" type="aam">síður</w>
            <w lemma="réttur" type="nkeo">rétt</w>
            <w lemma="til" type="af">til</w>
            <w lemma="að" type="cn">að</w>
            <w lemma="gera" type="sng">gera</w>
            <w lemma="sá" type="fahfo">þau</w>
            <w lemma="ákvæði" type="nhfo">ákvæði</w>
            <w lemma="um" type="af">um</w>
            <w lemma="samband" type="nheog">sambandið</w>
            <w lemma="upp" type="aa">upp</w>
            <w lemma="á" type="af">á</w>
            <w lemma="eigin" type="lhfoof">eigin</w>
            <w lemma="eindæmi" type="nheþ">eindæmi</w>
            <w lemma="af" type="af">af</w>
            <w lemma="vor" type="foveþ">vorri</w>
            <w lemma="hönd" type="nveþ">hendi</w>
            <w lemma="," type="pk">,</w>
            <w lemma="sem" type="ct">sem</w>
            <w lemma="vér" type="fp1fo">oss</w>
            <w lemma="þykja" type="sfg3en">þykir</w>
            <w lemma="hlýða" type="sng">hlýða</w>
            <w lemma="." type="pl">.</w>
          </s>
          <s n="14">
            <w lemma="fara" type="sfg1en">Fer</w>
            <w lemma="vel" type="aa">vel</w>
            <w lemma="á" type="aa">á</w>
            <w lemma="," type="pk">,</w>
            <w lemma="að" type="c">að</w>
            <w lemma="slíkur" type="fbhfn">slík</w>
            <w lemma="ákvæði" type="nhfn">ákvæði</w>
            <w lemma="koma" type="svm3fn">komist</w>
            <w lemma="inn" type="aa">inn</w>
            <w lemma="í" type="af">í</w>
            <w lemma="stjórnarskrá" type="nveog">stjórnarskrána</w>
            <w lemma="," type="pk">,</w>
            <w lemma="en" type="c">en</w>
            <w lemma="allur" type="fokfn">allir</w>
            <w lemma="samningur" type="nkfn">samningar</w>
            <w lemma="við" type="af">við</w>
            <w lemma="Dani" type="nkfo-s">Dani</w>
            <w lemma="annars" type="aa">annars</w>
            <w lemma="kosta" type="sfg3en">kostar</w>
            <w lemma="geta" type="sfg3fn">geta</w>
            <w lemma="vera" type="sþghen">verið</w>
            <w lemma="viðsjárverður" type="lkfnsf">viðsjárverðir</w>
            <w lemma="." type="pl">.</w>
          </s>
          <s n="15">
            <w lemma="það" type="fphen">Það</w>
            <w lemma="varða" type="sfg3en">varðar</w>
            <w lemma="mikill" type="lheþsf">miklu</w>
            <w lemma="," type="pk">,</w>
            <w lemma="að" type="c">að</w>
            <w lemma="vilji" type="nken">vilji</w>
            <w lemma="vor" type="feken">vor</w>
            <w lemma="koma" type="svg3en">komi</w>
            <w lemma="fram" type="aa">fram</w>
            <w lemma="skýrt" type="aa">skýrt</w>
            <w lemma="og" type="c">og</w>
            <w lemma="ljóst" type="aa">ljóst</w>
            <w lemma="einmitt" type="aa">einmitt</w>
            <w lemma="í" type="af">í</w>
            <w lemma="samband" type="nheþ">sambandi</w>
            <w lemma="við" type="af">við</w>
            <w lemma="stjórnarskrá" type="nveog">stjórnarskrána</w>
            <w lemma="," type="pk">,</w>
            <w lemma="og" type="c">og</w>
            <w lemma="sá" type="favee">þeirrar</w>
            <w lemma="skoðun" type="nvee">skoðunar</w>
            <w lemma="vera" type="sfg3fþ">voru</w>
            <w lemma="maður" type="nkfn">menn</w>
            <w lemma="á" type="af">á</w>
            <w lemma="síðari" type="lheþve">síðasta</w>
            <w lemma="þing" type="nheþ">þingi</w>
            <w lemma="," type="pk">,</w>
            <w lemma="vera" type="sfg3en">er</w>
            <w lemma="sambandslagafrumv" type="nven">sambandslagafrumv</w>
            <w lemma="." type="pl">.</w>
          </s>
          <s n="16">
            <w lemma="meirihluti" type="nkeeg">meirihlutans</w>
            <w lemma="vera" type="sfg3eþ">var</w>
            <w lemma="samþykur" type="lhensf">samþykt</w>
            <w lemma="." type="pl">.</w>
          </s>
          <s n="17">
            <w lemma="þessi" type="fahen">Þetta</w>
            <w lemma="frumvarp" type="nhen">frumvarp</w>
            <w lemma="vera" type="sfg3en">er</w>
            <w lemma="ekki" type="aa">ekki</w>
            <w lemma="frumv." type="kt">frumv.</w>
            <w lemma="til" type="af">til</w>
            <w lemma="nýr" type="lhfesf">nýrra</w>
            <w lemma="sambandslög" type="nhfe">sambandslaga</w>
            <w lemma="og" type="c">og</w>
            <w lemma="því" type="aa">því</w>
            <w lemma="ekki" type="aa">ekki</w>
            <w lemma="rétt" type="aa">rétt</w>
            <w lemma="að" type="cn">að</w>
            <w lemma="kalla" type="sng">kalla</w>
            <w lemma="það" type="fpheo">það</w>
            <w lemma="svo" type="aa">svo</w>
            <w lemma="," type="pk">,</w>
            <w lemma="þó" type="aa">þó</w>
            <w lemma="að" type="c">að</w>
            <w lemma="í" type="af">í</w>
            <w lemma="það" type="fpheþ">því</w>
            <w lemma="vera" type="svg3en">sé</w>
            <w lemma="atriði" type="nhen">atriði</w>
            <w lemma="," type="pk">,</w>
            <w lemma="sem" type="ct">sem</w>
            <w lemma="snerta" type="sfg3fn">snerta</w>
            <w lemma="samband" type="nheo">samband</w>
            <w lemma="vor" type="feheo">vort</w>
            <w lemma="við" type="af">við</w>
            <w lemma="Dani" type="nkfo-s">Dani</w>
            <w lemma="." type="pl">.</w>
          </s>
          <s n="18">
            <w lemma="slíkur" type="fbhfn">Slík</w>
            <w lemma="atriði" type="nhfn">atriði</w>
            <w lemma="sýna" type="sfm3fn">sýnast</w>
            <w lemma="eðlilega" type="aa">eðlilega</w>
            <w lemma="eiga" type="sfg3fn">eiga</w>
            <w lemma="heima" type="aa">heima</w>
            <w lemma="í" type="af">í</w>
            <w lemma="stjórnarskrá" type="nveþ">stjórnarskrá</w>
            <w lemma="land" type="nheeg">landsins</w>
            <w lemma="," type="pk">,</w>
            <w lemma="og" type="c">og</w>
            <w lemma="aðalatriði" type="nheng">aðalatriðið</w>
            <w lemma="fyrir" type="af">fyrir</w>
            <w lemma="ég" type="fp1fþ">okkur</w>
            <w lemma="vera" type="sfg3eþ">var</w>
            <w lemma="það" type="fphen">það</w>
            <w lemma="," type="pk">,</w>
            <w lemma="að" type="c">að</w>
            <w lemma="frumv." type="kt">frumv.</w>
            <w lemma="þessi" type="fahen">þetta</w>
            <w lemma="halda" type="svg3eþ">héldi</w>
            <w lemma="í" type="af">í</w>
            <w lemma="stór" type="lkfþsf">stórum</w>
            <w lemma="dráttur" type="nkfþ">dráttum</w>
            <w lemma="allur" type="fovfo">allar</w>
            <w lemma="sjálfstæðiskrafa" type="nvfo">sjálfstæðiskröfur</w>
            <w lemma="vor" type="fevfo">vorar</w>
            <w lemma="," type="pk">,</w>
            <w lemma="og" type="c">og</w>
            <w lemma="koma" type="sfg3en">kemur</w>
            <w lemma="það" type="fphen">það</w>
            <w lemma="það" type="fpheþ">því</w>
            <w lemma="fram" type="aa">fram</w>
            <w lemma="sem" type="c">sem</w>
            <w lemma="yfirlýsing" type="nven">yfirlýsing</w>
            <w lemma="um" type="af">um</w>
            <w lemma="," type="pk">,</w>
            <w lemma="að" type="c">að</w>
            <w lemma="ég" type="fp1fn">við</w>
            <w lemma="vilja" type="sfg1fn">viljum</w>
            <w lemma="fá" type="sng">fá</w>
            <w lemma="þessi" type="favfo">þessar</w>
            <w lemma="réttarkrafa" type="nvfo">réttarkröfur</w>
            <w lemma="uppfylt" type="nvee">uppfyltar</w>
            <w lemma="," type="pk">,</w>
            <w lemma="sem" type="ct">sem</w>
            <w lemma="vér" type="fp1fþ">oss</w>
            <w lemma="vera" type="sfg3fn">eru</w>
            <w lemma="bráðnauðsynlegur" type="lvfnsf">bráðnauðsynlegar</w>
            <w lemma="og" type="c">og</w>
            <w lemma="réttmætur" type="lvfnsf">réttmætar</w>
            <w lemma="." type="pl">.</w>
          </s>
          <s n="19">
            <w lemma="það" type="fphen">Það</w>
            <w lemma="vera" type="sfg3en">er</w>
            <w lemma="auðvitað" type="aa">auðvitað</w>
            <w lemma="á" type="af">á</w>
            <w lemma="vald" type="nheþ">valdi</w>
            <w lemma="þing" type="nheeg">þingsins</w>
            <w lemma="að" type="cn">að</w>
            <w lemma="samþykkja" type="sng">samþykkja</w>
            <w lemma="það" type="fpheo">það</w>
            <w lemma="af" type="af">af</w>
            <w lemma="það" type="fpheþ">því</w>
            <w lemma="," type="pk">,</w>
            <w lemma="sem" type="ct">sem</w>
            <w lemma="það" type="fphen">það</w>
            <w lemma="nú" type="aa">nú</w>
            <w lemma="sjá" type="sfg3en">sér</w>
            <w lemma="sig" type="fpheþ">sér</w>
            <w lemma="fær" type="lhensf">fært</w>
            <w lemma="," type="pk">,</w>
            <w lemma="eða" type="c">eða</w>
            <w lemma="fella" type="sng">fella</w>
            <w lemma="það" type="fpheo">það</w>
            <w lemma="niður" type="aa">niður</w>
            <w lemma="." type="pl">.</w>
          </s>
          <s n="20">
            <w lemma="annars" type="aa">Annars</w>
            <w lemma="vera" type="sfg3en">er</w>
            <w lemma="óþarfur" type="lhensf">óþarft</w>
            <w lemma="að" type="cn">að</w>
            <w lemma="fara" type="sng">fara</w>
            <w lemma="margur" type="lhfþvm">fleiri</w>
            <w lemma="orð" type="nhfþ">orðum</w>
            <w lemma="um" type="af">um</w>
            <w lemma="mál" type="nheo">mál</w>
            <w lemma="þessi" type="faheo">þetta</w>
            <w lemma="að" type="af">að</w>
            <w lemma="svo" type="aa">svo</w>
            <w lemma="staddur" type="lheþsf">stöddu</w>
            <w lemma="," type="pk">,</w>
            <w lemma="þar" type="aa">þar</w>
            <w lemma="eð" type="c">eð</w>
            <w lemma="það" type="fphen">það</w>
            <w lemma="munu" type="sfg3en">mun</w>
            <w lemma="koma" type="sng">koma</w>
            <w lemma="í" type="af">í</w>
            <w lemma="nefnd" type="nveþ">nefnd</w>
            <w lemma="." type="pl">.</w>
          </s>
        </p>
      </div1>
    </body>
  </text>
</TEI>
