<?xml version="1.0" encoding="UTF-8"?>
<TEI xmlns="http://www.tei-c.org/ns/1.0" xml:id="R-33-4915262" xml:lang="is">
  <teiHeader>
    <fileDesc>
      <titleStmt>
        <title>
          <title type="main">Stjórnarskrárbreyting (1. mál)</title>
        </title>
        <respStmt>
          <resp xml:lang="is">Söfnun og úrvinnsla texta</resp>
          <resp xml:lang="en">Collection and processing of text</resp>
          <name xml:lang="is">Stofnun Árna Magnússonar í íslenskum fræðum</name>
          <name xml:lang="en">The Arni Magnusson Institute for Icelandic Studies</name>
        </respStmt>
      </titleStmt>
      <editionStmt>
        <p xml:lang="is">Málheild: Ræður frá Alþingi Íslendinga (2020.06)</p>
        <p xml:lang="en">Corpus: Speeches from The Parliament of Iceland (2020.06)</p>
      </editionStmt>
      <publicationStmt>
        <distributor xml:lang="is">Stofnun Árna Magnússonar í íslenskum fræðum</distributor>
        <distributor xml:lang="en">The Arni Magnusson Institute for Icelandic Studies</distributor>
        <address>
          <addrLine xml:lang="is">Árnagarður við Suðurgötu, 107 Reykjavík, Íslandi</addrLine>
          <addrLine xml:lang="en">Árnagarður Suðurgata, 107 Reykjavik, Iceland</addrLine>
          <addrLine>
            <email>arnastofnun@arnastofnun.is</email>
          </addrLine>
        </address>
        <idno type="risam">R-33-4915262</idno>
        <availability>
          <p xml:lang="is">Þessi texti er til notkunar í málrannsóknum og máltækniverkefnum um allan heim með CC-BY leyfi</p>
          <p xml:lang="en">This text is available for use in language research and language technology projects world wide with CC-BY licence.</p>
        </availability>
        <date>2020-05-27</date>
      </publicationStmt>
      <sourceDesc>
        <biblStruct>
          <analytic>
            <title>
              <title type="main">Stjórnarskrárbreyting (1. mál)</title>
            </title>
            <author>
             <persName>Hannes Hafstein</persName>
             <note type="gender">M</note>
             <note type="age">49</note>
             <note type="url">http://althingi.is/altext/cv/is/?nfaerslunr=232</note>
             <note type="political_party">Heimastjórnarflokkurinn</note>
             <note type="constituency">Eyfirðinga (Ey)</note>
             <note type="role">Alþingismaður</note>
            </author>
            <date when="1911-02-20">20.02. 1911</date>
          </analytic>
          <monogr>
            <title>althingi.is</title>
            <imprint>
              <publisher>Alþingi</publisher>
            </imprint>
            <biblScope>
             <ref>http://althingi.is/altext/raeda/?lthing=22&amp;rnr=1196</ref>
            </biblScope>
          </monogr>
        </biblStruct>
      </sourceDesc>
    </fileDesc>
    <encodingDesc>
      <projectDesc>
        <p xml:lang="is">Sjá lýsingu á verkefninu í rmh2Hdr.xml.</p>
        <p xml:lang="en">See description of project in rmh2Hdr.xml.</p>
      </projectDesc>
      <tagsDecl>
        <namespace name="http://www.tei-c.org/ns/1.0">
          <tagUsage gi="text" occurs="1"/>
          <tagUsage gi="body" occurs="1"/>
          <tagUsage gi="div1" occurs="1"/>
          <tagUsage gi="p" occurs="3"/>
          <tagUsage gi="s" occurs="9"/>
          <tagUsage gi="w" occurs="213"/>
          <tagUsage gi="c" occurs="0"/>
        </namespace>
      </tagsDecl>
    </encodingDesc>
  </teiHeader>
  <text>
    <body>
      <div1>
        <p n="1">
          <s n="1">
            <w lemma="Hannes" type="nken-s">Hannes</w>
            <w lemma="Hafstein" type="nken-s">Hafstein</w>
            <w lemma=":" type="pa">:</w>
          </s>
        </p>
        <p n="2">
          <s n="1">
            <w lemma="fluti" type="nkfþ">Flutum</w>
            <w lemma="." type="pl">.</w>
          </s>
          <s n="2">
            <w lemma="hafa" type="sfg3en">hefir</w>
            <w lemma="viðurkent" type="nkeo">viðurkent</w>
            <w lemma="," type="pk">,</w>
            <w lemma="að" type="c">að</w>
            <w lemma="í" type="af">í</w>
            <w lemma="frumv." type="kt">frumv.</w>
            <w lemma="þessi" type="faheþ">þessu</w>
            <w lemma="vera" type="svg3fn">séu</w>
            <w lemma="ým" type="nhee">ýms</w>
            <w lemma="sambandslagaatriði" type="nhfn">sambandslagaatriði</w>
            <w lemma="," type="pk">,</w>
            <w lemma="þ." type="ks">þ.</w>
            <w lemma="e." type="ks">e.</w>
            <w lemma="atriði" type="nhfn">atriði</w>
            <w lemma="," type="pk">,</w>
            <w lemma="sem" type="ct">sem</w>
            <w lemma="koma" type="sfg3fn">koma</w>
            <w lemma="í" type="af">í</w>
            <w lemma="bági" type="nkeo">bága</w>
            <w lemma="við" type="af">við</w>
            <w lemma="sá" type="fakeo">þann</w>
            <w lemma="grundvöllur" type="nkeo">grundvöll</w>
            <w lemma="," type="pk">,</w>
            <w lemma="sem" type="ct">sem</w>
            <w lemma="núgildandi" type="lvenof">núgildandi</w>
            <w lemma="stjórnarskrá" type="nven">stjórnarskrá</w>
            <w lemma="vor" type="fp1fþ">vor</w>
            <w lemma="lagalega" type="aa">lagalega</w>
            <w lemma="byggja" type="sfm3en">byggist</w>
            <w lemma="á" type="aa">á</w>
            <w lemma="," type="pk">,</w>
            <w lemma="og" type="c">og</w>
            <w lemma="sem" type="c">sem</w>
            <w lemma="vér" type="fp1fn">vér</w>
            <w lemma="eiga" type="svg3en">eigi</w>
            <w lemma="geta" type="sfg1fn">getum</w>
            <w lemma="breyta" type="sþghen">breytt</w>
            <w lemma="eftir" type="af">eftir</w>
            <w lemma="eigin" type="lkeþof">eigin</w>
            <w lemma="geðþótti" type="nkeþ">geðþótta</w>
            <w lemma="eingöngu" type="aa">eingöngu</w>
            <w lemma="." type="pl">.</w>
          </s>
          <s n="3">
            <w lemma="jafnvel" type="aa">Jafnvel</w>
            <w lemma="þykja" type="sþghen">þótt</w>
            <w lemma="alþingi" type="nhen">alþingi</w>
            <w lemma="samþykti" type="nken">samþykti</w>
            <w lemma="þessi" type="fahen">þetta</w>
            <w lemma="frumv." type="kt">frumv.</w>
            <w lemma="," type="pk">,</w>
            <w lemma="þá" type="aa">þá</w>
            <w lemma="geta" type="svg3eþ">gæti</w>
            <w lemma="það" type="fphen">það</w>
            <w lemma="samt" type="aa">samt</w>
            <w lemma="ekki" type="aa">ekki</w>
            <w lemma="verða" type="sþghen">orðið</w>
            <w lemma="leggja" type="sþghen">lagt</w>
            <w lemma="fyrir" type="af">fyrir</w>
            <w lemma="konungur" type="nkeo">konung</w>
            <w lemma="," type="pk">,</w>
            <w lemma="nema" type="c">nema</w>
            <w lemma="það" type="fphen">það</w>
            <w lemma="snemma" type="aae">fyrst</w>
            <w lemma="vera" type="svg3eþ">væri</w>
            <w lemma="samþykja" type="sþghen">samþykt</w>
            <w lemma="einnig" type="aa">einnig</w>
            <w lemma="af" type="af">af</w>
            <w lemma="ríkisþing" type="nheþ">ríkisþingi</w>
            <w lemma="Dani" type="nkfe-s">Dana</w>
            <w lemma="," type="pk">,</w>
            <w lemma="vegna" type="af">vegna</w>
            <w lemma="sambandslagaatriði" type="nkfeg">sambandslagaatriðanna</w>
            <w lemma="sem" type="ct">sem</w>
            <w lemma="í" type="af">í</w>
            <w lemma="það" type="fpheþ">því</w>
            <w lemma="vera" type="sfg3fn">eru</w>
            <w lemma="," type="pk">,</w>
            <w lemma="og" type="c">og</w>
            <w lemma="vera" type="svg3eþ">væri</w>
            <w lemma="þá" type="aa">þá</w>
            <w lemma="vel" type="aa">vel</w>
            <w lemma="að" type="c">að</w>
            <w lemma="vera" type="sþghen">verið</w>
            <w lemma="," type="pk">,</w>
            <w lemma="ef" type="c">ef</w>
            <w lemma="vér" type="fp1fn">vér</w>
            <w lemma="leggja" type="svg1fþ">legðum</w>
            <w lemma="þannig" type="aa">þannig</w>
            <w lemma="stjórnarskrá" type="nveog">stjórnarskrána</w>
            <w lemma="um" type="af">um</w>
            <w lemma="hinn" type="ghfo">hin</w>
            <w lemma="sérstakur" type="lhfovf">sérstöku</w>
            <w lemma="mál" type="nhfo">mál</w>
            <w lemma="vor" type="fp1fþ">vor</w>
            <w lemma="á" type="af">á</w>
            <w lemma="náð" type="nvfo">náðir</w>
            <w lemma="annar" type="fohee">annars</w>
            <w lemma="löggjafarvald" type="nhee">löggjafarvalds</w>
            <w lemma="." type="pl">.</w>
          </s>
          <s n="4">
            <w lemma="en" type="c">En</w>
            <w lemma="þar" type="aa">þar</w>
            <w lemma="sem" type="c">sem</w>
            <w lemma="þessi" type="fahfn">þessi</w>
            <w lemma="sambandslagaatriði" type="nhfn">sambandslagaatriði</w>
            <w lemma="sumur" type="fohfn">sum</w>
            <w lemma="hver" type="fshfn">hver</w>
            <w lemma="fela" type="sfg3fn">fela</w>
            <w lemma="í" type="af">í</w>
            <w lemma="sig" type="fphfþ">sér</w>
            <w lemma="krafa" type="nvfo">kröfur</w>
            <w lemma="," type="pk">,</w>
            <w lemma="sem" type="ct">sem</w>
            <w lemma="vissa" type="nven">vissa</w>
            <w lemma="vera" type="sfg3en">er</w>
            <w lemma="fyrir" type="af">fyrir</w>
            <w lemma="," type="pk">,</w>
            <w lemma="að" type="c">að</w>
            <w lemma="ekki" type="aa">ekki</w>
            <w lemma="ná" type="sng">ná</w>
            <w lemma="samþykki" type="nheþ">samþykki</w>
            <w lemma="ríkisþing" type="nheeg">ríkisþingsins</w>
            <w lemma="að" type="af">að</w>
            <w lemma="svo" type="aa">svo</w>
            <w lemma="staddur" type="lheþsf">stöddu</w>
            <w lemma="," type="pk">,</w>
            <w lemma="vera" type="sfg3en">er</w>
            <w lemma="sennilegur" type="lhense">sennilegast</w>
            <w lemma="," type="pk">,</w>
            <w lemma="að" type="af">að</w>
            <w lemma="flutn" type="nvfþ">flutnm</w>
            <w lemma="." type="pl">.</w>
          </s>
          <s n="5">
            <w lemma="hafa" type="svg3en">hafi</w>
            <w lemma="flýta" type="sþghen">flýtt</w>
            <w lemma="sig" type="fpheþ">sér</w>
            <w lemma="svo" type="aa">svo</w>
            <w lemma="mjög" type="aa">mjög</w>
            <w lemma="að" type="cn">að</w>
            <w lemma="koma" type="sng">koma</w>
            <w lemma="fram" type="aa">fram</w>
            <w lemma="með" type="af">með</w>
            <w lemma="þannig" type="aa">þannig</w>
            <w lemma="lagaður" type="lvfosf">lagaðar</w>
            <w lemma="breyting" type="nvfo">breytingar</w>
            <w lemma="á" type="af">á</w>
            <w lemma="stjórnarskrá" type="nveþg">stjórnarskránni</w>
            <w lemma="," type="pk">,</w>
            <w lemma="til" type="af">til</w>
            <w lemma="það" type="fphee">þess</w>
            <w lemma="að" type="cn">að</w>
            <w lemma="reyna" type="sng">reyna</w>
            <w lemma="að" type="cn">að</w>
            <w lemma="koma" type="sng">koma</w>
            <w lemma="það" type="fpheþ">því</w>
            <w lemma="til" type="af">til</w>
            <w lemma="leið" type="nvee">leiðar</w>
            <w lemma="," type="pk">,</w>
            <w lemma="að" type="c">að</w>
            <w lemma="enginn" type="fovfn">engar</w>
            <w lemma="breyting" type="nvfn">breytingar</w>
            <w lemma="fá" type="svm3fn">fáist</w>
            <w lemma="á" type="af">á</w>
            <w lemma="stjórnarskrá" type="nveþg">stjórnarskránni</w>
            <w lemma="að" type="af">að</w>
            <w lemma="þessi" type="faheþ">þessu</w>
            <w lemma="sinn" type="nheþ">sinni</w>
            <w lemma="." type="pl">.</w>
          </s>
        </p>
        <p n="3">
          <s n="1">
            <w lemma="frumvarp" type="nheng">Frumvarpið</w>
            <w lemma="vera" type="sfg3en">er</w>
            <w lemma="annars" type="aa">annars</w>
            <w lemma="allur" type="fohee">alls</w>
            <w lemma="ekki" type="aa">ekki</w>
            <w lemma="í" type="af">í</w>
            <w lemma="löglegur" type="lheþsf">löglegu</w>
            <w lemma="form" type="nheþ">formi</w>
            <w lemma="." type="pl">.</w>
          </s>
          <s n="2">
            <w lemma="það" type="fphen">Það</w>
            <w lemma="hafa" type="svg3eþ">hefði</w>
            <w lemma="eiga" type="sþghen">átt</w>
            <w lemma="að" type="cn">að</w>
            <w lemma="vera" type="sng">vera</w>
            <w lemma="taka" type="sþghen">tekið</w>
            <w lemma="fram" type="aa">fram</w>
            <w lemma="í" type="af">í</w>
            <w lemma="fyrirsögn" type="nveo">fyrirsögn</w>
            <w lemma="frumv." type="kt">frumv.</w>
            <w lemma="," type="pk">,</w>
            <w lemma="að" type="c">að</w>
            <w lemma="það" type="fphen">það</w>
            <w lemma="vera" type="svg3eþ">væri</w>
            <w lemma="frumv." type="kt">frumv.</w>
            <w lemma="til" type="af">til</w>
            <w lemma="stjórnarskipunarlög" type="nhfe">stjórnarskipunarlaga</w>
            <w lemma="Ísland" type="nhee-s">Íslands</w>
            <w lemma="." type="pl">.</w>
          </s>
          <s n="3">
            <w lemma="hinn" type="fahen">Hitt</w>
            <w lemma="vera" type="sfg3en">er</w>
            <w lemma="rangur" type="lhensf">rangt</w>
            <w lemma="form" type="nhen">form</w>
            <w lemma="," type="pk">,</w>
            <w lemma="að" type="cn">að</w>
            <w lemma="orða" type="sng">orða</w>
            <w lemma="fyrirsögn" type="nveog">fyrirsögnina</w>
            <w lemma="eins" type="aa">eins</w>
            <w lemma="og" type="c">og</w>
            <w lemma="gera" type="sþghen">gert</w>
            <w lemma="vera" type="sfg3en">er</w>
            <w lemma="í" type="af">í</w>
            <w lemma="frumv" type="n-eþ">frumv</w>
            <w lemma="." type="pl">.</w>
          </s>
        </p>
      </div1>
    </body>
  </text>
</TEI>
