<?xml version="1.0" encoding="UTF-8"?>
<TEI xmlns="http://www.tei-c.org/ns/1.0" xml:id="R-33-4714919" xml:lang="is">
  <teiHeader>
    <fileDesc>
      <titleStmt>
        <title>
          <title type="main">Stjórnarskrárbreyting (1. mál)</title>
        </title>
        <respStmt>
          <resp xml:lang="is">Söfnun og úrvinnsla texta</resp>
          <resp xml:lang="en">Collection and processing of text</resp>
          <name xml:lang="is">Stofnun Árna Magnússonar í íslenskum fræðum</name>
          <name xml:lang="en">The Arni Magnusson Institute for Icelandic Studies</name>
        </respStmt>
      </titleStmt>
      <editionStmt>
        <p xml:lang="is">Málheild: Ræður frá Alþingi Íslendinga (2020.06)</p>
        <p xml:lang="en">Corpus: Speeches from The Parliament of Iceland (2020.06)</p>
      </editionStmt>
      <publicationStmt>
        <distributor xml:lang="is">Stofnun Árna Magnússonar í íslenskum fræðum</distributor>
        <distributor xml:lang="en">The Arni Magnusson Institute for Icelandic Studies</distributor>
        <address>
          <addrLine xml:lang="is">Árnagarður við Suðurgötu, 107 Reykjavík, Íslandi</addrLine>
          <addrLine xml:lang="en">Árnagarður Suðurgata, 107 Reykjavik, Iceland</addrLine>
          <addrLine>
            <email>arnastofnun@arnastofnun.is</email>
          </addrLine>
        </address>
        <idno type="risam">R-33-4714919</idno>
        <availability>
          <p xml:lang="is">Þessi texti er til notkunar í málrannsóknum og máltækniverkefnum um allan heim með CC-BY leyfi</p>
          <p xml:lang="en">This text is available for use in language research and language technology projects world wide with CC-BY licence.</p>
        </availability>
        <date>2020-05-27</date>
      </publicationStmt>
      <sourceDesc>
        <biblStruct>
          <analytic>
            <title>
              <title type="main">Stjórnarskrárbreyting (1. mál)</title>
            </title>
            <author>
             <persName>Hannes Þorsteinsson</persName>
             <note type="gender">M</note>
             <note type="age">50</note>
             <note type="url">http://althingi.is/altext/cv/is/?nfaerslunr=235</note>
             <note type="political_party">Sjálfstæðisflokkurinn eldri</note>
             <note type="constituency">Árnesinga (Ár)</note>
             <note type="role">Alþingismaður</note>
             <note type="role">forseti neðri deild</note>
            </author>
            <date when="1911-02-20">20.02. 1911</date>
          </analytic>
          <monogr>
            <title>althingi.is</title>
            <imprint>
              <publisher>Alþingi</publisher>
            </imprint>
            <biblScope>
             <ref>http://althingi.is/altext/raeda/?lthing=22&amp;rnr=1202</ref>
            </biblScope>
          </monogr>
        </biblStruct>
      </sourceDesc>
    </fileDesc>
    <encodingDesc>
      <projectDesc>
        <p xml:lang="is">Sjá lýsingu á verkefninu í rmh2Hdr.xml.</p>
        <p xml:lang="en">See description of project in rmh2Hdr.xml.</p>
      </projectDesc>
      <tagsDecl>
        <namespace name="http://www.tei-c.org/ns/1.0">
          <tagUsage gi="text" occurs="1"/>
          <tagUsage gi="body" occurs="1"/>
          <tagUsage gi="div1" occurs="1"/>
          <tagUsage gi="p" occurs="2"/>
          <tagUsage gi="s" occurs="6"/>
          <tagUsage gi="w" occurs="175"/>
          <tagUsage gi="c" occurs="0"/>
        </namespace>
      </tagsDecl>
    </encodingDesc>
  </teiHeader>
  <text>
    <body>
      <div1>
        <p n="1">
          <s n="1">
            <w lemma="forseti" type="nken">Forseti</w>
            <w lemma=":" type="pa">:</w>
          </s>
        </p>
        <p n="2">
          <s n="1">
            <w lemma="það" type="fphen">Það</w>
            <w lemma="hafa" type="sfg3en">hefir</w>
            <w lemma="vera" type="sþghen">verið</w>
            <w lemma="láta" type="sþghen">látið</w>
            <w lemma="í" type="af">í</w>
            <w lemma="ljós" type="nheþ">ljósi</w>
            <w lemma="," type="pk">,</w>
            <w lemma="að" type="c">að</w>
            <w lemma="réttur" type="lhensf">rétt</w>
            <w lemma="vera" type="svg3eþ">væri</w>
            <w lemma="að" type="cn">að</w>
            <w lemma="taka" type="sng">taka</w>
            <w lemma="mál" type="nheo">mál</w>
            <w lemma="þessi" type="faheo">þetta</w>
            <w lemma="út" type="aa">út</w>
            <w lemma="af" type="af">af</w>
            <w lemma="dagskrá" type="nveþ">dagskrá</w>
            <w lemma="eða" type="c">eða</w>
            <w lemma="jafnvel" type="aa">jafnvel</w>
            <w lemma="vísa" type="sng">vísa</w>
            <w lemma="það" type="fpheþ">því</w>
            <w lemma="algerlega" type="aa">algerlega</w>
            <w lemma="frá" type="aa">frá</w>
            <w lemma="," type="pk">,</w>
            <w lemma="vegna" type="af">vegna</w>
            <w lemma="það" type="fphee">þess</w>
            <w lemma="að" type="c">að</w>
            <w lemma="fyrirsögn" type="nven">fyrirsögn</w>
            <w lemma="frumvarp" type="nheeg">frumvarpsins</w>
            <w lemma="vera" type="svg3en">sé</w>
            <w lemma="óformlegur" type="lvensf">óformleg</w>
            <w lemma="og" type="c">og</w>
            <w lemma="koma" type="svg3en">komi</w>
            <w lemma="í" type="af">í</w>
            <w lemma="bági" type="nkeo">bága</w>
            <w lemma="við" type="af">við</w>
            <w lemma="26." type="ta">26.</w>
            <w lemma="gr." type="ks">gr.</w>
            <w lemma="þingsköp" type="nhfeg">þingskapanna</w>
            <w lemma="." type="pl">.</w>
          </s>
          <s n="2">
            <w lemma="en" type="c">En</w>
            <w lemma="þessi" type="fahen">þetta</w>
            <w lemma="vera" type="sfg3en">er</w>
            <w lemma="ekki" type="aa">ekki</w>
            <w lemma="rétt" type="aa">rétt</w>
            <w lemma="athuga" type="sþghen">athugað</w>
            <w lemma="." type="pl">.</w>
          </s>
          <s n="3">
            <w lemma="ákvæði" type="nhen">Ákvæði</w>
            <w lemma="26." type="ta">26.</w>
            <w lemma="gr." type="ks">gr.</w>
            <w lemma="þingsköp" type="nhfeg">þingskapanna</w>
            <w lemma="vera" type="sfg3en">er</w>
            <w lemma="setja" type="sþghen">sett</w>
            <w lemma="til" type="af">til</w>
            <w lemma="það" type="fphee">þess</w>
            <w lemma="að" type="cn">að</w>
            <w lemma="koma" type="sng">koma</w>
            <w lemma="í" type="af">í</w>
            <w lemma="vegur" type="nkeo">veg</w>
            <w lemma="fyrir" type="af">fyrir</w>
            <w lemma="," type="pk">,</w>
            <w lemma="að" type="c">að</w>
            <w lemma="samþykur" type="lhensf">samþykt</w>
            <w lemma="verða" type="svg3en">verði</w>
            <w lemma="af" type="af">af</w>
            <w lemma="þing" type="nheþg">þinginu</w>
            <w lemma="einfaldur" type="lhfnsf">einföld</w>
            <w lemma="lög" type="nhfn">lög</w>
            <w lemma="," type="pk">,</w>
            <w lemma="er" type="ct">er</w>
            <w lemma="fela" type="svg3en">feli</w>
            <w lemma="í" type="af">í</w>
            <w lemma="sig" type="fphfþ">sér</w>
            <w lemma="breyting" type="nvfo">breytingar</w>
            <w lemma="á" type="aa">á</w>
            <w lemma="eða" type="c">eða</w>
            <w lemma="viðauki" type="nkeþ">viðauka</w>
            <w lemma="við" type="af">við</w>
            <w lemma="stjórnarskrá" type="nveog">stjórnarskrána</w>
            <w lemma="," type="pk">,</w>
            <w lemma="og" type="c">og</w>
            <w lemma="því" type="aa">því</w>
            <w lemma="verða" type="svg3en">verði</w>
            <w lemma="að" type="cn">að</w>
            <w lemma="sjá" type="snm">sjást</w>
            <w lemma="á" type="af">á</w>
            <w lemma="fyrirsögn" type="nveþg">fyrirsögninni</w>
            <w lemma="," type="pk">,</w>
            <w lemma="að" type="c">að</w>
            <w lemma="þar" type="aa">þar</w>
            <w lemma="vera" type="svg3en">sé</w>
            <w lemma="ekki" type="aa">ekki</w>
            <w lemma="um" type="af">um</w>
            <w lemma="almennur" type="lhfosf">almenn</w>
            <w lemma="lög" type="nhfo">lög</w>
            <w lemma="að" type="cn">að</w>
            <w lemma="ræða" type="sng">ræða</w>
            <w lemma="," type="pk">,</w>
            <w lemma="heldur" type="c">heldur</w>
            <w lemma="um" type="af">um</w>
            <w lemma="stjórnarskrárbreyting" type="nveo">stjórnarskrárbreytingu</w>
            <w lemma="." type="pl">.</w>
          </s>
          <s n="4">
            <w lemma="en" type="c">En</w>
            <w lemma="hér" type="aa">hér</w>
            <w lemma="vera" type="sfg3en">er</w>
            <w lemma="annar" type="foheþ">öðru</w>
            <w lemma="mál" type="nheþ">máli</w>
            <w lemma="að" type="cn">að</w>
            <w lemma="gegna" type="sng">gegna</w>
            <w lemma="," type="pk">,</w>
            <w lemma="það" type="fpheþ">því</w>
            <w lemma="að" type="c">að</w>
            <w lemma="frumvarp" type="nhen">frumvarp</w>
            <w lemma="þessi" type="fahen">þetta</w>
            <w lemma="fara" type="sfg3en">fer</w>
            <w lemma="ekki" type="aa">ekki</w>
            <w lemma="fram" type="aa">fram</w>
            <w lemma="á" type="af">á</w>
            <w lemma="breyting" type="nveþ">breytingu</w>
            <w lemma="á" type="aa">á</w>
            <w lemma="eða" type="c">eða</w>
            <w lemma="viðauki" type="nkeþ">viðauka</w>
            <w lemma="við" type="af">við</w>
            <w lemma="stjórnarskrá" type="nveog">stjórnarskrána</w>
            <w lemma="," type="pk">,</w>
            <w lemma="heldur" type="c">heldur</w>
            <w lemma="vera" type="sfg3en">er</w>
            <w lemma="sá" type="fahen">það</w>
            <w lemma="frumvarp" type="nhen">frumvarp</w>
            <w lemma="til" type="af">til</w>
            <w lemma="nýr" type="lveesf">nýrrar</w>
            <w lemma="stjórnarskrá" type="nvee">stjórnarskrár</w>
            <w lemma="," type="pk">,</w>
            <w lemma="er" type="c">er</w>
            <w lemma="fellir" type="nken">fellir</w>
            <w lemma="algerlega" type="aa">algerlega</w>
            <w lemma="úr" type="af">úr</w>
            <w lemma="gildi" type="nheþ">gildi</w>
            <w lemma="núgildandi" type="lveeof">núgildandi</w>
            <w lemma="stjórnarskrá" type="nven">stjórnarskrá</w>
            <w lemma="," type="pk">,</w>
            <w lemma="ef" type="c">ef</w>
            <w lemma="það" type="fphen">það</w>
            <w lemma="verða" type="sfg3en">verður</w>
            <w lemma="að" type="af">að</w>
            <w lemma="lög" type="nhfþ">lögum</w>
            <w lemma="og" type="c">og</w>
            <w lemma="það" type="fphen">það</w>
            <w lemma="bera" type="sfg3en">ber</w>
            <w lemma="fyrirsögn" type="nveþ">fyrirsögn</w>
            <w lemma="frumvarp" type="nheeg">frumvarpsins</w>
            <w lemma="ótvírætt" type="aa">ótvírætt</w>
            <w lemma="með" type="af">með</w>
            <w lemma="sig" type="fpheþ">sér</w>
            <w lemma="." type="pl">.</w>
          </s>
          <s n="5">
            <w lemma="eg" type="fp1en">Eg</w>
            <w lemma="sjá" type="sfg1en">sé</w>
            <w lemma="því" type="aa">því</w>
            <w lemma="enginn" type="foveo">enga</w>
            <w lemma="ástæða" type="nveo">ástæðu</w>
            <w lemma="til" type="af">til</w>
            <w lemma="það" type="fphee">þess</w>
            <w lemma="að" type="cn">að</w>
            <w lemma="taka" type="sng">taka</w>
            <w lemma="mál" type="nheog">málið</w>
            <w lemma="út" type="aa">út</w>
            <w lemma="af" type="af">af</w>
            <w lemma="dagskrá" type="nveþ">dagskrá</w>
            <w lemma="eða" type="c">eða</w>
            <w lemma="vísa" type="sng">vísa</w>
            <w lemma="það" type="fpheþ">því</w>
            <w lemma="frá" type="aa">frá</w>
            <w lemma="." type="pl">.</w>
          </s>
        </p>
      </div1>
    </body>
  </text>
</TEI>
