<?xml version="1.0" encoding="UTF-8"?>
<TEI xmlns="http://www.tei-c.org/ns/1.0" xml:id="R-33-4529721" xml:lang="is">
  <teiHeader>
    <fileDesc>
      <titleStmt>
        <title>
          <title type="main">Breytingar á stjórnarskipunarlögum (17. mál)</title>
        </title>
        <respStmt>
          <resp xml:lang="is">Söfnun og úrvinnsla texta</resp>
          <resp xml:lang="en">Collection and processing of text</resp>
          <name xml:lang="is">Stofnun Árna Magnússonar í íslenskum fræðum</name>
          <name xml:lang="en">The Arni Magnusson Institute for Icelandic Studies</name>
        </respStmt>
      </titleStmt>
      <editionStmt>
        <p xml:lang="is">Málheild: Ræður frá Alþingi Íslendinga (2020.06)</p>
        <p xml:lang="en">Corpus: Speeches from The Parliament of Iceland (2020.06)</p>
      </editionStmt>
      <publicationStmt>
        <distributor xml:lang="is">Stofnun Árna Magnússonar í íslenskum fræðum</distributor>
        <distributor xml:lang="en">The Arni Magnusson Institute for Icelandic Studies</distributor>
        <address>
          <addrLine xml:lang="is">Árnagarður við Suðurgötu, 107 Reykjavík, Íslandi</addrLine>
          <addrLine xml:lang="en">Árnagarður Suðurgata, 107 Reykjavik, Iceland</addrLine>
          <addrLine>
            <email>arnastofnun@arnastofnun.is</email>
          </addrLine>
        </address>
        <idno type="risam">R-33-4529721</idno>
        <availability>
          <p xml:lang="is">Þessi texti er til notkunar í málrannsóknum og máltækniverkefnum um allan heim með CC-BY leyfi</p>
          <p xml:lang="en">This text is available for use in language research and language technology projects world wide with CC-BY licence.</p>
        </availability>
        <date>2020-05-27</date>
      </publicationStmt>
      <sourceDesc>
        <biblStruct>
          <analytic>
            <title>
              <title type="main">Breytingar á stjórnarskipunarlögum (17. mál)</title>
            </title>
            <author>
             <persName>Jón Ólafsson</persName>
             <note type="gender">M</note>
             <note type="age">60</note>
             <note type="url">http://althingi.is/altext/cv/is/?nfaerslunr=327</note>
             <note type="political_party">Heimastjórnarflokkurinn</note>
             <note type="constituency">Suður-Múlasýslu (SM)</note>
             <note type="role">Alþingismaður</note>
             <note type="role">skrifari sþ.</note>
            </author>
            <date when="1911-02-25">25.02. 1911</date>
          </analytic>
          <monogr>
            <title>althingi.is</title>
            <imprint>
              <publisher>Alþingi</publisher>
            </imprint>
            <biblScope>
             <ref>http://althingi.is/altext/raeda/?lthing=22&amp;rnr=1208</ref>
            </biblScope>
          </monogr>
        </biblStruct>
      </sourceDesc>
    </fileDesc>
    <encodingDesc>
      <projectDesc>
        <p xml:lang="is">Sjá lýsingu á verkefninu í rmh2Hdr.xml.</p>
        <p xml:lang="en">See description of project in rmh2Hdr.xml.</p>
      </projectDesc>
      <tagsDecl>
        <namespace name="http://www.tei-c.org/ns/1.0">
          <tagUsage gi="text" occurs="1"/>
          <tagUsage gi="body" occurs="1"/>
          <tagUsage gi="div1" occurs="1"/>
          <tagUsage gi="p" occurs="4"/>
          <tagUsage gi="s" occurs="60"/>
          <tagUsage gi="w" occurs="1090"/>
          <tagUsage gi="c" occurs="0"/>
        </namespace>
      </tagsDecl>
    </encodingDesc>
  </teiHeader>
  <text>
    <body>
      <div1>
        <p n="1">
          <s n="1">
            <w lemma="flutningsmaður" type="nken">Flutningsmaður</w>
            <w lemma="(" type="pa">(</w>
            <w lemma="Jón" type="nken-s">Jón</w>
            <w lemma="Ólafsson" type="nken-s">Ólafsson</w>
            <w lemma=")" type="pa">)</w>
            <w lemma=":" type="pa">:</w>
          </s>
        </p>
        <p n="2">
          <s n="1">
            <w lemma="herra" type="nken">Herra</w>
            <w lemma="forseti" type="nken">forseti</w>
            <w lemma="!" type="pl">!</w>
          </s>
          <s n="2">
            <w lemma="þegar" type="c">Þegar</w>
            <w lemma="eg" type="fp1en">eg</w>
            <w lemma="taka" type="sfg1eþ">tók</w>
            <w lemma="til" type="af">til</w>
            <w lemma="mál" type="nhee">máls</w>
            <w lemma="áðan" type="aa">áðan</w>
            <w lemma="," type="pk">,</w>
            <w lemma="þá" type="aa">þá</w>
            <w lemma="sjá" type="sfg1eþ">sá</w>
            <w lemma="eg" type="fp1en">eg</w>
            <w lemma="," type="pk">,</w>
            <w lemma="að" type="c">að</w>
            <w lemma="á" type="af">á</w>
            <w lemma="dagskrá" type="nveþg">dagskránni</w>
            <w lemma="standa" type="sfg3eþ">stóð</w>
            <w lemma=":" type="pa">:</w>
            <w lemma="1." type="ta">1.</w>
            <w lemma="umr." type="ks">umr.</w>
            <w lemma="," type="pk">,</w>
            <w lemma="og" type="c">og</w>
            <w lemma="vilja" type="sfg1eþ">vildi</w>
            <w lemma="eg" type="fp1en">eg</w>
            <w lemma="ekki" type="aa">ekki</w>
            <w lemma="brjála" type="sng">brjála</w>
            <w lemma="þingsköp" type="nhfþg">þingsköpunum</w>
            <w lemma="," type="pk">,</w>
            <w lemma="eins" type="aa">eins</w>
            <w lemma="og" type="c">og</w>
            <w lemma="háttv." type="ks">háttv.</w>
            <w lemma="1." type="ta">1.</w>
            <w lemma="þm" type="ks">þm</w>
            <w lemma="." type="pl">.</w>
          </s>
          <s n="3">
            <w lemma="Rvk." type="ks">Rvk.</w>
            <w lemma="(" type="pa">(</w>
            <w lemma="J." type="ks">J.</w>
            <w lemma="Þ." type="ks">Þ.</w>
            <w lemma=")" type="pa">)</w>
            <w lemma="hafa" type="sfg3en">hefir</w>
            <w lemma="gerður" type="lheosf">gert</w>
            <w lemma="." type="pl">.</w>
          </s>
          <s n="4">
            <w lemma="allur" type="foven">Öll</w>
            <w lemma="ræða" type="nven">ræða</w>
            <w lemma="hann" type="fpkee">hans</w>
            <w lemma="vera" type="sfg3eþ">var</w>
            <w lemma="brot" type="nhen">brot</w>
            <w lemma="á" type="af">á</w>
            <w lemma="þingsköp" type="nhfþg">þingsköpunum</w>
            <w lemma="." type="pl">.</w>
          </s>
          <s n="5">
            <w lemma="(" type="pa">(</w>
            <w lemma="Jón" type="nken-s">Jón</w>
            <w lemma="Þorkelsson" type="nken-s">Þorkelsson</w>
            <w lemma=":" type="pa">:</w>
            <w lemma="eg" type="fp1en">Eg</w>
            <w lemma="hafa" type="sfg1eþ">hafði</w>
            <w lemma="leyfi" type="nheo">leyfi</w>
            <w lemma="forseti" type="nkee">forseta</w>
            <w lemma=")" type="pa">)</w>
            <w lemma="." type="pl">.</w>
          </s>
          <s n="6">
            <w lemma="já" type="au">Já</w>
            <w lemma="," type="pk">,</w>
            <w lemma="hann" type="fpken">hann</w>
            <w lemma="vera" type="sfg3en">er</w>
            <w lemma="frjálslyndur" type="lkensf">frjálslyndur</w>
            <w lemma="." type="pl">.</w>
          </s>
          <s n="7">
            <w lemma="af" type="af">Af</w>
            <w lemma="allur" type="fovfþ">öllum</w>
            <w lemma="sá" type="favfþ">þeim</w>
            <w lemma="einstakur" type="lvfþvf">einstöku</w>
            <w lemma="grein" type="nvfþ">greinum</w>
            <w lemma="," type="pk">,</w>
            <w lemma="er" type="ct">er</w>
            <w lemma="háttv." type="ks">háttv.</w>
            <w lemma="þm." type="ks">þm.</w>
            <w lemma="fara" type="sfg3eþ">fór</w>
            <w lemma="út" type="aa">út</w>
            <w lemma="í" type="aa">í</w>
            <w lemma="," type="pk">,</w>
            <w lemma="vera" type="sfg3en">er</w>
            <w lemma="það" type="fphen">það</w>
            <w lemma="ekki" type="aa">ekki</w>
            <w lemma="nema" type="c">nema</w>
            <w lemma="einn" type="foven">ein</w>
            <w lemma="," type="pk">,</w>
            <w lemma="fyrstur" type="lvenve">fyrsta</w>
            <w lemma="grein" type="nveng">greinin</w>
            <w lemma="," type="pk">,</w>
            <w lemma="sem" type="ct">sem</w>
            <w lemma="geta" type="sfg3en">getur</w>
            <w lemma="vera" type="sþghen">verið</w>
            <w lemma="umræðuefni" type="nhen">umræðuefni</w>
            <w lemma="nú" type="aa">nú</w>
            <w lemma="," type="pk">,</w>
            <w lemma="það" type="fpheþ">því</w>
            <w lemma="að" type="c">að</w>
            <w lemma="það" type="fphen">það</w>
            <w lemma="vera" type="sfg3en">er</w>
            <w lemma="grundvallarregla" type="nven">grundvallarregla</w>
            <w lemma="," type="pk">,</w>
            <w lemma="sem" type="ct">sem</w>
            <w lemma="ganga" type="sfg3en">gengur</w>
            <w lemma="í" type="aa">í</w>
            <w lemma="gegnum" type="af">gegnum</w>
            <w lemma="alt" type="nkeo">alt</w>
            <w lemma="frv" type="nvee">frv</w>
            <w lemma="." type="pl">.</w>
          </s>
        </p>
        <p n="3">
          <s n="1">
            <w lemma="Háttv." type="ks">Háttv.</w>
            <w lemma="þm." type="ks">þm.</w>
            <w lemma="tala" type="sfg3eþ">talaði</w>
            <w lemma="um" type="af">um</w>
            <w lemma="1." type="ta">1.</w>
            <w lemma="gr." type="ks">gr.</w>
            <w lemma="með" type="af">með</w>
            <w lemma="venjulegur" type="lveþsf">venjulegri</w>
            <w lemma="ráðvendni" type="nveþ">ráðvendni</w>
            <w lemma="," type="pk">,</w>
            <w lemma="þegar" type="c">þegar</w>
            <w lemma="hann" type="fpken">hann</w>
            <w lemma="þegja" type="sfg3eþ">þagði</w>
            <w lemma="um" type="af">um</w>
            <w lemma="sá" type="faheo">það</w>
            <w lemma="," type="pk">,</w>
            <w lemma="sem" type="ct">sem</w>
            <w lemma="hann" type="fpkeþ">honum</w>
            <w lemma="hafa" type="sfg3eþ">hafði</w>
            <w lemma="þó" type="aa">þó</w>
            <w lemma="vera" type="sþghen">verið</w>
            <w lemma="skýra" type="sþghen">skýrt</w>
            <w lemma="frá" type="aa">frá</w>
            <w lemma="," type="pk">,</w>
            <w lemma="að" type="c">að</w>
            <w lemma="ég" type="fp1fn">við</w>
            <w lemma="hafa" type="sfg1fþ">höfðum</w>
            <w lemma="snemma" type="aae">fyrst</w>
            <w lemma="semja" type="sþghen">samið</w>
            <w lemma="nýr" type="lheosf">nýtt</w>
            <w lemma="stjórnarskrárfrv" type="nheo">stjórnarskrárfrv</w>
            <w lemma="." type="pl">.</w>
          </s>
          <s n="2">
            <w lemma="," type="pk">,</w>
            <w lemma="en" type="c">en</w>
            <w lemma="snúa" type="sfg1fþ">snerum</w>
            <w lemma="það" type="fpheþ">því</w>
            <w lemma="svo" type="aa">svo</w>
            <w lemma="upp" type="aa">upp</w>
            <w lemma="í" type="af">í</w>
            <w lemma="frv." type="ks">frv.</w>
            <w lemma="," type="pk">,</w>
            <w lemma="sem" type="c">sem</w>
            <w lemma="að" type="c">að</w>
            <w lemma="eins" type="aa">eins</w>
            <w lemma="gera" type="sfg3en">gerir</w>
            <w lemma="breyting" type="nvfo">breytingar</w>
            <w lemma="á" type="af">á</w>
            <w lemma="núgildandi" type="lveþof">núgildandi</w>
            <w lemma="stjórnarskrá" type="nveþ">stjórnarskrá</w>
            <w lemma="," type="pk">,</w>
            <w lemma="og" type="c">og</w>
            <w lemma="þá" type="aa">þá</w>
            <w lemma="lá" type="sfm3eþ">láðist</w>
            <w lemma="að" type="cn">að</w>
            <w lemma="strika" type="sng">strika</w>
            <w lemma="út" type="aa">út</w>
            <w lemma="2." type="ta">2.</w>
            <w lemma="málsgrein" type="nveo">málsgrein</w>
            <w lemma="fyrstur" type="lvfove">fyrstu</w>
            <w lemma="grein" type="nvfo">greinar</w>
            <w lemma="." type="pl">.</w>
          </s>
          <s n="3">
            <w lemma="hann" type="fpken">Hann</w>
            <w lemma="vita" type="sfg3en">veit</w>
            <w lemma="vel" type="aa">vel</w>
            <w lemma="," type="pk">,</w>
            <w lemma="það" type="fpheþ">því</w>
            <w lemma="það" type="fphee">þess</w>
            <w lemma="vera" type="sfg3eþ">var</w>
            <w lemma="geta" type="sþghen">getið</w>
            <w lemma="skýra" type="sþghen">skýrt</w>
            <w lemma="á" type="af">á</w>
            <w lemma="nefndarfundur" type="nkeþ">nefndarfundi</w>
            <w lemma="að" type="af">að</w>
            <w lemma="1." type="ta">1.</w>
            <w lemma="þm" type="ks">þm</w>
            <w lemma="." type="pl">.</w>
          </s>
          <s n="4">
            <w lemma="Rvk" type="n----s">Rvk</w>
            <w lemma="(" type="pa">(</w>
            <w lemma="J." type="ks">J.</w>
            <w lemma="Þ." type="ks">Þ.</w>
            <w lemma=")" type="pa">)</w>
            <w lemma="viðverandi" type="nhen">viðverandi</w>
            <w lemma="," type="pk">,</w>
            <w lemma="að" type="c">að</w>
            <w lemma="þessi" type="fahen">þetta</w>
            <w lemma="vera" type="svg3eþ">væri</w>
            <w lemma="vangá" type="nven">vangá</w>
            <w lemma="," type="pk">,</w>
            <w lemma="og" type="c">og</w>
            <w lemma="tala" type="sfg3en">talar</w>
            <w lemma="því" type="aa">því</w>
            <w lemma="þm." type="ks">þm.</w>
            <w lemma="hér" type="aa">hér</w>
            <w lemma="á" type="aa">á</w>
            <w lemma="móti" type="af">móti</w>
            <w lemma="góður" type="lveþvm">betri</w>
            <w lemma="vitund" type="nveþ">vitund</w>
            <w lemma="." type="pl">.</w>
          </s>
          <s n="5">
            <w lemma="þá" type="aa">Þá</w>
            <w lemma="skulu" type="sfg1en">skal</w>
            <w lemma="eg" type="fp1en">eg</w>
            <w lemma="víkja" type="sng">víkja</w>
            <w lemma="að" type="af">að</w>
            <w lemma="aðal" type="lheþof">aðal</w>
            <w lemma="umræðuefni" type="nheþg">umræðuefninu</w>
            <w lemma="í" type="af">í</w>
            <w lemma="dagur" type="nkeo">dag</w>
            <w lemma="," type="pk">,</w>
            <w lemma="sem" type="ct">sem</w>
            <w lemma="vera" type="svg3en">sé</w>
            <w lemma="þessi" type="faveþ">þessari</w>
            <w lemma="aðferð" type="nveþ">aðferð</w>
            <w lemma="," type="pk">,</w>
            <w lemma="að" type="cn">að</w>
            <w lemma="gera" type="sng">gera</w>
            <w lemma="breyting" type="nvfo">breytingar</w>
            <w lemma="við" type="af">við</w>
            <w lemma="einstakur" type="lvfosf">einstakar</w>
            <w lemma="grein" type="nvfo">greinar</w>
            <w lemma="í" type="af">í</w>
            <w lemma="nú" type="aa">nú</w>
            <w lemma="gildandi" type="lhfþof">gildandi</w>
            <w lemma="stjórnarskipunarlög" type="nhfþ">stjórnarskipunarlögum</w>
            <w lemma="," type="pk">,</w>
            <w lemma="og" type="c">og</w>
            <w lemma="það" type="fpheþ">því</w>
            <w lemma="hvort" type="c">hvort</w>
            <w lemma="hún" type="fpven">hún</w>
            <w lemma="vera" type="svg3en">sé</w>
            <w lemma="heppilegur" type="lvensf">heppileg</w>
            <w lemma="." type="pl">.</w>
          </s>
          <s n="6">
            <w lemma="ég" type="fp1fn">Við</w>
            <w lemma="hafa" type="sfg1fþ">höfðum</w>
            <w lemma="byrja" type="sþghen">byrjað</w>
            <w lemma="á" type="af">á</w>
            <w lemma="hinn" type="faheþ">hinu</w>
            <w lemma="," type="pk">,</w>
            <w lemma="en" type="c">en</w>
            <w lemma="strandaður" type="lhfþsf">strönduðum</w>
            <w lemma="á" type="af">á</w>
            <w lemma="það" type="fpheþ">því</w>
            <w lemma="," type="pk">,</w>
            <w lemma="að" type="cn">að</w>
            <w lemma="orða" type="sng">orða</w>
            <w lemma="1." type="ta">1.</w>
            <w lemma="gr" type="ks">gr</w>
            <w lemma="." type="pl">.</w>
          </s>
          <s n="7">
            <w lemma="hafa" type="sfg1fþ">Höfðum</w>
            <w lemma="reyna" type="sþghen">reynt</w>
            <w lemma="að" type="cn">að</w>
            <w lemma="fella" type="sng">fella</w>
            <w lemma="burtu" type="aa">burtu</w>
            <w lemma="stöðulagaákvæði" type="nheog">stöðulagaákvæðið</w>
            <w lemma="," type="pk">,</w>
            <w lemma="en" type="c">en</w>
            <w lemma="þá" type="aa">þá</w>
            <w lemma="koma" type="sfg3eþ">kom</w>
            <w lemma="að" type="af">að</w>
            <w lemma="það" type="fpheþ">því</w>
            <w lemma="," type="pk">,</w>
            <w lemma="að" type="c">að</w>
            <w lemma="ég" type="fp1fn">við</w>
            <w lemma="þurfa" type="sfg1fþ">þurftum</w>
            <w lemma="að" type="cn">að</w>
            <w lemma="fara" type="sng">fara</w>
            <w lemma="að" type="cn">að</w>
            <w lemma="telja" type="sng">telja</w>
            <w lemma="upp" type="aa">upp</w>
            <w lemma="sérmál" type="nhfog">sérmálin</w>
            <w lemma="," type="pk">,</w>
            <w lemma="og" type="c">og</w>
            <w lemma="þá" type="aa">þá</w>
            <w lemma="hafa" type="svg3eþ">hefði</w>
            <w lemma="þing" type="nheng">þingið</w>
            <w lemma="verða" type="sþghen">orðið</w>
            <w lemma="að" type="cn">að</w>
            <w lemma="greiða" type="sng">greiða</w>
            <w lemma="atkvæði" type="nheo">atkvæði</w>
            <w lemma="um" type="af">um</w>
            <w lemma="það" type="fpheo">það</w>
            <w lemma="," type="pk">,</w>
            <w lemma="hver" type="fshen">hvað</w>
            <w lemma="vera" type="svg3fþ">væru</w>
            <w lemma="sérmál" type="nhfn">sérmál</w>
            <w lemma="," type="pk">,</w>
            <w lemma="og" type="c">og</w>
            <w lemma="þannig" type="aa">þannig</w>
            <w lemma="samþykkja" type="sng">samþykkja</w>
            <w lemma="ákvæði" type="nhfn">ákvæði</w>
            <w lemma="stöðulög" type="nhfeg">stöðulaganna</w>
            <w lemma="óbeinlínis" type="aa">óbeinlínis</w>
            <w lemma="," type="pk">,</w>
            <w lemma="viðurkenna" type="sng">viðurkenna</w>
            <w lemma="sá" type="faveo">þá</w>
            <w lemma="umgerð" type="nveo">umgerð</w>
            <w lemma="eða" type="c">eða</w>
            <w lemma="takmark" type="nhfo">takmörk</w>
            <w lemma="," type="pk">,</w>
            <w lemma="sem" type="ct">sem</w>
            <w lemma="það" type="fphfn">þau</w>
            <w lemma="marka" type="sfg3fn">marka</w>
            <w lemma="sérmál" type="nhfþ">sérmálum</w>
            <w lemma="vera" type="sfg1fþ">vorum</w>
            <w lemma="." type="pl">.</w>
          </s>
          <s n="8">
            <w lemma="þessi" type="faheo">Þetta</w>
            <w lemma="vilja" type="sfg1fþ">vildum</w>
            <w lemma="vér" type="fp1fn">vér</w>
            <w lemma="forða" type="sþmhen">forðast</w>
            <w lemma="," type="pk">,</w>
            <w lemma="vér" type="fp1fn">vér</w>
            <w lemma="vita" type="sfg1fþ">vissum</w>
            <w lemma="," type="pk">,</w>
            <w lemma="að" type="af">að</w>
            <w lemma="margur" type="lhfþse">flestum</w>
            <w lemma="þm." type="ks">þm.</w>
            <w lemma="munu" type="svg3eþ">mundi</w>
            <w lemma="vera" type="sng">vera</w>
            <w lemma="áhugamál" type="nhfn">áhugamál</w>
            <w lemma="að" type="cn">að</w>
            <w lemma="forða" type="snm">forðast</w>
            <w lemma="það" type="fpheo">það</w>
            <w lemma="," type="pk">,</w>
            <w lemma="en" type="c">en</w>
            <w lemma="hinn" type="fakee">hins</w>
            <w lemma="vegur" type="nkee">vegar</w>
            <w lemma="brýnn" type="lvensf">brýn</w>
            <w lemma="þörf" type="nven">þörf</w>
            <w lemma="eiga" type="sfg3en">á</w>
            <w lemma="að" type="cn">að</w>
            <w lemma="fá" type="sng">fá</w>
            <w lemma="ýmis" type="foheþ">ýmsu</w>
            <w lemma="annar" type="foheþ">öðru</w>
            <w lemma="breytt" type="aa">breytt</w>
            <w lemma="." type="pl">.</w>
          </s>
          <s n="9">
            <w lemma="og" type="c">Og</w>
            <w lemma="ég" type="fp1fn">við</w>
            <w lemma="halda" type="sfg1fþ">héldum</w>
            <w lemma="að" type="af">að</w>
            <w lemma="háttv." type="kt">háttv.</w>
            <w lemma="1." type="ta">1.</w>
            <w lemma="þm" type="ks">þm</w>
            <w lemma="." type="pl">.</w>
          </s>
          <s n="10">
            <w lemma="Rvk" type="n----s">Rvk</w>
            <w lemma="(" type="pa">(</w>
            <w lemma="J." type="ks">J.</w>
            <w lemma="Þ." type="ks">Þ.</w>
            <w lemma=")" type="pa">)</w>
            <w lemma="vilja" type="sfg3eþ">vildi</w>
            <w lemma="ekki" type="aa">ekki</w>
            <w lemma="harla" type="aam">fremur</w>
            <w lemma="en" type="c">en</w>
            <w lemma="annar" type="fokfn">aðrir</w>
            <w lemma="samþykkja" type="sfg3fn">samþykkja</w>
            <w lemma="ákvæði" type="nhfo">ákvæði</w>
            <w lemma="stöðulög" type="nhfeg">stöðulaganna</w>
            <w lemma="," type="pk">,</w>
            <w lemma="þótt" type="c">þótt</w>
            <w lemma="eigi" type="aa">eigi</w>
            <w lemma="vera" type="svg3eþ">væri</w>
            <w lemma="lög" type="nhfng">lögin</w>
            <w lemma="sjálfur" type="fbhfn">sjálf</w>
            <w lemma="nefna" type="sþghfn">nefnd</w>
            <w lemma="." type="pl">.</w>
          </s>
          <s n="11">
            <w lemma="en" type="c">En</w>
            <w lemma="annar" type="fohen">annað</w>
            <w lemma="vera" type="sfg3eþ">var</w>
            <w lemma="ekki" type="aa">ekki</w>
            <w lemma="auðið" type="lhensf">auðið</w>
            <w lemma="," type="pk">,</w>
            <w lemma="ef" type="c">ef</w>
            <w lemma="ekki" type="aa">ekki</w>
            <w lemma="eiga" type="sfg3eþ">átti</w>
            <w lemma="að" type="cn">að</w>
            <w lemma="gera" type="sng">gera</w>
            <w lemma="sig" type="fpkeo">sig</w>
            <w lemma="sekur" type="lkeosf">sekan</w>
            <w lemma="í" type="af">í</w>
            <w lemma="kórvilla" type="nveþg">kórvillunni</w>
            <w lemma="hann" type="fpkee">hans</w>
            <w lemma="." type="pl">.</w>
          </s>
          <s n="12">
            <w lemma="og" type="c">Og</w>
            <w lemma="það" type="fpheo">það</w>
            <w lemma="hafa" type="svg3eþ">hefði</w>
            <w lemma="hann" type="fpken">hann</w>
            <w lemma="eiga" type="sþghen">átt</w>
            <w lemma="að" type="cn">að</w>
            <w lemma="sjá" type="sng">sjá</w>
            <w lemma="," type="pk">,</w>
            <w lemma="að" type="c">að</w>
            <w lemma="hann" type="fpkeþ">honum</w>
            <w lemma="tjá" type="sfg3en">tjáir</w>
            <w lemma="ekki" type="aa">ekki</w>
            <w lemma="að" type="cn">að</w>
            <w lemma="gera" type="sng">gera</w>
            <w lemma="grand" type="nheog">grand</w>
            <w lemma="úr" type="af">úr</w>
            <w lemma="sambandslög" type="nhfþ">sambandslögum</w>
            <w lemma="og" type="c">og</w>
            <w lemma="stjórnarskrá" type="nveþ">stjórnarskrá</w>
            <w lemma="," type="pk">,</w>
            <w lemma="þegar" type="c">þegar</w>
            <w lemma="flokkur" type="nkeng">flokkurinn</w>
            <w lemma="lýsa" type="sfg3eþ">lýsti</w>
            <w lemma="yfir" type="af">yfir</w>
            <w lemma="það" type="fpheþ">því</w>
            <w lemma="," type="pk">,</w>
            <w lemma="að" type="c">að</w>
            <w lemma="hann" type="fpken">hann</w>
            <w lemma="vilja" type="sfg3eþ">vildi</w>
            <w lemma="enginn" type="fokeo">engan</w>
            <w lemma="þáttur" type="nkeo">þátt</w>
            <w lemma="eiga" type="sng">eiga</w>
            <w lemma="í" type="af">í</w>
            <w lemma="sá" type="faveþ">þeirri</w>
            <w lemma="grautargerð" type="nveþ">grautargerð</w>
            <w lemma="." type="pl">.</w>
          </s>
          <s n="13">
            <w lemma="(" type="pa">(</w>
            <w lemma="Jón" type="nken-s">Jón</w>
            <w lemma="Þorkelsson" type="nken-s">Þorkelsson</w>
            <w lemma=":" type="pa">:</w>
            <w lemma="flokkur" type="nkeng">Flokkurinn</w>
            <w lemma="?" type="pl">?</w>
          </s>
          <s n="14">
            <w lemma="-" type="pa">-</w>
            <w lemma="1" type="ta">1</w>
            <w lemma="maður" type="nken">maður</w>
            <w lemma="!" type="pl">!</w>
            <w lemma=")" type="pa">)</w>
          </s>
          <s n="15">
            <w lemma="já" type="au">Já</w>
            <w lemma="," type="pk">,</w>
            <w lemma="hann" type="fpken">hann</w>
            <w lemma="lýsa" type="sfg3eþ">lýsti</w>
            <w lemma="það" type="fpheþ">því</w>
            <w lemma="fyrir" type="af">fyrir</w>
            <w lemma="hönd" type="nveo">hönd</w>
            <w lemma="hinn" type="fakfe">hinna</w>
            <w lemma="." type="pl">.</w>
          </s>
          <s n="16">
            <w lemma="ég" type="fp1fn">Við</w>
            <w lemma="hafa" type="sfg1fn">höfum</w>
            <w lemma="ekki" type="aa">ekki</w>
            <w lemma="vilja" type="sþghen">viljað</w>
            <w lemma="hrófla" type="sng">hrófla</w>
            <w lemma="við" type="af">við</w>
            <w lemma="1." type="ta">1.</w>
            <w lemma="gr." type="ks">gr.</w>
            <w lemma="," type="pk">,</w>
            <w lemma="til" type="af">til</w>
            <w lemma="það" type="fphee">þess</w>
            <w lemma="að" type="cn">að</w>
            <w lemma="standa" type="sng">standa</w>
            <w lemma="ekki" type="aa">ekki</w>
            <w lemma="í" type="af">í</w>
            <w lemma="vegur" type="nkeþ">vegi</w>
            <w lemma="fyrir" type="af">fyrir</w>
            <w lemma="það" type="fpheþ">því</w>
            <w lemma="," type="pk">,</w>
            <w lemma="að" type="c">að</w>
            <w lemma="almennur" type="lvfþsf">almennum</w>
            <w lemma="ósk" type="nvfþ">óskum</w>
            <w lemma="kjósandi" type="nkfe">kjósenda</w>
            <w lemma="í" type="af">í</w>
            <w lemma="nærfelt" type="x">nærfelt</w>
            <w lemma="hver" type="foheþ">hverju</w>
            <w lemma="kjördæmi" type="nheþ">kjördæmi</w>
            <w lemma="verða" type="svg3eþ">yrði</w>
            <w lemma="fullnægja" type="sþghen">fullnægt</w>
            <w lemma="," type="pk">,</w>
            <w lemma="sá" type="favfþ">þeim</w>
            <w lemma="ósk" type="nvfþ">óskum</w>
            <w lemma="," type="pk">,</w>
            <w lemma="að" type="cn">að</w>
            <w lemma="fá" type="sng">fá</w>
            <w lemma="framgengur" type="lheosf">framgengt</w>
            <w lemma="nokkur" type="fovfþ">nokkrum</w>
            <w lemma="verulegur" type="lvfþsf">verulegum</w>
            <w lemma="breyting" type="nvfþ">breytingum</w>
            <w lemma="á" type="af">á</w>
            <w lemma="sjórnarskrá" type="nveþg">sjórnarskránni</w>
            <w lemma="," type="pk">,</w>
            <w lemma="þar" type="aa">þar</w>
            <w lemma="á" type="aa">á</w>
            <w lemma="meðal" type="aa">meðal</w>
            <w lemma="sá" type="faveþ">þeirri</w>
            <w lemma="breyting" type="nveþ">breyting</w>
            <w lemma="," type="pk">,</w>
            <w lemma="að" type="cn">að</w>
            <w lemma="afnema" type="sng">afnema</w>
            <w lemma="konungskosningur" type="nkeo">konungskosning</w>
            <w lemma="þingmaður" type="nkfe">þingmanna</w>
            <w lemma="," type="pk">,</w>
            <w lemma="og" type="c">og</w>
            <w lemma="annar" type="foheo">annað</w>
            <w lemma="sem" type="ct">sem</w>
            <w lemma="standa" type="sfg3en">stendur</w>
            <w lemma="í" type="af">í</w>
            <w lemma="náinn" type="lheþsf">nánu</w>
            <w lemma="samband" type="nheþ">sambandi</w>
            <w lemma="við" type="af">við</w>
            <w lemma="það" type="fpheo">það</w>
            <w lemma="," type="pk">,</w>
            <w lemma="svo" type="aa">svo</w>
            <w lemma="sem" type="c">sem</w>
            <w lemma="skipun" type="nven">skipun</w>
            <w lemma="þingdeild" type="nvfeg">þingdeildanna</w>
            <w lemma="og" type="c">og</w>
            <w lemma="afstaða" type="nvee">afstöðu</w>
            <w lemma="hann" type="fpkfe">þeirra</w>
            <w lemma="." type="pl">.</w>
          </s>
          <s n="17">
            <w lemma="auk" type="af">Auk</w>
            <w lemma="það" type="fphee">þess</w>
            <w lemma="vera" type="sfg3fn">eru</w>
            <w lemma="ýmis" type="fovfn">ýmsar</w>
            <w lemma="meinlaus" type="lvfnsf">meinlausar</w>
            <w lemma="breyting" type="nvfn">breytingar</w>
            <w lemma="annar" type="fovfn">aðrar</w>
            <w lemma="taka" type="sþgvfn">teknar</w>
            <w lemma="með" type="aa">með</w>
            <w lemma="," type="pk">,</w>
            <w lemma="en" type="c">en</w>
            <w lemma="forða" type="sþmhen">forðast</w>
            <w lemma="að" type="cn">að</w>
            <w lemma="nefna" type="sng">nefna</w>
            <w lemma="alt" type="nkeo">alt</w>
            <w lemma="sá" type="faheo">það</w>
            <w lemma="," type="pk">,</w>
            <w lemma="sem" type="ct">sem</w>
            <w lemma="ekki" type="aa">ekki</w>
            <w lemma="vera" type="sfg3en">er</w>
            <w lemma="hægur" type="lhensf">hægt</w>
            <w lemma="að" type="cn">að</w>
            <w lemma="breyta" type="sng">breyta</w>
            <w lemma="," type="pk">,</w>
            <w lemma="nema" type="c">nema</w>
            <w lemma="með" type="af">með</w>
            <w lemma="sambandslagabreyting" type="nveþ">sambandslagabreytingu</w>
            <w lemma="," type="pk">,</w>
            <w lemma="það" type="fpheþ">því</w>
            <w lemma="að" type="c">að</w>
            <w lemma="sambandslög" type="nhfe">sambandslaga</w>
            <w lemma="ákvæði" type="nhfn">ákvæði</w>
            <w lemma="eða" type="c">eða</w>
            <w lemma="ákvæði" type="nhfn">ákvæði</w>
            <w lemma="um" type="af">um</w>
            <w lemma="ríkisréttarstaða" type="nveo">ríkisréttarstöðu</w>
            <w lemma="Ísland" type="nhee-s">Íslands</w>
            <w lemma="," type="pk">,</w>
            <w lemma="hljóta" type="sfg3fþ">hlutu</w>
            <w lemma="," type="pk">,</w>
            <w lemma="ef" type="c">ef</w>
            <w lemma="það" type="fphfn">þau</w>
            <w lemma="vera" type="svg3fþ">væru</w>
            <w lemma="taka" type="sþghfn">tekin</w>
            <w lemma="inn" type="aa">inn</w>
            <w lemma="í" type="af">í</w>
            <w lemma="stjórnarskrárfrumvarp" type="nheog">stjórnarskrárfrumvarpið</w>
            <w lemma="," type="pk">,</w>
            <w lemma="að" type="cn">að</w>
            <w lemma="tálma" type="sng">tálma</w>
            <w lemma="staðfesting" type="nveo">staðfesting</w>
            <w lemma="lög" type="nhfeg">laganna</w>
            <w lemma="og" type="c">og</w>
            <w lemma="þá" type="aa">þá</w>
            <w lemma="vera" type="svg3eþ">væri</w>
            <w lemma="alt" type="nken">alt</w>
            <w lemma="vinna" type="sþghen">unnið</w>
            <w lemma="fyrir" type="af">fyrir</w>
            <w lemma="gýg" type="nveo">gýg</w>
            <w lemma="." type="pl">.</w>
          </s>
          <s n="18">
            <w lemma="eg" type="fp1en">Eg</w>
            <w lemma="skulu" type="sfg1en">skal</w>
            <w lemma="ekki" type="aa">ekki</w>
            <w lemma="fara" type="sng">fara</w>
            <w lemma="mikið" type="aa">mikið</w>
            <w lemma="út" type="aa">út</w>
            <w lemma="í" type="af">í</w>
            <w lemma="einstakur" type="lvfosf">einstakar</w>
            <w lemma="grein" type="nvfo">greinar</w>
            <w lemma="," type="pk">,</w>
            <w lemma="sem" type="ct">sem</w>
            <w lemma="h." type="x">h.</w>
            <w lemma="þm." type="ks">þm.</w>
            <w lemma="rekja" type="sfg3eþ">rakti</w>
            <w lemma="," type="pk">,</w>
            <w lemma="t" type="x">t</w>
            <w lemma="." type="pl">.</w>
          </s>
          <s n="19">
            <w lemma="d." type="x">d.</w>
            <w lemma="yfirheyrsla" type="nveog">yfirheyrsluna</w>
            <w lemma="." type="pl">.</w>
          </s>
          <s n="20">
            <w lemma="hvar" type="aa">Hvar</w>
            <w lemma="standa" type="sfg3en">stendur</w>
            <w lemma="það" type="fphen">það</w>
            <w lemma="?" type="pl">?</w>
          </s>
          <s n="21">
            <w lemma="Frv." type="ks">Frv.</w>
            <w lemma="gera" type="sfg3en">gerir</w>
            <w lemma="aðeins" type="aa">aðeins</w>
            <w lemma="ráð" type="nheo">ráð</w>
            <w lemma="fyrir" type="af">fyrir</w>
            <w lemma="það" type="fpheþ">því</w>
            <w lemma="að" type="c">að</w>
            <w lemma="ákveða" type="sng">ákveða</w>
            <w lemma="mega" type="svg3en">megi</w>
            <w lemma="með" type="af">með</w>
            <w lemma="einfaldur" type="lhfþsf">einföldum</w>
            <w lemma="lög" type="nhfþ">lögum</w>
            <w lemma="þekkingarskilyrði" type="nheo">þekkingarskilyrði</w>
            <w lemma="fyrir" type="af">fyrir</w>
            <w lemma="kosningarréttur" type="nkeþ">kosningarrétti</w>
            <w lemma="." type="pl">.</w>
          </s>
          <s n="22">
            <w lemma="það" type="fphen">Það</w>
            <w lemma="vera" type="sfg3en">er</w>
            <w lemma="nokkur" type="fohen">nokkuð</w>
            <w lemma="annar" type="fohen">annað</w>
            <w lemma="," type="pk">,</w>
            <w lemma="en" type="c">en</w>
            <w lemma="sá" type="fahen">það</w>
            <w lemma="sem" type="c">sem</w>
            <w lemma="1." type="ta">1.</w>
            <w lemma="þm" type="ks">þm</w>
            <w lemma="." type="pl">.</w>
          </s>
          <s n="23">
            <w lemma="Rvk" type="n----s">Rvk</w>
            <w lemma="(" type="pa">(</w>
            <w lemma="J." type="ks">J.</w>
            <w lemma="Þ." type="ks">Þ.</w>
            <w lemma=")" type="pa">)</w>
            <w lemma="vera" type="sfg3eþ">var</w>
            <w lemma="að" type="cn">að</w>
            <w lemma="hjala" type="sng">hjala</w>
            <w lemma="um" type="aa">um</w>
            <w lemma="út" type="aa">út</w>
            <w lemma="í" type="af">í</w>
            <w lemma="loft" type="nheog">loftið</w>
            <w lemma="." type="pl">.</w>
          </s>
          <s n="24">
            <w lemma="það" type="fphen">Það</w>
            <w lemma="vera" type="sfg3en">er</w>
            <w lemma="í" type="af">í</w>
            <w lemma="raun" type="nveþg">rauninni</w>
            <w lemma="eðlilegur" type="lvensf">eðlileg</w>
            <w lemma="krafa" type="nven">krafa</w>
            <w lemma="," type="pk">,</w>
            <w lemma="að" type="c">að</w>
            <w lemma="kjósandi" type="nkfng">kjósendurnir</w>
            <w lemma="vita" type="svg3fn">viti</w>
            <w lemma="einhver" type="foheo">eitthvað</w>
            <w lemma="um" type="af">um</w>
            <w lemma="skipulag" type="nheo">skipulag</w>
            <w lemma="þjóðfélag" type="nheeg">þjóðfélagsins</w>
            <w lemma="," type="pk">,</w>
            <w lemma="t" type="x">t</w>
            <w lemma="." type="pl">.</w>
          </s>
          <s n="25">
            <w lemma="d." type="x">d.</w>
            <w lemma="um" type="af">um</w>
            <w lemma="réttur" type="nkeo">rétt</w>
            <w lemma="og" type="c">og</w>
            <w lemma="valdsvið" type="nheo">valdsvið</w>
            <w lemma="alþingi" type="nhee">alþingis</w>
            <w lemma="og" type="c">og</w>
            <w lemma="margur" type="lhfovm">fleiri</w>
            <w lemma="einfaldur" type="lhfosf">einföld</w>
            <w lemma="atriði" type="nhfo">atriði</w>
            <w lemma="," type="pk">,</w>
            <w lemma="hafa" type="svg3fn">hafi</w>
            <w lemma="dálítill" type="lheosf">dálítið</w>
            <w lemma="hugboð" type="nheo">hugboð</w>
            <w lemma="um" type="af">um</w>
            <w lemma="," type="pk">,</w>
            <w lemma="hvernig" type="aa">hvernig</w>
            <w lemma="það" type="fphfþ">þeim</w>
            <w lemma="vera" type="sfg3en">er</w>
            <w lemma="stjórna" type="sþghen">stjórnað</w>
            <w lemma="." type="pl">.</w>
          </s>
          <s n="26">
            <w lemma="vera" type="sfg3en">Er</w>
            <w lemma="sennilegur" type="lhensf">sennilegt</w>
            <w lemma="," type="pk">,</w>
            <w lemma="að" type="c">að</w>
            <w lemma="slíkur" type="fbhee">slíks</w>
            <w lemma="verða" type="svg3en">verði</w>
            <w lemma="einhverntíma" type="aa">einhverntíma</w>
            <w lemma="krefja" type="sþmhen">krafist</w>
            <w lemma="af" type="af">af</w>
            <w lemma="allur" type="fokfþ">öllum</w>
            <w lemma="þegn" type="nkfþ">þegnum</w>
            <w lemma="þjóðfélag" type="nheeg">þjóðfélagsins</w>
            <w lemma="." type="pl">.</w>
          </s>
          <s n="27">
            <w lemma="Krossar" type="nkfe-s">Krossa</w>
            <w lemma="og" type="c">og</w>
            <w lemma="titill" type="nkfo">titla</w>
            <w lemma="hafa" type="sfg1fn">höfum</w>
            <w lemma="ég" type="fp1fn">við</w>
            <w lemma="ekki" type="aa">ekki</w>
            <w lemma="minstur" type="nkeo">minst</w>
            <w lemma="á" type="aa">á</w>
            <w lemma="." type="pl">.</w>
          </s>
          <s n="28">
            <w lemma="ég" type="fp1fþ">Okkur</w>
            <w lemma="hugkvæmast" type="sfm3eþ">hugkvæmdist</w>
            <w lemma="ekki" type="aa">ekki</w>
            <w lemma="sá" type="fahen">það</w>
            <w lemma="atriði" type="nhen">atriði</w>
            <w lemma="," type="pk">,</w>
            <w lemma="en" type="c">en</w>
            <w lemma="tæpt" type="aae">tæpast</w>
            <w lemma="munu" type="sfg3en">mun</w>
            <w lemma="það" type="fphen">það</w>
            <w lemma="verða" type="sfg3fn">verða</w>
            <w lemma="mikill" type="lhensf">mikið</w>
            <w lemma="misklíðarefni" type="nhen">misklíðarefni</w>
            <w lemma="." type="pl">.</w>
          </s>
          <s n="29">
            <w lemma="í" type="af">Í</w>
            <w lemma="frv." type="ks">frv.</w>
            <w lemma="háttv." type="ks">háttv.</w>
            <w lemma="þm" type="ks">þm</w>
            <w lemma="." type="pl">.</w>
          </s>
          <s n="30">
            <w lemma="Rvk." type="ks">Rvk.</w>
            <w lemma="(" type="pa">(</w>
            <w lemma="J." type="ks">J.</w>
            <w lemma="Þ." type="ks">Þ.</w>
            <w lemma=")" type="pa">)</w>
            <w lemma="og" type="c">og</w>
            <w lemma="háttv." type="kt">háttv.</w>
            <w lemma="þm" type="ks">þm</w>
            <w lemma="." type="pl">.</w>
          </s>
          <s n="31">
            <w lemma="Dal" type="n----s">Dal</w>
            <w lemma="." type="pl">.</w>
          </s>
          <s n="32">
            <w lemma="(" type="pa">(</w>
            <w lemma="B." type="x">B.</w>
            <w lemma="J." type="x">J.</w>
            <w lemma=")" type="pa">)</w>
            <w lemma="vera" type="sfg3en">er</w>
            <w lemma="að" type="c">að</w>
            <w lemma="eins" type="aa">eins</w>
            <w lemma="tala" type="sþghen">talað</w>
            <w lemma="um" type="af">um</w>
            <w lemma="kross" type="nkfo">krossa</w>
            <w lemma="og" type="c">og</w>
            <w lemma="orða" type="nvfo">orður</w>
            <w lemma="," type="pk">,</w>
            <w lemma="aftur" type="aa">aftur</w>
            <w lemma="á" type="aa">á</w>
            <w lemma="móti" type="aa">móti</w>
            <w lemma="minna" type="sfm3fn">minnast</w>
            <w lemma="hann" type="fpkfn">þeir</w>
            <w lemma="ekki" type="aa">ekki</w>
            <w lemma="á" type="af">á</w>
            <w lemma="afnám" type="nheo">afnám</w>
            <w lemma="titill" type="nkfe">titla</w>
            <w lemma="." type="pl">.</w>
          </s>
          <s n="33">
            <w lemma="1." type="ta">1.</w>
            <w lemma="þm" type="ks">þm</w>
            <w lemma="." type="pl">.</w>
          </s>
          <s n="34">
            <w lemma="Rvk." type="ks">Rvk.</w>
            <w lemma="hafa" type="sfg3en">hefir</w>
            <w lemma="því" type="aa">því</w>
            <w lemma="hér" type="aa">hér</w>
            <w lemma="með" type="af">með</w>
            <w lemma="sinn" type="feveþ">sinni</w>
            <w lemma="venjulegur" type="lveþvf">venjulegu</w>
            <w lemma="»" type="pg">»</w>
            <w lemma="diplomatariska" type="nveþ">diplomatarisku</w>
            <w lemma="«" type="pg">«</w>
            <w lemma="nákvæmni" type="nveþ">nákvæmni</w>
            <w lemma="," type="pk">,</w>
            <w lemma="lesa" type="sþghen">lesið</w>
            <w lemma="inn" type="aa">inn</w>
            <w lemma="í" type="af">í</w>
            <w lemma="texti" type="nkeog">textann</w>
            <w lemma="orð" type="nhfo">orð</w>
            <w lemma="," type="pk">,</w>
            <w lemma="sem" type="ct">sem</w>
            <w lemma="hvergi" type="aa">hvergi</w>
            <w lemma="standa" type="sfg3fn">standa</w>
            <w lemma="þar" type="aa">þar</w>
            <w lemma="." type="pl">.</w>
          </s>
          <s n="35">
            <w lemma="út" type="aa">Út</w>
            <w lemma="af" type="af">af</w>
            <w lemma="sá" type="faheþ">því</w>
            <w lemma="atriði" type="nheþ">atriði</w>
            <w lemma="," type="pk">,</w>
            <w lemma="að" type="c">að</w>
            <w lemma="í" type="af">í</w>
            <w lemma="frumv." type="kt">frumv.</w>
            <w lemma="ég" type="fp1fe">okkar</w>
            <w lemma="standa" type="sfg3en">stendur</w>
            <w lemma="," type="pk">,</w>
            <w lemma="að" type="c">að</w>
            <w lemma="konungur" type="nken">konungur</w>
            <w lemma="geta" type="svg3en">geti</w>
            <w lemma="kæra" type="sþghen">kært</w>
            <w lemma="annar" type="fokfo">aðra</w>
            <w lemma="maður" type="nkfo">menn</w>
            <w lemma="en" type="c">en</w>
            <w lemma="ráðherra" type="nkfo">ráðherra</w>
            <w lemma="fyrir" type="af">fyrir</w>
            <w lemma="landsdómur" type="nkeþ">landsdómi</w>
            <w lemma="," type="pk">,</w>
            <w lemma="spyrja" type="sfg3eþ">spurði</w>
            <w lemma="háttv." type="ks">háttv.</w>
            <w lemma="1." type="ta">1.</w>
            <w lemma="þm" type="ks">þm</w>
            <w lemma="." type="pl">.</w>
          </s>
          <s n="36">
            <w lemma="Rvk." type="ks">Rvk.</w>
            <w lemma="(" type="pa">(</w>
            <w lemma="J." type="ks">J.</w>
            <w lemma="Þ." type="ks">Þ.</w>
            <w lemma=")" type="pa">)</w>
            <w lemma="hvort" type="c">hvort</w>
            <w lemma="tilgangur" type="nkeng">tilgangurinn</w>
            <w lemma="vera" type="svg3eþ">væri</w>
            <w lemma="," type="pk">,</w>
            <w lemma="að" type="cn">að</w>
            <w lemma="heimila" type="sng">heimila</w>
            <w lemma="konungsvald" type="nheþg">konungsvaldinu</w>
            <w lemma="réttur" type="nkeo">rétt</w>
            <w lemma="til" type="af">til</w>
            <w lemma="það" type="fphee">þess</w>
            <w lemma="að" type="cn">að</w>
            <w lemma="draga" type="sng">draga</w>
            <w lemma="t" type="x">t</w>
            <w lemma="." type="pl">.</w>
          </s>
          <s n="37">
            <w lemma="d." type="x">d.</w>
            <w lemma="skilnaðarmaður" type="nkfn">skilnaðarmenn</w>
            <w lemma="fyrir" type="af">fyrir</w>
            <w lemma="sá" type="fakeo">þann</w>
            <w lemma="dómstóll" type="nkeo">dómstól</w>
            <w lemma="." type="pl">.</w>
          </s>
          <s n="38">
            <w lemma="eg" type="fp1en">Eg</w>
            <w lemma="geta" type="sfg1en">get</w>
            <w lemma="skýra" type="sþghen">skýrt</w>
            <w lemma="háttv." type="ks">háttv.</w>
            <w lemma="þingmaður" type="nkeþ">þingmanni</w>
            <w lemma="frá" type="af">frá</w>
            <w lemma="það" type="fpheþ">því</w>
            <w lemma="," type="pk">,</w>
            <w lemma="hver" type="foken">hver</w>
            <w lemma="tilgangur" type="nken">tilgangur</w>
            <w lemma="ég" type="fp1fe">okkar</w>
            <w lemma="Flutnm" type="n----s">flutnm</w>
            <w lemma="." type="pl">.</w>
          </s>
          <s n="39">
            <w lemma="vera" type="sfg1eþ">var</w>
            <w lemma="með" type="af">með</w>
            <w lemma="þessi" type="faheþ">þessu</w>
            <w lemma="ákvæði" type="nheþ">ákvæði</w>
            <w lemma="." type="pl">.</w>
          </s>
          <s n="40">
            <w lemma="hegningarlög" type="nhfng">Hegningarlögin</w>
            <w lemma="ákveða" type="sfg3fn">ákveða</w>
            <w lemma="ómaklegur" type="lvenvf">ómaklega</w>
            <w lemma="harður" type="lvfnsf">harðar</w>
            <w lemma="hegning" type="nvfo">hegningar</w>
            <w lemma="fyrir" type="af">fyrir</w>
            <w lemma="pólitískur" type="lkfosf">pólitíska</w>
            <w lemma="glæpur" type="nkfo">glæpi</w>
            <w lemma="." type="pl">.</w>
          </s>
          <s n="41">
            <w lemma="það" type="fphfn">Þau</w>
            <w lemma="þekkja" type="sfg3fn">þekkja</w>
            <w lemma="ekki" type="aa">ekki</w>
            <w lemma="til" type="af">til</w>
            <w lemma="kviðdómur" type="nkfe">kviðdóma</w>
            <w lemma="." type="pl">.</w>
          </s>
          <s n="42">
            <w lemma="hinn" type="gken">Hinn</w>
            <w lemma="einn" type="lkenvf">eini</w>
            <w lemma="kviðdómur" type="nken">kviðdómur</w>
            <w lemma="hér" type="aa">hér</w>
            <w lemma="á" type="af">á</w>
            <w lemma="land" type="nheþ">landi</w>
            <w lemma="vera" type="sfg3en">er</w>
            <w lemma="landsdómur" type="nken">landsdómur</w>
            <w lemma="." type="pl">.</w>
          </s>
          <s n="43">
            <w lemma="hann" type="fpken">Hann</w>
            <w lemma="munu" type="sfg3en">mun</w>
            <w lemma="fara" type="sng">fara</w>
            <w lemma="mjúkur" type="lheovm">mýkra</w>
            <w lemma="í" type="af">í</w>
            <w lemma="mál" type="nhfog">málin</w>
            <w lemma="og" type="c">og</w>
            <w lemma="verða" type="sfg3en">verður</w>
            <w lemma="því" type="aa">því</w>
            <w lemma="sá" type="fakfþ">þeim</w>
            <w lemma="," type="pk">,</w>
            <w lemma="sem" type="ct">sem</w>
            <w lemma="saka" type="sþgkfn">sakaðir</w>
            <w lemma="vera" type="sfg3fn">eru</w>
            <w lemma="um" type="af">um</w>
            <w lemma="pólitískur" type="lkfosf">pólitíska</w>
            <w lemma="glæpur" type="nkfo">glæpi</w>
            <w lemma="," type="pk">,</w>
            <w lemma="hagræði" type="nheo">hagræði</w>
            <w lemma="að" type="cn">að</w>
            <w lemma="fá" type="sng">fá</w>
            <w lemma="mál" type="nhfo">mál</w>
            <w lemma="sinn" type="fehfo">sín</w>
            <w lemma="dæmdur" type="lhfosf">dæmd</w>
            <w lemma="af" type="af">af</w>
            <w lemma="hann" type="fpkeþ">honum</w>
            <w lemma="." type="pl">.</w>
          </s>
          <s n="44">
            <w lemma="þessi" type="fahen">Þetta</w>
            <w lemma="ákvæði" type="nhen">ákvæði</w>
            <w lemma="vera" type="sfg3en">er</w>
            <w lemma="því" type="aa">því</w>
            <w lemma="eingöngu" type="aa">eingöngu</w>
            <w lemma="til" type="af">til</w>
            <w lemma="trygging" type="nvee">tryggingar</w>
            <w lemma="pólitískur" type="lheþsf">pólitísku</w>
            <w lemma="frelsi" type="nheþ">frelsi</w>
            <w lemma="í" type="af">í</w>
            <w lemma="land" type="nheþg">landinu</w>
            <w lemma="." type="pl">.</w>
          </s>
          <s n="45">
            <w lemma="svo" type="aa">Svo</w>
            <w lemma="vera" type="sfg3en">er</w>
            <w lemma="það" type="fphen">það</w>
            <w lemma="ósannur" type="lhensf">ósatt</w>
            <w lemma="," type="pk">,</w>
            <w lemma="að" type="c">að</w>
            <w lemma="vér" type="fp1fn">vér</w>
            <w lemma="hafa" type="sfg1fn">höfum</w>
            <w lemma="leggja" type="sþghen">lagt</w>
            <w lemma="þessi" type="faheo">þetta</w>
            <w lemma="á" type="af">á</w>
            <w lemma="vald" type="nheo">vald</w>
            <w lemma="stjórn" type="nveeg">stjórnarinnar</w>
            <w lemma="eða" type="c">eða</w>
            <w lemma="konungur" type="nkee">konungs</w>
            <w lemma="," type="pk">,</w>
            <w lemma="vér" type="fp1fn">vér</w>
            <w lemma="hafa" type="sfg1fn">höfum</w>
            <w lemma="að" type="aa">að</w>
            <w lemma="eins" type="aa">eins</w>
            <w lemma="leggja" type="sþghen">lagt</w>
            <w lemma="til" type="aa">til</w>
            <w lemma="," type="pk">,</w>
            <w lemma="að" type="c">að</w>
            <w lemma="það" type="fphen">það</w>
            <w lemma="vera" type="svg3eþ">væri</w>
            <w lemma="heimila" type="sþghen">heimilað</w>
            <w lemma="með" type="af">með</w>
            <w lemma="samþykki" type="nheþ">samþykki</w>
            <w lemma="alþingi" type="nhee">alþingis</w>
            <w lemma="." type="pl">.</w>
          </s>
          <s n="46">
            <w lemma="en" type="c">En</w>
            <w lemma="ekki" type="aa">ekki</w>
            <w lemma="munu" type="sfg1fn">munum</w>
            <w lemma="ég" type="fp1fn">við</w>
            <w lemma="flutnm" type="nheo">flutnm</w>
            <w lemma="." type="pl">.</w>
          </s>
          <s n="47">
            <w lemma="gera" type="sng">gera</w>
            <w lemma="það" type="fpheo">það</w>
            <w lemma="að" type="af">að</w>
            <w lemma="neinn" type="foheþ">neinu</w>
            <w lemma="kappsmál" type="nheþ">kappsmáli</w>
            <w lemma="." type="pl">.</w>
          </s>
        </p>
        <p n="4">
          <s n="1">
            <w lemma="Hæstv." type="kt">Hæstv.</w>
            <w lemma="ráðherra" type="nken">ráðherra</w>
            <w lemma="(" type="pa">(</w>
            <w lemma="B." type="x">B.</w>
            <w lemma="J." type="ks">J.</w>
            <w lemma=")" type="pa">)</w>
            <w lemma="lofa" type="sfg3eþ">lofaði</w>
            <w lemma="að" type="cn">að</w>
            <w lemma="leggja" type="sng">leggja</w>
            <w lemma="fram" type="aa">fram</w>
            <w lemma="stjórnarskrárfrumvarp" type="nheo">stjórnarskrárfrumvarp</w>
            <w lemma="." type="pl">.</w>
          </s>
          <s n="2">
            <w lemma="hann" type="fpken">Hann</w>
            <w lemma="segja" type="sfm3eþ">sagðist</w>
            <w lemma="vera" type="sng">vera</w>
            <w lemma="óánægður" type="lkensf">óánægður</w>
            <w lemma="með" type="af">með</w>
            <w lemma="báðir" type="fohfo">bæði</w>
            <w lemma="sá" type="fahfo">þau</w>
            <w lemma="frumvarp" type="nhfo">frumvörp</w>
            <w lemma="," type="pk">,</w>
            <w lemma="sem" type="ct">sem</w>
            <w lemma="fram" type="aa">fram</w>
            <w lemma="hafa" type="sfg3fn">hafa</w>
            <w lemma="vera" type="sþghen">verið</w>
            <w lemma="leggja" type="sþghfn">lögð</w>
            <w lemma="," type="pk">,</w>
            <w lemma="en" type="c">en</w>
            <w lemma="kveða" type="sfm3eþ">kvaðst</w>
            <w lemma="sjálfur" type="fbken">sjálfur</w>
            <w lemma="munu" type="svg3eþ">mundi</w>
            <w lemma="leggja" type="sng">leggja</w>
            <w lemma="fram" type="aa">fram</w>
            <w lemma="nýr" type="lheosf">nýtt</w>
            <w lemma="frumv." type="kt">frumv.</w>
            <w lemma="," type="pk">,</w>
            <w lemma="sem" type="ct">sem</w>
            <w lemma="ekki" type="aa">ekki</w>
            <w lemma="hafa" type="svg3eþ">hefði</w>
            <w lemma="sá" type="fakfo">þá</w>
            <w lemma="annmarki" type="nkfo">annmarka</w>
            <w lemma="," type="pk">,</w>
            <w lemma="sem" type="ct">sem</w>
            <w lemma="hann" type="fpkeþ">honum</w>
            <w lemma="þykja" type="sfg3eþ">þótti</w>
            <w lemma="vera" type="sng">vera</w>
            <w lemma="á" type="af">á</w>
            <w lemma="hinn" type="fahfþ">hinum</w>
            <w lemma="." type="pl">.</w>
          </s>
          <s n="3">
            <w lemma="en" type="c">En</w>
            <w lemma="eftir" type="af">eftir</w>
            <w lemma="sá" type="faheo">það</w>
            <w lemma="," type="pk">,</w>
            <w lemma="sem" type="ct">sem</w>
            <w lemma="gera" type="sfm3eþ">gerðist</w>
            <w lemma="í" type="aa">í</w>
            <w lemma="gær" type="aa">gær</w>
            <w lemma="hér" type="aa">hér</w>
            <w lemma="í" type="af">í</w>
            <w lemma="deild" type="nveþg">deildinni</w>
            <w lemma="," type="pk">,</w>
            <w lemma="standa" type="sfg3en">stendur</w>
            <w lemma="það" type="fphen">það</w>
            <w lemma="nú" type="aa">nú</w>
            <w lemma="ekki" type="aa">ekki</w>
            <w lemma="á" type="af">á</w>
            <w lemma="svo" type="aa">svo</w>
            <w lemma="ákaflega" type="aa">ákaflega</w>
            <w lemma="mikill" type="lheþsf">miklu</w>
            <w lemma="," type="pk">,</w>
            <w lemma="hversu" type="aa">hversu</w>
            <w lemma="hann" type="fpkeþ">honum</w>
            <w lemma="geðjast" type="sfm3en">geðjast</w>
            <w lemma="að" type="af">að</w>
            <w lemma="sá" type="faheþ">því</w>
            <w lemma="," type="pk">,</w>
            <w lemma="sem" type="ct">sem</w>
            <w lemma="þessi" type="fahen">þetta</w>
            <w lemma="þing" type="nhen">þing</w>
            <w lemma="samþykkja" type="sfg3en">samþykkir</w>
            <w lemma="." type="pl">.</w>
          </s>
          <s n="4">
            <w lemma="hann" type="fpken">Hann</w>
            <w lemma="vera" type="sfg3eþ">var</w>
            <w lemma="að" type="cn">að</w>
            <w lemma="tala" type="sng">tala</w>
            <w lemma="um" type="af">um</w>
            <w lemma="nýr" type="lveosf">nýja</w>
            <w lemma="flokkaskifting" type="nveo">flokkaskiftingu</w>
            <w lemma="í" type="af">í</w>
            <w lemma="þing" type="nheþg">þinginu</w>
            <w lemma="," type="pk">,</w>
            <w lemma="en" type="c">en</w>
            <w lemma="mer" type="nven">mer</w>
            <w lemma="vera" type="sfg3en">er</w>
            <w lemma="ókunnugur" type="lhensf">ókunnugt</w>
            <w lemma="um" type="af">um</w>
            <w lemma="hún" type="fpveo">hana</w>
            <w lemma="." type="pl">.</w>
          </s>
          <s n="5">
            <w lemma="afstaða" type="nven">Afstaða</w>
            <w lemma="flokkur" type="nkfeg">flokkanna</w>
            <w lemma="hafa" type="sfg3en">hefir</w>
            <w lemma="í" type="af">í</w>
            <w lemma="enginn" type="foheþ">engu</w>
            <w lemma="raska" type="sþmhen">raskast</w>
            <w lemma="," type="pk">,</w>
            <w lemma="þótt" type="c">þótt</w>
            <w lemma="einstakur" type="lkfnvf">einstöku</w>
            <w lemma="maður" type="nkfn">menn</w>
            <w lemma="úr" type="af">úr</w>
            <w lemma="báðir" type="fokfþ">báðum</w>
            <w lemma="flokkur" type="nkfþ">flokkum</w>
            <w lemma="hafa" type="svg3fn">hafi</w>
            <w lemma="verða" type="sþghen">orðið</w>
            <w lemma="sammála" type="lkfnof">sammála</w>
            <w lemma="í" type="af">í</w>
            <w lemma="einstakur" type="lheþsf">einstöku</w>
            <w lemma="mál" type="nheþ">máli</w>
            <w lemma="," type="pk">,</w>
            <w lemma="sem" type="ct">sem</w>
            <w lemma="ekki" type="aa">ekki</w>
            <w lemma="snerta" type="sfg3en">snertir</w>
            <w lemma="sá" type="fahfo">þau</w>
            <w lemma="atriði" type="nhfo">atriði</w>
            <w lemma="," type="pk">,</w>
            <w lemma="sem" type="ct">sem</w>
            <w lemma="flokkur" type="nkfog">flokkana</w>
            <w lemma="greina" type="sfg3en">greinir</w>
            <w lemma="á" type="aa">á</w>
            <w lemma="um" type="aa">um</w>
            <w lemma="." type="pl">.</w>
          </s>
        </p>
      </div1>
    </body>
  </text>
</TEI>
