<?xml version="1.0" encoding="UTF-8"?>
<TEI xmlns="http://www.tei-c.org/ns/1.0" xml:id="R-33-4664629" xml:lang="is">
  <teiHeader>
    <fileDesc>
      <titleStmt>
        <title>
          <title type="main">Sala og meðferð íslenskra afurða (86. mál)</title>
        </title>
        <respStmt>
          <resp xml:lang="is">Söfnun og úrvinnsla texta</resp>
          <resp xml:lang="en">Collection and processing of text</resp>
          <name xml:lang="is">Stofnun Árna Magnússonar í íslenskum fræðum</name>
          <name xml:lang="en">The Arni Magnusson Institute for Icelandic Studies</name>
        </respStmt>
      </titleStmt>
      <editionStmt>
        <p xml:lang="is">Málheild: Ræður frá Alþingi Íslendinga (2020.06)</p>
        <p xml:lang="en">Corpus: Speeches from The Parliament of Iceland (2020.06)</p>
      </editionStmt>
      <publicationStmt>
        <distributor xml:lang="is">Stofnun Árna Magnússonar í íslenskum fræðum</distributor>
        <distributor xml:lang="en">The Arni Magnusson Institute for Icelandic Studies</distributor>
        <address>
          <addrLine xml:lang="is">Árnagarður við Suðurgötu, 107 Reykjavík, Íslandi</addrLine>
          <addrLine xml:lang="en">Árnagarður Suðurgata, 107 Reykjavik, Iceland</addrLine>
          <addrLine>
            <email>arnastofnun@arnastofnun.is</email>
          </addrLine>
        </address>
        <idno type="risam">R-33-4664629</idno>
        <availability>
          <p xml:lang="is">Þessi texti er til notkunar í málrannsóknum og máltækniverkefnum um allan heim með CC-BY leyfi</p>
          <p xml:lang="en">This text is available for use in language research and language technology projects world wide with CC-BY licence.</p>
        </availability>
        <date>2020-05-27</date>
      </publicationStmt>
      <sourceDesc>
        <biblStruct>
          <analytic>
            <title>
              <title type="main">Sala og meðferð íslenskra afurða (86. mál)</title>
            </title>
            <author>
             <persName>Guðrún Lárusdóttir</persName>
             <note type="gender">F</note>
             <note type="age">55</note>
             <note type="url">http://althingi.is/altext/cv/is/?nfaerslunr=203</note>
             <note type="political_party">Sjálfstæðisflokkur</note>
             <note type="constituency">landskjörinn alþingismaður (LA)</note>
             <note type="role">Alþingismaður</note>
            </author>
            <date when="1935-03-26">26.03. 1935</date>
          </analytic>
          <monogr>
            <title>althingi.is</title>
            <imprint>
              <publisher>Alþingi</publisher>
            </imprint>
            <biblScope>
             <ref>http://althingi.is/altext/raeda/?lthing=49&amp;rnr=935</ref>
            </biblScope>
          </monogr>
        </biblStruct>
      </sourceDesc>
    </fileDesc>
    <encodingDesc>
      <projectDesc>
        <p xml:lang="is">Sjá lýsingu á verkefninu í rmh2Hdr.xml.</p>
        <p xml:lang="en">See description of project in rmh2Hdr.xml.</p>
      </projectDesc>
      <tagsDecl>
        <namespace name="http://www.tei-c.org/ns/1.0">
          <tagUsage gi="text" occurs="1"/>
          <tagUsage gi="body" occurs="1"/>
          <tagUsage gi="div1" occurs="1"/>
          <tagUsage gi="p" occurs="1"/>
          <tagUsage gi="s" occurs="12"/>
          <tagUsage gi="w" occurs="339"/>
          <tagUsage gi="c" occurs="0"/>
        </namespace>
      </tagsDecl>
    </encodingDesc>
  </teiHeader>
  <text>
    <body>
      <div1>
        <p n="1">
          <s n="1">
            <w lemma="Guðrún" type="nven-s">Guðrún</w>
            <w lemma="Lárusdóttir" type="nven-s">Lárusdóttir</w>
            <w lemma=":" type="pa">:</w>
            <w lemma="Hv." type="ks">Hv.</w>
            <w lemma="frsm" type="x">frsm</w>
            <w lemma="." type="pl">.</w>
          </s>
          <s n="2">
            <w lemma="segja" type="sfg3eþ">sagði</w>
            <w lemma="svo" type="aa">svo</w>
            <w lemma="margur" type="lheosf">margt</w>
            <w lemma="skemmtilegur" type="lheosf">skemmtilegt</w>
            <w lemma="í" type="af">í</w>
            <w lemma="ræða" type="nveþ">ræðu</w>
            <w lemma="sinn" type="feveþ">sinni</w>
            <w lemma="í" type="aa">í</w>
            <w lemma="gær" type="aa">gær</w>
            <w lemma="," type="pk">,</w>
            <w lemma="að" type="c">að</w>
            <w lemma="ég" type="fp1eþ">mér</w>
            <w lemma="finna" type="sfm3en">finnst</w>
            <w lemma="ekki" type="aa">ekki</w>
            <w lemma="réttur" type="lhensf">rétt</w>
            <w lemma="að" type="cn">að</w>
            <w lemma="láta" type="sng">láta</w>
            <w lemma="„" type="x">„</w>
            <w lemma="kompliment" type="nhfþ">komplimentum</w>
            <w lemma="“" type="x">“</w>
            <w lemma="hann" type="fpkee">hans</w>
            <w lemma="í" type="af">í</w>
            <w lemma="garður" type="nkeo">garð</w>
            <w lemma="ég" type="fp1fe">okkar</w>
            <w lemma="húsmóðir" type="nvfeg">húsmæðranna</w>
            <w lemma="alveg" type="aa">alveg</w>
            <w lemma="ósvaraður" type="lheosf">ósvarað</w>
            <w lemma="." type="pl">.</w>
          </s>
          <s n="3">
            <w lemma="hann" type="fpken">Hann</w>
            <w lemma="tala" type="sfg3eþ">talaði</w>
            <w lemma="um" type="af">um</w>
            <w lemma="brigðmælgi" type="nveo">brigðmælgi</w>
            <w lemma="og" type="c">og</w>
            <w lemma="svik" type="nhfo">svik</w>
            <w lemma="í" type="af">í</w>
            <w lemma="samband" type="nheþ">sambandi</w>
            <w lemma="við" type="af">við</w>
            <w lemma="mjólkursala" type="nveog">mjólkursöluna</w>
            <w lemma="og" type="c">og</w>
            <w lemma="kenna" type="sfg3eþ">kenndi</w>
            <w lemma="Sjálfstfl." type="ks">Sjálfstfl.</w>
            <w lemma="um" type="af">um</w>
            <w lemma="," type="pk">,</w>
            <w lemma="og" type="c">og</w>
            <w lemma="virða" type="sfm3eþ">virtist</w>
            <w lemma="hann" type="fpken">hann</w>
            <w lemma="þar" type="aa">þar</w>
            <w lemma="einkum" type="aa">einkum</w>
            <w lemma="eiga" type="sng">eiga</w>
            <w lemma="við" type="aa">við</w>
            <w lemma="húsmæðrasamtök" type="nhfog">húsmæðrasamtökin</w>
            <w lemma="." type="pl">.</w>
          </s>
          <s n="4">
            <w lemma="þessi" type="fahfn">Þessi</w>
            <w lemma="ummæli" type="nhfn">ummæli</w>
            <w lemma="skjóta" type="sfg3fn">skjóta</w>
            <w lemma="nú" type="aa">nú</w>
            <w lemma="dálítið" type="aa">dálítið</w>
            <w lemma="skakkur" type="lheþsf">skökku</w>
            <w lemma="við" type="af">við</w>
            <w lemma="sá" type="favfo">þær</w>
            <w lemma="staðhæfing" type="nvfo">staðhæfingar</w>
            <w lemma="stjórnarblað" type="nhfeg">stjórnarblaðanna</w>
            <w lemma="," type="pk">,</w>
            <w lemma="að" type="c">að</w>
            <w lemma="húsmæðrasamtök" type="nhfng">húsmæðrasamtökin</w>
            <w lemma="hafa" type="svg3fn">hafi</w>
            <w lemma="reynzt" type="sþmhen">reynzt</w>
            <w lemma="með" type="af">með</w>
            <w lemma="allur" type="foheþ">öllu</w>
            <w lemma="áhrifalaus" type="lhfnsf">áhrifalaus</w>
            <w lemma="." type="pl">.</w>
          </s>
          <s n="5">
            <w lemma="hann" type="fpken">Hann</w>
            <w lemma="tala" type="sfg3eþ">talaði</w>
            <w lemma="um" type="af">um</w>
            <w lemma="húsmóðir" type="nvfog">húsmæðurnar</w>
            <w lemma="eins" type="aa">eins</w>
            <w lemma="og" type="c">og</w>
            <w lemma="barn" type="nhfo">börn</w>
            <w lemma="," type="pk">,</w>
            <w lemma="sem" type="ct">sem</w>
            <w lemma="ekki" type="aa">ekki</w>
            <w lemma="þurfa" type="svg3eþ">þyrfti</w>
            <w lemma="annar" type="foheo">annað</w>
            <w lemma="en" type="c">en</w>
            <w lemma="að" type="cn">að</w>
            <w lemma="segja" type="sng">segja</w>
            <w lemma="við" type="aa">við</w>
            <w lemma=":" type="pa">:</w>
            <w lemma="vera" type="sbg2fn">Verið</w>
            <w lemma="þú" type="fp2fn">þið</w>
            <w lemma="góður" type="lhfnsf">góð</w>
            <w lemma="," type="pk">,</w>
            <w lemma="annars" type="aa">annars</w>
            <w lemma="flengja" type="sfg1en">flengi</w>
            <w lemma="ég" type="fp1en">ég</w>
            <w lemma="þú" type="fp2fþ">ykkur</w>
            <w lemma="," type="pk">,</w>
            <w lemma="-" type="pa">-</w>
            <w lemma="það" type="fpheþ">því</w>
            <w lemma="hann" type="fpken">hann</w>
            <w lemma="segja" type="sfg3eþ">sagði</w>
            <w lemma="," type="pk">,</w>
            <w lemma="að" type="c">að</w>
            <w lemma="hún" type="fpvfn">þær</w>
            <w lemma="hafa" type="svg3fþ">hefðu</w>
            <w lemma="eiga" type="sþghen">átt</w>
            <w lemma="fyrir" type="af">fyrir</w>
            <w lemma="það" type="fpheþ">því</w>
            <w lemma="að" type="cn">að</w>
            <w lemma="fá" type="sng">fá</w>
            <w lemma="ofanígjöf" type="nveo">ofanígjöf</w>
            <w lemma="fyrir" type="af">fyrir</w>
            <w lemma="þessi" type="faheo">þetta</w>
            <w lemma="tiltæki" type="nheo">tiltæki</w>
            <w lemma="." type="pl">.</w>
          </s>
          <s n="6">
            <w lemma="en" type="c">En</w>
            <w lemma="annars" type="aa">annars</w>
            <w lemma="vera" type="sfg3eþ">var</w>
            <w lemma="að" type="cn">að</w>
            <w lemma="heyra" type="sng">heyra</w>
            <w lemma="á" type="af">á</w>
            <w lemma="hann" type="fpkee">hans</w>
            <w lemma="orð" type="nhfþ">orðum</w>
            <w lemma="," type="pk">,</w>
            <w lemma="að" type="c">að</w>
            <w lemma="hér" type="aa">hér</w>
            <w lemma="vera" type="svg3eþ">væri</w>
            <w lemma="enginn" type="foken">enginn</w>
            <w lemma="skaði" type="nken">skaði</w>
            <w lemma="ske" type="sþgken">skeður</w>
            <w lemma="," type="pk">,</w>
            <w lemma="það" type="fpheþ">því</w>
            <w lemma="mjólkursala" type="nveng">mjólkursalan</w>
            <w lemma="ganga" type="svg3eþ">gengi</w>
            <w lemma="þrátt" type="aa">þrátt</w>
            <w lemma="fyrir" type="af">fyrir</w>
            <w lemma="allur" type="foheo">allt</w>
            <w lemma="upp" type="aa">upp</w>
            <w lemma="á" type="af">á</w>
            <w lemma="sá" type="faheo">það</w>
            <w lemma="bezta" type="lheove">bezta</w>
            <w lemma="." type="pl">.</w>
          </s>
          <s n="7">
            <w lemma="samsala" type="nveng">Samsalan</w>
            <w lemma="fá" type="svg3eþ">fengi</w>
            <w lemma="sinn" type="feheo">sitt</w>
            <w lemma="og" type="c">og</w>
            <w lemma="nægilegur" type="lvensf">nægileg</w>
            <w lemma="nýmjólk" type="nven">nýmjólk</w>
            <w lemma="vera" type="svg3eþ">væri</w>
            <w lemma="til" type="aa">til</w>
            <w lemma="í" type="af">í</w>
            <w lemma="bær" type="nkeþg">bænum</w>
            <w lemma="," type="pk">,</w>
            <w lemma="og" type="c">og</w>
            <w lemma="það" type="fphee">þess</w>
            <w lemma="vegna" type="af">vegna</w>
            <w lemma="vera" type="svg3eþ">væri</w>
            <w lemma="ekki" type="aa">ekki</w>
            <w lemma="til" type="af">til</w>
            <w lemma="neinn" type="fohee">neins</w>
            <w lemma="að" type="cn">að</w>
            <w lemma="vera" type="sng">vera</w>
            <w lemma="að" type="cn">að</w>
            <w lemma="rífa" type="snm">rífast</w>
            <w lemma="út" type="aa">út</w>
            <w lemma="af" type="af">af</w>
            <w lemma="þessi" type="faheþ">þessu</w>
            <w lemma="," type="pk">,</w>
            <w lemma="sem" type="ct">sem</w>
            <w lemma="ég" type="fp1fn">við</w>
            <w lemma="hafa" type="sfg1fn">höfum</w>
            <w lemma="leggja" type="sþghen">lagt</w>
            <w lemma="mikill" type="lveose">mesta</w>
            <w lemma="áherzla" type="nveog">áherzluna</w>
            <w lemma="á" type="af">á</w>
            <w lemma="," type="pk">,</w>
            <w lemma="að" type="c">að</w>
            <w lemma="ógerilsneyddur" type="lvensf">ógerilsneydd</w>
            <w lemma="mjólk" type="nven">mjólk</w>
            <w lemma="fá" type="sþmhen">fengist</w>
            <w lemma="í" type="af">í</w>
            <w lemma="frjáls" type="lveþvm">frjálsari</w>
            <w lemma="meðferð" type="nveþ">meðferð</w>
            <w lemma="gjarnan" type="aam">heldur</w>
            <w lemma="en" type="c">en</w>
            <w lemma="nú" type="aa">nú</w>
            <w lemma="vera" type="sfg3en">er</w>
            <w lemma="." type="pl">.</w>
          </s>
          <s n="8">
            <w lemma="en" type="c">En</w>
            <w lemma="það" type="fphen">það</w>
            <w lemma="vera" type="sfg3fn">eru</w>
            <w lemma="nú" type="aa">nú</w>
            <w lemma="einmitt" type="aa">einmitt</w>
            <w lemma="mikill" type="lhfnsf">mikil</w>
            <w lemma="vandkvæði" type="nhfn">vandkvæði</w>
            <w lemma="á" type="af">á</w>
            <w lemma="þessi" type="faheþ">þessu</w>
            <w lemma="." type="pl">.</w>
          </s>
          <s n="9">
            <w lemma="ég" type="fp1en">Ég</w>
            <w lemma="vita" type="sfg1en">veit</w>
            <w lemma="um" type="af">um</w>
            <w lemma="heimili" type="nheo">heimili</w>
            <w lemma="," type="pk">,</w>
            <w lemma="sem" type="ct">sem</w>
            <w lemma="hafa" type="sfg3en">hefir</w>
            <w lemma="láta" type="sþghen">látið</w>
            <w lemma="fara" type="sng">fara</w>
            <w lemma="búð" type="nveo">búð</w>
            <w lemma="úr" type="af">úr</w>
            <w lemma="búð" type="nveþ">búð</w>
            <w lemma="með" type="af">með</w>
            <w lemma="læknisvottorð" type="nheo">læknisvottorð</w>
            <w lemma="upp" type="aa">upp</w>
            <w lemma="á" type="af">á</w>
            <w lemma="vasi" type="nkeog">vasann</w>
            <w lemma="og" type="c">og</w>
            <w lemma="verða" type="sþghen">orðið</w>
            <w lemma="frá" type="af">frá</w>
            <w lemma="að" type="cn">að</w>
            <w lemma="hverfa" type="sng">hverfa</w>
            <w lemma="án" type="af">án</w>
            <w lemma="það" type="fphee">þess</w>
            <w lemma="að" type="cn">að</w>
            <w lemma="fá" type="sng">fá</w>
            <w lemma="einn" type="tfkeo">einn</w>
            <w lemma="einasti" type="lkeovf">einasta</w>
            <w lemma="dropi" type="nkeo">dropa</w>
            <w lemma="af" type="af">af</w>
            <w lemma="þessi" type="faveþ">þessari</w>
            <w lemma="nýmjólk" type="nveþ">nýmjólk</w>
            <w lemma="," type="pk">,</w>
            <w lemma="sem" type="ct">sem</w>
            <w lemma="eiga" type="sfg3en">á</w>
            <w lemma="að" type="cn">að</w>
            <w lemma="vera" type="sng">vera</w>
            <w lemma="svo" type="aa">svo</w>
            <w lemma="mikill" type="lhensf">mikið</w>
            <w lemma="til" type="aa">til</w>
            <w lemma="af" type="aa">af</w>
            <w lemma="í" type="af">í</w>
            <w lemma="bær" type="nkeþg">bænum</w>
            <w lemma="." type="pl">.</w>
          </s>
          <s n="10">
            <w lemma="ég" type="fp1en">Ég</w>
            <w lemma="halda" type="sfg1en">held</w>
            <w lemma="," type="pk">,</w>
            <w lemma="að" type="c">að</w>
            <w lemma="þessi" type="fahen">þetta</w>
            <w lemma="vera" type="svg3en">sé</w>
            <w lemma="það" type="fpheþ">því</w>
            <w lemma="ekki" type="aa">ekki</w>
            <w lemma="rétt" type="aa">rétt</w>
            <w lemma="hjá" type="af">hjá</w>
            <w lemma="hv." type="ks">hv.</w>
            <w lemma="þm." type="ks">þm.</w>
            <w lemma="," type="pk">,</w>
            <w lemma="að" type="c">að</w>
            <w lemma="til" type="aa">til</w>
            <w lemma="vera" type="svg3en">sé</w>
            <w lemma="svona" type="aa">svona</w>
            <w lemma="mikill" type="lvensf">mikil</w>
            <w lemma="nýmjólk" type="nven">nýmjólk</w>
            <w lemma="eins" type="aa">eins</w>
            <w lemma="og" type="c">og</w>
            <w lemma="hann" type="fpken">hann</w>
            <w lemma="vilja" type="sfg3en">vill</w>
            <w lemma="vera" type="sng">vera</w>
            <w lemma="láta" type="sng">láta</w>
            <w lemma="." type="pl">.</w>
          </s>
          <s n="11">
            <w lemma="en" type="c">En</w>
            <w lemma="það" type="fphen">það</w>
            <w lemma="vera" type="sfg3en">er</w>
            <w lemma="einmitt" type="aa">einmitt</w>
            <w lemma="sá" type="fahen">það</w>
            <w lemma="," type="pk">,</w>
            <w lemma="sem" type="ct">sem</w>
            <w lemma="ég" type="fp1fn">við</w>
            <w lemma="í" type="af">í</w>
            <w lemma="húsmæðrafélag" type="nheþg">húsmæðrafélaginu</w>
            <w lemma="hafa" type="sfg1fn">höfum</w>
            <w lemma="óska" type="sþghen">óskað</w>
            <w lemma="mjög" type="aae">mest</w>
            <w lemma="eftir" type="aa">eftir</w>
            <w lemma="," type="pk">,</w>
            <w lemma="það" type="fpheþ">því</w>
            <w lemma="það" type="fphen">það</w>
            <w lemma="vera" type="sfg3en">er</w>
            <w lemma="mjög" type="aa">mjög</w>
            <w lemma="tilfinnanlegur" type="lhensf">tilfinnanlegt</w>
            <w lemma="," type="pk">,</w>
            <w lemma="sérstaklega" type="aa">sérstaklega</w>
            <w lemma="fyrir" type="af">fyrir</w>
            <w lemma="barnaheimili" type="nheo">barnaheimili</w>
            <w lemma="," type="pk">,</w>
            <w lemma="að" type="cn">að</w>
            <w lemma="geta" type="sng">geta</w>
            <w lemma="ekki" type="aa">ekki</w>
            <w lemma="fá" type="sþghen">fengið</w>
            <w lemma="sá" type="faveo">þá</w>
            <w lemma="vara" type="nveo">vöru</w>
            <w lemma="refjalaus" type="lheosf">refjalaust</w>
            <w lemma="og" type="c">og</w>
            <w lemma="vottorðalaus" type="lheosf">vottorðalaust</w>
            <w lemma="." type="pl">.</w>
          </s>
          <s n="12">
            <w lemma="annars" type="aa">Annars</w>
            <w lemma="þykja" type="sfg3en">þykir</w>
            <w lemma="ég" type="fp1eþ">mér</w>
            <w lemma="leiðinlegur" type="lhensf">leiðinlegt</w>
            <w lemma="að" type="cn">að</w>
            <w lemma="hafa" type="sng">hafa</w>
            <w lemma="verða" type="sþghen">orðið</w>
            <w lemma="að" type="cn">að</w>
            <w lemma="tala" type="sng">tala</w>
            <w lemma="um" type="af">um</w>
            <w lemma="þessi" type="faheo">þetta</w>
            <w lemma="mál" type="nheo">mál</w>
            <w lemma="," type="pk">,</w>
            <w lemma="sem" type="ct">sem</w>
            <w lemma="ekki" type="aa">ekki</w>
            <w lemma="vera" type="sfg3en">er</w>
            <w lemma="á" type="af">á</w>
            <w lemma="dagskrá" type="nveþg">dagskránni</w>
            <w lemma="," type="pk">,</w>
            <w lemma="og" type="c">og</w>
            <w lemma="ætla" type="sfg1en">ætla</w>
            <w lemma="ég" type="fp1en">ég</w>
            <w lemma="ég" type="fp1eþ">mér</w>
            <w lemma="því" type="aa">því</w>
            <w lemma="ekki" type="aa">ekki</w>
            <w lemma="að" type="cn">að</w>
            <w lemma="hafa" type="sng">hafa</w>
            <w lemma="þessi" type="faheo">þetta</w>
            <w lemma="langt" type="aam">lengra</w>
            <w lemma="." type="pl">.</w>
          </s>
        </p>
      </div1>
    </body>
  </text>
</TEI>
