<?xml version="1.0" encoding="UTF-8"?>
<TEI xmlns="http://www.tei-c.org/ns/1.0" xml:id="R-33-4491522" xml:lang="is">
  <teiHeader>
    <fileDesc>
      <titleStmt>
        <title>
          <title type="main">Sala og meðferð íslenskra afurða (86. mál)</title>
        </title>
        <respStmt>
          <resp xml:lang="is">Söfnun og úrvinnsla texta</resp>
          <resp xml:lang="en">Collection and processing of text</resp>
          <name xml:lang="is">Stofnun Árna Magnússonar í íslenskum fræðum</name>
          <name xml:lang="en">The Arni Magnusson Institute for Icelandic Studies</name>
        </respStmt>
      </titleStmt>
      <editionStmt>
        <p xml:lang="is">Málheild: Ræður frá Alþingi Íslendinga (2020.06)</p>
        <p xml:lang="en">Corpus: Speeches from The Parliament of Iceland (2020.06)</p>
      </editionStmt>
      <publicationStmt>
        <distributor xml:lang="is">Stofnun Árna Magnússonar í íslenskum fræðum</distributor>
        <distributor xml:lang="en">The Arni Magnusson Institute for Icelandic Studies</distributor>
        <address>
          <addrLine xml:lang="is">Árnagarður við Suðurgötu, 107 Reykjavík, Íslandi</addrLine>
          <addrLine xml:lang="en">Árnagarður Suðurgata, 107 Reykjavik, Iceland</addrLine>
          <addrLine>
            <email>arnastofnun@arnastofnun.is</email>
          </addrLine>
        </address>
        <idno type="risam">R-33-4491522</idno>
        <availability>
          <p xml:lang="is">Þessi texti er til notkunar í málrannsóknum og máltækniverkefnum um allan heim með CC-BY leyfi</p>
          <p xml:lang="en">This text is available for use in language research and language technology projects world wide with CC-BY licence.</p>
        </availability>
        <date>2020-05-27</date>
      </publicationStmt>
      <sourceDesc>
        <biblStruct>
          <analytic>
            <title>
              <title type="main">Sala og meðferð íslenskra afurða (86. mál)</title>
            </title>
            <author>
             <persName>Guðrún Lárusdóttir</persName>
             <note type="gender">F</note>
             <note type="age">55</note>
             <note type="url">http://althingi.is/altext/cv/is/?nfaerslunr=203</note>
             <note type="political_party">Sjálfstæðisflokkur</note>
             <note type="constituency">landskjörinn alþingismaður (LA)</note>
             <note type="role">Alþingismaður</note>
            </author>
            <date when="1935-03-25">25.03. 1935</date>
          </analytic>
          <monogr>
            <title>althingi.is</title>
            <imprint>
              <publisher>Alþingi</publisher>
            </imprint>
            <biblScope>
             <ref>http://althingi.is/altext/raeda/?lthing=49&amp;rnr=924</ref>
            </biblScope>
          </monogr>
        </biblStruct>
      </sourceDesc>
    </fileDesc>
    <encodingDesc>
      <projectDesc>
        <p xml:lang="is">Sjá lýsingu á verkefninu í rmh2Hdr.xml.</p>
        <p xml:lang="en">See description of project in rmh2Hdr.xml.</p>
      </projectDesc>
      <tagsDecl>
        <namespace name="http://www.tei-c.org/ns/1.0">
          <tagUsage gi="text" occurs="1"/>
          <tagUsage gi="body" occurs="1"/>
          <tagUsage gi="div1" occurs="1"/>
          <tagUsage gi="p" occurs="7"/>
          <tagUsage gi="s" occurs="57"/>
          <tagUsage gi="w" occurs="1211"/>
          <tagUsage gi="c" occurs="0"/>
        </namespace>
      </tagsDecl>
    </encodingDesc>
  </teiHeader>
  <text>
    <body>
      <div1>
        <p n="1">
          <s n="1">
            <w lemma="Guðrún" type="nven-s">Guðrún</w>
            <w lemma="Lárusdóttir" type="nven-s">Lárusdóttir</w>
            <w lemma=":" type="pa">:</w>
          </s>
        </p>
        <p n="2">
          <s n="1">
            <w lemma="ég" type="fp1en">Ég</w>
            <w lemma="verða" type="sfg1en">verð</w>
            <w lemma="að" type="cn">að</w>
            <w lemma="biðja" type="sng">biðja</w>
            <w lemma="hv." type="x">hv.</w>
            <w lemma="d." type="x">d.</w>
            <w lemma="afsökun" type="nvee">afsökunar</w>
            <w lemma="," type="pk">,</w>
            <w lemma="að" type="c">að</w>
            <w lemma="ég" type="fp1en">ég</w>
            <w lemma="verða" type="sfg1en">verð</w>
            <w lemma="að" type="cn">að</w>
            <w lemma="fara" type="sng">fara</w>
            <w lemma="nokkur" type="fohfþ">nokkrum</w>
            <w lemma="orð" type="nhfþ">orðum</w>
            <w lemma="um" type="af">um</w>
            <w lemma="mál" type="nheo">mál</w>
            <w lemma="," type="pk">,</w>
            <w lemma="sem" type="ct">sem</w>
            <w lemma="vera" type="sfg3en">er</w>
            <w lemma="ekki" type="aa">ekki</w>
            <w lemma="hér" type="aa">hér</w>
            <w lemma="á" type="af">á</w>
            <w lemma="dagskrá" type="nveþ">dagskrá</w>
            <w lemma="," type="pk">,</w>
            <w lemma="en" type="c">en</w>
            <w lemma="um" type="af">um</w>
            <w lemma="það" type="fpheo">það</w>
            <w lemma="kenna" type="sfg1en">kenni</w>
            <w lemma="ég" type="fp1en">ég</w>
            <w lemma="hv." type="ks">hv.</w>
            <w lemma="4." type="ta">4.</w>
            <w lemma="landsk" type="x">landsk</w>
            <w lemma="." type="pl">.</w>
          </s>
          <s n="2">
            <w lemma="hann" type="fpken">Hann</w>
            <w lemma="innleiða" type="sfg3eþ">innleiddi</w>
            <w lemma="þessi" type="faheo">þetta</w>
            <w lemma="með" type="af">með</w>
            <w lemma="það" type="fpheþ">því</w>
            <w lemma="að" type="cn">að</w>
            <w lemma="tala" type="sng">tala</w>
            <w lemma="um" type="af">um</w>
            <w lemma="húsmóðir" type="nvfog">húsmæðurnar</w>
            <w lemma="í" type="af">í</w>
            <w lemma="bær" type="nkeþg">bænum</w>
            <w lemma="og" type="c">og</w>
            <w lemma="gera" type="sng">gera</w>
            <w lemma="lítill" type="lheosf">lítið</w>
            <w lemma="úr" type="af">úr</w>
            <w lemma="hann" type="fpkfþ">þeim</w>
            <w lemma="." type="pl">.</w>
          </s>
          <s n="3">
            <w lemma="(" type="pa">(</w>
            <w lemma="Jbald" type="n----s">JBald</w>
            <w lemma=":" type="pa">:</w>
            <w lemma="nei" type="au">Nei</w>
            <w lemma=")" type="pa">)</w>
            <w lemma="." type="pl">.</w>
          </s>
          <s n="4">
            <w lemma="hann" type="fpken">Hann</w>
            <w lemma="virða" type="sfm3eþ">virtist</w>
            <w lemma="vera" type="sng">vera</w>
            <w lemma="undrandi" type="lkenof">undrandi</w>
            <w lemma="yfir" type="af">yfir</w>
            <w lemma="það" type="fpheþ">því</w>
            <w lemma="," type="pk">,</w>
            <w lemma="að" type="c">að</w>
            <w lemma="húsmæðrafélag" type="nheng">húsmæðrafélagið</w>
            <w lemma="skulu" type="svg3eþ">skyldi</w>
            <w lemma="ekki" type="aa">ekki</w>
            <w lemma="snemma" type="aae">fyrst</w>
            <w lemma="og" type="c">og</w>
            <w lemma="frammi" type="aae">fremst</w>
            <w lemma="binda" type="snm">bindast</w>
            <w lemma="samtök" type="nhfþ">samtökum</w>
            <w lemma="til" type="af">til</w>
            <w lemma="að" type="cn">að</w>
            <w lemma="fá" type="sng">fá</w>
            <w lemma="lágur" type="lheovm">lægra</w>
            <w lemma="verð" type="nheo">verð</w>
            <w lemma="." type="pl">.</w>
          </s>
          <s n="5">
            <w lemma="það" type="fphen">Það</w>
            <w lemma="vera" type="sfg3en">er</w>
            <w lemma="eðlilegur" type="lhensf">eðlilegt</w>
            <w lemma="," type="pk">,</w>
            <w lemma="að" type="c">að</w>
            <w lemma="hann" type="fpken">hann</w>
            <w lemma="hugsa" type="svg3en">hugsi</w>
            <w lemma="einn" type="fohfe">einna</w>
            <w lemma="helzt" type="aae">helzt</w>
            <w lemma="um" type="af">um</w>
            <w lemma="verðlækkun" type="nveo">verðlækkun</w>
            <w lemma="," type="pk">,</w>
            <w lemma="vegna" type="af">vegna</w>
            <w lemma="það" type="fphee">þess</w>
            <w lemma="að" type="c">að</w>
            <w lemma="hann" type="fpkee">hans</w>
            <w lemma="flokksmaður" type="nkfn">flokksmenn</w>
            <w lemma="og" type="c">og</w>
            <w lemma="hann" type="fpkee">hans</w>
            <w lemma="höfuðmálgagn" type="nhen">höfuðmálgagn</w>
            <w lemma="lofa" type="sfg3eþ">lofaði</w>
            <w lemma="það" type="fpheþ">því</w>
            <w lemma="hátíðlega" type="aa">hátíðlega</w>
            <w lemma="í" type="af">í</w>
            <w lemma="haust" type="nheo">haust</w>
            <w lemma="," type="pk">,</w>
            <w lemma="að" type="c">að</w>
            <w lemma="mjólk" type="nveng">mjólkin</w>
            <w lemma="skulu" type="svg3eþ">skyldi</w>
            <w lemma="lækka" type="sng">lækka</w>
            <w lemma="ofan" type="aa">ofan</w>
            <w lemma="í" type="af">í</w>
            <w lemma="35" type="ta">35</w>
            <w lemma="aur" type="nkfo">aura</w>
            <w lemma="undir" type="aa">undir</w>
            <w lemma="eins" type="aa">eins</w>
            <w lemma="og" type="c">og</w>
            <w lemma="Samsala" type="nvengs">Samsalan</w>
            <w lemma="vera" type="svg3eþ">væri</w>
            <w lemma="taka" type="sþgven">tekin</w>
            <w lemma="við" type="aa">við</w>
            <w lemma="." type="pl">.</w>
          </s>
          <s n="6">
            <w lemma="það" type="fphen">Það</w>
            <w lemma="vera" type="sfg3en">er</w>
            <w lemma="því" type="aa">því</w>
            <w lemma="eðlilegur" type="lhensf">eðlilegt</w>
            <w lemma="," type="pk">,</w>
            <w lemma="að" type="c">að</w>
            <w lemma="hann" type="fpken">hann</w>
            <w lemma="furða" type="svg3en">furði</w>
            <w lemma="sig" type="fpkeo">sig</w>
            <w lemma="á" type="af">á</w>
            <w lemma="það" type="fpheþ">því</w>
            <w lemma="," type="pk">,</w>
            <w lemma="að" type="c">að</w>
            <w lemma="húsmóðir" type="nvfng">húsmæðurnar</w>
            <w lemma="í" type="af">í</w>
            <w lemma="Rvík" type="n----s">Rvík</w>
            <w lemma="skulu" type="svg3fn">skuli</w>
            <w lemma="ekki" type="aa">ekki</w>
            <w lemma="ganga" type="sng">ganga</w>
            <w lemma="hér" type="aa">hér</w>
            <w lemma="eftir" type="af">eftir</w>
            <w lemma="gefinn" type="lheþsf">gefnu</w>
            <w lemma="loforð" type="nheþ">loforði</w>
            <w lemma="hann" type="fpkee">hans</w>
            <w lemma="maður" type="nkfe">manna</w>
            <w lemma="." type="pl">.</w>
          </s>
        </p>
        <p n="3">
          <s n="1">
            <w lemma="ég" type="fp1en">Ég</w>
            <w lemma="geta" type="sfg1en">get</w>
            <w lemma="segja" type="sþghen">sagt</w>
            <w lemma="hann" type="fpkeþ">honum</w>
            <w lemma="sá" type="faheo">það</w>
            <w lemma="," type="pk">,</w>
            <w lemma="sem" type="ct">sem</w>
            <w lemma="hann" type="fpken">hann</w>
            <w lemma="skilja" type="sfg3en">skilur</w>
            <w lemma="enginn" type="foheo">ekkert</w>
            <w lemma="varla" type="aam">síður</w>
            <w lemma="en" type="c">en</w>
            <w lemma="ég" type="fp1en">ég</w>
            <w lemma="," type="pk">,</w>
            <w lemma="að" type="c">að</w>
            <w lemma="einmitt" type="aa">einmitt</w>
            <w lemma="þessi" type="fahfn">þessi</w>
            <w lemma="loforð" type="nhfn">loforð</w>
            <w lemma="vekja" type="sfg3fþ">vöktu</w>
            <w lemma="mikill" type="lvfosf">miklar</w>
            <w lemma="von" type="nvfo">vonir</w>
            <w lemma="hjá" type="af">hjá</w>
            <w lemma="margur" type="lkfþsf">mörgum</w>
            <w lemma="," type="pk">,</w>
            <w lemma="sem" type="ct">sem</w>
            <w lemma="stynja" type="sfg3fn">stynja</w>
            <w lemma="undir" type="af">undir</w>
            <w lemma="dýrleiki" type="nkeþ">dýrleika</w>
            <w lemma="mjólk" type="nveeg">mjólkurinnar</w>
            <w lemma="." type="pl">.</w>
          </s>
          <s n="2">
            <w lemma="en" type="c">En</w>
            <w lemma="hver" type="fshen">hvað</w>
            <w lemma="verða" type="sfg3en">verður</w>
            <w lemma="svo" type="aa">svo</w>
            <w lemma="úr" type="af">úr</w>
            <w lemma="þessi" type="favfþ">þessum</w>
            <w lemma="efnd" type="nvfþ">efndum</w>
            <w lemma="?" type="pl">?</w>
          </s>
          <s n="3">
            <w lemma="það" type="fphen">Það</w>
            <w lemma="verða" type="sfg3en">verður</w>
            <w lemma="það" type="fphen">það</w>
            <w lemma="," type="pk">,</w>
            <w lemma="að" type="c">að</w>
            <w lemma="margur" type="lkfnsf">margir</w>
            <w lemma="," type="pk">,</w>
            <w lemma="sem" type="ct">sem</w>
            <w lemma="áður" type="aa">áður</w>
            <w lemma="gefa" type="sfg3fþ">gáfu</w>
            <w lemma="fyrir" type="af">fyrir</w>
            <w lemma="mjólk" type="nveog">mjólkina</w>
            <w lemma="35" type="ta">35</w>
            <w lemma="aur" type="nkfo">aura</w>
            <w lemma="," type="pk">,</w>
            <w lemma="verða" type="sfg3fn">verða</w>
            <w lemma="nú" type="aa">nú</w>
            <w lemma="að" type="cn">að</w>
            <w lemma="gera" type="sng">gera</w>
            <w lemma="svo" type="aa">svo</w>
            <w lemma="vel" type="aa">vel</w>
            <w lemma="að" type="cn">að</w>
            <w lemma="gefa" type="sng">gefa</w>
            <w lemma="fyrir" type="af">fyrir</w>
            <w lemma="hún" type="fpveo">hana</w>
            <w lemma="40" type="ta">40</w>
            <w lemma="aur" type="nkfo">aura</w>
            <w lemma="." type="pl">.</w>
          </s>
          <s n="4">
            <w lemma="eigi" type="aa">Eigi</w>
            <w lemma="að" type="c">að</w>
            <w lemma="varla" type="aam">síður</w>
            <w lemma="vera" type="sfg3fþ">voru</w>
            <w lemma="húsmóðir" type="nvfng">húsmæðurnar</w>
            <w lemma="í" type="af">í</w>
            <w lemma="húsmæðrafélag" type="nheþg">húsmæðrafélaginu</w>
            <w lemma="svo" type="aa">svo</w>
            <w lemma="hagsýnn" type="lvfnsf">hagsýnar</w>
            <w lemma="," type="pk">,</w>
            <w lemma="eins" type="aa">eins</w>
            <w lemma="og" type="c">og</w>
            <w lemma="hv." type="ks">hv.</w>
            <w lemma="þm." type="ks">þm.</w>
            <w lemma="segja" type="sfg3eþ">sagði</w>
            <w lemma="áðan" type="aa">áðan</w>
            <w lemma="," type="pk">,</w>
            <w lemma="að" type="c">að</w>
            <w lemma="hún" type="fpvfn">þær</w>
            <w lemma="sjá" type="sfg3fþ">sáu</w>
            <w lemma="fram" type="aa">fram</w>
            <w lemma="á" type="af">á</w>
            <w lemma="," type="pk">,</w>
            <w lemma="að" type="c">að</w>
            <w lemma="með" type="af">með</w>
            <w lemma="sá" type="fakeþ">þeim</w>
            <w lemma="gífurlegur" type="lkeþvf">gífurlega</w>
            <w lemma="kostnaður" type="nkeþ">kostnaði</w>
            <w lemma="," type="pk">,</w>
            <w lemma="sem" type="ct">sem</w>
            <w lemma="falla" type="sfg3eþ">féll</w>
            <w lemma="á" type="af">á</w>
            <w lemma="mjólkurframleiðsla" type="nveog">mjólkurframleiðsluna</w>
            <w lemma="," type="pk">,</w>
            <w lemma="geta" type="sfg3eþ">gat</w>
            <w lemma="ekki" type="aa">ekki</w>
            <w lemma="koma" type="sþghen">komið</w>
            <w lemma="til" type="af">til</w>
            <w lemma="mál" type="nhfe">mála</w>
            <w lemma="að" type="cn">að</w>
            <w lemma="lækka" type="sng">lækka</w>
            <w lemma="verð" type="nheog">verðið</w>
            <w lemma="eins" type="aa">eins</w>
            <w lemma="og" type="c">og</w>
            <w lemma="sök" type="nvfn">sakir</w>
            <w lemma="standa" type="sfg3fþ">stóðu</w>
            <w lemma="." type="pl">.</w>
          </s>
          <s n="5">
            <w lemma="ég" type="fp1en">Ég</w>
            <w lemma="ætla" type="sfg1en">ætla</w>
            <w lemma="ekki" type="aa">ekki</w>
            <w lemma="að" type="cn">að</w>
            <w lemma="fara" type="sng">fara</w>
            <w lemma="út" type="aa">út</w>
            <w lemma="í" type="af">í</w>
            <w lemma="þessi" type="faheo">þetta</w>
            <w lemma="mál" type="nheo">mál</w>
            <w lemma="," type="pk">,</w>
            <w lemma="af" type="af">af</w>
            <w lemma="það" type="fpheþ">því</w>
            <w lemma="að" type="c">að</w>
            <w lemma="það" type="fphen">það</w>
            <w lemma="vera" type="sfg3en">er</w>
            <w lemma="ekki" type="aa">ekki</w>
            <w lemma="á" type="af">á</w>
            <w lemma="dagskrá" type="nveþ">dagskrá</w>
            <w lemma="hér" type="aa">hér</w>
            <w lemma="nú" type="aa">nú</w>
            <w lemma="," type="pk">,</w>
            <w lemma="en" type="c">en</w>
            <w lemma="það" type="fphen">það</w>
            <w lemma="koma" type="sfg3en">kemur</w>
            <w lemma="kannske" type="aa">kannske</w>
            <w lemma="hingað" type="aa">hingað</w>
            <w lemma="síðar" type="aam">síðar</w>
            <w lemma="mjög" type="aam">meir</w>
            <w lemma="," type="pk">,</w>
            <w lemma="og" type="c">og</w>
            <w lemma="gefa" type="sfm3en">gefst</w>
            <w lemma="þá" type="aa">þá</w>
            <w lemma="tækifæri" type="nhen">tækifæri</w>
            <w lemma="til" type="af">til</w>
            <w lemma="að" type="cn">að</w>
            <w lemma="ræða" type="sng">ræða</w>
            <w lemma="það" type="fpheo">það</w>
            <w lemma="." type="pl">.</w>
          </s>
          <s n="6">
            <w lemma="það" type="fphen">Það</w>
            <w lemma="," type="pk">,</w>
            <w lemma="sem" type="ct">sem</w>
            <w lemma="ég" type="fp1fn">við</w>
            <w lemma="biðja" type="sfg1fþ">báðum</w>
            <w lemma="um" type="aa">um</w>
            <w lemma="," type="pk">,</w>
            <w lemma="vera" type="sfg3eþ">var</w>
            <w lemma="mikill" type="lvenvm">meiri</w>
            <w lemma="mjólk" type="nven">mjólk</w>
            <w lemma="en" type="c">en</w>
            <w lemma="hann" type="fpken">hann</w>
            <w lemma="gera" type="sfg3eþ">gerði</w>
            <w lemma="gys" type="nheo">gys</w>
            <w lemma="að" type="af">að</w>
            <w lemma="það" type="fpheþ">því</w>
            <w lemma="og" type="c">og</w>
            <w lemma="þykja" type="sfg3eþ">þótti</w>
            <w lemma="það" type="fphen">það</w>
            <w lemma="ástæðulaus" type="lhensf">ástæðulaust</w>
            <w lemma="," type="pk">,</w>
            <w lemma="þar" type="aa">þar</w>
            <w lemma="sem" type="c">sem</w>
            <w lemma="nógur" type="lvensf">nóg</w>
            <w lemma="mjólk" type="nven">mjólk</w>
            <w lemma="hafa" type="svg3eþ">hefði</w>
            <w lemma="vera" type="sþghen">verið</w>
            <w lemma="á" type="af">á</w>
            <w lemma="boðstólar" type="nkfþ">boðstólum</w>
            <w lemma="." type="pl">.</w>
          </s>
          <s n="7">
            <w lemma="það" type="fphen">Það</w>
            <w lemma="vera" type="sfg3en">er</w>
            <w lemma="sannur" type="lhensf">satt</w>
            <w lemma="," type="pk">,</w>
            <w lemma="að" type="c">að</w>
            <w lemma="það" type="fphen">það</w>
            <w lemma="vera" type="sfg3eþ">var</w>
            <w lemma="til" type="aa">til</w>
            <w lemma="nógur" type="lhensf">nóg</w>
            <w lemma="af" type="af">af</w>
            <w lemma="gerilsneyddur" type="lveþsf">gerilsneyddri</w>
            <w lemma="mjólk" type="nveþ">mjólk</w>
            <w lemma="." type="pl">.</w>
          </s>
          <s n="8">
            <w lemma="en" type="c">En</w>
            <w lemma="það" type="fphen">það</w>
            <w lemma="vera" type="sfg3en">er</w>
            <w lemma="til" type="aa">til</w>
            <w lemma="flokkur" type="nken">flokkur</w>
            <w lemma="neytandi" type="nkfe">neytenda</w>
            <w lemma="," type="pk">,</w>
            <w lemma="sem" type="ct">sem</w>
            <w lemma="verða" type="sfg3en">verður</w>
            <w lemma="að" type="cn">að</w>
            <w lemma="fá" type="sng">fá</w>
            <w lemma="ógerilsneyddur" type="lveosf">ógerilsneydda</w>
            <w lemma="mjólk" type="nveo">mjólk</w>
            <w lemma="." type="pl">.</w>
          </s>
          <s n="9">
            <w lemma="að" type="af">Að</w>
            <w lemma="vís" type="lheþsf">vísu</w>
            <w lemma="hafa" type="sfg3en">hefir</w>
            <w lemma="sjá" type="sfg3eþ">sá</w>
            <w lemma="flokkur" type="nken">flokkur</w>
            <w lemma="ekki" type="aa">ekki</w>
            <w lemma="mikill" type="lkeosf">mikinn</w>
            <w lemma="réttur" type="nkeo">rétt</w>
            <w lemma="á" type="af">á</w>
            <w lemma="sig" type="fpveþ">sér</w>
            <w lemma="í" type="af">í</w>
            <w lemma="auga" type="nhfþ">augum</w>
            <w lemma="hv." type="ks">hv.</w>
            <w lemma="4." type="ta">4.</w>
            <w lemma="landsk" type="nheo">landsk</w>
            <w lemma="." type="pl">.</w>
          </s>
          <s n="10">
            <w lemma="," type="pk">,</w>
            <w lemma="það" type="fpheþ">því</w>
            <w lemma="að" type="c">að</w>
            <w lemma="hann" type="fpkfn">þeir</w>
            <w lemma="vera" type="sfg3fn">eru</w>
            <w lemma="ekki" type="aa">ekki</w>
            <w lemma="koma" type="sþgkfn">komnir</w>
            <w lemma="í" type="af">í</w>
            <w lemma="kjósendatala" type="nveo">kjósendatölu</w>
            <w lemma="." type="pl">.</w>
          </s>
          <s n="11">
            <w lemma="það" type="fphen">Það</w>
            <w lemma="vera" type="sfg3fn">eru</w>
            <w lemma="nefnilega" type="aa">nefnilega</w>
            <w lemma="ungbarn" type="nhfng">ungbörnin</w>
            <w lemma="." type="pl">.</w>
          </s>
          <s n="12">
            <w lemma="þegar" type="c">Þegar</w>
            <w lemma="taka" type="sþghen">tekið</w>
            <w lemma="vera" type="sfg3eþ">var</w>
            <w lemma="að" type="af">að</w>
            <w lemma="mikill" type="lheþsf">miklu</w>
            <w lemma="leyti" type="nheþ">leyti</w>
            <w lemma="fyrir" type="af">fyrir</w>
            <w lemma="sala" type="nveþ">sölu</w>
            <w lemma="nýmjólk" type="nvee">nýmjólkur</w>
            <w lemma="beinn" type="lveosf">beina</w>
            <w lemma="leið" type="nven">leið</w>
            <w lemma="," type="pk">,</w>
            <w lemma="svo" type="aa">svo</w>
            <w lemma="að" type="c">að</w>
            <w lemma="maður" type="nkfn">menn</w>
            <w lemma="verða" type="sfg3fþ">urðu</w>
            <w lemma="í" type="af">í</w>
            <w lemma="staður" type="nkeog">staðinn</w>
            <w lemma="að" type="cn">að</w>
            <w lemma="kaupa" type="sng">kaupa</w>
            <w lemma="gerilsneyddur" type="lveosf">gerilsneydda</w>
            <w lemma="mjólk" type="nveo">mjólk</w>
            <w lemma="," type="pk">,</w>
            <w lemma="þá" type="aa">þá</w>
            <w lemma="ske" type="svg3eþ">skeði</w>
            <w lemma="það" type="fphen">það</w>
            <w lemma="," type="pk">,</w>
            <w lemma="sem" type="ct">sem</w>
            <w lemma="hv." type="ks">hv.</w>
            <w lemma="þm." type="ks">þm.</w>
            <w lemma="vilja" type="sfg3en">vill</w>
            <w lemma="kannske" type="aa">kannske</w>
            <w lemma="ekki" type="aa">ekki</w>
            <w lemma="trúa" type="sng">trúa</w>
            <w lemma="," type="pk">,</w>
            <w lemma="að" type="c">að</w>
            <w lemma="smábarn" type="nhfng">smábörnin</w>
            <w lemma="verða" type="sfg3fþ">urðu</w>
            <w lemma="veikur" type="lhfnsf">veik</w>
            <w lemma="hrönn" type="nvfþ">hrönnum</w>
            <w lemma="saman" type="aa">saman</w>
            <w lemma="," type="pk">,</w>
            <w lemma="af" type="af">af</w>
            <w lemma="það" type="fpheþ">því</w>
            <w lemma="að" type="c">að</w>
            <w lemma="það" type="fphfn">þau</w>
            <w lemma="vera" type="sfg3fþ">voru</w>
            <w lemma="óvanur" type="lhfnsf">óvön</w>
            <w lemma="þessi" type="faveþ">þessari</w>
            <w lemma="mjólk" type="nveþ">mjólk</w>
            <w lemma="og" type="c">og</w>
            <w lemma="það" type="fphfn">þau</w>
            <w lemma="þola" type="sfg3fþ">þoldu</w>
            <w lemma="hún" type="fpveo">hana</w>
            <w lemma="ekki" type="aa">ekki</w>
            <w lemma="." type="pl">.</w>
          </s>
          <s n="13">
            <w lemma="það" type="fphee">Þess</w>
            <w lemma="vegna" type="af">vegna</w>
            <w lemma="vera" type="sfg3eþ">var</w>
            <w lemma="það" type="fphen">það</w>
            <w lemma="," type="pk">,</w>
            <w lemma="að" type="c">að</w>
            <w lemma="húsmóðir" type="nvfng">húsmæðurnar</w>
            <w lemma="telja" type="sfg3fþ">töldu</w>
            <w lemma="Samsala" type="nveþgs">Samsölunni</w>
            <w lemma="skyldur" type="lheosf">skylt</w>
            <w lemma="að" type="cn">að</w>
            <w lemma="hafa" type="sng">hafa</w>
            <w lemma="nýmjólk" type="nveo">nýmjólk</w>
            <w lemma="allur" type="foveo">alla</w>
            <w lemma="jafn" type="lkfosf">jafna</w>
            <w lemma="á" type="af">á</w>
            <w lemma="markaður" type="nkeþg">markaðnum</w>
            <w lemma="." type="pl">.</w>
          </s>
          <s n="14">
            <w lemma="með" type="af">Með</w>
            <w lemma="sá" type="faheo">það</w>
            <w lemma="erindi" type="nheo">erindi</w>
            <w lemma="fara" type="sfg3eþ">fór</w>
            <w lemma="n." type="ks">n.</w>
            <w lemma="á" type="af">á</w>
            <w lemma="fundur" type="nkeo">fund</w>
            <w lemma="mjólkursölun" type="nven">mjólkursölun</w>
            <w lemma="." type="pl">.</w>
          </s>
          <s n="15">
            <w lemma="og" type="c">og</w>
            <w lemma="hún" type="fpven">hún</w>
            <w lemma="segja" type="sfm3eþ">sagðist</w>
            <w lemma="mundu" type="sng">mundu</w>
            <w lemma="athuga" type="sng">athuga</w>
            <w lemma="," type="pk">,</w>
            <w lemma="hvernig" type="aa">hvernig</w>
            <w lemma="þessi" type="fahen">þetta</w>
            <w lemma="vera" type="svg3eþ">væri</w>
            <w lemma="framkvæmanlegur" type="lhensf">framkvæmanlegt</w>
            <w lemma="í" type="af">í</w>
            <w lemma="framtíð" type="nveþg">framtíðinni</w>
            <w lemma="." type="pl">.</w>
          </s>
          <s n="16">
            <w lemma="láta" type="sfg3eþ">Lét</w>
            <w lemma="n." type="af">n.</w>
            <w lemma="sig" type="fpheþ">sér</w>
            <w lemma="það" type="fpheo">það</w>
            <w lemma="vel" type="aa">vel</w>
            <w lemma="líka" type="aa">líka</w>
            <w lemma="." type="pl">.</w>
          </s>
          <s n="17">
            <w lemma="annar" type="foheo">Annað</w>
            <w lemma="erindi" type="nheo">erindi</w>
            <w lemma="n." type="ks">n.</w>
            <w lemma="á" type="af">á</w>
            <w lemma="þessi" type="fakeo">þennan</w>
            <w lemma="fundur" type="nkeo">fund</w>
            <w lemma="vera" type="sfg3eþ">var</w>
            <w lemma="að" type="cn">að</w>
            <w lemma="vita" type="sng">vita</w>
            <w lemma="," type="pk">,</w>
            <w lemma="hvort" type="c">hvort</w>
            <w lemma="Samsala" type="nvengs">Samsalan</w>
            <w lemma="vilja" type="sfg3eþ">vildi</w>
            <w lemma="ekki" type="aa">ekki</w>
            <w lemma="hluta" type="sþmhen">hlutast</w>
            <w lemma="til" type="aa">til</w>
            <w lemma="um" type="af">um</w>
            <w lemma="það" type="fpheo">það</w>
            <w lemma="," type="pk">,</w>
            <w lemma="að" type="c">að</w>
            <w lemma="mjólk" type="nven">mjólk</w>
            <w lemma="vera" type="svg3eþ">væri</w>
            <w lemma="sérmerkja" type="sþgven">sérmerkt</w>
            <w lemma="og" type="c">og</w>
            <w lemma="mjólkurvara" type="nvfn">mjólkurvörur</w>
            <w lemma="frá" type="af">frá</w>
            <w lemma="einn" type="lheþsf">einu</w>
            <w lemma="bú" type="nheþ">búi</w>
            <w lemma="nærlendis" type="aa">nærlendis</w>
            <w lemma="," type="pk">,</w>
            <w lemma="sem" type="ct">sem</w>
            <w lemma="þykja" type="sfg3fþ">þóttu</w>
            <w lemma="sérstaklega" type="aa">sérstaklega</w>
            <w lemma="góður" type="lvfnsf">góðar</w>
            <w lemma="að" type="af">að</w>
            <w lemma="dómur" type="nkeþ">dómi</w>
            <w lemma="allur" type="fovfe">allra</w>
            <w lemma="húsmóðir" type="nvfe">húsmæðra</w>
            <w lemma="," type="pk">,</w>
            <w lemma="sem" type="ct">sem</w>
            <w lemma="hafa" type="sfg3fþ">höfðu</w>
            <w lemma="skipta" type="sþghen">skipt</w>
            <w lemma="við" type="af">við</w>
            <w lemma="sá" type="faheo">það</w>
            <w lemma="bú" type="nheo">bú</w>
            <w lemma="." type="pl">.</w>
          </s>
          <s n="18">
            <w lemma="undir" type="af">Undir</w>
            <w lemma="þessi" type="faheo">þetta</w>
            <w lemma="vera" type="sfg3eþ">var</w>
            <w lemma="líka" type="aa">líka</w>
            <w lemma="taka" type="sþghen">tekið</w>
            <w lemma="harla" type="aam">fremur</w>
            <w lemma="liðlega" type="aa">liðlega</w>
            <w lemma="." type="pl">.</w>
          </s>
          <s n="19">
            <w lemma="svo" type="aa">Svo</w>
            <w lemma="líða" type="sfg3eþ">leið</w>
            <w lemma="nú" type="aa">nú</w>
            <w lemma="og" type="c">og</w>
            <w lemma="bíða" type="sfg1eþ">beið</w>
            <w lemma="," type="pk">,</w>
            <w lemma="og" type="c">og</w>
            <w lemma="síðan" type="aa">síðan</w>
            <w lemma="koma" type="sfg3fþ">komu</w>
            <w lemma="svar" type="nhfng">svörin</w>
            <w lemma="." type="pl">.</w>
          </s>
          <s n="20">
            <w lemma="það" type="fphfn">Þau</w>
            <w lemma="vera" type="sfg3fþ">voru</w>
            <w lemma="þessi" type="fahfn">þessi</w>
            <w lemma="," type="pk">,</w>
            <w lemma="að" type="c">að</w>
            <w lemma="sérmerktur" type="lveþvf">sérmerktu</w>
            <w lemma="mjólk" type="nveþg">mjólkinni</w>
            <w lemma="vera" type="sfg3eþ">var</w>
            <w lemma="blanda" type="sþghen">blandað</w>
            <w lemma="saman" type="aa">saman</w>
            <w lemma="við" type="af">við</w>
            <w lemma="hinn" type="faveo">hina</w>
            <w lemma="mjólk" type="nveog">mjólkina</w>
            <w lemma="og" type="c">og</w>
            <w lemma="hætta" type="sþgven">hætt</w>
            <w lemma="að" type="cn">að</w>
            <w lemma="selja" type="sng">selja</w>
            <w lemma="hún" type="fpveo">hana</w>
            <w lemma="undir" type="af">undir</w>
            <w lemma="sérmerki" type="nheþ">sérmerki</w>
            <w lemma="." type="pl">.</w>
          </s>
          <s n="21">
            <w lemma="og" type="c">Og</w>
            <w lemma="nýmjólk" type="nveng">nýmjólkin</w>
            <w lemma="," type="pk">,</w>
            <w lemma="sem" type="ct">sem</w>
            <w lemma="n." type="ks">n.</w>
            <w lemma="hafa" type="sfg3eþ">hafði</w>
            <w lemma="góður" type="lhfosf">góð</w>
            <w lemma="orð" type="nhfo">orð</w>
            <w lemma="um" type="af">um</w>
            <w lemma="," type="pk">,</w>
            <w lemma="að" type="cn">að</w>
            <w lemma="koma" type="sng">koma</w>
            <w lemma="skulu" type="svg3eþ">skyldi</w>
            <w lemma="á" type="af">á</w>
            <w lemma="markaður" type="nkeog">markaðinn</w>
            <w lemma="," type="pk">,</w>
            <w lemma="vera" type="sfg3eþ">var</w>
            <w lemma="að" type="af">að</w>
            <w lemma="vís" type="lheþsf">vísu</w>
            <w lemma="auglýsa" type="sþghen">auglýst</w>
            <w lemma="," type="pk">,</w>
            <w lemma="að" type="c">að</w>
            <w lemma="hún" type="fpven">hún</w>
            <w lemma="vera" type="svg3eþ">væri</w>
            <w lemma="fáanlegur" type="lvensf">fáanleg</w>
            <w lemma="," type="pk">,</w>
            <w lemma="en" type="c">en</w>
            <w lemma="aðeins" type="aa">aðeins</w>
            <w lemma="gegn" type="af">gegn</w>
            <w lemma="læknisvottorð" type="nheþ">læknisvottorði</w>
            <w lemma="!" type="pl">!</w>
          </s>
          <s n="22">
            <w lemma="ég" type="fp1en">Ég</w>
            <w lemma="verða" type="sfg1en">verð</w>
            <w lemma="að" type="cn">að</w>
            <w lemma="segja" type="sng">segja</w>
            <w lemma="," type="pk">,</w>
            <w lemma="að" type="c">að</w>
            <w lemma="þessi" type="fahen">þetta</w>
            <w lemma="koma" type="sfg3en">kemur</w>
            <w lemma="einkennilega" type="aa">einkennilega</w>
            <w lemma="við" type="aa">við</w>
            <w lemma="á" type="af">á</w>
            <w lemma="sami" type="fbkeþ">sama</w>
            <w lemma="tími" type="nkeþ">tíma</w>
            <w lemma="sem" type="ct">sem</w>
            <w lemma="brennivín" type="nheng">brennivínið</w>
            <w lemma="vera" type="sfg3en">er</w>
            <w lemma="láta" type="sþghen">látið</w>
            <w lemma="ganga" type="sng">ganga</w>
            <w lemma="vottorðaljóta" type="sfm1eþ">vottorðalaust</w>
            <w lemma="hér" type="aa">hér</w>
            <w lemma="um" type="af">um</w>
            <w lemma="land" type="nheog">landið</w>
            <w lemma="." type="pl">.</w>
          </s>
          <s n="23">
            <w lemma="þessi" type="fahen">Þetta</w>
            <w lemma="vera" type="sfg3eþ">var</w>
            <w lemma="það" type="fphen">það</w>
            <w lemma="," type="pk">,</w>
            <w lemma="sem" type="ct">sem</w>
            <w lemma="húsmóðir" type="nvfng">húsmæðurnar</w>
            <w lemma="biðja" type="sfg3fþ">báðu</w>
            <w lemma="um" type="af">um</w>
            <w lemma="," type="pk">,</w>
            <w lemma="að" type="cn">að</w>
            <w lemma="fá" type="sng">fá</w>
            <w lemma="nýmjólk" type="nveo">nýmjólk</w>
            <w lemma="," type="pk">,</w>
            <w lemma="sem" type="ct">sem</w>
            <w lemma="ég" type="fp1fn">við</w>
            <w lemma="kalla" type="sfg1fþ">kölluðum</w>
            <w lemma="svo" type="aa">svo</w>
            <w lemma="," type="pk">,</w>
            <w lemma="en" type="c">en</w>
            <w lemma="ekki" type="aa">ekki</w>
            <w lemma="samhelltur" type="lveosf">samhellta</w>
            <w lemma="mjólk" type="nveo">mjólk</w>
            <w lemma="," type="pk">,</w>
            <w lemma="sem" type="ct">sem</w>
            <w lemma="sumur" type="fokfn">sumir</w>
            <w lemma="kalla" type="sfg3fn">kalla</w>
            <w lemma="samsull" type="nheo">samsull</w>
            <w lemma="." type="pl">.</w>
          </s>
          <s n="24">
            <w lemma="það" type="fphen">Það</w>
            <w lemma="vera" type="sfg3eþ">var</w>
            <w lemma="þessi" type="fahen">þetta</w>
            <w lemma="," type="pk">,</w>
            <w lemma="sem" type="ct">sem</w>
            <w lemma="eiga" type="sþghen">átt</w>
            <w lemma="vera" type="sfg3eþ">var</w>
            <w lemma="við" type="aa">við</w>
            <w lemma="," type="pk">,</w>
            <w lemma="þegar" type="c">þegar</w>
            <w lemma="fara" type="sþghen">farið</w>
            <w lemma="vera" type="sfg3eþ">var</w>
            <w lemma="fram" type="aa">fram</w>
            <w lemma="á" type="af">á</w>
            <w lemma="að" type="cn">að</w>
            <w lemma="fá" type="sng">fá</w>
            <w lemma="mikill" type="lveovm">meiri</w>
            <w lemma="mjólk" type="nveo">mjólk</w>
            <w lemma="." type="pl">.</w>
          </s>
        </p>
        <p n="4">
          <s n="1">
            <w lemma="Hv." type="ks">Hv.</w>
            <w lemma="þm." type="ks">þm.</w>
            <w lemma="minna" type="sfm3eþ">minntist</w>
            <w lemma="á" type="af">á</w>
            <w lemma="brauð" type="nhfog">brauðin</w>
            <w lemma="og" type="c">og</w>
            <w lemma="brauðsala" type="nveog">brauðsöluna</w>
            <w lemma="já" type="au">Já</w>
            <w lemma="," type="pk">,</w>
            <w lemma="hvernig" type="aa">hvernig</w>
            <w lemma="vera" type="sfg3eþ">var</w>
            <w lemma="það" type="fphen">það</w>
            <w lemma="þá" type="aa">þá</w>
            <w lemma="með" type="af">með</w>
            <w lemma="brauð" type="nhfog">brauðin</w>
            <w lemma="?" type="pl">?</w>
          </s>
          <s n="2">
            <w lemma="vera" type="sfg3eþ">Var</w>
            <w lemma="það" type="fphen">það</w>
            <w lemma="ekki" type="aa">ekki</w>
            <w lemma="þannig" type="aa">þannig</w>
            <w lemma="," type="pk">,</w>
            <w lemma="að" type="c">að</w>
            <w lemma="Alþýðubrauðgerðin" type="nvengs">Alþýðubrauðgerðin</w>
            <w lemma="einn" type="lhfnsf">ein</w>
            <w lemma="fá" type="sfg3eþ">fékk</w>
            <w lemma="búð" type="nvfo">búðir</w>
            <w lemma="Samsala" type="nveegs">Samsölunnar</w>
            <w lemma="til" type="af">til</w>
            <w lemma="að" type="cn">að</w>
            <w lemma="selja" type="sng">selja</w>
            <w lemma="brauð" type="nheo">brauð</w>
            <w lemma="sinn" type="fehfo">sín</w>
            <w lemma="í" type="aa">í</w>
            <w lemma="?" type="pl">?</w>
          </s>
          <s n="3">
            <w lemma="vera" type="sfg3eþ">Var</w>
            <w lemma="þá" type="aa">þá</w>
            <w lemma="um" type="af">um</w>
            <w lemma="annar" type="foheo">annað</w>
            <w lemma="að" type="cn">að</w>
            <w lemma="gera" type="sng">gera</w>
            <w lemma="en" type="c">en</w>
            <w lemma="að" type="cn">að</w>
            <w lemma="kaupa" type="sng">kaupa</w>
            <w lemma="í" type="af">í</w>
            <w lemma="þessi" type="favfþ">þessum</w>
            <w lemma="búð" type="nvfþ">búðum</w>
            <w lemma="," type="pk">,</w>
            <w lemma="ef" type="c">ef</w>
            <w lemma="maður" type="nkfn">menn</w>
            <w lemma="vilja" type="svg3fþ">vildu</w>
            <w lemma="ekki" type="aa">ekki</w>
            <w lemma="fara" type="sng">fara</w>
            <w lemma="langur" type="lkeovm">lengri</w>
            <w lemma="eða" type="c">eða</w>
            <w lemma="skammur" type="lkeovm">skemmri</w>
            <w lemma="aukakrókur" type="nkeo">aukakrók</w>
            <w lemma="?" type="pl">?</w>
          </s>
          <s n="4">
            <w lemma="þessi" type="fahen">Þetta</w>
            <w lemma="koma" type="sfg3en">kemur</w>
            <w lemma="aðallega" type="aa">aðallega</w>
            <w lemma="niður" type="aa">niður</w>
            <w lemma="á" type="af">á</w>
            <w lemma="einyrki" type="nkeo">einyrkja</w>
            <w lemma="húsmóðir" type="nvfþ">húsmæðrum</w>
            <w lemma="," type="pk">,</w>
            <w lemma="og" type="c">og</w>
            <w lemma="það" type="fphee">þess</w>
            <w lemma="vegna" type="af">vegna</w>
            <w lemma="vera" type="sfg3eþ">var</w>
            <w lemma="fara" type="sþghen">farið</w>
            <w lemma="fram" type="aa">fram</w>
            <w lemma="á" type="af">á</w>
            <w lemma="það" type="fpheo">það</w>
            <w lemma="," type="pk">,</w>
            <w lemma="að" type="c">að</w>
            <w lemma="brauðasala" type="nveng">brauðasalan</w>
            <w lemma="vera" type="svg3eþ">væri</w>
            <w lemma="gefa" type="sþgven">gefin</w>
            <w lemma="frjáls" type="lvensf">frjáls</w>
            <w lemma="." type="pl">.</w>
          </s>
          <s n="5">
            <w lemma="hann" type="fpken">Hann</w>
            <w lemma="segja" type="sfg3eþ">sagði</w>
            <w lemma="," type="pk">,</w>
            <w lemma="að" type="c">að</w>
            <w lemma="ég" type="fp1fn">við</w>
            <w lemma="vilja" type="svg1fþ">vildum</w>
            <w lemma="eyðileggja" type="sng">eyðileggja</w>
            <w lemma="Samsala" type="nveogs">Samsöluna</w>
            <w lemma="." type="pl">.</w>
          </s>
          <s n="6">
            <w lemma="það" type="fpheo">Það</w>
            <w lemma="hafa" type="sfg3en">hefir</w>
            <w lemma="hann" type="fpken">hann</w>
            <w lemma="enginn" type="fokeo">engan</w>
            <w lemma="réttur" type="nkeo">rétt</w>
            <w lemma="til" type="af">til</w>
            <w lemma="að" type="cn">að</w>
            <w lemma="segja" type="sng">segja</w>
            <w lemma="." type="pl">.</w>
          </s>
          <s n="7">
            <w lemma="ég" type="fp1fn">Við</w>
            <w lemma="hafa" type="sfg1fn">höfum</w>
            <w lemma="enginn" type="foveo">enga</w>
            <w lemma="tilraun" type="nveo">tilraun</w>
            <w lemma="til" type="af">til</w>
            <w lemma="það" type="fphee">þess</w>
            <w lemma="gera" type="sþghen">gert</w>
            <w lemma="," type="pk">,</w>
            <w lemma="þó" type="aa">þó</w>
            <w lemma="að" type="c">að</w>
            <w lemma="ég" type="fp1fn">við</w>
            <w lemma="hafa" type="svg1fn">höfum</w>
            <w lemma="gera" type="sþghen">gert</w>
            <w lemma="tilraun" type="nvfo">tilraunir</w>
            <w lemma="til" type="af">til</w>
            <w lemma="að" type="cn">að</w>
            <w lemma="fá" type="sng">fá</w>
            <w lemma="ýmis" type="fovfo">ýmsar</w>
            <w lemma="leiðrétting" type="nvfo">leiðréttingar</w>
            <w lemma="á" type="af">á</w>
            <w lemma="mál" type="nhfþ">málum</w>
            <w lemma="ég" type="fp1fe">okkar</w>
            <w lemma="." type="pl">.</w>
          </s>
          <s n="8">
            <w lemma="og" type="c">Og</w>
            <w lemma="ég" type="fp1en">ég</w>
            <w lemma="fullyrða" type="sfg1en">fullyrði</w>
            <w lemma="," type="pk">,</w>
            <w lemma="að" type="c">að</w>
            <w lemma="ef" type="c">ef</w>
            <w lemma="hún" type="fpvfn">þær</w>
            <w lemma="hafa" type="svg3fþ">hefðu</w>
            <w lemma="vera" type="sþghen">verið</w>
            <w lemma="taka" type="sþgvfn">teknar</w>
            <w lemma="til" type="af">til</w>
            <w lemma="grein" type="nvfe">greina</w>
            <w lemma="," type="pk">,</w>
            <w lemma="þá" type="aa">þá</w>
            <w lemma="vera" type="svg3eþ">væri</w>
            <w lemma="þessi" type="faheþ">þessu</w>
            <w lemma="mál" type="nheþ">máli</w>
            <w lemma="að" type="af">að</w>
            <w lemma="margur" type="lheþsf">mörgu</w>
            <w lemma="leyti" type="nheþ">leyti</w>
            <w lemma="vel" type="aam">betur</w>
            <w lemma="koma" type="sþghen">komið</w>
            <w lemma="en" type="c">en</w>
            <w lemma="nú" type="aa">nú</w>
            <w lemma="vera" type="sfg3en">er</w>
            <w lemma="." type="pl">.</w>
          </s>
          <s n="9">
            <w lemma="hann" type="fpken">Hann</w>
            <w lemma="segja" type="sfg3eþ">sagði</w>
            <w lemma="líka" type="aa">líka</w>
            <w lemma="," type="pk">,</w>
            <w lemma="að" type="c">að</w>
            <w lemma="ég" type="fp1fn">við</w>
            <w lemma="vilja" type="svg1fþ">vildum</w>
            <w lemma="hafa" type="sng">hafa</w>
            <w lemma="fyrirkomulag" type="nheog">fyrirkomulagið</w>
            <w lemma="þannig" type="aa">þannig</w>
            <w lemma="," type="pk">,</w>
            <w lemma="að" type="c">að</w>
            <w lemma="hver" type="foken">hver</w>
            <w lemma="sem" type="ct">sem</w>
            <w lemma="vilja" type="svg3eþ">vildi</w>
            <w lemma="geta" type="svg3eþ">gæti</w>
            <w lemma="setja" type="sþghen">sett</w>
            <w lemma="upp" type="aa">upp</w>
            <w lemma="mjólkursölubúð" type="nveo">mjólkursölubúð</w>
            <w lemma="." type="pl">.</w>
          </s>
          <s n="10">
            <w lemma="þessi" type="fahen">Þetta</w>
            <w lemma="vera" type="sfg3en">er</w>
            <w lemma="nú" type="aa">nú</w>
            <w lemma="bara" type="aa">bara</w>
            <w lemma="fjarstæða" type="nven">fjarstæða</w>
            <w lemma="," type="pk">,</w>
            <w lemma="sem" type="ct">sem</w>
            <w lemma="hann" type="fpken">hann</w>
            <w lemma="meina" type="sfg3en">meinar</w>
            <w lemma="enginn" type="foheo">ekkert</w>
            <w lemma="með" type="aa">með</w>
            <w lemma="." type="pl">.</w>
          </s>
        </p>
        <p n="5">
          <s n="1">
            <w lemma="þá" type="aa">Þá</w>
            <w lemma="vera" type="sfg3eþ">var</w>
            <w lemma="það" type="fphen">það</w>
            <w lemma="með" type="af">með</w>
            <w lemma="lánstraust" type="nheog">lánstraustið</w>
            <w lemma="." type="pl">.</w>
          </s>
          <s n="2">
            <w lemma="ég" type="fp1fn">Við</w>
            <w lemma="fara" type="sfg1fþ">fórum</w>
            <w lemma="fram" type="aa">fram</w>
            <w lemma="á" type="af">á</w>
            <w lemma="það" type="fpheo">það</w>
            <w lemma="," type="pk">,</w>
            <w lemma="að" type="c">að</w>
            <w lemma="meðan" type="c">meðan</w>
            <w lemma="fólk" type="nheng">fólkið</w>
            <w lemma="vera" type="svg3eþ">væri</w>
            <w lemma="að" type="cn">að</w>
            <w lemma="venja" type="snm">venjast</w>
            <w lemma="þessi" type="faheþ">þessu</w>
            <w lemma="nýr" type="lheþvf">nýja</w>
            <w lemma="fyrirkomulag" type="nheþ">fyrirkomulagi</w>
            <w lemma="," type="pk">,</w>
            <w lemma="vera" type="svg3eþ">væri</w>
            <w lemma="fátækur" type="lheþsf">fátæku</w>
            <w lemma="en" type="c">en</w>
            <w lemma="þó" type="aa">þó</w>
            <w lemma="áreiðanlegur" type="lheþsf">áreiðanlegu</w>
            <w lemma="fólk" type="nheþ">fólki</w>
            <w lemma="lána" type="sþgven">lánuð</w>
            <w lemma="mjólk" type="nveng">mjólkin</w>
            <w lemma="til" type="af">til</w>
            <w lemma="vika" type="nvee">viku</w>
            <w lemma="í" type="aa">í</w>
            <w lemma="senn" type="aa">senn</w>
            <w lemma="." type="pl">.</w>
          </s>
          <s n="3">
            <w lemma="fátækling" type="nvfn">Fátæklingar</w>
            <w lemma="vera" type="sfg3fn">eru</w>
            <w lemma="oft" type="aae">oftast</w>
            <w lemma="eins" type="aa">eins</w>
            <w lemma="áreiðanlegur" type="lkfnsf">áreiðanlegir</w>
            <w lemma="í" type="af">í</w>
            <w lemma="viðskipti" type="nhfþ">viðskiptum</w>
            <w lemma="eins" type="aa">eins</w>
            <w lemma="og" type="c">og</w>
            <w lemma="sá" type="fakfn">þeir</w>
            <w lemma="," type="pk">,</w>
            <w lemma="sem" type="ct">sem</w>
            <w lemma="efnaður" type="lkfnvm">efnaðri</w>
            <w lemma="vera" type="sfg3fn">eru</w>
            <w lemma="." type="pl">.</w>
          </s>
          <s n="4">
            <w lemma="og" type="c">Og</w>
            <w lemma="þá" type="aa">þá</w>
            <w lemma="gefa" type="svm3eþ">gæfist</w>
            <w lemma="fátækur" type="lheþsf">fátæku</w>
            <w lemma="fólk" type="nheþ">fólki</w>
            <w lemma="kostur" type="nken">kostur</w>
            <w lemma="á" type="af">á</w>
            <w lemma="að" type="cn">að</w>
            <w lemma="fá" type="sng">fá</w>
            <w lemma="reikningur" type="nkeo">reikning</w>
            <w lemma="við" type="af">við</w>
            <w lemma="mjólkurbúð" type="nvfog">mjólkurbúðirnar</w>
            <w lemma="." type="pl">.</w>
          </s>
          <s n="5">
            <w lemma="flokksbróð" type="nvfn">Flokksbróðir</w>
            <w lemma="hv." type="ks">hv.</w>
            <w lemma="þm." type="ks">þm.</w>
            <w lemma="ganga" type="sfg3eþ">gekk</w>
            <w lemma="inn" type="aa">inn</w>
            <w lemma="á" type="af">á</w>
            <w lemma="þessi" type="faheo">þetta</w>
            <w lemma="við" type="af">við</w>
            <w lemma="ég" type="fp1eo">mig</w>
            <w lemma="," type="pk">,</w>
            <w lemma="og" type="c">og</w>
            <w lemma="segja" type="sfg3eþ">sagði</w>
            <w lemma="hann" type="fpken">hann</w>
            <w lemma="ég" type="fp1eþ">mér</w>
            <w lemma="," type="pk">,</w>
            <w lemma="að" type="c">að</w>
            <w lemma="hann" type="fpkfn">þeir</w>
            <w lemma="hafa" type="svg3fþ">hefðu</w>
            <w lemma="segja" type="sþghen">sagt</w>
            <w lemma="stúlka" type="nvfþg">stúlkunum</w>
            <w lemma="í" type="af">í</w>
            <w lemma="búð" type="nvfþg">búðunum</w>
            <w lemma="," type="pk">,</w>
            <w lemma="að" type="c">að</w>
            <w lemma="hún" type="fpvfn">þær</w>
            <w lemma="mega" type="svg3fþ">mættu</w>
            <w lemma="lána" type="sng">lána</w>
            <w lemma="fólk" type="nheþ">fólki</w>
            <w lemma="þegar" type="c">þegar</w>
            <w lemma="svo" type="aa">svo</w>
            <w lemma="bera" type="svg3eþ">bæri</w>
            <w lemma="undir" type="aa">undir</w>
            <w lemma="." type="pl">.</w>
          </s>
          <s n="6">
            <w lemma="en" type="c">En</w>
            <w lemma="svo" type="aa">svo</w>
            <w lemma="segja" type="sfg3en">segir</w>
            <w lemma="hv." type="ks">hv.</w>
            <w lemma="þm." type="ks">þm.</w>
            <w lemma="," type="pk">,</w>
            <w lemma="að" type="c">að</w>
            <w lemma="ég" type="fp1fn">við</w>
            <w lemma="vera" type="svg1fn">séum</w>
            <w lemma="að" type="cn">að</w>
            <w lemma="berja" type="snm">berjast</w>
            <w lemma="fyrir" type="af">fyrir</w>
            <w lemma="lán" type="nhfþ">lánum</w>
            <w lemma="handa" type="af">handa</w>
            <w lemma="efnaður" type="lheþvf">efnaða</w>
            <w lemma="fólk" type="nheþg">fólkinu</w>
            <w lemma="." type="pl">.</w>
          </s>
          <s n="7">
            <w lemma="hann" type="fpken">Hann</w>
            <w lemma="þekkja" type="sfg3en">þekkir</w>
            <w lemma="lítið" type="aa">lítið</w>
            <w lemma="til" type="af">til</w>
            <w lemma="ég" type="fp1fe">okkar</w>
            <w lemma="starf" type="nhee">starfs</w>
            <w lemma="," type="pk">,</w>
            <w lemma="ef" type="c">ef</w>
            <w lemma="hann" type="fpken">hann</w>
            <w lemma="halda" type="sfg3en">heldur</w>
            <w lemma="," type="pk">,</w>
            <w lemma="að" type="c">að</w>
            <w lemma="ég" type="fp1fn">við</w>
            <w lemma="hafa" type="svg1fn">höfum</w>
            <w lemma="ekki" type="aa">ekki</w>
            <w lemma="frekar" type="aam">frekar</w>
            <w lemma="hafa" type="sþghen">haft</w>
            <w lemma="í" type="af">í</w>
            <w lemma="hugi" type="nkeþ">huga</w>
            <w lemma="þá" type="aa">þá</w>
            <w lemma="fátækur" type="lheþsf">fátæku</w>
            <w lemma="en" type="c">en</w>
            <w lemma="þá" type="aa">þá</w>
            <w lemma="efna" type="sfg3fþ">efnuðu</w>
            <w lemma="." type="pl">.</w>
          </s>
          <s n="8">
            <w lemma="Guðmundur" type="nken-s">Guðmundur</w>
            <w lemma="Oddsson" type="nken-s">Oddsson</w>
            <w lemma="hafa" type="sfg3en">hefir</w>
            <w lemma="ganga" type="sþghen">gengið</w>
            <w lemma="inn" type="aa">inn</w>
            <w lemma="á" type="af">á</w>
            <w lemma="það" type="fpheo">það</w>
            <w lemma="," type="pk">,</w>
            <w lemma="að" type="c">að</w>
            <w lemma="þessi" type="fahen">þetta</w>
            <w lemma="vera" type="svg3eþ">væri</w>
            <w lemma="óþægilegur" type="lhensf">óþægilegt</w>
            <w lemma="fyrir" type="af">fyrir</w>
            <w lemma="fátæklingur" type="nkfog">fátæklingana</w>
            <w lemma="." type="pl">.</w>
          </s>
          <s n="9">
            <w lemma="margur" type="lkfnsf">Margir</w>
            <w lemma="draga" type="sfg3fþ">drógu</w>
            <w lemma="af" type="af">af</w>
            <w lemma="þessi" type="favfþ">þessum</w>
            <w lemma="ástæða" type="nvfþ">ástæðum</w>
            <w lemma="við" type="af">við</w>
            <w lemma="sig" type="fpkfo">sig</w>
            <w lemma="mjólkurkaup" type="nheo">mjólkurkaup</w>
            <w lemma="," type="pk">,</w>
            <w lemma="og" type="c">og</w>
            <w lemma="fyrstur" type="lkfove">fyrstu</w>
            <w lemma="dagur" type="nkfog">dagana</w>
            <w lemma="geta" type="sfg3fþ">gátu</w>
            <w lemma="sumur" type="fokfn">sumir</w>
            <w lemma="allur" type="fohee">alls</w>
            <w lemma="ekki" type="aa">ekki</w>
            <w lemma="fá" type="sþghen">fengið</w>
            <w lemma="neinn" type="foveo">neina</w>
            <w lemma="mjólk" type="nveo">mjólk</w>
            <w lemma="." type="pl">.</w>
          </s>
        </p>
        <p n="6">
          <s n="1">
            <w lemma="séra" type="nken">Séra</w>
            <w lemma="Sveinbjörn" type="nken-s">Sveinbjörn</w>
            <w lemma="Högnason" type="nken-s">Högnason</w>
            <w lemma="spyrja" type="sfg3eþ">spurði</w>
            <w lemma="ég" type="fp1eo">mig</w>
            <w lemma="," type="pk">,</w>
            <w lemma="hvort" type="c">hvort</w>
            <w lemma="ekki" type="aa">ekki</w>
            <w lemma="munu" type="svg3eþ">myndi</w>
            <w lemma="vera" type="sng">vera</w>
            <w lemma="praktiskur" type="lhensf">praktiskt</w>
            <w lemma="að" type="cn">að</w>
            <w lemma="borga" type="sng">borga</w>
            <w lemma="mjólk" type="nveog">mjólkina</w>
            <w lemma="fyrirfram" type="aa">fyrirfram</w>
            <w lemma="," type="pk">,</w>
            <w lemma="þannig" type="aa">þannig</w>
            <w lemma="," type="pk">,</w>
            <w lemma="að" type="c">að</w>
            <w lemma="kaupa" type="sþgkfn">keyptir</w>
            <w lemma="verða" type="svg3fþ">yrðu</w>
            <w lemma="miði" type="nkfn">miðar</w>
            <w lemma="," type="pk">,</w>
            <w lemma="sem" type="ct">sem</w>
            <w lemma="mjólk" type="nven">mjólk</w>
            <w lemma="verða" type="svg3eþ">yrði</w>
            <w lemma="svo" type="aa">svo</w>
            <w lemma="taka" type="sþgven">tekin</w>
            <w lemma="út" type="aa">út</w>
            <w lemma="á" type="aa">á</w>
            <w lemma="." type="pl">.</w>
          </s>
          <s n="2">
            <w lemma="jú" type="au">Jú</w>
            <w lemma="," type="pk">,</w>
            <w lemma="ég" type="fp1en">ég</w>
            <w lemma="svara" type="sfg1eþ">svaraði</w>
            <w lemma="," type="pk">,</w>
            <w lemma="að" type="c">að</w>
            <w lemma="það" type="fphen">það</w>
            <w lemma="geta" type="svg3eþ">gæti</w>
            <w lemma="vera" type="sþghen">verið</w>
            <w lemma="heppilegur" type="lhensf">heppilegt</w>
            <w lemma="fyrir" type="af">fyrir</w>
            <w lemma="sá" type="fakfo">þá</w>
            <w lemma="," type="pk">,</w>
            <w lemma="sem" type="ct">sem</w>
            <w lemma="peningur" type="nkfog">peningana</w>
            <w lemma="hafa" type="sfg3fn">hafa</w>
            <w lemma="," type="pk">,</w>
            <w lemma="en" type="c">en</w>
            <w lemma="fyrir" type="af">fyrir</w>
            <w lemma="verkamaður" type="nkfo">verkamenn</w>
            <w lemma="," type="pk">,</w>
            <w lemma="sem" type="ct">sem</w>
            <w lemma="lítill" type="lheosf">lítið</w>
            <w lemma="hafa" type="sfg3fn">hafa</w>
            <w lemma="hönd" type="nvfe">handa</w>
            <w lemma="á" type="aa">á</w>
            <w lemma="milli" type="aa">milli</w>
            <w lemma="," type="pk">,</w>
            <w lemma="vera" type="svg3eþ">væri</w>
            <w lemma="þessi" type="fahen">þetta</w>
            <w lemma="lítill" type="lvensf">lítil</w>
            <w lemma="hjálp" type="nven">hjálp</w>
            <w lemma="." type="pl">.</w>
          </s>
          <s n="3">
            <w lemma="-" type="pa">-</w>
            <w lemma="þessi" type="fahen">Þetta</w>
            <w lemma="allur" type="fohen">allt</w>
            <w lemma="koma" type="sfg3en">kemur</w>
            <w lemma="það" type="fpheþ">því</w>
            <w lemma="til" type="af">til</w>
            <w lemma="leið" type="nvee">leiðar</w>
            <w lemma="," type="pk">,</w>
            <w lemma="að" type="c">að</w>
            <w lemma="fólk" type="nhen">fólk</w>
            <w lemma="draga" type="sfg3en">dregur</w>
            <w lemma="inn" type="aa">inn</w>
            <w lemma="kaup" type="nheo">kaup</w>
            <w lemma="sinn" type="fehfo">sín</w>
            <w lemma="og" type="c">og</w>
            <w lemma="hætta" type="sfg3en">hættir</w>
            <w lemma="að" type="cn">að</w>
            <w lemma="skipta" type="sng">skipta</w>
            <w lemma="við" type="af">við</w>
            <w lemma="sá" type="favfo">þær</w>
            <w lemma="verzlun" type="nvfo">verzlanir</w>
            <w lemma="," type="pk">,</w>
            <w lemma="sem" type="ct">sem</w>
            <w lemma="vera" type="sfg3fn">eru</w>
            <w lemma="jafn" type="aa">jafn</w>
            <w lemma="staurslegur" type="lvfnsf">staurslegar</w>
            <w lemma="í" type="af">í</w>
            <w lemma="viðskipti" type="nhfþ">viðskiptum</w>
            <w lemma="og" type="c">og</w>
            <w lemma="Samsalan" type="n----s">Samsalan</w>
            <w lemma="." type="pl">.</w>
          </s>
        </p>
        <p n="7">
          <s n="1">
            <w lemma="þá" type="aa">Þá</w>
            <w lemma="segja" type="sfg3eþ">sagði</w>
            <w lemma="hv." type="ks">hv.</w>
            <w lemma="þm." type="ks">þm.</w>
            <w lemma="," type="pk">,</w>
            <w lemma="að" type="c">að</w>
            <w lemma="enginn" type="foken">enginn</w>
            <w lemma="árangur" type="nken">árangur</w>
            <w lemma="hafa" type="svg3eþ">hefði</w>
            <w lemma="verða" type="sþghen">orðið</w>
            <w lemma="af" type="af">af</w>
            <w lemma="samtök" type="nhfþ">samtökum</w>
            <w lemma="húsmóðir" type="nvfeg">húsmæðranna</w>
            <w lemma="." type="pl">.</w>
          </s>
          <s n="2">
            <w lemma="ég" type="fp1en">Ég</w>
            <w lemma="búa" type="sfm1eþ">bjóst</w>
            <w lemma="nú" type="aa">nú</w>
            <w lemma="ekki" type="aa">ekki</w>
            <w lemma="við" type="aa">við</w>
            <w lemma="," type="pk">,</w>
            <w lemma="að" type="c">að</w>
            <w lemma="hann" type="fpken">hann</w>
            <w lemma="fara" type="svg3eþ">færi</w>
            <w lemma="að" type="cn">að</w>
            <w lemma="hæla" type="sng">hæla</w>
            <w lemma="hann" type="fpkfþ">þeim</w>
            <w lemma="." type="pl">.</w>
          </s>
          <s n="3">
            <w lemma="en" type="c">En</w>
            <w lemma="þá" type="aa">þá</w>
            <w lemma="vilja" type="sfg1en">vil</w>
            <w lemma="ég" type="fp1en">ég</w>
            <w lemma="spyrja" type="sng">spyrja</w>
            <w lemma="hann" type="fpkeo">hann</w>
            <w lemma="," type="pk">,</w>
            <w lemma="hver" type="fshee">hvers</w>
            <w lemma="vegna" type="af">vegna</w>
            <w lemma="samsala" type="nveng">samsalan</w>
            <w lemma="fara" type="sfg3eþ">fór</w>
            <w lemma="að" type="cn">að</w>
            <w lemma="lögsækja" type="sng">lögsækja</w>
            <w lemma="húsmóðir" type="nvfog">húsmæðurnar</w>
            <w lemma="úr" type="af">úr</w>
            <w lemma="það" type="fpheþ">því</w>
            <w lemma="starf" type="nhen">starf</w>
            <w lemma="hann" type="fpkfe">þeirra</w>
            <w lemma="vera" type="sfg3eþ">var</w>
            <w lemma="öldungis" type="aa">öldungis</w>
            <w lemma="gagnslaus" type="lhensf">gagnslaust</w>
            <w lemma="," type="pk">,</w>
            <w lemma="eins" type="aa">eins</w>
            <w lemma="og" type="c">og</w>
            <w lemma="hv." type="ks">hv.</w>
            <w lemma="þm." type="ks">þm.</w>
            <w lemma="segja" type="sfg3eþ">sagði</w>
            <w lemma="." type="pl">.</w>
          </s>
          <s n="4">
            <w lemma="annars" type="aa">Annars</w>
            <w lemma="vilja" type="sfg1en">vil</w>
            <w lemma="ég" type="fp1en">ég</w>
            <w lemma="ekki" type="aa">ekki</w>
            <w lemma="vera" type="sng">vera</w>
            <w lemma="að" type="cn">að</w>
            <w lemma="þreyta" type="sng">þreyta</w>
            <w lemma="hv." type="ks">hv.</w>
            <w lemma="d." type="x">d.</w>
            <w lemma="með" type="af">með</w>
            <w lemma="það" type="fpheþ">því</w>
            <w lemma="að" type="cn">að</w>
            <w lemma="ræða" type="sng">ræða</w>
            <w lemma="um" type="af">um</w>
            <w lemma="mál" type="nheo">mál</w>
            <w lemma="," type="pk">,</w>
            <w lemma="sem" type="ct">sem</w>
            <w lemma="ekki" type="aa">ekki</w>
            <w lemma="vera" type="sfg3en">er</w>
            <w lemma="á" type="af">á</w>
            <w lemma="dagskrá" type="nveþ">dagskrá</w>
            <w lemma="," type="pk">,</w>
            <w lemma="og" type="c">og</w>
            <w lemma="geta" type="sfg1en">get</w>
            <w lemma="því" type="aa">því</w>
            <w lemma="láta" type="sþghen">látið</w>
            <w lemma="mál" type="nheþ">máli</w>
            <w lemma="minn" type="feheþ">mínu</w>
            <w lemma="ljúka" type="sþghen">lokið</w>
            <w lemma="." type="pl">.</w>
          </s>
        </p>
      </div1>
    </body>
  </text>
</TEI>
