<?xml version="1.0" encoding="UTF-8"?>
<TEI xmlns="http://www.tei-c.org/ns/1.0" xml:id="R-33-4533512" xml:lang="is">
  <teiHeader>
    <fileDesc>
      <titleStmt>
        <title>
          <title type="main">Fávitahæli (91. mál)</title>
        </title>
        <respStmt>
          <resp xml:lang="is">Söfnun og úrvinnsla texta</resp>
          <resp xml:lang="en">Collection and processing of text</resp>
          <name xml:lang="is">Stofnun Árna Magnússonar í íslenskum fræðum</name>
          <name xml:lang="en">The Arni Magnusson Institute for Icelandic Studies</name>
        </respStmt>
      </titleStmt>
      <editionStmt>
        <p xml:lang="is">Málheild: Ræður frá Alþingi Íslendinga (2020.06)</p>
        <p xml:lang="en">Corpus: Speeches from The Parliament of Iceland (2020.06)</p>
      </editionStmt>
      <publicationStmt>
        <distributor xml:lang="is">Stofnun Árna Magnússonar í íslenskum fræðum</distributor>
        <distributor xml:lang="en">The Arni Magnusson Institute for Icelandic Studies</distributor>
        <address>
          <addrLine xml:lang="is">Árnagarður við Suðurgötu, 107 Reykjavík, Íslandi</addrLine>
          <addrLine xml:lang="en">Árnagarður Suðurgata, 107 Reykjavik, Iceland</addrLine>
          <addrLine>
            <email>arnastofnun@arnastofnun.is</email>
          </addrLine>
        </address>
        <idno type="risam">R-33-4533512</idno>
        <availability>
          <p xml:lang="is">Þessi texti er til notkunar í málrannsóknum og máltækniverkefnum um allan heim með CC-BY leyfi</p>
          <p xml:lang="en">This text is available for use in language research and language technology projects world wide with CC-BY licence.</p>
        </availability>
        <date>2020-05-27</date>
      </publicationStmt>
      <sourceDesc>
        <biblStruct>
          <analytic>
            <title>
              <title type="main">Fávitahæli (91. mál)</title>
            </title>
            <author>
             <persName>Guðrún Lárusdóttir</persName>
             <note type="gender">F</note>
             <note type="age">55</note>
             <note type="url">http://althingi.is/altext/cv/is/?nfaerslunr=203</note>
             <note type="political_party">Sjálfstæðisflokkur</note>
             <note type="constituency">landskjörinn alþingismaður (LA)</note>
             <note type="role">Alþingismaður</note>
            </author>
            <date when="1935-03-19">19.03. 1935</date>
          </analytic>
          <monogr>
            <title>althingi.is</title>
            <imprint>
              <publisher>Alþingi</publisher>
            </imprint>
            <biblScope>
             <ref>http://althingi.is/altext/raeda/?lthing=49&amp;rnr=2278</ref>
            </biblScope>
          </monogr>
        </biblStruct>
      </sourceDesc>
    </fileDesc>
    <encodingDesc>
      <projectDesc>
        <p xml:lang="is">Sjá lýsingu á verkefninu í rmh2Hdr.xml.</p>
        <p xml:lang="en">See description of project in rmh2Hdr.xml.</p>
      </projectDesc>
      <tagsDecl>
        <namespace name="http://www.tei-c.org/ns/1.0">
          <tagUsage gi="text" occurs="1"/>
          <tagUsage gi="body" occurs="1"/>
          <tagUsage gi="div1" occurs="1"/>
          <tagUsage gi="p" occurs="2"/>
          <tagUsage gi="s" occurs="17"/>
          <tagUsage gi="w" occurs="361"/>
          <tagUsage gi="c" occurs="0"/>
        </namespace>
      </tagsDecl>
    </encodingDesc>
  </teiHeader>
  <text>
    <body>
      <div1>
        <p n="1">
          <s n="1">
            <w lemma="Flm" type="n----s">Flm</w>
            <w lemma="." type="pl">.</w>
          </s>
          <s n="2">
            <w lemma="(" type="pa">(</w>
            <w lemma="Guðrún" type="nven-s">Guðrún</w>
            <w lemma="Lárusdóttir" type="nven-s">Lárusdóttir</w>
            <w lemma=")" type="pa">)</w>
            <w lemma=":" type="pa">:</w>
          </s>
          <s n="3">
            <w lemma="þessi" type="fahen">Þetta</w>
            <w lemma="mál" type="nhen">mál</w>
            <w lemma="vera" type="sfg3en">er</w>
            <w lemma="ekki" type="aa">ekki</w>
            <w lemma="nýr" type="lkensf">nýr</w>
            <w lemma="gestur" type="nken">gestur</w>
            <w lemma="hér" type="aa">hér</w>
            <w lemma="." type="pl">.</w>
          </s>
          <s n="4">
            <w lemma="það" type="fphen">Það</w>
            <w lemma="vera" type="sfg3en">er</w>
            <w lemma="búinn" type="lhensf">búið</w>
            <w lemma="að" type="cn">að</w>
            <w lemma="tala" type="sng">tala</w>
            <w lemma="um" type="af">um</w>
            <w lemma="það" type="fpheo">það</w>
            <w lemma="oft" type="aa">oft</w>
            <w lemma="áður" type="aa">áður</w>
            <w lemma="," type="pk">,</w>
            <w lemma="og" type="c">og</w>
            <w lemma="því" type="aa">því</w>
            <w lemma="óþarfur" type="lhensf">óþarft</w>
            <w lemma="að" type="cn">að</w>
            <w lemma="flytja" type="sng">flytja</w>
            <w lemma="um" type="af">um</w>
            <w lemma="það" type="fpheo">það</w>
            <w lemma="langur" type="lheosf">langt</w>
            <w lemma="mál" type="nheo">mál</w>
            <w lemma="nú" type="aa">nú</w>
            <w lemma="." type="pl">.</w>
          </s>
        </p>
        <p n="2">
          <s n="1">
            <w lemma="ég" type="fp1eþ">Mér</w>
            <w lemma="vera" type="sfg3en">er</w>
            <w lemma="það" type="fphen">það</w>
            <w lemma="fullljós" type="lhensf">fullljóst</w>
            <w lemma="," type="pk">,</w>
            <w lemma="að" type="c">að</w>
            <w lemma="eins" type="aa">eins</w>
            <w lemma="og" type="c">og</w>
            <w lemma="sök" type="nvfn">sakir</w>
            <w lemma="standa" type="sfg3fn">standa</w>
            <w lemma="með" type="aa">með</w>
            <w lemma="efnahagur" type="nkeþ">efnahag</w>
            <w lemma="ríkissjóður" type="nkee">ríkissjóðs</w>
            <w lemma="," type="pk">,</w>
            <w lemma="þá" type="aa">þá</w>
            <w lemma="vera" type="sfg3en">er</w>
            <w lemma="ekki" type="aa">ekki</w>
            <w lemma="heillavænlegur" type="lhensf">heillavænlegt</w>
            <w lemma="að" type="cn">að</w>
            <w lemma="bera" type="sng">bera</w>
            <w lemma="fram" type="aa">fram</w>
            <w lemma="frv." type="ks">frv.</w>
            <w lemma="," type="pk">,</w>
            <w lemma="sem" type="ct">sem</w>
            <w lemma="kosta" type="sfg3fn">kosta</w>
            <w lemma="ríkissjóður" type="nkeo">ríkissjóð</w>
            <w lemma="útgjöld" type="nhfo">útgjöld</w>
            <w lemma="." type="pl">.</w>
          </s>
          <s n="2">
            <w lemma="það" type="fphen">Það</w>
            <w lemma="vera" type="sfg3en">er</w>
            <w lemma="að" type="af">að</w>
            <w lemma="vís" type="lheþsf">vísu</w>
            <w lemma="svo" type="aa">svo</w>
            <w lemma="," type="pk">,</w>
            <w lemma="að" type="c">að</w>
            <w lemma="frv." type="ks">frv.</w>
            <w lemma="gera" type="sfg3en">gerir</w>
            <w lemma="ráð" type="nheo">ráð</w>
            <w lemma="fyrir" type="af">fyrir</w>
            <w lemma="fjárframlag" type="nhfþ">fjárframlögum</w>
            <w lemma="á" type="af">á</w>
            <w lemma="sinn" type="fekeþ">sínum</w>
            <w lemma="tími" type="nkeþ">tíma</w>
            <w lemma="," type="pk">,</w>
            <w lemma="en" type="c">en</w>
            <w lemma="ákvæði" type="nhfn">ákvæði</w>
            <w lemma="vera" type="sfg3fn">eru</w>
            <w lemma="í" type="af">í</w>
            <w lemma="2." type="ta">2.</w>
            <w lemma="gr." type="ks">gr.</w>
            <w lemma="," type="pk">,</w>
            <w lemma="sem" type="ct">sem</w>
            <w lemma="stemma" type="sfg3en">stemmir</w>
            <w lemma="stigur" type="nkfo">stigu</w>
            <w lemma="fyrir" type="af">fyrir</w>
            <w lemma="það" type="fpheþ">því</w>
            <w lemma="að" type="cn">að</w>
            <w lemma="leggja" type="sng">leggja</w>
            <w lemma="í" type="af">í</w>
            <w lemma="slíkur" type="fbkeo">slíkan</w>
            <w lemma="kostnaður" type="nkeo">kostnað</w>
            <w lemma="strax" type="aa">strax</w>
            <w lemma="." type="pl">.</w>
          </s>
          <s n="3">
            <w lemma="hinsvegar" type="aa">Hinsvegar</w>
            <w lemma="vera" type="sfg3fn">eru</w>
            <w lemma="í" type="af">í</w>
            <w lemma="frv." type="ks">frv.</w>
            <w lemma="annar" type="fohfo">önnur</w>
            <w lemma="ákvæði" type="nhfn">ákvæði</w>
            <w lemma="," type="pk">,</w>
            <w lemma="sem" type="ct">sem</w>
            <w lemma="ég" type="fp1en">ég</w>
            <w lemma="telja" type="sfg1en">tel</w>
            <w lemma="mjög" type="aa">mjög</w>
            <w lemma="mikill" type="lheesf">mikils</w>
            <w lemma="virði" type="nheo">virði</w>
            <w lemma="að" type="c">að</w>
            <w lemma="verða" type="svg3en">verði</w>
            <w lemma="að" type="aa">að</w>
            <w lemma="l." type="x">l.</w>
            <w lemma="nú" type="aa">nú</w>
            <w lemma="þegar" type="aa">þegar</w>
            <w lemma="," type="pk">,</w>
            <w lemma="og" type="c">og</w>
            <w lemma="munu" type="sfg3fn">munu</w>
            <w lemma="það" type="fphfn">þau</w>
            <w lemma="koma" type="sng">koma</w>
            <w lemma="fáviti" type="nkfþ">fávitum</w>
            <w lemma="til" type="af">til</w>
            <w lemma="góði" type="nkee">góða</w>
            <w lemma="þegar" type="aa">þegar</w>
            <w lemma="í" type="af">í</w>
            <w lemma="staður" type="nkeo">stað</w>
            <w lemma="á" type="af">á</w>
            <w lemma="sá" type="faheþ">því</w>
            <w lemma="hæll" type="nkeþ">hæli</w>
            <w lemma="," type="pk">,</w>
            <w lemma="sem" type="ct">sem</w>
            <w lemma="vera" type="sfg3en">er</w>
            <w lemma="til" type="aa">til</w>
            <w lemma="í" type="af">í</w>
            <w lemma="land" type="nheþg">landinu</w>
            <w lemma="." type="pl">.</w>
          </s>
          <s n="4">
            <w lemma="og" type="c">Og</w>
            <w lemma="með" type="af">með</w>
            <w lemma="það" type="fpheo">það</w>
            <w lemma="fyrir" type="af">fyrir</w>
            <w lemma="auga" type="nhfþ">augum</w>
            <w lemma="leggja" type="sfg1en">legg</w>
            <w lemma="ég" type="fp1en">ég</w>
            <w lemma="mikill" type="lveosf">mikla</w>
            <w lemma="áherzla" type="nveo">áherzlu</w>
            <w lemma="á" type="af">á</w>
            <w lemma="," type="pk">,</w>
            <w lemma="að" type="c">að</w>
            <w lemma="frv." type="ks">frv.</w>
            <w lemma="verða" type="svg3en">verði</w>
            <w lemma="samþ" type="nhen">samþ</w>
            <w lemma="." type="pl">.</w>
          </s>
          <s n="5">
            <w lemma="að" type="af">Að</w>
            <w lemma="annar" type="foheþ">öðru</w>
            <w lemma="leyti" type="nheþ">leyti</w>
            <w lemma="þurfa" type="sfg1en">þarf</w>
            <w lemma="ég" type="fp1en">ég</w>
            <w lemma="ekki" type="aa">ekki</w>
            <w lemma="að" type="cn">að</w>
            <w lemma="ræða" type="sng">ræða</w>
            <w lemma="um" type="af">um</w>
            <w lemma="nauðsyn" type="nveo">nauðsyn</w>
            <w lemma="þessi" type="fahee">þessa</w>
            <w lemma="mál" type="nhee">máls</w>
            <w lemma="," type="pk">,</w>
            <w lemma="það" type="fpheþ">því</w>
            <w lemma="hún" type="fpven">hún</w>
            <w lemma="vera" type="sfg3en">er</w>
            <w lemma="sízt" type="aae">sízt</w>
            <w lemma="lítill" type="lvenvm">minni</w>
            <w lemma="en" type="c">en</w>
            <w lemma="áður" type="aa">áður</w>
            <w lemma="," type="pk">,</w>
            <w lemma="og" type="c">og</w>
            <w lemma="ég" type="fp1en">ég</w>
            <w lemma="telja" type="sfg1en">tel</w>
            <w lemma="ekki" type="aa">ekki</w>
            <w lemma="hægur" type="lheosf">hægt</w>
            <w lemma="fyrir" type="af">fyrir</w>
            <w lemma="Alþ." type="ks">Alþ.</w>
            <w lemma="að" type="cn">að</w>
            <w lemma="skjóta" type="sng">skjóta</w>
            <w lemma="sig" type="fpveþ">sér</w>
            <w lemma="undan" type="af">undan</w>
            <w lemma="sá" type="faveþ">þeirri</w>
            <w lemma="nauðsyn" type="nveþ">nauðsyn</w>
            <w lemma="." type="pl">.</w>
          </s>
          <s n="6">
            <w lemma="það" type="fphen">Það</w>
            <w lemma="bera" type="sfm3fn">berast</w>
            <w lemma="daglega" type="lvfnof">daglega</w>
            <w lemma="rödd" type="nvfn">raddir</w>
            <w lemma="um" type="af">um</w>
            <w lemma="nauðsyn" type="nveo">nauðsyn</w>
            <w lemma="þessi" type="faveo">þessa</w>
            <w lemma="," type="pk">,</w>
            <w lemma="rödd" type="nvfn">raddir</w>
            <w lemma="aðþrengdur" type="lkfesf">aðþrengdra</w>
            <w lemma="foreldrar" type="nkfe">foreldra</w>
            <w lemma="og" type="c">og</w>
            <w lemma="vandamaður" type="nkfe">vandamanna</w>
            <w lemma="eða" type="c">eða</w>
            <w lemma="aðþrengdur" type="lhfesf">aðþrengdra</w>
            <w lemma="heimili" type="nhfe">heimila</w>
            <w lemma="," type="pk">,</w>
            <w lemma="sem" type="ct">sem</w>
            <w lemma="vera" type="sfg3fn">eru</w>
            <w lemma="í" type="af">í</w>
            <w lemma="standandi" type="lhfþof">standandi</w>
            <w lemma="vandræði" type="nhfþ">vandræðum</w>
            <w lemma="með" type="af">með</w>
            <w lemma="veslingur" type="nkfo">veslinga</w>
            <w lemma="þá" type="aa">þá</w>
            <w lemma="," type="pk">,</w>
            <w lemma="er" type="ct">er</w>
            <w lemma="venjulega" type="aa">venjulega</w>
            <w lemma="vera" type="sfg3fn">eru</w>
            <w lemma="kalla" type="sþgkfn">kallaðir</w>
            <w lemma="fábjáni" type="nkfn">fábjánar</w>
            <w lemma="." type="pl">.</w>
          </s>
          <s n="7">
            <w lemma="það" type="fpheo">Það</w>
            <w lemma="hafa" type="sfg3fn">hafa</w>
            <w lemma="ekki" type="aa">ekki</w>
            <w lemma="ósjaldan" type="aa">ósjaldan</w>
            <w lemma="borizt" type="e">borizt</w>
            <w lemma="Alþ." type="ks">Alþ.</w>
            <w lemma="beiðni" type="nvfo">beiðnir</w>
            <w lemma="um" type="af">um</w>
            <w lemma="að" type="cn">að</w>
            <w lemma="kosta" type="sng">kosta</w>
            <w lemma="fáviti" type="nkfo">fávita</w>
            <w lemma="á" type="af">á</w>
            <w lemma="hæll" type="nkeþ">hæli</w>
            <w lemma="erlendis" type="aa">erlendis</w>
            <w lemma="." type="pl">.</w>
          </s>
          <s n="8">
            <w lemma="nú" type="aa">Nú</w>
            <w lemma="eiga" type="sfg1fn">eigum</w>
            <w lemma="ég" type="fp1fn">við</w>
            <w lemma="hæli" type="nken">hæli</w>
            <w lemma="," type="pk">,</w>
            <w lemma="sem" type="ct">sem</w>
            <w lemma="vera" type="sfg3en">er</w>
            <w lemma="álíta" type="sþghen">álitið</w>
            <w lemma="góður" type="lhensf">gott</w>
            <w lemma="," type="pk">,</w>
            <w lemma="og" type="c">og</w>
            <w lemma="ef" type="c">ef</w>
            <w lemma="frv." type="ks">frv.</w>
            <w lemma="verða" type="sfg3en">verður</w>
            <w lemma="að" type="af">að</w>
            <w lemma="l" type="nheþ">l</w>
            <w lemma="." type="pl">.</w>
          </s>
          <s n="9">
            <w lemma="," type="pk">,</w>
            <w lemma="þá" type="aa">þá</w>
            <w lemma="verða" type="sfg3en">verður</w>
            <w lemma="skipaður" type="lvensf">skipuð</w>
            <w lemma="þrír" type="tfkfe">þriggja</w>
            <w lemma="maður" type="nkfe">manna</w>
            <w lemma="eftirlitsnefnd" type="nven">eftirlitsnefnd</w>
            <w lemma="með" type="af">með</w>
            <w lemma="heimili" type="nhfþ">heimilum</w>
            <w lemma="eða" type="c">eða</w>
            <w lemma="hæll" type="nkfþ">hælum</w>
            <w lemma="fáviti" type="nkfe">fávita</w>
            <w lemma="." type="pl">.</w>
          </s>
          <s n="10">
            <w lemma="ég" type="fp1en">Ég</w>
            <w lemma="vona" type="sfm1en">vonast</w>
            <w lemma="til" type="af">til</w>
            <w lemma="það" type="fphee">þess</w>
            <w lemma="," type="pk">,</w>
            <w lemma="að" type="c">að</w>
            <w lemma="ég" type="fp1fn">við</w>
            <w lemma="umr." type="ks">umr.</w>
            <w lemma="sá" type="favfo">þær</w>
            <w lemma="og" type="c">og</w>
            <w lemma="skýring" type="nvfo">skýringar</w>
            <w lemma="," type="pk">,</w>
            <w lemma="sem" type="ct">sem</w>
            <w lemma="fram" type="aa">fram</w>
            <w lemma="hafa" type="sfg3fn">hafa</w>
            <w lemma="koma" type="sþghen">komið</w>
            <w lemma="í" type="af">í</w>
            <w lemma="mál" type="nheþg">málinu</w>
            <w lemma="," type="pk">,</w>
            <w lemma="hafa" type="svg3fn">hafi</w>
            <w lemma="maður" type="nkfn">menn</w>
            <w lemma="sannfærzt" type="sþmhen">sannfærzt</w>
            <w lemma="um" type="af">um</w>
            <w lemma="það" type="fpheo">það</w>
            <w lemma="," type="pk">,</w>
            <w lemma="að" type="c">að</w>
            <w lemma="það" type="fphen">það</w>
            <w lemma="vera" type="sfg3en">er</w>
            <w lemma="meir" type="x">meir</w>
            <w lemma="en" type="c">en</w>
            <w lemma="mál" type="nhen">mál</w>
            <w lemma="koma" type="sþghen">komið</w>
            <w lemma="til" type="af">til</w>
            <w lemma="það" type="fphee">þess</w>
            <w lemma="að" type="cn">að</w>
            <w lemma="sinna" type="sng">sinna</w>
            <w lemma="málefni" type="nhfþ">málefnum</w>
            <w lemma="fáviti" type="nkfe">fávita</w>
            <w lemma="." type="pl">.</w>
          </s>
          <s n="11">
            <w lemma="ég" type="fp1en">Ég</w>
            <w lemma="sjá" type="sfg1en">sé</w>
            <w lemma="ekki" type="aa">ekki</w>
            <w lemma="ástæða" type="nveo">ástæðu</w>
            <w lemma="til" type="af">til</w>
            <w lemma="að" type="cn">að</w>
            <w lemma="orðlengja" type="sng">orðlengja</w>
            <w lemma="frekar" type="aam">frekar</w>
            <w lemma="um" type="af">um</w>
            <w lemma="mál" type="nheog">málið</w>
            <w lemma="við" type="af">við</w>
            <w lemma="þessi" type="faveo">þessa</w>
            <w lemma="umr" type="nheo">umr</w>
            <w lemma="." type="pl">.</w>
          </s>
          <s n="12">
            <w lemma="Frv." type="ks">Frv.</w>
            <w lemma="vera" type="sfg3eþ">var</w>
            <w lemma="í" type="af">í</w>
            <w lemma="allshn" type="n-eþ">allshn</w>
            <w lemma="." type="pl">.</w>
          </s>
          <s n="13">
            <w lemma="á" type="af">á</w>
            <w lemma="síðari" type="lheþve">síðasta</w>
            <w lemma="þing" type="nheþ">þingi</w>
            <w lemma="," type="pk">,</w>
            <w lemma="og" type="c">og</w>
            <w lemma="leggja" type="sfg1en">legg</w>
            <w lemma="ég" type="fp1en">ég</w>
            <w lemma="til" type="af">til</w>
            <w lemma="," type="pk">,</w>
            <w lemma="að" type="c">að</w>
            <w lemma="það" type="fphen">það</w>
            <w lemma="fara" type="svg3en">fari</w>
            <w lemma="sami" type="fbveo">sömu</w>
            <w lemma="leið" type="nveog">leiðina</w>
            <w lemma="nú" type="aa">nú</w>
            <w lemma="," type="pk">,</w>
            <w lemma="um" type="af">um</w>
            <w lemma="leið" type="nveo">leið</w>
            <w lemma="og" type="c">og</w>
            <w lemma="ég" type="fp1en">ég</w>
            <w lemma="láta" type="sfg1en">læt</w>
            <w lemma="þá" type="aa">þá</w>
            <w lemma="ósk" type="nveo">ósk</w>
            <w lemma="í" type="af">í</w>
            <w lemma="ljós" type="nheo">ljós</w>
            <w lemma="," type="pk">,</w>
            <w lemma="að" type="c">að</w>
            <w lemma="hv." type="ks">hv.</w>
            <w lemma="n." type="ks">n.</w>
            <w lemma="greiða" type="svg3en">greiði</w>
            <w lemma="fyrir" type="af">fyrir</w>
            <w lemma="það" type="fpheþ">því</w>
            <w lemma="eftir" type="af">eftir</w>
            <w lemma="beztu" type="lveþve">beztu</w>
            <w lemma="geta" type="nveþ">getu</w>
            <w lemma="." type="pl">.</w>
          </s>
        </p>
      </div1>
    </body>
  </text>
</TEI>
