<?xml version="1.0" encoding="UTF-8"?>
<TEI xmlns="http://www.tei-c.org/ns/1.0" xml:id="R-33-4653748" xml:lang="is">
  <teiHeader>
    <fileDesc>
      <titleStmt>
        <title>
          <title type="main">Bráðabirgðabreyting nokkurra laga (5. mál)</title>
        </title>
        <respStmt>
          <resp xml:lang="is">Söfnun og úrvinnsla texta</resp>
          <resp xml:lang="en">Collection and processing of text</resp>
          <name xml:lang="is">Stofnun Árna Magnússonar í íslenskum fræðum</name>
          <name xml:lang="en">The Arni Magnusson Institute for Icelandic Studies</name>
        </respStmt>
      </titleStmt>
      <editionStmt>
        <p xml:lang="is">Málheild: Ræður frá Alþingi Íslendinga (2020.06)</p>
        <p xml:lang="en">Corpus: Speeches from The Parliament of Iceland (2020.06)</p>
      </editionStmt>
      <publicationStmt>
        <distributor xml:lang="is">Stofnun Árna Magnússonar í íslenskum fræðum</distributor>
        <distributor xml:lang="en">The Arni Magnusson Institute for Icelandic Studies</distributor>
        <address>
          <addrLine xml:lang="is">Árnagarður við Suðurgötu, 107 Reykjavík, Íslandi</addrLine>
          <addrLine xml:lang="en">Árnagarður Suðurgata, 107 Reykjavik, Iceland</addrLine>
          <addrLine>
            <email>arnastofnun@arnastofnun.is</email>
          </addrLine>
        </address>
        <idno type="risam">R-33-4653748</idno>
        <availability>
          <p xml:lang="is">Þessi texti er til notkunar í málrannsóknum og máltækniverkefnum um allan heim með CC-BY leyfi</p>
          <p xml:lang="en">This text is available for use in language research and language technology projects world wide with CC-BY licence.</p>
        </availability>
        <date>2020-05-27</date>
      </publicationStmt>
      <sourceDesc>
        <biblStruct>
          <analytic>
            <title>
              <title type="main">Bráðabirgðabreyting nokkurra laga (5. mál)</title>
            </title>
            <author>
             <persName>Guðrún Lárusdóttir</persName>
             <note type="gender">F</note>
             <note type="age">55</note>
             <note type="url">http://althingi.is/altext/cv/is/?nfaerslunr=203</note>
             <note type="political_party">Sjálfstæðisflokkur</note>
             <note type="constituency">landskjörinn alþingismaður (LA)</note>
             <note type="role">Alþingismaður</note>
            </author>
            <date when="1935-03-29">29.03. 1935</date>
          </analytic>
          <monogr>
            <title>althingi.is</title>
            <imprint>
              <publisher>Alþingi</publisher>
            </imprint>
            <biblScope>
             <ref>http://althingi.is/altext/raeda/?lthing=49&amp;rnr=506</ref>
            </biblScope>
          </monogr>
        </biblStruct>
      </sourceDesc>
    </fileDesc>
    <encodingDesc>
      <projectDesc>
        <p xml:lang="is">Sjá lýsingu á verkefninu í rmh2Hdr.xml.</p>
        <p xml:lang="en">See description of project in rmh2Hdr.xml.</p>
      </projectDesc>
      <tagsDecl>
        <namespace name="http://www.tei-c.org/ns/1.0">
          <tagUsage gi="text" occurs="1"/>
          <tagUsage gi="body" occurs="1"/>
          <tagUsage gi="div1" occurs="1"/>
          <tagUsage gi="p" occurs="4"/>
          <tagUsage gi="s" occurs="27"/>
          <tagUsage gi="w" occurs="474"/>
          <tagUsage gi="c" occurs="0"/>
        </namespace>
      </tagsDecl>
    </encodingDesc>
  </teiHeader>
  <text>
    <body>
      <div1>
        <p n="1">
          <s n="1">
            <w lemma="Guðrún" type="nven-s">Guðrún</w>
            <w lemma="Lárusdóttir" type="nven-s">Lárusdóttir</w>
            <w lemma=":" type="pa">:</w>
          </s>
        </p>
        <p n="2">
          <s n="1">
            <w lemma="ég" type="fp1en">Ég</w>
            <w lemma="vita" type="sfg1en">veit</w>
            <w lemma="ekki" type="aa">ekki</w>
            <w lemma="," type="pk">,</w>
            <w lemma="hvort" type="c">hvort</w>
            <w lemma="þessi" type="fahen">þetta</w>
            <w lemma="mál" type="nhen">mál</w>
            <w lemma="vera" type="sfg3en">er</w>
            <w lemma="ræða" type="sþghen">rætt</w>
            <w lemma="hér" type="aa">hér</w>
            <w lemma="í" type="af">í</w>
            <w lemma="gaman" type="nheþ">gamni</w>
            <w lemma="eða" type="c">eða</w>
            <w lemma="alvara" type="nveþ">alvöru</w>
            <w lemma="," type="pk">,</w>
            <w lemma="en" type="c">en</w>
            <w lemma="hinn" type="faheo">hitt</w>
            <w lemma="vita" type="sfg1en">veit</w>
            <w lemma="ég" type="fp1en">ég</w>
            <w lemma="," type="pk">,</w>
            <w lemma="að" type="c">að</w>
            <w lemma="á" type="af">á</w>
            <w lemma="Alþingi" type="nheþ-s">Alþingi</w>
            <w lemma="vera" type="sfg3en">er</w>
            <w lemma="hvorki" type="c">hvorki</w>
            <w lemma="staður" type="nken">staður</w>
            <w lemma="né" type="c">né</w>
            <w lemma="stund" type="nven">stund</w>
            <w lemma="til" type="af">til</w>
            <w lemma="það" type="fphee">þess</w>
            <w lemma="að" type="cn">að</w>
            <w lemma="henda" type="sng">henda</w>
            <w lemma="gaman" type="nheo">gaman</w>
            <w lemma="að" type="af">að</w>
            <w lemma="jafnalvarlegur" type="lheþsf">jafnalvarlegu</w>
            <w lemma="efni" type="nheþ">efni</w>
            <w lemma="og" type="c">og</w>
            <w lemma="hér" type="aa">hér</w>
            <w lemma="vera" type="sfg3en">er</w>
            <w lemma="til" type="af">til</w>
            <w lemma="umræða" type="nvee">umræðu</w>
            <w lemma="." type="pl">.</w>
          </s>
          <s n="2">
            <w lemma="Hv." type="ks">Hv.</w>
            <w lemma="þm" type="ks">þm</w>
            <w lemma="." type="pl">.</w>
          </s>
          <s n="3">
            <w lemma="S." type="ks">S.</w>
            <w lemma="-" type="pa">-</w>
            <w lemma="Þ." type="ks">Þ.</w>
            <w lemma="vera" type="sfg3eþ">var</w>
            <w lemma="mjög" type="aa">mjög</w>
            <w lemma="áægður" type="lkensf">áægður</w>
            <w lemma="yfir" type="af">yfir</w>
            <w lemma="brtt" type="nheo">brtt</w>
            <w lemma="." type="pl">.</w>
          </s>
          <s n="4">
            <w lemma="sinn" type="fekeþ">sínum</w>
            <w lemma="og" type="c">og</w>
            <w lemma="segja" type="sfg3eþ">sagði</w>
            <w lemma="," type="pk">,</w>
            <w lemma="að" type="c">að</w>
            <w lemma="almennur" type="lvensf">almenn</w>
            <w lemma="ánægja" type="nven">ánægja</w>
            <w lemma="vera" type="svg3eþ">væri</w>
            <w lemma="yfir" type="af">yfir</w>
            <w lemma="hún" type="fpvfþ">þeim</w>
            <w lemma="í" type="af">í</w>
            <w lemma="land" type="nheþg">landinu</w>
            <w lemma="." type="pl">.</w>
          </s>
          <s n="5">
            <w lemma="ég" type="fp1en">Ég</w>
            <w lemma="vita" type="sfg1en">veit</w>
            <w lemma="ekki" type="aa">ekki</w>
            <w lemma="," type="pk">,</w>
            <w lemma="hver" type="fsveo">hverja</w>
            <w lemma="hann" type="fpken">hann</w>
            <w lemma="umgangast" type="sfm3en">umgengst</w>
            <w lemma="," type="pk">,</w>
            <w lemma="en" type="c">en</w>
            <w lemma="ég" type="fp1en">ég</w>
            <w lemma="þekkja" type="sfg1en">þekki</w>
            <w lemma="einnig" type="aa">einnig</w>
            <w lemma="allmargur" type="lheosf">allmargt</w>
            <w lemma="fólk" type="nheo">fólk</w>
            <w lemma="," type="pk">,</w>
            <w lemma="og" type="c">og</w>
            <w lemma="ég" type="fp1en">ég</w>
            <w lemma="þora" type="sfg1en">þori</w>
            <w lemma="af" type="af">af</w>
            <w lemma="sá" type="faveþ">þeirri</w>
            <w lemma="kynning" type="nveþ">kynningu</w>
            <w lemma="að" type="cn">að</w>
            <w lemma="fullyrða" type="sng">fullyrða</w>
            <w lemma="," type="pk">,</w>
            <w lemma="að" type="c">að</w>
            <w lemma="til" type="aa">til</w>
            <w lemma="vera" type="sfg3en">er</w>
            <w lemma="fólk" type="nhen">fólk</w>
            <w lemma="," type="pk">,</w>
            <w lemma="og" type="c">og</w>
            <w lemma="það" type="fphen">það</w>
            <w lemma="fjöldi" type="nken">fjöldi</w>
            <w lemma="fólk" type="nhee">fólks</w>
            <w lemma="," type="pk">,</w>
            <w lemma="sem" type="ct">sem</w>
            <w lemma="finna" type="sfg3en">finnur</w>
            <w lemma="vel" type="aa">vel</w>
            <w lemma="," type="pk">,</w>
            <w lemma="hvílíkur" type="fbhen">hvílíkt</w>
            <w lemma="hnefahögg" type="nhen">hnefahögg</w>
            <w lemma="þessi" type="faken">þessi</w>
            <w lemma="fyrrv." type="kt">fyrrv.</w>
            <w lemma="kirkjumálaráðherra" type="nken">kirkjumálaráðherra</w>
            <w lemma="reiða" type="sfg3en">reiðir</w>
            <w lemma="með" type="af">með</w>
            <w lemma="þessi" type="faveþ">þessari</w>
            <w lemma="till." type="kt">till.</w>
            <w lemma="sinn" type="nheþ">sinni</w>
            <w lemma="í" type="af">í</w>
            <w lemma="garður" type="nkeo">garð</w>
            <w lemma="elztu" type="lveeve">elztu</w>
            <w lemma="mennta-" type="kt">mennta-</w>
            <w lemma="og" type="c">og</w>
            <w lemma="siðgæðisstofnun" type="nvee">siðgæðisstofnunar</w>
            <w lemma="land" type="nheeg">landsins</w>
            <w lemma="og" type="c">og</w>
            <w lemma="elztu" type="lveeve">elztu</w>
            <w lemma="embættismannastétt" type="nveeg">embættismannastéttarinnar</w>
            <w lemma="í" type="af">í</w>
            <w lemma="land" type="nheþg">landinu</w>
            <w lemma="." type="pl">.</w>
          </s>
          <s n="6">
            <w lemma="ég" type="fp1en">Ég</w>
            <w lemma="vera" type="sfg1en">er</w>
            <w lemma="af" type="af">af</w>
            <w lemma="alhugur" type="nkeþ">alhug</w>
            <w lemma="fylgjandi" type="lkenof">fylgjandi</w>
            <w lemma="ræktun" type="nveþ">ræktun</w>
            <w lemma="land" type="nheeg">landsins</w>
            <w lemma="," type="pk">,</w>
            <w lemma="en" type="c">en</w>
            <w lemma="sá" type="faven">sú</w>
            <w lemma="ræktun" type="nven">ræktun</w>
            <w lemma="verða" type="sfg3en">verður</w>
            <w lemma="að" type="cn">að</w>
            <w lemma="bíða" type="sng">bíða</w>
            <w lemma="," type="pk">,</w>
            <w lemma="ef" type="c">ef</w>
            <w lemma="ekki" type="aa">ekki</w>
            <w lemma="vera" type="sfg3en">er</w>
            <w lemma="hægur" type="lhensf">hægt</w>
            <w lemma="að" type="cn">að</w>
            <w lemma="framkvæma" type="sng">framkvæma</w>
            <w lemma="hún" type="fpveo">hana</w>
            <w lemma="nema" type="c">nema</w>
            <w lemma="á" type="af">á</w>
            <w lemma="kostnaður" type="nkeo">kostnað</w>
            <w lemma="uppbyggingarstarfsemi" type="nvee">uppbyggingarstarfsemi</w>
            <w lemma="prestur" type="nkfeg">prestanna</w>
            <w lemma="." type="pl">.</w>
          </s>
          <s n="7">
            <w lemma="ef" type="c">Ef</w>
            <w lemma="enginn" type="fohfn">engin</w>
            <w lemma="annar" type="fohfn">önnur</w>
            <w lemma="ráð" type="nhfn">ráð</w>
            <w lemma="vera" type="sfg3fn">eru</w>
            <w lemma="til" type="af">til</w>
            <w lemma="jarðabót" type="nvfeg">jarðabótanna</w>
            <w lemma="en" type="c">en</w>
            <w lemma="að" type="cn">að</w>
            <w lemma="klípa" type="sng">klípa</w>
            <w lemma="af" type="af">af</w>
            <w lemma="laun" type="nhfþ">launum</w>
            <w lemma="lágt" type="aae">lægst</w>
            <w lemma="launaður" type="lkfevf">launuðu</w>
            <w lemma="embættismaður" type="nkfe">embættismanna</w>
            <w lemma="í" type="af">í</w>
            <w lemma="land" type="nheþg">landinu</w>
            <w lemma="," type="pk">,</w>
            <w lemma="þá" type="aa">þá</w>
            <w lemma="vera" type="sfg3en">er</w>
            <w lemma="það" type="fphen">það</w>
            <w lemma="sá" type="faven">sú</w>
            <w lemma="fullur" type="lvenve">fyllsta</w>
            <w lemma="vandræða-" type="kt">vandræða-</w>
            <w lemma="og" type="c">og</w>
            <w lemma="gjaldþrotayfirlýsing" type="nven">gjaldþrotayfirlýsing</w>
            <w lemma="," type="pk">,</w>
            <w lemma="sem" type="ct">sem</w>
            <w lemma="hægur" type="lhensf">hægt</w>
            <w lemma="vera" type="sfg3en">er</w>
            <w lemma="að" type="cn">að</w>
            <w lemma="koma" type="sng">koma</w>
            <w lemma="með" type="aa">með</w>
            <w lemma="." type="pl">.</w>
          </s>
        </p>
        <p n="3">
          <s n="1">
            <w lemma="nýr" type="lhenvf">Nýja</w>
            <w lemma="dagblað" type="nheng">dagblaðið</w>
            <w lemma="," type="pk">,</w>
            <w lemma="málgagn" type="nhen">málgagn</w>
            <w lemma="hv." type="ks">hv.</w>
            <w lemma="þm" type="ks">þm</w>
            <w lemma="." type="pl">.</w>
          </s>
          <s n="2">
            <w lemma="S." type="ks">S.</w>
            <w lemma="-" type="pa">-</w>
            <w lemma="Þ." type="ks">Þ.</w>
            <w lemma="," type="pk">,</w>
            <w lemma="vera" type="sfg3eþ">var</w>
            <w lemma="að" type="cn">að</w>
            <w lemma="tala" type="sng">tala</w>
            <w lemma="um" type="af">um</w>
            <w lemma="það" type="fpheo">það</w>
            <w lemma="á" type="af">á</w>
            <w lemma="dagur" type="nkfþg">dögunum</w>
            <w lemma="," type="pk">,</w>
            <w lemma="að" type="af">að</w>
            <w lemma="hv." type="ks">hv.</w>
            <w lemma="þm" type="ks">þm</w>
            <w lemma="." type="pl">.</w>
          </s>
          <s n="3">
            <w lemma="S." type="ks">S.</w>
            <w lemma="-" type="pa">-</w>
            <w lemma="Þ." type="ks">Þ.</w>
            <w lemma="hafa" type="svg3eþ">hefði</w>
            <w lemma="setja" type="sþghen">sett</w>
            <w lemma="hv." type="ks">hv.</w>
            <w lemma="10." type="ta">10.</w>
            <w lemma="landsk" type="nveo">landsk</w>
            <w lemma="." type="pl">.</w>
          </s>
          <s n="4">
            <w lemma="í" type="af">í</w>
            <w lemma="gapastokkur" type="nkeog">gapastokkinn</w>
            <w lemma="með" type="af">með</w>
            <w lemma="þessi" type="fakfþ">þessum</w>
            <w lemma="till." type="x">till.</w>
            <w lemma="sinn" type="fekeþ">sínum</w>
            <w lemma="." type="pl">.</w>
          </s>
          <s n="5">
            <w lemma="nú" type="aa">Nú</w>
            <w lemma="hafa" type="sfg3en">hefir</w>
            <w lemma="hv." type="ks">hv.</w>
            <w lemma="10." type="ta">10.</w>
            <w lemma="landsk" type="nheo">landsk</w>
            <w lemma="." type="pl">.</w>
          </s>
          <s n="6">
            <w lemma="koma" type="sþghen">komið</w>
            <w lemma="með" type="af">með</w>
            <w lemma="brttur" type="nkeo">brtt</w>
            <w lemma="." type="pl">.</w>
          </s>
          <s n="7">
            <w lemma="til" type="af">til</w>
            <w lemma="það" type="fphee">þess</w>
            <w lemma="að" type="cn">að</w>
            <w lemma="gefa" type="sng">gefa</w>
            <w lemma="hv." type="kt">hv.</w>
            <w lemma="þm" type="ks">þm</w>
            <w lemma="." type="pl">.</w>
          </s>
          <s n="8">
            <w lemma="S." type="ks">S.</w>
            <w lemma="-" type="pa">-</w>
            <w lemma="Þ." type="ks">Þ.</w>
            <w lemma="kostur" type="nkeo">kost</w>
            <w lemma="á" type="af">á</w>
            <w lemma="að" type="cn">að</w>
            <w lemma="fórna" type="sng">fórna</w>
            <w lemma="hugsjón" type="nvfþ">hugsjónum</w>
            <w lemma="sinn" type="fevfþ">sínum</w>
            <w lemma="nokkur" type="foheþ">nokkru</w>
            <w lemma="af" type="af">af</w>
            <w lemma="sá" type="fahfþ">þeim</w>
            <w lemma="laun" type="nhfþ">launum</w>
            <w lemma="," type="pk">,</w>
            <w lemma="sem" type="ct">sem</w>
            <w lemma="hann" type="fpkeþ">honum</w>
            <w lemma="bera" type="sfg3en">ber</w>
            <w lemma="sem" type="c">sem</w>
            <w lemma="þingmaður" type="nkeþ">þingmanni</w>
            <w lemma="." type="pl">.</w>
          </s>
          <s n="9">
            <w lemma="ég" type="fp1en">Ég</w>
            <w lemma="telja" type="sfg1en">tel</w>
            <w lemma="enginn" type="fokeo">engan</w>
            <w lemma="vafi" type="nkeo">vafa</w>
            <w lemma="á" type="af">á</w>
            <w lemma="það" type="fpheþ">því</w>
            <w lemma="," type="pk">,</w>
            <w lemma="að" type="c">að</w>
            <w lemma="sá" type="faken">sá</w>
            <w lemma="munur" type="nken">munur</w>
            <w lemma="vera" type="svg3en">sé</w>
            <w lemma="á" type="af">á</w>
            <w lemma="efnahagur" type="nkeþ">efnahag</w>
            <w lemma="þingmaður" type="nkfe">þingmanna</w>
            <w lemma="og" type="c">og</w>
            <w lemma="prestur" type="nkfe">presta</w>
            <w lemma="yfirleitt" type="aa">yfirleitt</w>
            <w lemma="," type="pk">,</w>
            <w lemma="að" type="c">að</w>
            <w lemma="réttur" type="lhenvm">réttara</w>
            <w lemma="vera" type="svg3en">sé</w>
            <w lemma="að" type="cn">að</w>
            <w lemma="klípa" type="sng">klípa</w>
            <w lemma="einhver" type="foheo">eitthvað</w>
            <w lemma="af" type="af">af</w>
            <w lemma="ágóði" type="nkeþ">ágóða</w>
            <w lemma="hann" type="fpkfe">þeirra</w>
            <w lemma="en" type="c">en</w>
            <w lemma="hinn" type="gvfþ">hinum</w>
            <w lemma="vesall" type="lvfþvf">vesölu</w>
            <w lemma="tekja" type="nvfþ">tekjum</w>
            <w lemma="prestur" type="nkfe">presta</w>
            <w lemma="." type="pl">.</w>
          </s>
        </p>
        <p n="4">
          <s n="1">
            <w lemma="Hv." type="ks">Hv.</w>
            <w lemma="þm" type="ks">þm</w>
            <w lemma="." type="pl">.</w>
          </s>
          <s n="2">
            <w lemma="S." type="ks">S.</w>
            <w lemma="-" type="pa">-</w>
            <w lemma="Þ." type="ks">Þ.</w>
            <w lemma="segja" type="sfg3eþ">sagði</w>
            <w lemma="prestur" type="nkfog">prestana</w>
            <w lemma="óþarfi" type="nkee">óþarfa</w>
            <w lemma="." type="pl">.</w>
          </s>
          <s n="3">
            <w lemma="ég" type="fp1eþ">Mér</w>
            <w lemma="vera" type="sfg3en">er</w>
            <w lemma="kunnugur" type="lhensf">kunnugt</w>
            <w lemma="um" type="af">um</w>
            <w lemma="það" type="fpheo">það</w>
            <w lemma="," type="pk">,</w>
            <w lemma="að" type="c">að</w>
            <w lemma="launamálanefnd" type="nven">launamálanefnd</w>
            <w lemma="leggja" type="sfg3en">leggur</w>
            <w lemma="til" type="af">til</w>
            <w lemma="að" type="cn">að</w>
            <w lemma="fækka" type="sng">fækka</w>
            <w lemma="hún" type="fpvfþ">þeim</w>
            <w lemma="stórkostlega" type="aa">stórkostlega</w>
            <w lemma="." type="pl">.</w>
          </s>
          <s n="4">
            <w lemma="Hv." type="ks">Hv.</w>
            <w lemma="þm" type="ks">þm</w>
            <w lemma="." type="pl">.</w>
          </s>
          <s n="5">
            <w lemma="S." type="ks">S.</w>
            <w lemma="-" type="pa">-</w>
            <w lemma="Þ." type="ks">Þ.</w>
            <w lemma="segja" type="sfg3eþ">sagði</w>
            <w lemma="," type="pk">,</w>
            <w lemma="að" type="c">að</w>
            <w lemma="sá" type="favfn">þær</w>
            <w lemma="tillaga" type="nvfn">tillögur</w>
            <w lemma="vera" type="svg3fþ">væru</w>
            <w lemma="í" type="af">í</w>
            <w lemma="samræmi" type="nheþ">samræmi</w>
            <w lemma="við" type="af">við</w>
            <w lemma="vilji" type="nkeo">vilja</w>
            <w lemma="þjóð" type="nveeg">þjóðarinnar</w>
            <w lemma="." type="pl">.</w>
          </s>
          <s n="6">
            <w lemma="hvaðan" type="aa">Hvaðan</w>
            <w lemma="koma" type="sfg3en">kemur</w>
            <w lemma="hann" type="fpkeþ">honum</w>
            <w lemma="heimild" type="nven">heimild</w>
            <w lemma="til" type="af">til</w>
            <w lemma="að" type="cn">að</w>
            <w lemma="segja" type="sng">segja</w>
            <w lemma="slíkur" type="fbheo">slíkt</w>
            <w lemma="?" type="pl">?</w>
          </s>
          <s n="7">
            <w lemma="ég" type="fp1en">Ég</w>
            <w lemma="ítreka" type="sfg1en">ítreka</w>
            <w lemma="þessi" type="faveo">þessa</w>
            <w lemma="spurning" type="nveo">spurningu</w>
            <w lemma="og" type="c">og</w>
            <w lemma="óska" type="sfg1en">óska</w>
            <w lemma="," type="pk">,</w>
            <w lemma="að" type="c">að</w>
            <w lemma="hann" type="fpken">hann</w>
            <w lemma="svara" type="svg3en">svari</w>
            <w lemma="hún" type="fpveþ">henni</w>
            <w lemma="," type="pk">,</w>
            <w lemma="ef" type="c">ef</w>
            <w lemma="hann" type="fpken">hann</w>
            <w lemma="geta" type="sfg3en">getur</w>
            <w lemma="." type="pl">.</w>
          </s>
          <s n="8">
            <w lemma="það" type="fphen">Það</w>
            <w lemma="mega" type="sfg3en">má</w>
            <w lemma="vitanlega" type="aa">vitanlega</w>
            <w lemma="þræta" type="sng">þræta</w>
            <w lemma="um" type="af">um</w>
            <w lemma="það" type="fpheo">það</w>
            <w lemma="," type="pk">,</w>
            <w lemma="hvort" type="c">hvort</w>
            <w lemma="meta" type="sng">meta</w>
            <w lemma="eiga" type="svg3en">eigi</w>
            <w lemma="mikill" type="lheovm">meira</w>
            <w lemma="safnþró" type="nvfo">safnþrær</w>
            <w lemma="eða" type="c">eða</w>
            <w lemma="menningar-" type="kt">menningar-</w>
            <w lemma="og" type="c">og</w>
            <w lemma="uppeldisstarf" type="nheo">uppeldisstarf</w>
            <w lemma="prestur" type="nkfe">presta</w>
            <w lemma="," type="pk">,</w>
            <w lemma="þótt" type="c">þótt</w>
            <w lemma="slíkur" type="fbhen">slíkt</w>
            <w lemma="vera" type="svg3en">sé</w>
            <w lemma="ekki" type="aa">ekki</w>
            <w lemma="sambærilegur" type="lhensf">sambærilegt</w>
            <w lemma="." type="pl">.</w>
          </s>
          <s n="9">
            <w lemma="ég" type="fp1en">Ég</w>
            <w lemma="óska" type="sfg1en">óska</w>
            <w lemma="eftir" type="af">eftir</w>
            <w lemma="glöggur" type="lhfþsf">glöggum</w>
            <w lemma="svar" type="nhfþ">svörum</w>
            <w lemma="frá" type="af">frá</w>
            <w lemma="hv." type="ks">hv.</w>
            <w lemma="þm." type="ks">þm.</w>
            <w lemma="um" type="af">um</w>
            <w lemma="það" type="fpheo">það</w>
            <w lemma="," type="pk">,</w>
            <w lemma="hvernig" type="aa">hvernig</w>
            <w lemma="hann" type="fpken">hann</w>
            <w lemma="vita" type="svg3en">viti</w>
            <w lemma="það" type="fpheo">það</w>
            <w lemma="," type="pk">,</w>
            <w lemma="að" type="c">að</w>
            <w lemma="landsmaður" type="nkfn">landsmenn</w>
            <w lemma="vilja" type="svg3fn">vilji</w>
            <w lemma="fækkun" type="nveo">fækkun</w>
            <w lemma="prestur" type="nkfe">presta</w>
            <w lemma="snemma" type="aam">fyrr</w>
            <w lemma="en" type="c">en</w>
            <w lemma="þjóðaratkvæði" type="nhen">þjóðaratkvæði</w>
            <w lemma="hafa" type="sfg3en">hefir</w>
            <w lemma="fara" type="sþghen">farið</w>
            <w lemma="fram" type="aa">fram</w>
            <w lemma="um" type="af">um</w>
            <w lemma="það" type="fpheo">það</w>
            <w lemma="." type="pl">.</w>
          </s>
          <s n="10">
            <w lemma="það" type="fphen">Það</w>
            <w lemma="mega" type="sfg3en">má</w>
            <w lemma="líka" type="aa">líka</w>
            <w lemma="benda" type="sng">benda</w>
            <w lemma="hann" type="fpkeþ">honum</w>
            <w lemma="á" type="af">á</w>
            <w lemma="," type="pk">,</w>
            <w lemma="að" type="c">að</w>
            <w lemma="launamálanefnd" type="nven">launamálanefnd</w>
            <w lemma="leggja" type="sfg3en">leggur</w>
            <w lemma="til" type="af">til</w>
            <w lemma="," type="pk">,</w>
            <w lemma="að" type="c">að</w>
            <w lemma="svo" type="aa">svo</w>
            <w lemma="verða" type="svg3en">verði</w>
            <w lemma="gera" type="sþghen">gert</w>
            <w lemma="," type="pk">,</w>
            <w lemma="enda" type="c">enda</w>
            <w lemma="verða" type="sfg3en">verður</w>
            <w lemma="að" type="cn">að</w>
            <w lemma="telja" type="sng">telja</w>
            <w lemma="það" type="fpheo">það</w>
            <w lemma="sjálfsagður" type="lheosf">sjálfsagt</w>
            <w lemma="," type="pk">,</w>
            <w lemma="áður" type="aa">áður</w>
            <w lemma="en" type="c">en</w>
            <w lemma="sá" type="faheo">það</w>
            <w lemma="spor" type="nhen">spor</w>
            <w lemma="verða" type="sfg3en">verður</w>
            <w lemma="stíga" type="sþghen">stigið</w>
            <w lemma="," type="pk">,</w>
            <w lemma="að" type="cn">að</w>
            <w lemma="þurrka" type="sng">þurrka</w>
            <w lemma="út" type="aa">út</w>
            <w lemma="sá" type="faveo">þá</w>
            <w lemma="stétt" type="nveo">stétt</w>
            <w lemma="," type="pk">,</w>
            <w lemma="sem" type="ct">sem</w>
            <w lemma="mjög" type="aae">mest</w>
            <w lemma="og" type="c">og</w>
            <w lemma="langt" type="aae">lengst</w>
            <w lemma="hafa" type="sfg3en">hefir</w>
            <w lemma="vinna" type="sþghen">unnið</w>
            <w lemma="fyrir" type="af">fyrir</w>
            <w lemma="siðgæði" type="nheþ">siðgæði</w>
            <w lemma="og" type="c">og</w>
            <w lemma="menntun" type="nveo">menntun</w>
            <w lemma="í" type="af">í</w>
            <w lemma="land" type="nheþg">landinu</w>
            <w lemma="." type="pl">.</w>
          </s>
        </p>
      </div1>
    </body>
  </text>
</TEI>
