<?xml version="1.0" encoding="UTF-8"?>
<TEI xmlns="http://www.tei-c.org/ns/1.0" xml:id="R-33-4558631" xml:lang="is">
  <teiHeader>
    <fileDesc>
      <titleStmt>
        <title>
          <title type="main">Bráðabirgðabreyting nokkurra laga (5. mál)</title>
        </title>
        <respStmt>
          <resp xml:lang="is">Söfnun og úrvinnsla texta</resp>
          <resp xml:lang="en">Collection and processing of text</resp>
          <name xml:lang="is">Stofnun Árna Magnússonar í íslenskum fræðum</name>
          <name xml:lang="en">The Arni Magnusson Institute for Icelandic Studies</name>
        </respStmt>
      </titleStmt>
      <editionStmt>
        <p xml:lang="is">Málheild: Ræður frá Alþingi Íslendinga (2020.06)</p>
        <p xml:lang="en">Corpus: Speeches from The Parliament of Iceland (2020.06)</p>
      </editionStmt>
      <publicationStmt>
        <distributor xml:lang="is">Stofnun Árna Magnússonar í íslenskum fræðum</distributor>
        <distributor xml:lang="en">The Arni Magnusson Institute for Icelandic Studies</distributor>
        <address>
          <addrLine xml:lang="is">Árnagarður við Suðurgötu, 107 Reykjavík, Íslandi</addrLine>
          <addrLine xml:lang="en">Árnagarður Suðurgata, 107 Reykjavik, Iceland</addrLine>
          <addrLine>
            <email>arnastofnun@arnastofnun.is</email>
          </addrLine>
        </address>
        <idno type="risam">R-33-4558631</idno>
        <availability>
          <p xml:lang="is">Þessi texti er til notkunar í málrannsóknum og máltækniverkefnum um allan heim með CC-BY leyfi</p>
          <p xml:lang="en">This text is available for use in language research and language technology projects world wide with CC-BY licence.</p>
        </availability>
        <date>2020-05-27</date>
      </publicationStmt>
      <sourceDesc>
        <biblStruct>
          <analytic>
            <title>
              <title type="main">Bráðabirgðabreyting nokkurra laga (5. mál)</title>
            </title>
            <author>
             <persName>Guðrún Lárusdóttir</persName>
             <note type="gender">F</note>
             <note type="age">55</note>
             <note type="url">http://althingi.is/altext/cv/is/?nfaerslunr=203</note>
             <note type="political_party">Sjálfstæðisflokkur</note>
             <note type="constituency">landskjörinn alþingismaður (LA)</note>
             <note type="role">Alþingismaður</note>
            </author>
            <date when="1935-03-29">29.03. 1935</date>
          </analytic>
          <monogr>
            <title>althingi.is</title>
            <imprint>
              <publisher>Alþingi</publisher>
            </imprint>
            <biblScope>
             <ref>http://althingi.is/altext/raeda/?lthing=49&amp;rnr=508</ref>
            </biblScope>
          </monogr>
        </biblStruct>
      </sourceDesc>
    </fileDesc>
    <encodingDesc>
      <projectDesc>
        <p xml:lang="is">Sjá lýsingu á verkefninu í rmh2Hdr.xml.</p>
        <p xml:lang="en">See description of project in rmh2Hdr.xml.</p>
      </projectDesc>
      <tagsDecl>
        <namespace name="http://www.tei-c.org/ns/1.0">
          <tagUsage gi="text" occurs="1"/>
          <tagUsage gi="body" occurs="1"/>
          <tagUsage gi="div1" occurs="1"/>
          <tagUsage gi="p" occurs="1"/>
          <tagUsage gi="s" occurs="14"/>
          <tagUsage gi="w" occurs="212"/>
          <tagUsage gi="c" occurs="0"/>
        </namespace>
      </tagsDecl>
    </encodingDesc>
  </teiHeader>
  <text>
    <body>
      <div1>
        <p n="1">
          <s n="1">
            <w lemma="Guðrún" type="nven-s">Guðrún</w>
            <w lemma="Lárusdóttir" type="nven-s">Lárusdóttir</w>
            <w lemma=":" type="pa">:</w>
            <w lemma="Hv." type="ks">Hv.</w>
            <w lemma="þm" type="ks">þm</w>
            <w lemma="." type="pl">.</w>
          </s>
          <s n="2">
            <w lemma="S." type="ks">S.</w>
            <w lemma="-" type="pa">-</w>
            <w lemma="Þ." type="ks">Þ.</w>
            <w lemma="gleyma" type="sfg3eþ">gleymdi</w>
            <w lemma="alveg" type="aa">alveg</w>
            <w lemma="að" type="cn">að</w>
            <w lemma="svara" type="sng">svara</w>
            <w lemma="fyrirspurn" type="nvfþ">fyrirspurnum</w>
            <w lemma="minn" type="fevfþ">mínum</w>
            <w lemma="(" type="pa">(</w>
            <w lemma="JJ" type="n----s">JJ</w>
            <w lemma=":" type="pa">:</w>
            <w lemma="ég" type="fp1en">Ég</w>
            <w lemma="mega" type="sfg1eþ">mátti</w>
            <w lemma="aðeins" type="aa">aðeins</w>
            <w lemma="bera" type="sng">bera</w>
            <w lemma="af" type="af">af</w>
            <w lemma="ég" type="fp1eþ">mér</w>
            <w lemma="sök" type="nvfo">sakir</w>
            <w lemma=")" type="pa">)</w>
            <w lemma="." type="pl">.</w>
          </s>
          <s n="3">
            <w lemma="hann" type="fpken">Hann</w>
            <w lemma="segja" type="sfg3eþ">sagði</w>
            <w lemma="," type="pk">,</w>
            <w lemma="að" type="c">að</w>
            <w lemma="ég" type="fp1en">ég</w>
            <w lemma="lítilsvirða" type="sfg1eþ">lítilsvirti</w>
            <w lemma="ræktunarstarf" type="nheog">ræktunarstarfið</w>
            <w lemma="." type="pl">.</w>
          </s>
          <s n="4">
            <w lemma="ég" type="fp1en">Ég</w>
            <w lemma="segja" type="sfm1eþ">sagðist</w>
            <w lemma="unna" type="sng">unna</w>
            <w lemma="ræktun" type="nveo">ræktun</w>
            <w lemma="af" type="af">af</w>
            <w lemma="alhugur" type="nkeþ">alhug</w>
            <w lemma="," type="pk">,</w>
            <w lemma="en" type="c">en</w>
            <w lemma="sýna" type="sfg1eþ">sýndi</w>
            <w lemma="hinsvegar" type="aa">hinsvegar</w>
            <w lemma="fram" type="aa">fram</w>
            <w lemma="á" type="aa">á</w>
            <w lemma="," type="pk">,</w>
            <w lemma="hversu" type="aa">hversu</w>
            <w lemma="hann" type="fpken">hann</w>
            <w lemma="lítilsvirða" type="sfg3en">lítilsvirðir</w>
            <w lemma="andlegur" type="lveosf">andlega</w>
            <w lemma="starfsemi" type="nveo">starfsemi</w>
            <w lemma="prestur" type="nkfeg">prestanna</w>
            <w lemma="með" type="af">með</w>
            <w lemma="brtt" type="n-eo">brtt</w>
            <w lemma="." type="pl">.</w>
          </s>
          <s n="5">
            <w lemma="sinn" type="nheþ">sinni</w>
            <w lemma="." type="pl">.</w>
          </s>
          <s n="6">
            <w lemma="hann" type="fpken">Hann</w>
            <w lemma="segja" type="sfg3eþ">sagði</w>
            <w lemma="," type="pk">,</w>
            <w lemma="að" type="c">að</w>
            <w lemma="prestur" type="nkfng">prestarnir</w>
            <w lemma="vera" type="svg3fþ">væru</w>
            <w lemma="ríkur" type="lkfnsf">ríkir</w>
            <w lemma="maður" type="nkfn">menn</w>
            <w lemma="," type="pk">,</w>
            <w lemma="og" type="c">og</w>
            <w lemma="fara" type="sfg3eþ">fór</w>
            <w lemma="að" type="cn">að</w>
            <w lemma="vitna" type="sng">vitna</w>
            <w lemma="í" type="af">í</w>
            <w lemma="Nýjatestamentið" type="nheogs">Nýjatestamentið</w>
            <w lemma="." type="pl">.</w>
          </s>
          <s n="7">
            <w lemma="vilja" type="sfg3en">Vill</w>
            <w lemma="hann" type="fpkeo">hann</w>
            <w lemma="nú" type="aa">nú</w>
            <w lemma="halda" type="sng">halda</w>
            <w lemma="það" type="fpheþ">því</w>
            <w lemma="fram" type="aa">fram</w>
            <w lemma="í" type="af">í</w>
            <w lemma="alvara" type="nveþ">alvöru</w>
            <w lemma="," type="pk">,</w>
            <w lemma="að" type="c">að</w>
            <w lemma="margur" type="lkfnsf">margir</w>
            <w lemma="prestur" type="nkfn">prestar</w>
            <w lemma="hér" type="aa">hér</w>
            <w lemma="á" type="af">á</w>
            <w lemma="land" type="nheþ">landi</w>
            <w lemma="hafa" type="svg3fn">hafi</w>
            <w lemma="safna" type="sþghen">safnað</w>
            <w lemma="auður" type="nveþ">auði</w>
            <w lemma="?" type="pl">?</w>
          </s>
          <s n="8">
            <w lemma="einstakur" type="lkfnvf">Einstöku</w>
            <w lemma="prestur" type="nkfn">prestar</w>
            <w lemma="geta" type="sfg3fn">geta</w>
            <w lemma="máske" type="aa">máske</w>
            <w lemma="kallazt" type="sþmhen">kallazt</w>
            <w lemma="bjargálnamaður" type="nkfn">bjargálnamenn</w>
            <w lemma="," type="pk">,</w>
            <w lemma="af" type="af">af</w>
            <w lemma="það" type="fpheþ">því</w>
            <w lemma="að" type="c">að</w>
            <w lemma="hann" type="fpkfn">þeir</w>
            <w lemma="vera" type="sfg3fþ">voru</w>
            <w lemma="þá" type="aa">þá</w>
            <w lemma="búmaður" type="nkfn">búmenn</w>
            <w lemma="og" type="c">og</w>
            <w lemma="kunna" type="sfg3fþ">kunnu</w>
            <w lemma="að" type="cn">að</w>
            <w lemma="hagnýta" type="sng">hagnýta</w>
            <w lemma="jörð" type="nvfo">jarðir</w>
            <w lemma="sinn" type="fevfo">sínar</w>
            <w lemma="," type="pk">,</w>
            <w lemma="en" type="c">en</w>
            <w lemma="um" type="af">um</w>
            <w lemma="auðlegð" type="nveo">auðlegð</w>
            <w lemma="vera" type="sfg3en">er</w>
            <w lemma="ekki" type="aa">ekki</w>
            <w lemma="að" type="cn">að</w>
            <w lemma="ræða" type="sng">ræða</w>
            <w lemma="hjá" type="af">hjá</w>
            <w lemma="íslenzkur" type="lkfþsf">íslenzkum</w>
            <w lemma="prestur" type="nkfþ">prestum</w>
            <w lemma="yfirleitt" type="aa">yfirleitt</w>
            <w lemma="," type="pk">,</w>
            <w lemma="allur" type="fokfe">allra</w>
            <w lemma="sízt" type="aae">sízt</w>
            <w lemma="nú" type="aa">nú</w>
            <w lemma="verða" type="sþghen">orðið</w>
            <w lemma="." type="pl">.</w>
          </s>
          <s n="9">
            <w lemma="ég" type="fp1eþ">Mér</w>
            <w lemma="þykja" type="sfg3eþ">þótti</w>
            <w lemma="annars" type="aa">annars</w>
            <w lemma="leiður" type="lhensf">leitt</w>
            <w lemma="," type="pk">,</w>
            <w lemma="að" type="c">að</w>
            <w lemma="hv." type="ks">hv.</w>
            <w lemma="þm." type="ks">þm.</w>
            <w lemma="skulu" type="svg3eþ">skyldi</w>
            <w lemma="ekki" type="aa">ekki</w>
            <w lemma="svara" type="sng">svara</w>
            <w lemma="fyrirspurn" type="nvfþ">fyrirspurnum</w>
            <w lemma="minn" type="fevfþ">mínum</w>
            <w lemma="." type="pl">.</w>
          </s>
          <s n="10">
            <w lemma="(" type="pa">(</w>
            <w lemma="JJ" type="x">JJ</w>
            <w lemma=":" type="pa">:</w>
            <w lemma="ég" type="fp1en">Ég</w>
            <w lemma="segja" type="sfg1eþ">sagði</w>
            <w lemma="aðeins" type="aa">aðeins</w>
            <w lemma="minn" type="feveo">mína</w>
            <w lemma="persónulegur" type="lveovf">persónulegu</w>
            <w lemma="skoðun" type="nveo">skoðun</w>
            <w lemma=")" type="pa">)</w>
            <w lemma="." type="pl">.</w>
          </s>
          <s n="11">
            <w lemma="nei" type="au">Nei</w>
            <w lemma="," type="pk">,</w>
            <w lemma="hv." type="ks">hv.</w>
            <w lemma="þm." type="ks">þm.</w>
            <w lemma="bera" type="sfg3eþ">bar</w>
            <w lemma="fyrir" type="af">fyrir</w>
            <w lemma="sig" type="fpheo">sig</w>
            <w lemma="mikill" type="lhfþvm">meiri</w>
            <w lemma="hl." type="ks">hl.</w>
            <w lemma="þjóð" type="nveeg">þjóðarinnar</w>
            <w lemma="." type="pl">.</w>
          </s>
          <s n="12">
            <w lemma="annars" type="aa">Annars</w>
            <w lemma="búa" type="sfm1en">býst</w>
            <w lemma="ég" type="fp1en">ég</w>
            <w lemma="við" type="aa">við</w>
            <w lemma="," type="pk">,</w>
            <w lemma="að" type="c">að</w>
            <w lemma="hv." type="ks">hv.</w>
            <w lemma="þm." type="ks">þm.</w>
            <w lemma="sjálfur" type="fbken">sjálfur</w>
            <w lemma="vilja" type="sfg3eþ">vildi</w>
            <w lemma="helzt" type="aae">helzt</w>
            <w lemma="enginn" type="fokfo">enga</w>
            <w lemma="prestur" type="nkfo">presta</w>
            <w lemma="hafa" type="sng">hafa</w>
            <w lemma="." type="pl">.</w>
          </s>
          <s n="13">
            <w lemma="ég" type="fp1fþ">Okkur</w>
            <w lemma="munu" type="sfg3en">mun</w>
            <w lemma="því" type="aa">því</w>
            <w lemma="ekki" type="aa">ekki</w>
            <w lemma="þýða" type="sng">þýða</w>
            <w lemma="að" type="cn">að</w>
            <w lemma="deila" type="sng">deila</w>
            <w lemma="um" type="af">um</w>
            <w lemma="þessi" type="faheo">þetta</w>
            <w lemma="mál" type="nheo">mál</w>
            <w lemma="allur" type="foheþ">öllu</w>
            <w lemma="lengi" type="aam">lengur</w>
            <w lemma="." type="pl">.</w>
          </s>
          <s n="14">
            <w lemma="hann" type="fpken">Hann</w>
            <w lemma="vilja" type="sfg3en">vill</w>
            <w lemma="enginn" type="fokfo">enga</w>
            <w lemma="prestur" type="nkfo">presta</w>
            <w lemma="," type="pk">,</w>
            <w lemma="en" type="c">en</w>
            <w lemma="ég" type="fp1en">ég</w>
            <w lemma="vilja" type="sfg1en">vil</w>
            <w lemma="hafa" type="sng">hafa</w>
            <w lemma="þá" type="aa">þá</w>
            <w lemma="sem" type="aa">sem</w>
            <w lemma="margur" type="lkfose">flesta</w>
            <w lemma="og" type="c">og</w>
            <w lemma="sem" type="c">sem</w>
            <w lemma="bezta" type="aa">bezta</w>
            <w lemma="." type="pl">.</w>
          </s>
        </p>
      </div1>
    </body>
  </text>
</TEI>
