<?xml version="1.0" encoding="UTF-8"?>
<TEI xmlns="http://www.tei-c.org/ns/1.0" xml:id="R-33-4711075" xml:lang="is">
  <teiHeader>
    <fileDesc>
      <titleStmt>
        <title>
          <title type="main">Sala og meðferð íslenskra afurða (86. mál)</title>
        </title>
        <respStmt>
          <resp xml:lang="is">Söfnun og úrvinnsla texta</resp>
          <resp xml:lang="en">Collection and processing of text</resp>
          <name xml:lang="is">Stofnun Árna Magnússonar í íslenskum fræðum</name>
          <name xml:lang="en">The Arni Magnusson Institute for Icelandic Studies</name>
        </respStmt>
      </titleStmt>
      <editionStmt>
        <p xml:lang="is">Málheild: Ræður frá Alþingi Íslendinga (2020.06)</p>
        <p xml:lang="en">Corpus: Speeches from The Parliament of Iceland (2020.06)</p>
      </editionStmt>
      <publicationStmt>
        <distributor xml:lang="is">Stofnun Árna Magnússonar í íslenskum fræðum</distributor>
        <distributor xml:lang="en">The Arni Magnusson Institute for Icelandic Studies</distributor>
        <address>
          <addrLine xml:lang="is">Árnagarður við Suðurgötu, 107 Reykjavík, Íslandi</addrLine>
          <addrLine xml:lang="en">Árnagarður Suðurgata, 107 Reykjavik, Iceland</addrLine>
          <addrLine>
            <email>arnastofnun@arnastofnun.is</email>
          </addrLine>
        </address>
        <idno type="risam">R-33-4711075</idno>
        <availability>
          <p xml:lang="is">Þessi texti er til notkunar í málrannsóknum og máltækniverkefnum um allan heim með CC-BY leyfi</p>
          <p xml:lang="en">This text is available for use in language research and language technology projects world wide with CC-BY licence.</p>
        </availability>
        <date>2020-05-27</date>
      </publicationStmt>
      <sourceDesc>
        <biblStruct>
          <analytic>
            <title>
              <title type="main">Sala og meðferð íslenskra afurða (86. mál)</title>
            </title>
            <author>
             <persName>Guðrún Lárusdóttir</persName>
             <note type="gender">F</note>
             <note type="age">55</note>
             <note type="url">http://althingi.is/altext/cv/is/?nfaerslunr=203</note>
             <note type="political_party">Sjálfstæðisflokkur</note>
             <note type="constituency">landskjörinn alþingismaður (LA)</note>
             <note type="role">Alþingismaður</note>
            </author>
            <date when="1935-03-25">25.03. 1935</date>
          </analytic>
          <monogr>
            <title>althingi.is</title>
            <imprint>
              <publisher>Alþingi</publisher>
            </imprint>
            <biblScope>
             <ref>http://althingi.is/altext/raeda/?lthing=49&amp;rnr=919</ref>
            </biblScope>
          </monogr>
        </biblStruct>
      </sourceDesc>
    </fileDesc>
    <encodingDesc>
      <projectDesc>
        <p xml:lang="is">Sjá lýsingu á verkefninu í rmh2Hdr.xml.</p>
        <p xml:lang="en">See description of project in rmh2Hdr.xml.</p>
      </projectDesc>
      <tagsDecl>
        <namespace name="http://www.tei-c.org/ns/1.0">
          <tagUsage gi="text" occurs="1"/>
          <tagUsage gi="body" occurs="1"/>
          <tagUsage gi="div1" occurs="1"/>
          <tagUsage gi="p" occurs="2"/>
          <tagUsage gi="s" occurs="23"/>
          <tagUsage gi="w" occurs="472"/>
          <tagUsage gi="c" occurs="0"/>
        </namespace>
      </tagsDecl>
    </encodingDesc>
  </teiHeader>
  <text>
    <body>
      <div1>
        <p n="1">
          <s n="1">
            <w lemma="Guðrún" type="nven-s">Guðrún</w>
            <w lemma="Lárusdóttir" type="nven-s">Lárusdóttir</w>
            <w lemma=":" type="pa">:</w>
          </s>
        </p>
        <p n="2">
          <s n="1">
            <w lemma="það" type="fphen">Það</w>
            <w lemma="vera" type="sfg3en">er</w>
            <w lemma="ræða" type="sng">ræða</w>
            <w lemma="hv." type="ks">hv.</w>
            <w lemma="4." type="ta">4.</w>
            <w lemma="landsk" type="x">landsk</w>
            <w lemma="." type="pl">.</w>
          </s>
          <s n="2">
            <w lemma="," type="pk">,</w>
            <w lemma="sem" type="ct">sem</w>
            <w lemma="koma" type="sfg3en">kemur</w>
            <w lemma="ég" type="fp1eþ">mér</w>
            <w lemma="til" type="af">til</w>
            <w lemma="að" type="cn">að</w>
            <w lemma="standa" type="sng">standa</w>
            <w lemma="upp" type="aa">upp</w>
            <w lemma="og" type="c">og</w>
            <w lemma="segja" type="sng">segja</w>
            <w lemma="hér" type="aa">hér</w>
            <w lemma="nokkur" type="fohfo">nokkur</w>
            <w lemma="orð" type="nhfo">orð</w>
            <w lemma="." type="pl">.</w>
          </s>
          <s n="3">
            <w lemma="hann" type="fpken">Hann</w>
            <w lemma="halda" type="sfg3eþ">hélt</w>
            <w lemma="það" type="fpheþ">því</w>
            <w lemma="fram" type="aa">fram</w>
            <w lemma="," type="pk">,</w>
            <w lemma="að" type="c">að</w>
            <w lemma="húsmóðir" type="nvfn">húsmæður</w>
            <w lemma="Rvík" type="nvee-s">Rvíkur</w>
            <w lemma="hafa" type="svg3fþ">hefðu</w>
            <w lemma="í" type="af">í</w>
            <w lemma="blindni" type="nveþ">blindni</w>
            <w lemma="leggja" type="sþghen">lagt</w>
            <w lemma="út" type="aa">út</w>
            <w lemma="í" type="af">í</w>
            <w lemma="mjólkurverkfall" type="nheo">mjólkurverkfall</w>
            <w lemma="með" type="af">með</w>
            <w lemma="það" type="fpheo">það</w>
            <w lemma="einn" type="tfheo">eitt</w>
            <w lemma="fyrir" type="af">fyrir</w>
            <w lemma="auga" type="nhfþ">augum</w>
            <w lemma="að" type="cn">að</w>
            <w lemma="knýja" type="sng">knýja</w>
            <w lemma="niður" type="aa">niður</w>
            <w lemma="verð" type="nheo">verð</w>
            <w lemma="á" type="af">á</w>
            <w lemma="mjólk" type="nveþg">mjólkinni</w>
            <w lemma="." type="pl">.</w>
          </s>
          <s n="4">
            <w lemma="(" type="pa">(</w>
            <w lemma="Jbald" type="nken-s">JBald</w>
            <w lemma=":" type="pa">:</w>
            <w lemma="ég" type="fp1en">Ég</w>
            <w lemma="segja" type="sfg1eþ">sagði</w>
            <w lemma="það" type="fpheo">það</w>
            <w lemma="ekki" type="aa">ekki</w>
            <w lemma=")" type="pa">)</w>
            <w lemma="." type="pl">.</w>
          </s>
          <s n="5">
            <w lemma="en" type="c">En</w>
            <w lemma="ég" type="fp1fþ">okkur</w>
            <w lemma="húsmóðir" type="nvfþg">húsmæðrunum</w>
            <w lemma="vera" type="sfg3eþ">var</w>
            <w lemma="það" type="fphen">það</w>
            <w lemma="ljós" type="lhensf">ljóst</w>
            <w lemma="frá" type="af">frá</w>
            <w lemma="byrjun" type="nveþ">byrjun</w>
            <w lemma="," type="pk">,</w>
            <w lemma="að" type="c">að</w>
            <w lemma="verð" type="nheng">verðið</w>
            <w lemma="geta" type="sfg3en">getur</w>
            <w lemma="ekki" type="aa">ekki</w>
            <w lemma="lækka" type="sþghen">lækkað</w>
            <w lemma="," type="pk">,</w>
            <w lemma="meðan" type="c">meðan</w>
            <w lemma="sá" type="fahen">það</w>
            <w lemma="fyrirkomulag" type="nhen">fyrirkomulag</w>
            <w lemma="helzt" type="aae">helzt</w>
            <w lemma="," type="pk">,</w>
            <w lemma="sem" type="ct">sem</w>
            <w lemma="nú" type="aa">nú</w>
            <w lemma="vera" type="sfg3en">er</w>
            <w lemma="á" type="af">á</w>
            <w lemma="mjólkursala" type="nveþg">mjólkursölunni</w>
            <w lemma="." type="pl">.</w>
          </s>
          <s n="6">
            <w lemma="það" type="fphen">Það</w>
            <w lemma="vera" type="sfg3eþ">var</w>
            <w lemma="óánægja" type="nveng">óánægjan</w>
            <w lemma="út" type="aa">út</w>
            <w lemma="af" type="af">af</w>
            <w lemma="þessi" type="faheþ">þessu</w>
            <w lemma="fyrirkomulag" type="nheþ">fyrirkomulagi</w>
            <w lemma="og" type="c">og</w>
            <w lemma="óþægindi" type="nhfng">óþægindin</w>
            <w lemma="," type="pk">,</w>
            <w lemma="sem" type="ct">sem</w>
            <w lemma="það" type="fphen">það</w>
            <w lemma="baka" type="sfg3eþ">bakaði</w>
            <w lemma="heimili" type="nhfþ">heimilum</w>
            <w lemma="ég" type="fp1fe">okkar</w>
            <w lemma="," type="pk">,</w>
            <w lemma="sem" type="ct">sem</w>
            <w lemma="gera" type="sfg3eþ">gerði</w>
            <w lemma="það" type="fpheo">það</w>
            <w lemma="að" type="af">að</w>
            <w lemma="verk" type="nhfþ">verkum</w>
            <w lemma="," type="pk">,</w>
            <w lemma="að" type="c">að</w>
            <w lemma="ég" type="fp1fn">við</w>
            <w lemma="geta" type="sfg1fþ">gátum</w>
            <w lemma="ekki" type="aa">ekki</w>
            <w lemma="verzlað" type="nheo">verzlað</w>
            <w lemma="við" type="af">við</w>
            <w lemma="samsala" type="nveog">samsöluna</w>
            <w lemma="," type="pk">,</w>
            <w lemma="sem" type="ct">sem</w>
            <w lemma="ekki" type="aa">ekki</w>
            <w lemma="gjarnan" type="aam">heldur</w>
            <w lemma="virða" type="sfm3eþ">virtist</w>
            <w lemma="vilja" type="sng">vilja</w>
            <w lemma="skipta" type="sng">skipta</w>
            <w lemma="við" type="af">við</w>
            <w lemma="ég" type="fp1fo">okkur</w>
            <w lemma="." type="pl">.</w>
          </s>
          <s n="7">
            <w lemma="það" type="fphen">Það</w>
            <w lemma="vera" type="sfg3fþ">voru</w>
            <w lemma="þessi" type="fahfn">þessi</w>
            <w lemma="óþægindi" type="nhfn">óþægindi</w>
            <w lemma="," type="pk">,</w>
            <w lemma="sem" type="ct">sem</w>
            <w lemma="knýja" type="sfg3fþ">knúðu</w>
            <w lemma="ég" type="fp1fo">okkur</w>
            <w lemma="til" type="af">til</w>
            <w lemma="að" type="cn">að</w>
            <w lemma="gera" type="sng">gera</w>
            <w lemma="krafa" type="nvfo">kröfur</w>
            <w lemma="um" type="af">um</w>
            <w lemma="breyting" type="nvfo">breytingar</w>
            <w lemma="á" type="af">á</w>
            <w lemma="samsala" type="nveþg">samsölunni</w>
            <w lemma="." type="pl">.</w>
          </s>
          <s n="8">
            <w lemma="Hv." type="ks">Hv.</w>
            <w lemma="þm." type="ks">þm.</w>
            <w lemma="vita" type="sfg3en">veit</w>
            <w lemma="," type="pk">,</w>
            <w lemma="hvaða" type="fsvfn">hvaða</w>
            <w lemma="krafa" type="nvfn">kröfur</w>
            <w lemma="þessi" type="fahen">þetta</w>
            <w lemma="vera" type="sfg3fþ">voru</w>
            <w lemma="." type="pl">.</w>
          </s>
          <s n="9">
            <w lemma="það" type="fphen">Það</w>
            <w lemma="," type="pk">,</w>
            <w lemma="sem" type="ct">sem</w>
            <w lemma="ég" type="fp1fn">við</w>
            <w lemma="biðja" type="sfg1fþ">báðum</w>
            <w lemma="um" type="aa">um</w>
            <w lemma="," type="pk">,</w>
            <w lemma="vera" type="sfg3eþ">var</w>
            <w lemma="ekki" type="aa">ekki</w>
            <w lemma="sá" type="fahee">þess</w>
            <w lemma="eðli" type="nhee">eðlis</w>
            <w lemma="," type="pk">,</w>
            <w lemma="að" type="c">að</w>
            <w lemma="ekki" type="aa">ekki</w>
            <w lemma="hafa" type="svg3eþ">hefði</w>
            <w lemma="vera" type="sþghen">verið</w>
            <w lemma="hægur" type="lhensf">hægt</w>
            <w lemma="að" type="cn">að</w>
            <w lemma="láta" type="sng">láta</w>
            <w lemma="það" type="fpheo">það</w>
            <w lemma="eftir" type="aa">eftir</w>
            <w lemma="," type="pk">,</w>
            <w lemma="og" type="c">og</w>
            <w lemma="þá" type="aa">þá</w>
            <w lemma="hafa" type="svg3fþ">hefðu</w>
            <w lemma="mjólkurlag" type="nhfng">mjólkurlögin</w>
            <w lemma="," type="pk">,</w>
            <w lemma="það" type="fpheo">það</w>
            <w lemma="þora" type="sfg1en">þori</w>
            <w lemma="ég" type="fp1en">ég</w>
            <w lemma="að" type="cn">að</w>
            <w lemma="fullyrða" type="sng">fullyrða</w>
            <w lemma="," type="pk">,</w>
            <w lemma="ganga" type="sþghen">gengið</w>
            <w lemma="greiðara" type="aa">greiðara</w>
            <w lemma="fram" type="aa">fram</w>
            <w lemma="." type="pl">.</w>
          </s>
          <s n="10">
            <w lemma="ég" type="fp1fn">Við</w>
            <w lemma="biðja" type="sfg1fþ">báðum</w>
            <w lemma="ekki" type="aa">ekki</w>
            <w lemma="um" type="af">um</w>
            <w lemma="annar" type="foheo">annað</w>
            <w lemma="en" type="c">en</w>
            <w lemma="góður" type="lveovm">betri</w>
            <w lemma="mjólk" type="nven">mjólk</w>
            <w lemma="og" type="c">og</w>
            <w lemma="frjáls" type="lveovm">frjálsari</w>
            <w lemma="sala" type="nveo">sölu</w>
            <w lemma="." type="pl">.</w>
          </s>
          <s n="11">
            <w lemma="þessi" type="fahen">Þetta</w>
            <w lemma="vera" type="sfg3fþ">voru</w>
            <w lemma="hóflegur" type="lvfnsf">hóflegar</w>
            <w lemma="krafa" type="nvfn">kröfur</w>
            <w lemma="og" type="c">og</w>
            <w lemma="allur" type="fohee">alls</w>
            <w lemma="ekki" type="aa">ekki</w>
            <w lemma="ósanngjarn" type="lvfnsf">ósanngjarnar</w>
            <w lemma="frá" type="af">frá</w>
            <w lemma="stór" type="lkeþsf">stórum</w>
            <w lemma="hópur" type="nkeþ">hópi</w>
            <w lemma="neytandi" type="nkfe">neytenda</w>
            <w lemma="." type="pl">.</w>
          </s>
          <s n="12">
            <w lemma="ég" type="fp1en">Ég</w>
            <w lemma="vilja" type="svg1eþ">vildi</w>
            <w lemma="leiðrétta" type="sng">leiðrétta</w>
            <w lemma="sá" type="faheo">það</w>
            <w lemma="," type="pk">,</w>
            <w lemma="sem" type="ct">sem</w>
            <w lemma="hv." type="x">hv.</w>
            <w lemma="þm." type="ks">þm.</w>
            <w lemma="bera" type="sfg3eþ">bar</w>
            <w lemma="fram" type="aa">fram</w>
            <w lemma="," type="pk">,</w>
            <w lemma="að" type="c">að</w>
            <w lemma="ég" type="fp1fn">við</w>
            <w lemma="hafa" type="svg1fn">höfum</w>
            <w lemma="vilja" type="sþghen">viljað</w>
            <w lemma="knýja" type="sng">knýja</w>
            <w lemma="niður" type="aa">niður</w>
            <w lemma="verð" type="nheo">verð</w>
            <w lemma="mjólk" type="nveeg">mjólkurinnar</w>
            <w lemma="." type="pl">.</w>
          </s>
          <s n="13">
            <w lemma="ég" type="fp1fn">Við</w>
            <w lemma="vita" type="sfg1fþ">vissum</w>
            <w lemma="," type="pk">,</w>
            <w lemma="að" type="c">að</w>
            <w lemma="það" type="fphen">það</w>
            <w lemma="vera" type="sfg3eþ">var</w>
            <w lemma="ekki" type="aa">ekki</w>
            <w lemma="hægur" type="lhensf">hægt</w>
            <w lemma="með" type="af">með</w>
            <w lemma="sá" type="faheþ">því</w>
            <w lemma="skipulag" type="nheþ">skipulagi</w>
            <w lemma="," type="pk">,</w>
            <w lemma="sem" type="ct">sem</w>
            <w lemma="á" type="af">á</w>
            <w lemma="sala" type="nveþ">sölu</w>
            <w lemma="hún" type="fpvee">hennar</w>
            <w lemma="vera" type="sfg3en">er</w>
            <w lemma="." type="pl">.</w>
          </s>
          <s n="14">
            <w lemma="en" type="c">En</w>
            <w lemma="hinsvegar" type="aa">hinsvegar</w>
            <w lemma="vera" type="sfg3en">er</w>
            <w lemma="það" type="fphen">það</w>
            <w lemma="von" type="nven">von</w>
            <w lemma="ég" type="fp1fe">okkar</w>
            <w lemma="," type="pk">,</w>
            <w lemma="að" type="c">að</w>
            <w lemma="hún" type="fpvfn">þær</w>
            <w lemma="koma" type="svg3fn">komi</w>
            <w lemma="stund" type="nvfo">stundir</w>
            <w lemma="," type="pk">,</w>
            <w lemma="að" type="c">að</w>
            <w lemma="hægur" type="lhensf">hægt</w>
            <w lemma="vera" type="svg3en">sé</w>
            <w lemma="að" type="cn">að</w>
            <w lemma="lækka" type="sng">lækka</w>
            <w lemma="verð" type="nheo">verð</w>
            <w lemma="hún" type="fpvee">hennar</w>
            <w lemma="." type="pl">.</w>
          </s>
          <s n="15">
            <w lemma="það" type="fphen">Það</w>
            <w lemma="vera" type="sfg3en">er</w>
            <w lemma="annars" type="aa">annars</w>
            <w lemma="bágur" type="lhensf">bágt</w>
            <w lemma="að" type="cn">að</w>
            <w lemma="skilja" type="sng">skilja</w>
            <w lemma="sá" type="faveo">þá</w>
            <w lemma="verzlunaraðferð" type="nveo">verzlunaraðferð</w>
            <w lemma="eða" type="c">eða</w>
            <w lemma="sá" type="faveo">þá</w>
            <w lemma="hagsbót" type="nveo">hagsbót</w>
            <w lemma="," type="pk">,</w>
            <w lemma="sem" type="ct">sem</w>
            <w lemma="í" type="af">í</w>
            <w lemma="það" type="fpheþ">því</w>
            <w lemma="eiga" type="svg3eþ">ætti</w>
            <w lemma="að" type="cn">að</w>
            <w lemma="fela" type="snm">felast</w>
            <w lemma="í" type="af">í</w>
            <w lemma="viðskipti" type="nhfþ">viðskiptum</w>
            <w lemma="," type="pk">,</w>
            <w lemma="að" type="cn">að</w>
            <w lemma="ýta" type="sng">ýta</w>
            <w lemma="kaupandi" type="nkfþ">kaupendum</w>
            <w lemma="frá" type="af">frá</w>
            <w lemma="sig" type="fpveþ">sér</w>
            <w lemma="í" type="af">í</w>
            <w lemma="staður" type="nkeo">stað</w>
            <w lemma="það" type="fphee">þess</w>
            <w lemma="að" type="cn">að</w>
            <w lemma="laða" type="sng">laða</w>
            <w lemma="hann" type="fpkfo">þá</w>
            <w lemma="að" type="af">að</w>
            <w lemma="sig" type="fpkfþ">sér</w>
            <w lemma="." type="pl">.</w>
          </s>
          <s n="16">
            <w lemma="Hv." type="ks">Hv.</w>
            <w lemma="þm." type="ks">þm.</w>
            <w lemma="hæla" type="sfm3eþ">hældist</w>
            <w lemma="um" type="af">um</w>
            <w lemma="," type="pk">,</w>
            <w lemma="að" type="c">að</w>
            <w lemma="mjólkurverkfall" type="nheng">mjólkurverkfallið</w>
            <w lemma="vera" type="svg3eþ">væri</w>
            <w lemma="að" type="cn">að</w>
            <w lemma="dvína" type="sng">dvína</w>
            <w lemma="," type="pk">,</w>
            <w lemma="það" type="fphen">það</w>
            <w lemma="verða" type="svg3eþ">yrði</w>
            <w lemma="ekki" type="aa">ekki</w>
            <w lemma="úr" type="af">úr</w>
            <w lemma="það" type="fpheþ">því</w>
            <w lemma="nema" type="c">nema</w>
            <w lemma="bóla" type="nven">bóla</w>
            <w lemma="," type="pk">,</w>
            <w lemma="sem" type="ct">sem</w>
            <w lemma="hjaðna" type="sfg3eþ">hjaðnaði</w>
            <w lemma="niður" type="aa">niður</w>
            <w lemma="." type="pl">.</w>
          </s>
          <s n="17">
            <w lemma="ég" type="fp1en">Ég</w>
            <w lemma="vera" type="sfg1en">er</w>
            <w lemma="ekki" type="aa">ekki</w>
            <w lemma="viss" type="lkensf">viss</w>
            <w lemma="um" type="af">um</w>
            <w lemma="," type="pk">,</w>
            <w lemma="að" type="c">að</w>
            <w lemma="þm." type="ks">þm.</w>
            <w lemma="vita" type="svg3en">viti</w>
            <w lemma="vel" type="aa">vel</w>
            <w lemma="um" type="af">um</w>
            <w lemma="sá" type="faheo">það</w>
            <w lemma="," type="pk">,</w>
            <w lemma="sem" type="ct">sem</w>
            <w lemma="hann" type="fpken">hann</w>
            <w lemma="vera" type="sfg3en">er</w>
            <w lemma="að" type="cn">að</w>
            <w lemma="segja" type="sng">segja</w>
            <w lemma="." type="pl">.</w>
          </s>
          <s n="18">
            <w lemma="óánægja" type="nveng">Óánægjan</w>
            <w lemma="með" type="af">með</w>
            <w lemma="mjólkursala" type="nveog">mjólkursöluna</w>
            <w lemma="vera" type="sfg3en">er</w>
            <w lemma="mikill" type="lvensf">mikil</w>
            <w lemma="," type="pk">,</w>
            <w lemma="og" type="c">og</w>
            <w lemma="hún" type="fpven">hún</w>
            <w lemma="verða" type="sfg3en">verður</w>
            <w lemma="ekki" type="aa">ekki</w>
            <w lemma="lítill" type="lvenvm">minni</w>
            <w lemma="," type="pk">,</w>
            <w lemma="þar" type="aa">þar</w>
            <w lemma="til" type="aa">til</w>
            <w lemma="lögun" type="nven">lögun</w>
            <w lemma="fá" type="sfm3en">fæst</w>
            <w lemma="á" type="af">á</w>
            <w lemma="þessi" type="faheþ">þessu</w>
            <w lemma="mál" type="nheþ">máli</w>
            <w lemma="." type="pl">.</w>
          </s>
          <s n="19">
            <w lemma="það" type="fphen">Það</w>
            <w lemma="vera" type="sfg3en">er</w>
            <w lemma="alvörumál" type="nhen">alvörumál</w>
            <w lemma="húsmóðir" type="nvfeg">húsmæðranna</w>
            <w lemma="að" type="cn">að</w>
            <w lemma="fá" type="sng">fá</w>
            <w lemma="sala" type="nveog">söluna</w>
            <w lemma="lagaður" type="lveosf">lagaða</w>
            <w lemma="," type="pk">,</w>
            <w lemma="og" type="c">og</w>
            <w lemma="það" type="fphen">það</w>
            <w lemma="eiga" type="svg3eþ">ætti</w>
            <w lemma="ekki" type="aa">ekki</w>
            <w lemma="varla" type="aam">síður</w>
            <w lemma="að" type="cn">að</w>
            <w lemma="vera" type="sng">vera</w>
            <w lemma="alvörumál" type="nhen">alvörumál</w>
            <w lemma="fyrir" type="af">fyrir</w>
            <w lemma="sá" type="fakfo">þá</w>
            <w lemma="," type="pk">,</w>
            <w lemma="sem" type="ct">sem</w>
            <w lemma="eiga" type="sfg3fn">eiga</w>
            <w lemma="að" type="cn">að</w>
            <w lemma="sjá" type="sng">sjá</w>
            <w lemma="um" type="af">um</w>
            <w lemma="sala" type="nveog">söluna</w>
            <w lemma="fyrir" type="af">fyrir</w>
            <w lemma="bóndi" type="nkfo">bændur</w>
            <w lemma="." type="pl">.</w>
          </s>
          <s n="20">
            <w lemma="það" type="fpheþ">Því</w>
            <w lemma="að" type="af">að</w>
            <w lemma="þessi" type="fakfþ">þessum</w>
            <w lemma="aðili" type="nkfþ">aðiljum</w>
            <w lemma="," type="pk">,</w>
            <w lemma="neytandi" type="nkfþ">neytendum</w>
            <w lemma="og" type="c">og</w>
            <w lemma="bóndi" type="nkfþ">bændum</w>
            <w lemma="," type="pk">,</w>
            <w lemma="geta" type="sfg3en">getur</w>
            <w lemma="ekki" type="aa">ekki</w>
            <w lemma="verða" type="sþghen">orðið</w>
            <w lemma="gagn" type="nhen">gagn</w>
            <w lemma="að" type="af">að</w>
            <w lemma="viðskipti" type="nhfþg">viðskiptunum</w>
            <w lemma="hvor" type="fokfn">hvorir</w>
            <w lemma="við" type="af">við</w>
            <w lemma="annar" type="fokeo">annan</w>
            <w lemma="," type="pk">,</w>
            <w lemma="nema" type="c">nema</w>
            <w lemma="hann" type="fpkfn">þeir</w>
            <w lemma="vera" type="svg3fn">séu</w>
            <w lemma="sáttur" type="lkfnsf">sáttir</w>
            <w lemma="." type="pl">.</w>
          </s>
          <s n="21">
            <w lemma="og" type="c">Og</w>
            <w lemma="ég" type="fp1en">ég</w>
            <w lemma="vona" type="sfg1en">vona</w>
            <w lemma="," type="pk">,</w>
            <w lemma="að" type="c">að</w>
            <w lemma="þessi" type="fakfn">þessir</w>
            <w lemma="tveir" type="tfkfn">tveir</w>
            <w lemma="aðili" type="nkfn">aðilar</w>
            <w lemma="geta" type="svg3fn">geti</w>
            <w lemma="koma" type="sþghen">komið</w>
            <w lemma="á" type="af">á</w>
            <w lemma="sátt" type="nvfþ">sáttum</w>
            <w lemma="með" type="af">með</w>
            <w lemma="sig" type="fpkfþ">sér</w>
            <w lemma="." type="pl">.</w>
          </s>
          <s n="22">
            <w lemma="ég" type="fp1en">Ég</w>
            <w lemma="vilja" type="sfg1en">vil</w>
            <w lemma="að" type="af">að</w>
            <w lemma="síðari" type="lveþve">síðustu</w>
            <w lemma="undirstrika" type="sng">undirstrika</w>
            <w lemma="það" type="fpheo">það</w>
            <w lemma="," type="pk">,</w>
            <w lemma="að" type="c">að</w>
            <w lemma="það" type="fphen">það</w>
            <w lemma="vera" type="sfg3eþ">var</w>
            <w lemma="ekki" type="aa">ekki</w>
            <w lemma="mjólkurverð" type="nheng">mjólkurverðið</w>
            <w lemma="," type="pk">,</w>
            <w lemma="heldur" type="c">heldur</w>
            <w lemma="óþægindi" type="nhfng">óþægindin</w>
            <w lemma="," type="pk">,</w>
            <w lemma="sem" type="ct">sem</w>
            <w lemma="leiða" type="sfg3fþ">leiddu</w>
            <w lemma="af" type="af">af</w>
            <w lemma="fyrirkomulag" type="nheþ">fyrirkomulagi</w>
            <w lemma="mjólkursala" type="nveeg">mjólkursölunnar</w>
            <w lemma="," type="pk">,</w>
            <w lemma="sem" type="ct">sem</w>
            <w lemma="fá" type="sfg3eþ">fékk</w>
            <w lemma="ég" type="fp1fo">okkur</w>
            <w lemma="húsmóðir" type="nvfog">húsmæðurnar</w>
            <w lemma="í" type="af">í</w>
            <w lemma="Rvík" type="n----s">Rvík</w>
            <w lemma="til" type="af">til</w>
            <w lemma="að" type="cn">að</w>
            <w lemma="hefja" type="snm">hefjast</w>
            <w lemma="hönd" type="nvfe">handa</w>
            <w lemma="í" type="af">í</w>
            <w lemma="þessi" type="faheþ">þessu</w>
            <w lemma="mál" type="nheþ">máli</w>
            <w lemma="." type="pl">.</w>
          </s>
        </p>
      </div1>
    </body>
  </text>
</TEI>
