<?xml version="1.0" encoding="UTF-8"?>
<TEI xmlns="http://www.tei-c.org/ns/1.0" xml:id="R-33-4540571" xml:lang="is">
  <teiHeader>
    <fileDesc>
      <titleStmt>
        <title>
          <title type="main">Uppeldisstofnun fyrir vangæf börn og unglinga (104. mál)</title>
        </title>
        <respStmt>
          <resp xml:lang="is">Söfnun og úrvinnsla texta</resp>
          <resp xml:lang="en">Collection and processing of text</resp>
          <name xml:lang="is">Stofnun Árna Magnússonar í íslenskum fræðum</name>
          <name xml:lang="en">The Arni Magnusson Institute for Icelandic Studies</name>
        </respStmt>
      </titleStmt>
      <editionStmt>
        <p xml:lang="is">Málheild: Ræður frá Alþingi Íslendinga (2020.06)</p>
        <p xml:lang="en">Corpus: Speeches from The Parliament of Iceland (2020.06)</p>
      </editionStmt>
      <publicationStmt>
        <distributor xml:lang="is">Stofnun Árna Magnússonar í íslenskum fræðum</distributor>
        <distributor xml:lang="en">The Arni Magnusson Institute for Icelandic Studies</distributor>
        <address>
          <addrLine xml:lang="is">Árnagarður við Suðurgötu, 107 Reykjavík, Íslandi</addrLine>
          <addrLine xml:lang="en">Árnagarður Suðurgata, 107 Reykjavik, Iceland</addrLine>
          <addrLine>
            <email>arnastofnun@arnastofnun.is</email>
          </addrLine>
        </address>
        <idno type="risam">R-33-4540571</idno>
        <availability>
          <p xml:lang="is">Þessi texti er til notkunar í málrannsóknum og máltækniverkefnum um allan heim með CC-BY leyfi</p>
          <p xml:lang="en">This text is available for use in language research and language technology projects world wide with CC-BY licence.</p>
        </availability>
        <date>2020-05-27</date>
      </publicationStmt>
      <sourceDesc>
        <biblStruct>
          <analytic>
            <title>
              <title type="main">Uppeldisstofnun fyrir vangæf börn og unglinga (104. mál)</title>
            </title>
            <author>
             <persName>Guðrún Lárusdóttir</persName>
             <note type="gender">F</note>
             <note type="age">55</note>
             <note type="url">http://althingi.is/altext/cv/is/?nfaerslunr=203</note>
             <note type="political_party">Sjálfstæðisflokkur</note>
             <note type="constituency">landskjörinn alþingismaður (LA)</note>
             <note type="role">Alþingismaður</note>
            </author>
            <date when="1935-03-22">22.03. 1935</date>
          </analytic>
          <monogr>
            <title>althingi.is</title>
            <imprint>
              <publisher>Alþingi</publisher>
            </imprint>
            <biblScope>
             <ref>http://althingi.is/altext/raeda/?lthing=49&amp;rnr=4828</ref>
            </biblScope>
          </monogr>
        </biblStruct>
      </sourceDesc>
    </fileDesc>
    <encodingDesc>
      <projectDesc>
        <p xml:lang="is">Sjá lýsingu á verkefninu í rmh2Hdr.xml.</p>
        <p xml:lang="en">See description of project in rmh2Hdr.xml.</p>
      </projectDesc>
      <tagsDecl>
        <namespace name="http://www.tei-c.org/ns/1.0">
          <tagUsage gi="text" occurs="1"/>
          <tagUsage gi="body" occurs="1"/>
          <tagUsage gi="div1" occurs="1"/>
          <tagUsage gi="p" occurs="6"/>
          <tagUsage gi="s" occurs="68"/>
          <tagUsage gi="w" occurs="1412"/>
          <tagUsage gi="c" occurs="0"/>
        </namespace>
      </tagsDecl>
    </encodingDesc>
  </teiHeader>
  <text>
    <body>
      <div1>
        <p n="1">
          <s n="1">
            <w lemma="flm" type="nhen">Flm</w>
            <w lemma="." type="pl">.</w>
          </s>
          <s n="2">
            <w lemma="(" type="pa">(</w>
            <w lemma="Guðrún" type="nven-s">Guðrún</w>
            <w lemma="Lárusdóttir" type="nven-s">Lárusdóttir</w>
            <w lemma=")" type="pa">)</w>
            <w lemma=":" type="pa">:</w>
          </s>
          <s n="3">
            <w lemma="það" type="fphen">Það</w>
            <w lemma="vera" type="sfg3fn">eru</w>
            <w lemma="nokkur" type="fohfn">nokkur</w>
            <w lemma="ár" type="nhfn">ár</w>
            <w lemma="síðan" type="c">síðan</w>
            <w lemma="ég" type="fp1en">ég</w>
            <w lemma="vera" type="sfg1eþ">var</w>
            <w lemma="á" type="af">á</w>
            <w lemma="ferð" type="nveþ">ferð</w>
            <w lemma="í" type="af">í</w>
            <w lemma="Danmörk" type="nveþ-s">Danmörku</w>
            <w lemma="og" type="c">og</w>
            <w lemma="Svíþjóð" type="nveþ-s">Svíþjóð</w>
            <w lemma="." type="pl">.</w>
          </s>
          <s n="4">
            <w lemma="einn" type="fohen">Eitt</w>
            <w lemma="af" type="af">af</w>
            <w lemma="það" type="fpheþ">því</w>
            <w lemma="," type="pk">,</w>
            <w lemma="sem" type="ct">sem</w>
            <w lemma="ég" type="fp1en">ég</w>
            <w lemma="vara" type="sfg1eþ">varði</w>
            <w lemma="tími" type="nkeþg">tímanum</w>
            <w lemma="þá" type="aa">þá</w>
            <w lemma="til" type="aa">til</w>
            <w lemma="á" type="af">á</w>
            <w lemma="sá" type="faheþ">því</w>
            <w lemma="ferðalag" type="nheþ">ferðalagi</w>
            <w lemma="," type="pk">,</w>
            <w lemma="vera" type="sfg1eþ">var</w>
            <w lemma="að" type="cn">að</w>
            <w lemma="heimsækja" type="sng">heimsækja</w>
            <w lemma="ýmiskonar" type="lheoof">ýmiskonar</w>
            <w lemma="barnaheimili" type="nheo">barnaheimili</w>
            <w lemma="." type="pl">.</w>
          </s>
          <s n="5">
            <w lemma="þá" type="aa">Þá</w>
            <w lemma="vera" type="sfg3eþ">var</w>
            <w lemma="barnavinafélag" type="nheng">barnavinafélagið</w>
            <w lemma="„" type="ta">„</w>
            <w lemma="sumargjöf" type="nhen">Sumargjöf</w>
            <w lemma="“" type="ta">“</w>
            <w lemma="nýlega" type="aa">nýlega</w>
            <w lemma="taka" type="sþghen">tekið</w>
            <w lemma="til" type="af">til</w>
            <w lemma="starf" type="nhfe">starfa</w>
            <w lemma="," type="pk">,</w>
            <w lemma="og" type="c">og</w>
            <w lemma="hafa" type="sfg3eþ">hafði</w>
            <w lemma="það" type="fphen">það</w>
            <w lemma="bíða" type="sþghen">beðið</w>
            <w lemma="ég" type="fp1eo">mig</w>
            <w lemma="að" type="cn">að</w>
            <w lemma="skoða" type="sng">skoða</w>
            <w lemma="slíkur" type="fbhfo">slík</w>
            <w lemma="heimili" type="nhfo">heimili</w>
            <w lemma="," type="pk">,</w>
            <w lemma="ekki" type="aa">ekki</w>
            <w lemma="sízt" type="aae">sízt</w>
            <w lemma="heimili" type="nheþ">heimili</w>
            <w lemma="fyrir" type="af">fyrir</w>
            <w lemma="vangæfur" type="lhfosf">vangæf</w>
            <w lemma="barn" type="nhfo">börn</w>
            <w lemma="." type="pl">.</w>
          </s>
          <s n="6">
            <w lemma="og" type="c">Og</w>
            <w lemma="það" type="fpheo">það</w>
            <w lemma="gera" type="sfg1eþ">gerði</w>
            <w lemma="ég" type="fp1en">ég</w>
            <w lemma="eftir" type="af">eftir</w>
            <w lemma="fang" type="nhfþ">föngum</w>
            <w lemma="." type="pl">.</w>
          </s>
          <s n="7">
            <w lemma="þá" type="aa">Þá</w>
            <w lemma="finna" type="sfm3eþ">fannst</w>
            <w lemma="ég" type="fp1eþ">mér</w>
            <w lemma="," type="pk">,</w>
            <w lemma="að" type="c">að</w>
            <w lemma="ekki" type="aa">ekki</w>
            <w lemma="vera" type="svg3eþ">væri</w>
            <w lemma="beinn" type="lvensf">bein</w>
            <w lemma="þörf" type="nven">þörf</w>
            <w lemma="fyrir" type="af">fyrir</w>
            <w lemma="slíkur" type="fbhfo">slík</w>
            <w lemma="heimili" type="nhfo">heimili</w>
            <w lemma="hér" type="aa">hér</w>
            <w lemma="á" type="af">á</w>
            <w lemma="land" type="nheþ">landi</w>
            <w lemma="," type="pk">,</w>
            <w lemma="og" type="c">og</w>
            <w lemma="þykja" type="sfg3eþ">þótti</w>
            <w lemma="ég" type="fp1eþ">mér</w>
            <w lemma="vænn" type="lhensf">vænt</w>
            <w lemma="um" type="af">um</w>
            <w lemma="það" type="fpheo">það</w>
            <w lemma="," type="pk">,</w>
            <w lemma="það" type="fpheþ">því</w>
            <w lemma="að" type="c">að</w>
            <w lemma="ástæða" type="nveng">ástæðan</w>
            <w lemma="vera" type="sfg3eþ">var</w>
            <w lemma="vitanlega" type="aa">vitanlega</w>
            <w lemma="sá" type="faven">sú</w>
            <w lemma="," type="pk">,</w>
            <w lemma="að" type="c">að</w>
            <w lemma="þannig" type="aa">þannig</w>
            <w lemma="vera" type="sfg3eþ">var</w>
            <w lemma="koma" type="sþghen">komið</w>
            <w lemma="fyrir" type="af">fyrir</w>
            <w lemma="veslingur" type="nkee">veslings</w>
            <w lemma="barn" type="nhfþg">börnunum</w>
            <w lemma="," type="pk">,</w>
            <w lemma="sem" type="ct">sem</w>
            <w lemma="þarna" type="aa">þarna</w>
            <w lemma="eiga" type="sfg3fþ">áttu</w>
            <w lemma="hlutur" type="nkeo">hlut</w>
            <w lemma="að" type="af">að</w>
            <w lemma="mál" type="nheþ">máli</w>
            <w lemma="," type="pk">,</w>
            <w lemma="að" type="c">að</w>
            <w lemma="gera" type="sng">gera</w>
            <w lemma="verða" type="sfg3eþ">varð</w>
            <w lemma="sérstakur" type="lvfnsf">sérstakar</w>
            <w lemma="ráðstöfun" type="nvfo">ráðstafanir</w>
            <w lemma="til" type="af">til</w>
            <w lemma="að" type="cn">að</w>
            <w lemma="bjarga" type="sng">bjarga</w>
            <w lemma="hún" type="fpvfþ">þeim</w>
            <w lemma="," type="pk">,</w>
            <w lemma="með" type="af">með</w>
            <w lemma="það" type="fpheþ">því</w>
            <w lemma="að" type="cn">að</w>
            <w lemma="flytja" type="sng">flytja</w>
            <w lemma="það" type="fphfo">þau</w>
            <w lemma="burt" type="aa">burt</w>
            <w lemma="frá" type="af">frá</w>
            <w lemma="heimili" type="nhfþ">heimilum</w>
            <w lemma="sinn" type="fehfþ">sínum</w>
            <w lemma="," type="pk">,</w>
            <w lemma="undir" type="af">undir</w>
            <w lemma="öruggur" type="lheovm">öruggara</w>
            <w lemma="eftirlit" type="nheo">eftirlit</w>
            <w lemma="og" type="c">og</w>
            <w lemma="strangur" type="lhfovm">strangari</w>
            <w lemma="Aga" type="n----s">aga</w>
            <w lemma="." type="pl">.</w>
          </s>
          <s n="8">
            <w lemma="það" type="fphen">Það</w>
            <w lemma="vera" type="sfg3en">er</w>
            <w lemma="mikill" type="lhensf">mikið</w>
            <w lemma="lán" type="nhen">lán</w>
            <w lemma="fyrir" type="af">fyrir</w>
            <w lemma="þjóðfélag" type="nheog">þjóðfélagið</w>
            <w lemma="að" type="cn">að</w>
            <w lemma="eiga" type="sng">eiga</w>
            <w lemma="slíkur" type="fbhfo">slík</w>
            <w lemma="hælur" type="nkfo">hæli</w>
            <w lemma="fyrir" type="af">fyrir</w>
            <w lemma="vangæfur" type="lhfosf">vangæf</w>
            <w lemma="barn" type="nhfo">börn</w>
            <w lemma="frá" type="af">frá</w>
            <w lemma="vangæfur" type="lhfþsf">vangæfum</w>
            <w lemma="heimili" type="nhfþ">heimilum</w>
            <w lemma="," type="pk">,</w>
            <w lemma="uppeldisstofnun" type="nvfo">uppeldisstofnanir</w>
            <w lemma="," type="pk">,</w>
            <w lemma="þar" type="aa">þar</w>
            <w lemma="sem" type="c">sem</w>
            <w lemma="mannúð" type="nven">mannúð</w>
            <w lemma="og" type="c">og</w>
            <w lemma="siðgæði" type="nhen">siðgæði</w>
            <w lemma="sitja" type="sfg3en">situr</w>
            <w lemma="í" type="af">í</w>
            <w lemma="öndvegi" type="nheþ">öndvegi</w>
            <w lemma="," type="pk">,</w>
            <w lemma="og" type="c">og</w>
            <w lemma="sá" type="fahfo">þau</w>
            <w lemma="heimili" type="nhfo">heimili</w>
            <w lemma="," type="pk">,</w>
            <w lemma="er" type="ct">er</w>
            <w lemma="ég" type="fp1en">ég</w>
            <w lemma="sá" type="faken">sá</w>
            <w lemma="," type="pk">,</w>
            <w lemma="bera" type="sfg3fþ">báru</w>
            <w lemma="allur" type="fohfo">öll</w>
            <w lemma="það" type="fphfn">þau</w>
            <w lemma="merki" type="nhfo">merki</w>
            <w lemma="." type="pl">.</w>
          </s>
          <s n="9">
            <w lemma="sérstaklega" type="aa">Sérstaklega</w>
            <w lemma="muna" type="sfg1en">man</w>
            <w lemma="ég" type="fp1en">ég</w>
            <w lemma="eftir" type="af">eftir</w>
            <w lemma="einn" type="tfheþ">einu</w>
            <w lemma="heimili" type="nheþ">heimili</w>
            <w lemma="," type="pk">,</w>
            <w lemma="sem" type="ct">sem</w>
            <w lemma="ég" type="fp1en">ég</w>
            <w lemma="vilja" type="sfg1en">vil</w>
            <w lemma="segja" type="sng">segja</w>
            <w lemma="hv." type="x">hv.</w>
            <w lemma="þdm" type="x">þdm</w>
            <w lemma="." type="pl">.</w>
          </s>
          <s n="10">
            <w lemma="frá" type="af">frá</w>
            <w lemma="," type="pk">,</w>
            <w lemma="þó" type="aa">þó</w>
            <w lemma="að" type="c">að</w>
            <w lemma="það" type="fphen">það</w>
            <w lemma="taka" type="svg3en">taki</w>
            <w lemma="ég" type="fp1eo">mig</w>
            <w lemma="kannske" type="aa">kannske</w>
            <w lemma="2" type="ta">2</w>
            <w lemma="–" type="ta">–</w>
            <w lemma="3" type="ta">3</w>
            <w lemma="mínúta" type="nvfo">mínútur</w>
            <w lemma="." type="pl">.</w>
          </s>
          <s n="11">
            <w lemma="þessi" type="fahen">Þetta</w>
            <w lemma="vera" type="sfg3eþ">var</w>
            <w lemma="heimili" type="nhen">heimili</w>
            <w lemma="fyrir" type="af">fyrir</w>
            <w lemma="drengur" type="nkfo">drengi</w>
            <w lemma="14" type="ta">14</w>
            <w lemma="–" type="x">–</w>
            <w lemma="18" type="ta">18</w>
            <w lemma="ár" type="nhfe">ára</w>
            <w lemma="." type="pl">.</w>
          </s>
          <s n="12">
            <w lemma="það" type="fphen">Það</w>
            <w lemma="vera" type="sfg3eþ">var</w>
            <w lemma="kalla" type="sþghen">kallað</w>
            <w lemma="Sólheimar" type="nkfn-s">Sólheimar</w>
            <w lemma="," type="pk">,</w>
            <w lemma="og" type="c">og</w>
            <w lemma="bera" type="sfg3eþ">bar</w>
            <w lemma="það" type="fpheo">það</w>
            <w lemma="fullkomlega" type="aa">fullkomlega</w>
            <w lemma="nafn" type="nheo">nafn</w>
            <w lemma="með" type="af">með</w>
            <w lemma="réttur" type="lheþsf">réttu</w>
            <w lemma="," type="pk">,</w>
            <w lemma="það" type="fpheþ">því</w>
            <w lemma="þar" type="aa">þar</w>
            <w lemma="skína" type="sfg3eþ">skein</w>
            <w lemma="sól" type="nven">sól</w>
            <w lemma="kærleiki" type="nkeeg">kærleikans</w>
            <w lemma="í" type="af">í</w>
            <w lemma="heiði" type="nheþ">heiði</w>
            <w lemma="." type="pl">.</w>
          </s>
          <s n="13">
            <w lemma="roski" type="nhfng">Roskin</w>
            <w lemma="hjón" type="nhfn">hjón</w>
            <w lemma="hafa" type="sfg3fþ">höfðu</w>
            <w lemma="taka" type="sþghen">tekið</w>
            <w lemma="verkefni" type="nheog">verkefnið</w>
            <w lemma="að" type="af">að</w>
            <w lemma="sig" type="fphfþ">sér</w>
            <w lemma="," type="pk">,</w>
            <w lemma="að" type="cn">að</w>
            <w lemma="bjarga" type="sng">bjarga</w>
            <w lemma="frá" type="af">frá</w>
            <w lemma="þjóðfélagslegur" type="lveþsf">þjóðfélagslegri</w>
            <w lemma="glötun" type="nveþ">glötun</w>
            <w lemma="drengur" type="nkfþ">drengjum</w>
            <w lemma="á" type="af">á</w>
            <w lemma="þessi" type="faheþ">þessu</w>
            <w lemma="rek" type="nheþ">reki</w>
            <w lemma="." type="pl">.</w>
          </s>
          <s n="14">
            <w lemma="það" type="fphfn">Þau</w>
            <w lemma="byrja" type="sfg3fþ">byrjuðu</w>
            <w lemma="með" type="af">með</w>
            <w lemma="tveir" type="tfvfo">tvær</w>
            <w lemma="hönd" type="nvfo">hendur</w>
            <w lemma="tómur" type="lvfosf">tómar</w>
            <w lemma="," type="pk">,</w>
            <w lemma="en" type="c">en</w>
            <w lemma="ríki" type="nheng">ríkið</w>
            <w lemma="hlaupa" type="sfg3eþ">hljóp</w>
            <w lemma="fljótt" type="aa">fljótt</w>
            <w lemma="undir" type="af">undir</w>
            <w lemma="baggi" type="nkeo">bagga</w>
            <w lemma="og" type="c">og</w>
            <w lemma="hjálpa" type="sfg3eþ">hjálpaði</w>
            <w lemma="það" type="fphfþ">þeim</w>
            <w lemma="," type="pk">,</w>
            <w lemma="svo" type="aa">svo</w>
            <w lemma="að" type="c">að</w>
            <w lemma="það" type="fphfn">þau</w>
            <w lemma="vera" type="sfg3fþ">voru</w>
            <w lemma="búinn" type="lhfnsf">búin</w>
            <w lemma="að" type="cn">að</w>
            <w lemma="koma" type="sng">koma</w>
            <w lemma="þarna" type="aa">þarna</w>
            <w lemma="upp" type="aa">upp</w>
            <w lemma="myndarlegur" type="lheþsf">myndarlegu</w>
            <w lemma="heimili" type="nheþ">heimili</w>
            <w lemma="," type="pk">,</w>
            <w lemma="sem" type="ct">sem</w>
            <w lemma="geta" type="sfg3eþ">gat</w>
            <w lemma="taka" type="sþghen">tekið</w>
            <w lemma="25" type="ta">25</w>
            <w lemma="drengur" type="nkfo">drengi</w>
            <w lemma="í" type="af">í</w>
            <w lemma="einn" type="lheþsf">einu</w>
            <w lemma="." type="pl">.</w>
          </s>
          <s n="15">
            <w lemma="þegar" type="c">Þegar</w>
            <w lemma="maður" type="nken">maður</w>
            <w lemma="líta" type="sfg3eþ">leit</w>
            <w lemma="yfir" type="af">yfir</w>
            <w lemma="þessi" type="fakeo">þennan</w>
            <w lemma="hópur" type="nkeo">hóp</w>
            <w lemma="," type="pk">,</w>
            <w lemma="þá" type="aa">þá</w>
            <w lemma="hafa" type="svg3eþ">hefði</w>
            <w lemma="enginn" type="foken">enginn</w>
            <w lemma="geta" type="sþghen">getað</w>
            <w lemma="sjá" type="sþghen">séð</w>
            <w lemma="það" type="fphee">þess</w>
            <w lemma="merki" type="nheo">merki</w>
            <w lemma="," type="pk">,</w>
            <w lemma="að" type="c">að</w>
            <w lemma="drengur" type="nkfng">drengirnir</w>
            <w lemma="hafa" type="svg3fþ">hefðu</w>
            <w lemma="fyrir" type="af">fyrir</w>
            <w lemma="fár" type="lvfþsf">fáum</w>
            <w lemma="vika" type="nvfþ">vikum</w>
            <w lemma="-" type="pa">-</w>
            <w lemma="það" type="fpheþ">því</w>
            <w lemma="að" type="c">að</w>
            <w lemma="sumur" type="fokfn">sumir</w>
            <w lemma="vera" type="sfg3fþ">voru</w>
            <w lemma="nýkominn" type="lkfnsf">nýkomnir</w>
            <w lemma="-" type="pa">-</w>
            <w lemma="koma" type="sþghen">komið</w>
            <w lemma="úr" type="af">úr</w>
            <w lemma="allur" type="fokfe">allra</w>
            <w lemma="slæmur" type="lheþve">versta</w>
            <w lemma="umhverfi" type="nheþ">umhverfi</w>
            <w lemma="og" type="c">og</w>
            <w lemma="allur" type="fokfe">allra</w>
            <w lemma="slæmur" type="lkeeve">versta</w>
            <w lemma="félagsskap" type="nkfe">félagsskap</w>
            <w lemma="," type="pk">,</w>
            <w lemma="sem" type="ct">sem</w>
            <w lemma="til" type="aa">til</w>
            <w lemma="vera" type="sfg3eþ">var</w>
            <w lemma="í" type="af">í</w>
            <w lemma="Kaupmannahöfn" type="nveþ-s">Kaupmannahöfn</w>
            <w lemma="." type="pl">.</w>
          </s>
          <s n="16">
            <w lemma="hann" type="fpkfn">Þeir</w>
            <w lemma="vera" type="sfg3fþ">voru</w>
            <w lemma="hrifinn" type="lkfnsf">hrifnir</w>
            <w lemma="beinn" type="lvenvf">beina</w>
            <w lemma="leið" type="nven">leið</w>
            <w lemma="úr" type="af">úr</w>
            <w lemma="spillingarfen" type="nheþg">spillingarfeninu</w>
            <w lemma="," type="pk">,</w>
            <w lemma="kippa" type="sþghen">kippt</w>
            <w lemma="burt" type="aa">burt</w>
            <w lemma="af" type="af">af</w>
            <w lemma="glæpabraut" type="nveþg">glæpabrautinni</w>
            <w lemma="," type="pk">,</w>
            <w lemma="er" type="c">er</w>
            <w lemma="hann" type="fpkfn">þeir</w>
            <w lemma="vera" type="sfg3fþ">voru</w>
            <w lemma="margur" type="lkfnse">flestir</w>
            <w lemma="koma" type="sþgkfn">komnir</w>
            <w lemma="langt" type="aam">lengra</w>
            <w lemma="og" type="c">og</w>
            <w lemma="skammt" type="aam">skemmra</w>
            <w lemma="inn" type="aa">inn</w>
            <w lemma="á" type="aa">á</w>
            <w lemma="." type="pl">.</w>
          </s>
          <s n="17">
            <w lemma="en" type="c">En</w>
            <w lemma="það" type="fphen">það</w>
            <w lemma="verða" type="sfg3eþ">varð</w>
            <w lemma="ekki" type="aa">ekki</w>
            <w lemma="sjá" type="sþghen">séð</w>
            <w lemma="á" type="af">á</w>
            <w lemma="það" type="fphfþ">þeim</w>
            <w lemma="í" type="af">í</w>
            <w lemma="þessi" type="fakeþ">þessum</w>
            <w lemma="hópur" type="nkeþ">hóp</w>
            <w lemma="," type="pk">,</w>
            <w lemma="það" type="fpheþ">því</w>
            <w lemma="þar" type="aa">þar</w>
            <w lemma="vera" type="sfg3fþ">voru</w>
            <w lemma="hann" type="fpkfn">þeir</w>
            <w lemma="í" type="af">í</w>
            <w lemma="foreldrahand" type="nhfþ">foreldrahöndum</w>
            <w lemma="og" type="c">og</w>
            <w lemma="systkinahópur" type="nkeþ">systkinahóp</w>
            <w lemma="í" type="af">í</w>
            <w lemma="hinn" type="gheþ">hinu</w>
            <w lemma="ástúðlegur" type="lheþve">ástúðlegasta</w>
            <w lemma="samband" type="nheþ">sambandi</w>
            <w lemma="." type="pl">.</w>
          </s>
          <s n="18">
            <w lemma="þar" type="aa">Þar</w>
            <w lemma="segja" type="sfg3fþ">sögðu</w>
            <w lemma="allur" type="fokfn">allir</w>
            <w lemma="„" type="ta">„</w>
            <w lemma="pabbi" type="nken">pabbi</w>
            <w lemma="“" type="ta">“</w>
            <w lemma="og" type="c">og</w>
            <w lemma="„" type="ta">„</w>
            <w lemma="mamma" type="nven">mamma</w>
            <w lemma="“" type="ks">“</w>
            <w lemma="," type="pk">,</w>
            <w lemma="frá" type="af">frá</w>
            <w lemma="það" type="fpheþ">því</w>
            <w lemma="hann" type="fpkfn">þeir</w>
            <w lemma="koma" type="sfg3fþ">komu</w>
            <w lemma="og" type="c">og</w>
            <w lemma="þar" type="aa">þar</w>
            <w lemma="til" type="aa">til</w>
            <w lemma="er" type="c">er</w>
            <w lemma="hann" type="fpkfn">þeir</w>
            <w lemma="fara" type="sfg3fþ">fóru</w>
            <w lemma="," type="pk">,</w>
            <w lemma="og" type="c">og</w>
            <w lemma="það" type="fphen">það</w>
            <w lemma="vera" type="sfg3eþ">var</w>
            <w lemma="aðdáanlegur" type="lhensf">aðdáanlegt</w>
            <w lemma="að" type="cn">að</w>
            <w lemma="sjá" type="sng">sjá</w>
            <w lemma="hinn" type="gheo">hið</w>
            <w lemma="innilegur" type="lheovf">innilega</w>
            <w lemma="kærleikssamband" type="nheo">kærleikssamband</w>
            <w lemma="," type="pk">,</w>
            <w lemma="sem" type="ct">sem</w>
            <w lemma="ríkja" type="sfg3eþ">ríkti</w>
            <w lemma="milli" type="af">milli</w>
            <w lemma="allur" type="fokfe">allra</w>
            <w lemma="á" type="af">á</w>
            <w lemma="heimili" type="nheþg">heimilinu</w>
            <w lemma="." type="pl">.</w>
          </s>
          <s n="19">
            <w lemma="ég" type="fp1en">Ég</w>
            <w lemma="spyrja" type="sfg1eþ">spurði</w>
            <w lemma="húsbóndi" type="nkfog">húsbændurna</w>
            <w lemma="," type="pk">,</w>
            <w lemma="hvort" type="c">hvort</w>
            <w lemma="ekki" type="aa">ekki</w>
            <w lemma="þurfa" type="svg3eþ">þyrfti</w>
            <w lemma="að" type="cn">að</w>
            <w lemma="passa" type="sng">passa</w>
            <w lemma="vel" type="aa">vel</w>
            <w lemma="upp" type="aa">upp</w>
            <w lemma="á" type="aa">á</w>
            <w lemma="," type="pk">,</w>
            <w lemma="að" type="c">að</w>
            <w lemma="drengur" type="nkfng">drengirnir</w>
            <w lemma="hnupla" type="svg3fþ">hnupluðu</w>
            <w lemma="enginn" type="foheþ">engu</w>
            <w lemma="." type="pl">.</w>
          </s>
          <s n="20">
            <w lemma="en" type="c">En</w>
            <w lemma="svar" type="nheng">svarið</w>
            <w lemma="vera" type="sfg3eþ">var</w>
            <w lemma=":" type="pa">:</w>
            <w lemma="„" type="x">„</w>
            <w lemma="nei" type="au">Nei</w>
            <w lemma="," type="pk">,</w>
            <w lemma="hér" type="aa">hér</w>
            <w lemma="þurfa" type="sfg3en">þarf</w>
            <w lemma="enginn" type="fohen">ekkert</w>
            <w lemma="að" type="cn">að</w>
            <w lemma="passa" type="sng">passa</w>
            <w lemma="," type="pk">,</w>
            <w lemma="enginn" type="foheþ">engu</w>
            <w lemma="að" type="cn">að</w>
            <w lemma="læsa" type="sng">læsa</w>
            <w lemma="," type="pk">,</w>
            <w lemma="hér" type="aa">hér</w>
            <w lemma="mega" type="sfg3en">má</w>
            <w lemma="tortryggni" type="nveng">tortryggnin</w>
            <w lemma="ekki" type="aa">ekki</w>
            <w lemma="koma" type="snm">komast</w>
            <w lemma="að" type="aa">að</w>
            <w lemma="." type="pl">.</w>
          </s>
          <s n="21">
            <w lemma="ég" type="fp1fn">Við</w>
            <w lemma="treysta" type="sfg1fn">treystum</w>
            <w lemma="drengur" type="nkfþg">drengjunum</w>
            <w lemma="ég" type="fp1fe">okkar</w>
            <w lemma="," type="pk">,</w>
            <w lemma="og" type="c">og</w>
            <w lemma="hann" type="fpkfn">þeir</w>
            <w lemma="bregða" type="sfm3fn">bregðast</w>
            <w lemma="ég" type="fp1fþ">okkur</w>
            <w lemma="ekki" type="aa">ekki</w>
            <w lemma="." type="pl">.</w>
            <w lemma="“" type="x">“</w>
          </s>
        </p>
        <p n="2">
          <s n="1">
            <w lemma="ef" type="c">Ef</w>
            <w lemma="svo" type="aa">svo</w>
            <w lemma="fara" type="svg3eþ">færi</w>
            <w lemma="," type="pk">,</w>
            <w lemma="sem" type="ct">sem</w>
            <w lemma="ég" type="fp1en">ég</w>
            <w lemma="vona" type="sfg1en">vona</w>
            <w lemma="úr" type="af">úr</w>
            <w lemma="sá" type="faheþ">því</w>
            <w lemma="sem" type="ct">sem</w>
            <w lemma="koma" type="sþghen">komið</w>
            <w lemma="vera" type="sfg3en">er</w>
            <w lemma="," type="pk">,</w>
            <w lemma="að" type="c">að</w>
            <w lemma="ég" type="fp1fn">við</w>
            <w lemma="eigna" type="sfm1fn">eignumst</w>
            <w lemma="heimili" type="nheo">heimili</w>
            <w lemma="fyrir" type="af">fyrir</w>
            <w lemma="vangæfur" type="lhfosf">vangæf</w>
            <w lemma="barn" type="nhfo">börn</w>
            <w lemma="," type="pk">,</w>
            <w lemma="þá" type="aa">þá</w>
            <w lemma="vilja" type="svg1eþ">vildi</w>
            <w lemma="ég" type="fp1en">ég</w>
            <w lemma="vona" type="sng">vona</w>
            <w lemma="og" type="c">og</w>
            <w lemma="óska" type="sng">óska</w>
            <w lemma="," type="pk">,</w>
            <w lemma="að" type="c">að</w>
            <w lemma="slíkur" type="fbken">slíkur</w>
            <w lemma="andi" type="nken">andi</w>
            <w lemma="sem" type="ct">sem</w>
            <w lemma="þessi" type="faken">þessi</w>
            <w lemma="mega" type="svg3eþ">mætti</w>
            <w lemma="þar" type="aa">þar</w>
            <w lemma="ríkja" type="sng">ríkja</w>
            <w lemma="." type="pl">.</w>
          </s>
        </p>
        <p n="3">
          <s n="1">
            <w lemma="nú" type="aa">Nú</w>
            <w lemma="vera" type="sfg3en">er</w>
            <w lemma="svo" type="aa">svo</w>
            <w lemma="koma" type="sþghen">komið</w>
            <w lemma="með" type="aa">með</w>
            <w lemma="þjóð" type="nveþ">þjóð</w>
            <w lemma="vorur" type="fbveþ">vorri</w>
            <w lemma="," type="pk">,</w>
            <w lemma="að" type="c">að</w>
            <w lemma="óumflýjanlegur" type="lhensf">óumflýjanlegt</w>
            <w lemma="vera" type="sfg3en">er</w>
            <w lemma="að" type="cn">að</w>
            <w lemma="stofnsetja" type="sng">stofnsetja</w>
            <w lemma="uppeldisstofnun" type="nveo">uppeldisstofnun</w>
            <w lemma="fyrir" type="af">fyrir</w>
            <w lemma="vangæfur" type="lhfosf">vangæf</w>
            <w lemma="barn" type="nhfo">börn</w>
            <w lemma="." type="pl">.</w>
          </s>
          <s n="2">
            <w lemma="hingað" type="aa">Hingað</w>
            <w lemma="til" type="aa">til</w>
            <w lemma="hafa" type="sfg3en">hefir</w>
            <w lemma="það" type="fphen">það</w>
            <w lemma="vera" type="sþghen">verið</w>
            <w lemma="einn" type="lvenvf">eina</w>
            <w lemma="úrlausn" type="nveng">úrlausnin</w>
            <w lemma="með" type="af">með</w>
            <w lemma="þessháttar" type="lheoof">þessháttar</w>
            <w lemma="barn" type="nhfo">börn</w>
            <w lemma="," type="pk">,</w>
            <w lemma="að" type="cn">að</w>
            <w lemma="senda" type="sng">senda</w>
            <w lemma="það" type="fphfo">þau</w>
            <w lemma="á" type="af">á</w>
            <w lemma="góður" type="lhfosf">góð</w>
            <w lemma="heimili" type="nhfo">heimili</w>
            <w lemma="uppi" type="aa">uppi</w>
            <w lemma="í" type="af">í</w>
            <w lemma="sveit" type="nveþ">sveit</w>
            <w lemma="," type="pk">,</w>
            <w lemma="og" type="c">og</w>
            <w lemma="hafa" type="sfg3en">hefir</w>
            <w lemma="það" type="fphen">það</w>
            <w lemma="oft" type="aa">oft</w>
            <w lemma="gefizt" type="sþmhen">gefizt</w>
            <w lemma="mjög" type="aa">mjög</w>
            <w lemma="vel" type="aa">vel</w>
            <w lemma="." type="pl">.</w>
          </s>
          <s n="3">
            <w lemma="ég" type="fp1en">Ég</w>
            <w lemma="þekkja" type="sfg1en">þekki</w>
            <w lemma="það" type="fphee">þess</w>
            <w lemma="dæmi" type="nheo">dæmi</w>
            <w lemma="og" type="c">og</w>
            <w lemma="munur" type="nkeþ">mun</w>
            <w lemma="ávallt" type="aa">ávallt</w>
            <w lemma="minna" type="snm">minnast</w>
            <w lemma="hann" type="fpkfe">þeirra</w>
            <w lemma="með" type="af">með</w>
            <w lemma="gleði" type="nveþ">gleði</w>
            <w lemma="og" type="c">og</w>
            <w lemma="þakklæti" type="nheþ">þakklæti</w>
            <w lemma="til" type="af">til</w>
            <w lemma="sá" type="fakfe">þeirra</w>
            <w lemma="góður" type="lkfevf">góðu</w>
            <w lemma="húsbóndi" type="nkfe">húsbænda</w>
            <w lemma="," type="pk">,</w>
            <w lemma="sem" type="ct">sem</w>
            <w lemma="þar" type="aa">þar</w>
            <w lemma="hafa" type="sfg3fn">hafa</w>
            <w lemma="eiga" type="sþghen">átt</w>
            <w lemma="hlutur" type="nkeo">hlut</w>
            <w lemma="að" type="af">að</w>
            <w lemma="mál" type="nheþ">máli</w>
            <w lemma="." type="pl">.</w>
          </s>
          <s n="4">
            <w lemma="en" type="c">En</w>
            <w lemma="svo" type="aa">svo</w>
            <w lemma="koma" type="sfg3fþ">komu</w>
            <w lemma="annar" type="fohfn">önnur</w>
            <w lemma="dæmi" type="nhfn">dæmi</w>
            <w lemma="," type="pk">,</w>
            <w lemma="þar" type="aa">þar</w>
            <w lemma="sem" type="c">sem</w>
            <w lemma="þessi" type="fahen">þetta</w>
            <w lemma="ráð" type="nhen">ráð</w>
            <w lemma="duga" type="sfg3eþ">dugði</w>
            <w lemma="ekki" type="aa">ekki</w>
            <w lemma="," type="pk">,</w>
            <w lemma="þar" type="aa">þar</w>
            <w lemma="sem" type="c">sem</w>
            <w lemma="unglingur" type="nkeng">unglingurinn</w>
            <w lemma="koma" type="sfg3eþ">kom</w>
            <w lemma="jafnnær" type="aa">jafnnær</w>
            <w lemma="og" type="c">og</w>
            <w lemma="hann" type="fpken">hann</w>
            <w lemma="fara" type="sfg3eþ">fór</w>
            <w lemma="og" type="c">og</w>
            <w lemma="sökkva" type="sfg3eþ">sökkti</w>
            <w lemma="sig" type="fpkeþ">sér</w>
            <w lemma="brátt" type="aa">brátt</w>
            <w lemma="ofan" type="aa">ofan</w>
            <w lemma="í" type="af">í</w>
            <w lemma="sami" type="fbhfo">sömu</w>
            <w lemma="vandræði" type="nhfog">vandræðin</w>
            <w lemma="," type="pk">,</w>
            <w lemma="þegar" type="c">þegar</w>
            <w lemma="í" type="af">í</w>
            <w lemma="fjölmenni" type="nheog">fjölmennið</w>
            <w lemma="koma" type="sfg3eþ">kom</w>
            <w lemma="." type="pl">.</w>
          </s>
          <s n="5">
            <w lemma="og" type="c">Og</w>
            <w lemma="eftir" type="af">eftir</w>
            <w lemma="það" type="fpheþ">því</w>
            <w lemma="sem" type="c">sem</w>
            <w lemma="sá" type="fahfþ">þeim</w>
            <w lemma="barn" type="nhfþ">börnum</w>
            <w lemma="fjölga" type="sfg3en">fjölgar</w>
            <w lemma="," type="pk">,</w>
            <w lemma="sem" type="ct">sem</w>
            <w lemma="þannig" type="aa">þannig</w>
            <w lemma="fara" type="sfg3fn">fara</w>
            <w lemma="afvega" type="lvenof">afvega</w>
            <w lemma="," type="pk">,</w>
            <w lemma="það" type="fpheþ">því</w>
            <w lemma="örðugur" type="lhenvm">örðugra</w>
            <w lemma="verða" type="sfg3en">verður</w>
            <w lemma="að" type="cn">að</w>
            <w lemma="fá" type="sng">fá</w>
            <w lemma="sá" type="fakeþ">þeim</w>
            <w lemma="góður" type="lkfosf">góða</w>
            <w lemma="dvalarstaður" type="nkfo">dvalarstaði</w>
            <w lemma="í" type="af">í</w>
            <w lemma="sveit" type="nvfþ">sveitum</w>
            <w lemma="." type="pl">.</w>
          </s>
          <s n="6">
            <w lemma="þá" type="aa">Þá</w>
            <w lemma="vera" type="sfg3en">er</w>
            <w lemma="og" type="c">og</w>
            <w lemma="fólksleysi" type="nhen">fólksleysi</w>
            <w lemma="í" type="af">í</w>
            <w lemma="sveit" type="nvfþ">sveitum</w>
            <w lemma="mikill" type="lvensf">mikil</w>
            <w lemma="tálmun" type="nven">tálmun</w>
            <w lemma="hér" type="aa">hér</w>
            <w lemma="." type="pl">.</w>
          </s>
          <s n="7">
            <w lemma="húsmóðir" type="nvfng">Húsmæðurnar</w>
            <w lemma="geta" type="sfg3fn">geta</w>
            <w lemma="ekki" type="aa">ekki</w>
            <w lemma="bæta" type="sþghen">bætt</w>
            <w lemma="við" type="af">við</w>
            <w lemma="sig" type="fpvfo">sig</w>
            <w lemma="sá" type="fahfþ">þeim</w>
            <w lemma="þjónustubrögð" type="nhfþ">þjónustubrögðum</w>
            <w lemma="og" type="c">og</w>
            <w lemma="önn" type="nvfþ">önnum</w>
            <w lemma="," type="pk">,</w>
            <w lemma="sem" type="ct">sem</w>
            <w lemma="það" type="fphen">það</w>
            <w lemma="hafa" type="sfg3en">hefir</w>
            <w lemma="í" type="af">í</w>
            <w lemma="för" type="nveþ">för</w>
            <w lemma="með" type="af">með</w>
            <w lemma="sig" type="fpheþ">sér</w>
            <w lemma="að" type="cn">að</w>
            <w lemma="bæta" type="sng">bæta</w>
            <w lemma="drengur" type="nkfþ">drengjum</w>
            <w lemma="eins" type="aa">eins</w>
            <w lemma="og" type="c">og</w>
            <w lemma="það" type="fphfþ">þeim</w>
            <w lemma="," type="pk">,</w>
            <w lemma="vera" type="sfg3en">er</w>
            <w lemma="hér" type="aa">hér</w>
            <w lemma="um" type="aa">um</w>
            <w lemma="ræða" type="sfg3en">ræðir</w>
            <w lemma="," type="pk">,</w>
            <w lemma="á" type="af">á</w>
            <w lemma="heimili" type="nhfog">heimilin</w>
            <w lemma="." type="pl">.</w>
          </s>
          <s n="8">
            <w lemma="húsmóðir" type="nvfn">Húsmæður</w>
            <w lemma="," type="pk">,</w>
            <w lemma="sem" type="ct">sem</w>
            <w lemma="oft" type="aa">oft</w>
            <w lemma="vera" type="sfg3fn">eru</w>
            <w lemma="einyrki" type="nkfn">einyrkjar</w>
            <w lemma="við" type="af">við</w>
            <w lemma="heimilisstörf" type="nhfog">heimilisstörfin</w>
            <w lemma="," type="pk">,</w>
            <w lemma="vera" type="sfg3fn">eru</w>
            <w lemma="svo" type="aa">svo</w>
            <w lemma="önn" type="nvfþ">önnum</w>
            <w lemma="hlaðinn" type="lvfnsf">hlaðnar</w>
            <w lemma="," type="pk">,</w>
            <w lemma="að" type="c">að</w>
            <w lemma="hún" type="fpvfn">þær</w>
            <w lemma="sjá" type="sfg3fn">sjá</w>
            <w lemma="ekki" type="aa">ekki</w>
            <w lemma="út" type="aa">út</w>
            <w lemma="yfir" type="af">yfir</w>
            <w lemma="sá" type="faheo">það</w>
            <w lemma="," type="pk">,</w>
            <w lemma="sem" type="ct">sem</w>
            <w lemma="hún" type="fpvfn">þær</w>
            <w lemma="hafa" type="sfg3fn">hafa</w>
            <w lemma="að" type="cn">að</w>
            <w lemma="starfa" type="sng">starfa</w>
            <w lemma="." type="pl">.</w>
          </s>
          <s n="9">
            <w lemma="hér" type="aa">Hér</w>
            <w lemma="vera" type="sfg3en">er</w>
            <w lemma="einn" type="foven">ein</w>
            <w lemma="ranghverfa" type="nveng">ranghverfan</w>
            <w lemma="í" type="af">í</w>
            <w lemma="tilvera" type="nveþg">tilverunni</w>
            <w lemma="hjá" type="af">hjá</w>
            <w lemma="ég" type="fp1fþ">okkur</w>
            <w lemma="." type="pl">.</w>
          </s>
          <s n="10">
            <w lemma="í" type="af">Í</w>
            <w lemma="kaupstaður" type="nkfþg">kaupstöðunum</w>
            <w lemma="flækja" type="sfm3en">flækist</w>
            <w lemma="fólk" type="nheng">fólkið</w>
            <w lemma="hver" type="fshen">hvað</w>
            <w lemma="fyrir" type="af">fyrir</w>
            <w lemma="annar" type="foheþ">öðru</w>
            <w lemma="iðjulaus" type="lheosf">iðjulaust</w>
            <w lemma="," type="pk">,</w>
            <w lemma="en" type="c">en</w>
            <w lemma="í" type="af">í</w>
            <w lemma="sveit" type="nvfþ">sveitum</w>
            <w lemma="vera" type="sfg3en">er</w>
            <w lemma="fólk" type="nheng">fólkið</w>
            <w lemma="svo" type="aa">svo</w>
            <w lemma="fár" type="lhensf">fátt</w>
            <w lemma="," type="pk">,</w>
            <w lemma="að" type="c">að</w>
            <w lemma="varla" type="aa">varla</w>
            <w lemma="vera" type="sfg3en">er</w>
            <w lemma="unnt" type="lhensf">unnt</w>
            <w lemma="að" type="cn">að</w>
            <w lemma="koma" type="sng">koma</w>
            <w lemma="af" type="af">af</w>
            <w lemma="nauðsynlegur" type="lhfþve">nauðsynlegustu</w>
            <w lemma="starf" type="nhfþ">störfum</w>
            <w lemma="." type="pl">.</w>
          </s>
        </p>
        <p n="4">
          <s n="1">
            <w lemma="nú" type="aa">Nú</w>
            <w lemma="fara" type="sfg3en">fer</w>
            <w lemma="það" type="fphfþ">þeim</w>
            <w lemma="fjölga" type="slg">fjölgandi</w>
            <w lemma="," type="pk">,</w>
            <w lemma="barnaaumingi" type="nhfþg">barnaaumingjunum</w>
            <w lemma="," type="pk">,</w>
            <w lemma="sem" type="ct">sem</w>
            <w lemma="yfirsjást" type="sfm3en">yfirsést</w>
            <w lemma="og" type="c">og</w>
            <w lemma="koma" type="sfm3fn">komast</w>
            <w lemma="undir" type="af">undir</w>
            <w lemma="maður" type="nkfe">manna</w>
            <w lemma="hönd" type="nvfo">hendur</w>
            <w lemma="," type="pk">,</w>
            <w lemma="og" type="c">og</w>
            <w lemma="munu" type="sfg3fn">munu</w>
            <w lemma="allur" type="fokfn">allir</w>
            <w lemma="viðurkenna" type="sng">viðurkenna</w>
            <w lemma="," type="pk">,</w>
            <w lemma="hve" type="aa">hve</w>
            <w lemma="ískyggilegur" type="lhensf">ískyggilegt</w>
            <w lemma="það" type="fphen">það</w>
            <w lemma="vera" type="sfg3en">er</w>
            <w lemma="og" type="c">og</w>
            <w lemma="að" type="c">að</w>
            <w lemma="svo" type="aa">svo</w>
            <w lemma="búinn" type="lhensf">búið</w>
            <w lemma="mega" type="sfg3en">má</w>
            <w lemma="ekki" type="aa">ekki</w>
            <w lemma="standa" type="sng">standa</w>
            <w lemma="." type="pl">.</w>
          </s>
          <s n="2">
            <w lemma="úr" type="af">Úr</w>
            <w lemma="allur" type="fovfþ">öllum</w>
            <w lemma="átt" type="nvfþ">áttum</w>
            <w lemma="bera" type="sfm3fn">berast</w>
            <w lemma="fregn" type="nvfn">fregnir</w>
            <w lemma="um" type="af">um</w>
            <w lemma="barn" type="nhfo">börn</w>
            <w lemma="," type="pk">,</w>
            <w lemma="sem" type="ct">sem</w>
            <w lemma="brotlegur" type="lhfnsf">brotleg</w>
            <w lemma="verða" type="sfg3fn">verða</w>
            <w lemma="við" type="af">við</w>
            <w lemma="lög" type="nhfo">lög</w>
            <w lemma="og" type="c">og</w>
            <w lemma="siðuur" type="nkeo">siðu</w>
            <w lemma="." type="pl">.</w>
          </s>
          <s n="3">
            <w lemma="ef" type="c">Ef</w>
            <w lemma="einhver" type="foken">einhver</w>
            <w lemma="kunna" type="svg3eþ">kynni</w>
            <w lemma="að" type="cn">að</w>
            <w lemma="halda" type="sng">halda</w>
            <w lemma="," type="pk">,</w>
            <w lemma="að" type="c">að</w>
            <w lemma="það" type="fphen">það</w>
            <w lemma="vera" type="svg3eþ">væri</w>
            <w lemma="einungis" type="aa">einungis</w>
            <w lemma="í" type="af">í</w>
            <w lemma="Reykjavík" type="nveþ-s">Reykjavík</w>
            <w lemma="," type="pk">,</w>
            <w lemma="sem" type="ct">sem</w>
            <w lemma="á" type="af">á</w>
            <w lemma="þessi" type="faheþ">þessu</w>
            <w lemma="brydda" type="sfg3en">bryddir</w>
            <w lemma="," type="pk">,</w>
            <w lemma="þá" type="aa">þá</w>
            <w lemma="vera" type="sfg3en">er</w>
            <w lemma="það" type="fphen">það</w>
            <w lemma="misskilningur" type="nken">misskilningur</w>
            <w lemma=";" type="pk">;</w>
            <w lemma="það" type="fphen">það</w>
            <w lemma="vera" type="sfg3en">er</w>
            <w lemma="enginn" type="fohen">ekkert</w>
            <w lemma="góður" type="lhenvm">betra</w>
            <w lemma="annarsstaðar" type="aa">annarsstaðar</w>
            <w lemma="." type="pl">.</w>
          </s>
          <s n="4">
            <w lemma="það" type="fphen">Það</w>
            <w lemma="vera" type="svg3eþ">væri</w>
            <w lemma="fullur" type="lvenve">fyllsta</w>
            <w lemma="þörf" type="nven">þörf</w>
            <w lemma="á" type="af">á</w>
            <w lemma="uppeldisstofnun" type="nvfþ">uppeldisstofnunum</w>
            <w lemma="í" type="af">í</w>
            <w lemma="allur" type="fokfþ">öllum</w>
            <w lemma="fjórðungur" type="nkfþ">fjórðungum</w>
            <w lemma="land" type="nheeg">landsins</w>
            <w lemma="," type="pk">,</w>
            <w lemma="það" type="fpheþ">því</w>
            <w lemma="að" type="c">að</w>
            <w lemma="umkvörtun" type="nvfn">umkvartanir</w>
            <w lemma="koma" type="sfg3fn">koma</w>
            <w lemma="fram" type="aa">fram</w>
            <w lemma="hvaðanæva" type="aa">hvaðanæva</w>
            <w lemma="af" type="af">af</w>
            <w lemma="land" type="nheþg">landinu</w>
            <w lemma="." type="pl">.</w>
          </s>
          <s n="5">
            <w lemma="það" type="fphen">Það</w>
            <w lemma="vera" type="sfg3en">er</w>
            <w lemma="ekki" type="aa">ekki</w>
            <w lemma="verður" type="lhensf">vert</w>
            <w lemma="að" type="cn">að</w>
            <w lemma="fela" type="sng">fela</w>
            <w lemma="sannleiki" type="nkeog">sannleikann</w>
            <w lemma="fyrir" type="af">fyrir</w>
            <w lemma="sjálfur" type="fbkeþ">sjálfum</w>
            <w lemma="sig" type="fpkeþ">sér</w>
            <w lemma="í" type="af">í</w>
            <w lemma="þessi" type="faheþ">þessu</w>
            <w lemma="efni" type="nheþ">efni</w>
            <w lemma="." type="pl">.</w>
          </s>
          <s n="6">
            <w lemma="ástand" type="nheng">Ástandið</w>
            <w lemma="vera" type="sfg3en">er</w>
            <w lemma="verða" type="sþghen">orðið</w>
            <w lemma="alvarlegur" type="lhenvm">alvarlegra</w>
            <w lemma="en" type="c">en</w>
            <w lemma="margur" type="lkeosf">margan</w>
            <w lemma="grunar" type="nken">grunar</w>
            <w lemma="." type="pl">.</w>
          </s>
        </p>
        <p n="5">
          <s n="1">
            <w lemma="þegar" type="c">Þegar</w>
            <w lemma="Dani" type="nkfn-s">Danir</w>
            <w lemma="hefja" type="sfg3fþ">hófu</w>
            <w lemma="sinn" type="feveo">sína</w>
            <w lemma="viðurkenndur" type="lveovf">viðurkenndu</w>
            <w lemma="starfsemi" type="nveo">starfsemi</w>
            <w lemma="fyrir" type="af">fyrir</w>
            <w lemma="vanræktur" type="lhfosf">vanrækt</w>
            <w lemma="barn" type="nhfo">börn</w>
            <w lemma="-" type="pa">-</w>
            <w lemma="það" type="fphen">það</w>
            <w lemma="vera" type="sfg3eþ">var</w>
            <w lemma="um" type="aa">um</w>
            <w lemma="1885" type="ta">1885</w>
            <w lemma="-" type="pa">-</w>
            <w lemma="," type="pk">,</w>
            <w lemma="þá" type="aa">þá</w>
            <w lemma="vera" type="sfg3eþ">var</w>
            <w lemma="það" type="fphen">það</w>
            <w lemma="þannig" type="aa">þannig</w>
            <w lemma="," type="pk">,</w>
            <w lemma="að" type="c">að</w>
            <w lemma="barn" type="nhfng">börnin</w>
            <w lemma="vera" type="sfg3fþ">voru</w>
            <w lemma="fara" type="sþghfn">farin</w>
            <w lemma="að" type="cn">að</w>
            <w lemma="leiða" type="snm">leiðast</w>
            <w lemma="svo" type="aa">svo</w>
            <w lemma="mikill" type="lhensf">mikið</w>
            <w lemma="út" type="aa">út</w>
            <w lemma="í" type="af">í</w>
            <w lemma="allur" type="fokfe">allra</w>
            <w lemma="handa" type="af">handa</w>
            <w lemma="glæpaverk" type="nheo">glæpaverk</w>
            <w lemma="," type="pk">,</w>
            <w lemma="að" type="c">að</w>
            <w lemma="það" type="fphfn">þau</w>
            <w lemma="vera" type="sfg3fþ">voru</w>
            <w lemma="setja" type="sþghfn">sett</w>
            <w lemma="í" type="af">í</w>
            <w lemma="fangelsi" type="nheo">fangelsi</w>
            <w lemma="eins" type="aa">eins</w>
            <w lemma="og" type="c">og</w>
            <w lemma="hver" type="fskfn">hverjir</w>
            <w lemma="annar" type="fokfn">aðrir</w>
            <w lemma="óbótamaður" type="nkfn">óbótamenn</w>
            <w lemma="." type="pl">.</w>
          </s>
          <s n="2">
            <w lemma="fangavarða" type="nvfþg">Fangavörðunum</w>
            <w lemma="koma" type="sfg3eþ">kom</w>
            <w lemma="saman" type="aa">saman</w>
            <w lemma="um" type="af">um</w>
            <w lemma="það" type="fpheo">það</w>
            <w lemma="," type="pk">,</w>
            <w lemma="að" type="c">að</w>
            <w lemma="sá" type="fahen">það</w>
            <w lemma="átakanlegur" type="lhenve">átakanlegasta</w>
            <w lemma="af" type="af">af</w>
            <w lemma="allur" type="foheþ">öllu</w>
            <w lemma="," type="pk">,</w>
            <w lemma="sem" type="ct">sem</w>
            <w lemma="hann" type="fpkfn">þeir</w>
            <w lemma="heyra" type="sfg3fþ">heyrðu</w>
            <w lemma="í" type="af">í</w>
            <w lemma="fangelsa" type="nvfþg">fangelsunum</w>
            <w lemma="," type="pk">,</w>
            <w lemma="hafa" type="svg3fn">hafi</w>
            <w lemma="vera" type="sþghen">verið</w>
            <w lemma="það" type="fphen">það</w>
            <w lemma="," type="pk">,</w>
            <w lemma="þegar" type="c">þegar</w>
            <w lemma="barn" type="nhfng">börnin</w>
            <w lemma="vera" type="sfg3fþ">voru</w>
            <w lemma="að" type="cn">að</w>
            <w lemma="hrópa" type="sng">hrópa</w>
            <w lemma="á" type="af">á</w>
            <w lemma="mamma" type="nveo">mömmu</w>
            <w lemma="sinn" type="feveo">sína</w>
            <w lemma="," type="pk">,</w>
            <w lemma="þegar" type="c">þegar</w>
            <w lemma="það" type="fphfn">þau</w>
            <w lemma="hafa" type="sfg3fþ">höfðu</w>
            <w lemma="vera" type="sþghen">verið</w>
            <w lemma="lokaður" type="lhfnsf">lokuð</w>
            <w lemma="inni" type="aa">inni</w>
            <w lemma="fyrir" type="af">fyrir</w>
            <w lemma="óknyttir" type="nkfo">óknytti</w>
            <w lemma="." type="pl">.</w>
          </s>
          <s n="3">
            <w lemma="hann" type="fpkfn">Þeir</w>
            <w lemma="beita" type="sfg3fþ">beittu</w>
            <w lemma="sig" type="fpkfþ">sér</w>
            <w lemma="því" type="aa">því</w>
            <w lemma="fyrir" type="af">fyrir</w>
            <w lemma="samtök" type="nhfþ">samtökum</w>
            <w lemma="til" type="af">til</w>
            <w lemma="að" type="cn">að</w>
            <w lemma="koma" type="sng">koma</w>
            <w lemma="í" type="af">í</w>
            <w lemma="vegur" type="nkeo">veg</w>
            <w lemma="fyrir" type="af">fyrir</w>
            <w lemma="þessi" type="faheo">þetta</w>
            <w lemma="." type="pl">.</w>
          </s>
          <s n="4">
            <w lemma="þannig" type="aa">Þannig</w>
            <w lemma="hefja" type="sfm3eþ">hófst</w>
            <w lemma="þessi" type="faven">þessi</w>
            <w lemma="stórkostlegur" type="lvenvf">stórkostlega</w>
            <w lemma="barnaverndarstarfsemi" type="nhen">barnaverndarstarfsemi</w>
            <w lemma="Dani" type="nkfe-s">Dana</w>
            <w lemma="," type="pk">,</w>
            <w lemma="sem" type="ct">sem</w>
            <w lemma="ég" type="fp1en">ég</w>
            <w lemma="hyggja" type="sfg1en">hygg</w>
            <w lemma="," type="pk">,</w>
            <w lemma="að" type="c">að</w>
            <w lemma="bera" type="svg3en">beri</w>
            <w lemma="af" type="aa">af</w>
            <w lemma="á" type="af">á</w>
            <w lemma="Norðurlönd" type="nhfþ-s">Norðurlöndum</w>
            <w lemma="." type="pl">.</w>
          </s>
          <s n="5">
            <w lemma="upp" type="aa">Upp</w>
            <w lemma="úr" type="af">úr</w>
            <w lemma="þessi" type="faheþ">þessu</w>
            <w lemma="verða" type="sfg3eþ">varð</w>
            <w lemma="það" type="fphen">það</w>
            <w lemma="," type="pk">,</w>
            <w lemma="að" type="c">að</w>
            <w lemma="mannvinur" type="nkfn">mannvinir</w>
            <w lemma="ganga" type="sfg3fþ">gengu</w>
            <w lemma="fram" type="aa">fram</w>
            <w lemma="fyrir" type="af">fyrir</w>
            <w lemma="skjöldur" type="nkfo">skjöldu</w>
            <w lemma="og" type="c">og</w>
            <w lemma="stofna" type="sfg3fþ">stofnuðu</w>
            <w lemma="heimili" type="nheo">heimili</w>
            <w lemma="víða" type="aa">víða</w>
            <w lemma="um" type="af">um</w>
            <w lemma="land" type="nheog">landið</w>
            <w lemma="." type="pl">.</w>
          </s>
          <s n="6">
            <w lemma="slíkur" type="fbhen">Slíkt</w>
            <w lemma="hinn" type="ghen">hið</w>
            <w lemma="sami" type="fbhen">sama</w>
            <w lemma="þurfa" type="svg3eþ">þyrfti</w>
            <w lemma="að" type="cn">að</w>
            <w lemma="verða" type="sng">verða</w>
            <w lemma="hér" type="aa">hér</w>
            <w lemma="," type="pk">,</w>
            <w lemma="stofna" type="sng">stofna</w>
            <w lemma="heimili" type="nhfo">heimili</w>
            <w lemma="fyrir" type="af">fyrir</w>
            <w lemma="barn" type="nhfo">börn</w>
            <w lemma="," type="pk">,</w>
            <w lemma="sem" type="ct">sem</w>
            <w lemma="vera" type="sfg3fn">eru</w>
            <w lemma="þannig" type="aa">þannig</w>
            <w lemma="," type="pk">,</w>
            <w lemma="að" type="c">að</w>
            <w lemma="það" type="fphfn">þau</w>
            <w lemma="vera" type="sfg3fn">eru</w>
            <w lemma="óviðráðanlegur" type="lhfnsf">óviðráðanleg</w>
            <w lemma="á" type="af">á</w>
            <w lemma="heimili" type="nhfþ">heimilum</w>
            <w lemma="sinn" type="fehfþ">sínum</w>
            <w lemma="." type="pl">.</w>
          </s>
          <s n="7">
            <w lemma="um" type="af">Um</w>
            <w lemma="annar" type="fohfo">önnur</w>
            <w lemma="barn" type="nhfo">börn</w>
            <w lemma="vera" type="sfg3en">er</w>
            <w lemma="vitanlega" type="aa">vitanlega</w>
            <w lemma="ekki" type="aa">ekki</w>
            <w lemma="að" type="cn">að</w>
            <w lemma="ræða" type="sng">ræða</w>
            <w lemma="hér" type="aa">hér</w>
            <w lemma="." type="pl">.</w>
          </s>
        </p>
        <p n="6">
          <s n="1">
            <w lemma="barnaverndarlög" type="nhfn">Barnaverndarlög</w>
            <w lemma="ég" type="fp1fe">okkar</w>
            <w lemma="vera" type="sfg3fn">eru</w>
            <w lemma="fyrstur" type="lhenve">fyrsta</w>
            <w lemma="spor" type="nheng">sporið</w>
            <w lemma="," type="pk">,</w>
            <w lemma="sem" type="ct">sem</w>
            <w lemma="stíga" type="sþghen">stigið</w>
            <w lemma="vera" type="sfg3eþ">var</w>
            <w lemma="í" type="af">í</w>
            <w lemma="þessi" type="faveo">þessa</w>
            <w lemma="átt" type="nveo">átt</w>
            <w lemma="af" type="af">af</w>
            <w lemma="hálfa" type="nveþ">hálfu</w>
            <w lemma="sá" type="fahee">þess</w>
            <w lemma="opinber" type="lheevf">opinbera</w>
            <w lemma="." type="pl">.</w>
          </s>
          <s n="2">
            <w lemma="einmitt" type="aa">Einmitt</w>
            <w lemma="fyrir" type="af">fyrir</w>
            <w lemma="starf" type="nheo">starf</w>
            <w lemma="þessi" type="favee">þessarar</w>
            <w lemma="n." type="ks">n.</w>
            <w lemma="víðsvegar" type="aa">víðsvegar</w>
            <w lemma="um" type="af">um</w>
            <w lemma="land" type="nheog">landið</w>
            <w lemma="hafa" type="sfg3en">hefir</w>
            <w lemma="ég" type="fp1fþ">okkur</w>
            <w lemma="gefizt" type="sþmhen">gefizt</w>
            <w lemma="kostur" type="nken">kostur</w>
            <w lemma="það" type="fphee">þess</w>
            <w lemma="harla" type="aam">fremur</w>
            <w lemma="en" type="c">en</w>
            <w lemma="ella" type="aa">ella</w>
            <w lemma="að" type="cn">að</w>
            <w lemma="kynna" type="snm">kynnast</w>
            <w lemma="það" type="fpheþ">því</w>
            <w lemma="," type="pk">,</w>
            <w lemma="hvernig" type="aa">hvernig</w>
            <w lemma="ástand" type="nheng">ástandið</w>
            <w lemma="vera" type="sfg3en">er</w>
            <w lemma="í" type="af">í</w>
            <w lemma="þessi" type="fahfþ">þessum</w>
            <w lemma="mál" type="nhfþ">málum</w>
            <w lemma="á" type="af">á</w>
            <w lemma="hver" type="fokeþ">hverjum</w>
            <w lemma="tími" type="nkeþ">tíma</w>
            <w lemma="." type="pl">.</w>
          </s>
          <s n="3">
            <w lemma="ég" type="fp1en">Ég</w>
            <w lemma="hafa" type="sfg1en">hefi</w>
            <w lemma="nú" type="aa">nú</w>
            <w lemma="það" type="fpheþ">því</w>
            <w lemma="lítt" type="aam">miður</w>
            <w lemma="ekki" type="aa">ekki</w>
            <w lemma="skýrsla" type="nveþ">skýrslu</w>
            <w lemma="barnaverndarnefnd" type="nvee">barnaverndarnefndar</w>
            <w lemma="fyrir" type="af">fyrir</w>
            <w lemma="ár" type="nheog">árið</w>
            <w lemma="sem" type="c">sem</w>
            <w lemma="líða" type="sfg3eþ">leið</w>
            <w lemma="," type="pk">,</w>
            <w lemma="en" type="c">en</w>
            <w lemma="hún" type="fpven">hún</w>
            <w lemma="bera" type="sfg3en">ber</w>
            <w lemma="það" type="fpheo">það</w>
            <w lemma="með" type="af">með</w>
            <w lemma="sig" type="fpveþ">sér</w>
            <w lemma="," type="pk">,</w>
            <w lemma="hver" type="fshen">hvað</w>
            <w lemma="hér" type="aa">hér</w>
            <w lemma="hafa" type="sfg3en">hefir</w>
            <w lemma="vera" type="sþghen">verið</w>
            <w lemma="gera" type="sþghen">gert</w>
            <w lemma="." type="pl">.</w>
          </s>
          <s n="4">
            <w lemma="hún" type="fpven">Hún</w>
            <w lemma="sýna" type="sfg3en">sýnir</w>
            <w lemma="m." type="ks">m.</w>
            <w lemma="a" type="x">a</w>
            <w lemma="." type="pl">.</w>
          </s>
          <s n="5">
            <w lemma="," type="pk">,</w>
            <w lemma="að" type="cn">að</w>
            <w lemma="tala" type="sng">tala</w>
            <w lemma="sá" type="fahfe">þeirra</w>
            <w lemma="barn" type="nhfe">barna</w>
            <w lemma="," type="pk">,</w>
            <w lemma="sem" type="ct">sem</w>
            <w lemma="leiða" type="sfm3fn">leiðast</w>
            <w lemma="þannig" type="aa">þannig</w>
            <w lemma="út" type="aa">út</w>
            <w lemma="á" type="af">á</w>
            <w lemma="glapstiguur" type="nkeo">glapstigu</w>
            <w lemma="," type="pk">,</w>
            <w lemma="fara" type="sfg3en">fer</w>
            <w lemma="hækka" type="slg">hækkandi</w>
            <w lemma="." type="pl">.</w>
          </s>
          <s n="6">
            <w lemma="þessi" type="fahen">Þetta</w>
            <w lemma="geta" type="sfg3en">getur</w>
            <w lemma="ekki" type="aa">ekki</w>
            <w lemma="lagazt" type="sþmhen">lagazt</w>
            <w lemma="nema" type="c">nema</w>
            <w lemma="rækilega" type="aa">rækilega</w>
            <w lemma="vera" type="svg3en">sé</w>
            <w lemma="taka" type="sþghen">tekið</w>
            <w lemma="í" type="af">í</w>
            <w lemma="taumur" type="nkfog">taumana</w>
            <w lemma="og" type="c">og</w>
            <w lemma="setja" type="sþghen">sett</w>
            <w lemma="á" type="af">á</w>
            <w lemma="stofn" type="nkeo">stofn</w>
            <w lemma="hæll" type="nkeþ">hæli</w>
            <w lemma="," type="pk">,</w>
            <w lemma="þar" type="aa">þar</w>
            <w lemma="sem" type="c">sem</w>
            <w lemma="þessi" type="fahfn">þessi</w>
            <w lemma="barn" type="nhfn">börn</w>
            <w lemma="geta" type="sfg3fn">geta</w>
            <w lemma="fá" type="sþghen">fengið</w>
            <w lemma="góður" type="lheosf">gott</w>
            <w lemma="uppeldi" type="nheo">uppeldi</w>
            <w lemma="undir" type="af">undir</w>
            <w lemma="sá" type="fahfþ">þeim</w>
            <w lemma="skilyrði" type="nhfþ">skilyrðum</w>
            <w lemma="." type="pl">.</w>
          </s>
          <s n="7">
            <w lemma="sem" type="ct">sem</w>
            <w lemma="þurfa" type="sfg3en">þarf</w>
            <w lemma="." type="pl">.</w>
          </s>
          <s n="8">
            <w lemma="T." type="n----s">T.</w>
            <w lemma="d." type="x">d.</w>
            <w lemma="vera" type="sfg3en">er</w>
            <w lemma="það" type="fphen">það</w>
            <w lemma="nú" type="aa">nú</w>
            <w lemma="svo" type="aa">svo</w>
            <w lemma="hér" type="aa">hér</w>
            <w lemma="í" type="af">í</w>
            <w lemma="Reykjavík" type="nveþ-s">Reykjavík</w>
            <w lemma="," type="pk">,</w>
            <w lemma="að" type="c">að</w>
            <w lemma="sá" type="fahfn">þau</w>
            <w lemma="barn" type="nhfn">börn</w>
            <w lemma="," type="pk">,</w>
            <w lemma="sem" type="ct">sem</w>
            <w lemma="reyna" type="sfm3fn">reynast</w>
            <w lemma="óviðráðanlegur" type="lhfnsf">óviðráðanleg</w>
            <w lemma="í" type="af">í</w>
            <w lemma="skóli" type="nkeþ">skóla</w>
            <w lemma="," type="pk">,</w>
            <w lemma="og" type="c">og</w>
            <w lemma="það" type="fphen">það</w>
            <w lemma="vera" type="sfg3fn">eru</w>
            <w lemma="helzt" type="aae">helzt</w>
            <w lemma="drengur" type="nkfn">drengir</w>
            <w lemma="," type="pk">,</w>
            <w lemma="fyrir" type="af">fyrir</w>
            <w lemma="það" type="fphfo">þau</w>
            <w lemma="vera" type="sfg3en">er</w>
            <w lemma="stofna" type="sþgven">stofnuð</w>
            <w lemma="sérstakur" type="lvensf">sérstök</w>
            <w lemma="skóladeild" type="nven">skóladeild</w>
            <w lemma="í" type="af">í</w>
            <w lemma="allur" type="fohen">allt</w>
            <w lemma="annar" type="foheþ">öðru</w>
            <w lemma="hús" type="nheþ">húsi</w>
            <w lemma="." type="pl">.</w>
          </s>
          <s n="9">
            <w lemma="þessi" type="fahen">Þetta</w>
            <w lemma="virða" type="sfm3en">virðist</w>
            <w lemma="vera" type="sng">vera</w>
            <w lemma="góður" type="lhensf">gott</w>
            <w lemma="," type="pk">,</w>
            <w lemma="en" type="c">en</w>
            <w lemma="þessi" type="fakfn">þessir</w>
            <w lemma="drengur" type="nkfn">drengir</w>
            <w lemma="vera" type="sfg3fn">eru</w>
            <w lemma="óprúttinn" type="lkfnsf">óprúttnir</w>
            <w lemma="með" type="af">með</w>
            <w lemma="að" type="cn">að</w>
            <w lemma="láta" type="sng">láta</w>
            <w lemma="vera" type="sng">vera</w>
            <w lemma="að" type="cn">að</w>
            <w lemma="sækja" type="sng">sækja</w>
            <w lemma="tími" type="nkfo">tíma</w>
            <w lemma="." type="pl">.</w>
          </s>
          <s n="10">
            <w lemma="hann" type="fpkfn">Þeir</w>
            <w lemma="fara" type="sfg3fn">fara</w>
            <w lemma="heiman" type="aa">heiman</w>
            <w lemma="frá" type="af">frá</w>
            <w lemma="sig" type="fpkfþ">sér</w>
            <w lemma="," type="pk">,</w>
            <w lemma="þykja" type="sfm3fn">þykjast</w>
            <w lemma="ætla" type="sng">ætla</w>
            <w lemma="í" type="af">í</w>
            <w lemma="skóli" type="nkeog">skólann</w>
            <w lemma="," type="pk">,</w>
            <w lemma="en" type="c">en</w>
            <w lemma="koma" type="sfg3fn">koma</w>
            <w lemma="þar" type="aa">þar</w>
            <w lemma="ekki" type="aa">ekki</w>
            <w lemma="." type="pl">.</w>
          </s>
          <s n="11">
            <w lemma="þessi" type="fahen">Þetta</w>
            <w lemma="geta" type="sfg3en">getur</w>
            <w lemma="ganga" type="sþghen">gengið</w>
            <w lemma="dagur" type="nkfþ">dögum</w>
            <w lemma="saman" type="aa">saman</w>
            <w lemma="." type="pl">.</w>
          </s>
          <s n="12">
            <w lemma="svo" type="aa">Svo</w>
            <w lemma="fara" type="sfg3fn">fara</w>
            <w lemma="kennari" type="nkfng">kennararnir</w>
            <w lemma="vitanlega" type="aa">vitanlega</w>
            <w lemma="að" type="cn">að</w>
            <w lemma="athuga" type="sng">athuga</w>
            <w lemma="þessi" type="faheo">þetta</w>
            <w lemma="," type="pk">,</w>
            <w lemma="en" type="c">en</w>
            <w lemma="þá" type="aa">þá</w>
            <w lemma="finna" type="sfm3fn">finnast</w>
            <w lemma="drengur" type="nkfng">drengirnir</w>
            <w lemma="ekki" type="aa">ekki</w>
            <w lemma="." type="pl">.</w>
          </s>
          <s n="13">
            <w lemma="sollur" type="nkeng">Sollurinn</w>
            <w lemma="og" type="c">og</w>
            <w lemma="fjölmenni" type="nheng">fjölmennið</w>
            <w lemma="vera" type="sfg3en">er</w>
            <w lemma="hann" type="fpkfþ">þeim</w>
            <w lemma="of" type="aa">of</w>
            <w lemma="þungur" type="lvensf">þung</w>
            <w lemma="freisting" type="nven">freisting</w>
            <w lemma="." type="pl">.</w>
          </s>
          <s n="14">
            <w lemma="það" type="fphen">Það</w>
            <w lemma="," type="pk">,</w>
            <w lemma="sem" type="ct">sem</w>
            <w lemma="hér" type="aa">hér</w>
            <w lemma="þurfa" type="sfg3en">þarf</w>
            <w lemma="því" type="aa">því</w>
            <w lemma="að" type="cn">að</w>
            <w lemma="gera" type="sng">gera</w>
            <w lemma="," type="pk">,</w>
            <w lemma="vera" type="sfg3en">er</w>
            <w lemma="að" type="cn">að</w>
            <w lemma="útvega" type="sng">útvega</w>
            <w lemma="það" type="fphfþ">þeim</w>
            <w lemma="góður" type="lhfosf">góð</w>
            <w lemma="heimili" type="nhfo">heimili</w>
            <w lemma="í" type="af">í</w>
            <w lemma="góður" type="lheþsf">góðu</w>
            <w lemma="umhverfi" type="nheþ">umhverfi</w>
            <w lemma="undir" type="af">undir</w>
            <w lemma="góður" type="lveþsf">góðri</w>
            <w lemma="stjórn" type="nveþ">stjórn</w>
            <w lemma="góður" type="lkfesf">góðra</w>
            <w lemma="maður" type="nkfe">manna</w>
            <w lemma="." type="pl">.</w>
          </s>
          <s n="15">
            <w lemma="ég" type="fp1en">Ég</w>
            <w lemma="þurfa" type="sfg1en">þarf</w>
            <w lemma="ekki" type="aa">ekki</w>
            <w lemma="að" type="cn">að</w>
            <w lemma="tala" type="sng">tala</w>
            <w lemma="margur" type="lheovm">fleira</w>
            <w lemma="um" type="af">um</w>
            <w lemma="þessi" type="faheo">þetta</w>
            <w lemma="mál" type="nheo">mál</w>
            <w lemma="til" type="af">til</w>
            <w lemma="að" type="cn">að</w>
            <w lemma="sannfæra" type="sng">sannfæra</w>
            <w lemma="hv." type="ks">hv.</w>
            <w lemma="þdm" type="nheo">þdm</w>
            <w lemma="." type="pl">.</w>
          </s>
          <s n="16">
            <w lemma="um" type="af">um</w>
            <w lemma="það" type="fpheo">það</w>
            <w lemma="," type="pk">,</w>
            <w lemma="að" type="c">að</w>
            <w lemma="hér" type="aa">hér</w>
            <w lemma="vera" type="sfg3en">er</w>
            <w lemma="nauðsynjamál" type="nhen">nauðsynjamál</w>
            <w lemma="á" type="af">á</w>
            <w lemma="ferð" type="nveþg">ferðinni</w>
            <w lemma="." type="pl">.</w>
          </s>
          <s n="17">
            <w lemma="það" type="fphen">Það</w>
            <w lemma="hljóta" type="sfg3en">hlýtur</w>
            <w lemma="hver" type="foken">hver</w>
            <w lemma="maður" type="nken">maður</w>
            <w lemma="að" type="cn">að</w>
            <w lemma="sjá" type="sng">sjá</w>
            <w lemma="." type="pl">.</w>
          </s>
          <s n="18">
            <w lemma="ég" type="fp1en">Ég</w>
            <w lemma="þykja" type="sfm1en">þykist</w>
            <w lemma="samt" type="aa">samt</w>
            <w lemma="hafa" type="sng">hafa</w>
            <w lemma="aðstaða" type="nveo">aðstöðu</w>
            <w lemma="til" type="af">til</w>
            <w lemma="að" type="cn">að</w>
            <w lemma="vera" type="sng">vera</w>
            <w lemma="þessi" type="faheþ">þessu</w>
            <w lemma="mál" type="nheþ">máli</w>
            <w lemma="dálítið" type="aa">dálítið</w>
            <w lemma="kunnugur" type="lkenvm">kunnugri</w>
            <w lemma="en" type="c">en</w>
            <w lemma="a" type="x">a</w>
            <w lemma="." type="pl">.</w>
          </s>
          <s n="19">
            <w lemma="m." type="ks">m.</w>
            <w lemma="k." type="ks">k.</w>
            <w lemma="sá" type="fakfn">þeir</w>
            <w lemma="," type="pk">,</w>
            <w lemma="sem" type="ct">sem</w>
            <w lemma="vera" type="sfg3fn">eru</w>
            <w lemma="utan" type="aa">utan</w>
            <w lemma="af" type="af">af</w>
            <w lemma="land" type="nheþ">landi</w>
            <w lemma="." type="pl">.</w>
          </s>
          <s n="20">
            <w lemma="það" type="fphee">Þess</w>
            <w lemma="vegna" type="af">vegna</w>
            <w lemma="hafa" type="sfg1en">hefi</w>
            <w lemma="ég" type="fp1en">ég</w>
            <w lemma="fara" type="sþghen">farið</w>
            <w lemma="svo" type="aa">svo</w>
            <w lemma="margur" type="lhfþsf">mörgum</w>
            <w lemma="orð" type="nhfþ">orðum</w>
            <w lemma="um" type="af">um</w>
            <w lemma="mál" type="nheog">málið</w>
            <w lemma="." type="pl">.</w>
          </s>
          <s n="21">
            <w lemma="og" type="c">Og</w>
            <w lemma="í" type="af">í</w>
            <w lemma="traust" type="nheþ">trausti</w>
            <w lemma="það" type="fphee">þess</w>
            <w lemma="," type="pk">,</w>
            <w lemma="að" type="c">að</w>
            <w lemma="hv." type="ks">hv.</w>
            <w lemma="þdm" type="x">þdm</w>
            <w lemma="." type="pl">.</w>
          </s>
          <s n="22">
            <w lemma="sjá" type="svg3en">sjái</w>
            <w lemma="sig" type="fpkeþ">sér</w>
            <w lemma="fær" type="lheosf">fært</w>
            <w lemma="að" type="af">að</w>
            <w lemma="samþ." type="kt">samþ.</w>
            <w lemma="þessi" type="fakee">þessa</w>
            <w lemma="þáltill" type="nveo">þáltill</w>
            <w lemma="." type="pl">.</w>
          </s>
          <s n="23">
            <w lemma="," type="pk">,</w>
            <w lemma="þar" type="aa">þar</w>
            <w lemma="sem" type="c">sem</w>
            <w lemma="eingöngu" type="aa">eingöngu</w>
            <w lemma="vera" type="sfg3en">er</w>
            <w lemma="fara" type="sþghen">farið</w>
            <w lemma="fram" type="aa">fram</w>
            <w lemma="á" type="af">á</w>
            <w lemma="að" type="cn">að</w>
            <w lemma="undirbúa" type="sng">undirbúa</w>
            <w lemma="slíkur" type="fbveo">slíka</w>
            <w lemma="stofnun" type="nveo">stofnun</w>
            <w lemma="," type="pk">,</w>
            <w lemma="sem" type="ct">sem</w>
            <w lemma="hér" type="aa">hér</w>
            <w lemma="um" type="aa">um</w>
            <w lemma="ræða" type="sfg3en">ræðir</w>
            <w lemma="," type="pk">,</w>
            <w lemma="vilja" type="sfg1en">vil</w>
            <w lemma="ég" type="fp1en">ég</w>
            <w lemma="ljúka" type="sng">ljúka</w>
            <w lemma="mál" type="nheþ">máli</w>
            <w lemma="minn" type="feheþ">mínu</w>
            <w lemma="." type="pl">.</w>
          </s>
        </p>
      </div1>
    </body>
  </text>
</TEI>
