<?xml version="1.0" encoding="UTF-8"?>
<TEI xmlns="http://www.tei-c.org/ns/1.0" xml:id="R-33-4863442" xml:lang="is">
  <teiHeader>
    <fileDesc>
      <titleStmt>
        <title>
          <title type="main">Drykkjumannahæli (103. mál)</title>
        </title>
        <respStmt>
          <resp xml:lang="is">Söfnun og úrvinnsla texta</resp>
          <resp xml:lang="en">Collection and processing of text</resp>
          <name xml:lang="is">Stofnun Árna Magnússonar í íslenskum fræðum</name>
          <name xml:lang="en">The Arni Magnusson Institute for Icelandic Studies</name>
        </respStmt>
      </titleStmt>
      <editionStmt>
        <p xml:lang="is">Málheild: Ræður frá Alþingi Íslendinga (2020.06)</p>
        <p xml:lang="en">Corpus: Speeches from The Parliament of Iceland (2020.06)</p>
      </editionStmt>
      <publicationStmt>
        <distributor xml:lang="is">Stofnun Árna Magnússonar í íslenskum fræðum</distributor>
        <distributor xml:lang="en">The Arni Magnusson Institute for Icelandic Studies</distributor>
        <address>
          <addrLine xml:lang="is">Árnagarður við Suðurgötu, 107 Reykjavík, Íslandi</addrLine>
          <addrLine xml:lang="en">Árnagarður Suðurgata, 107 Reykjavik, Iceland</addrLine>
          <addrLine>
            <email>arnastofnun@arnastofnun.is</email>
          </addrLine>
        </address>
        <idno type="risam">R-33-4863442</idno>
        <availability>
          <p xml:lang="is">Þessi texti er til notkunar í málrannsóknum og máltækniverkefnum um allan heim með CC-BY leyfi</p>
          <p xml:lang="en">This text is available for use in language research and language technology projects world wide with CC-BY licence.</p>
        </availability>
        <date>2020-05-27</date>
      </publicationStmt>
      <sourceDesc>
        <biblStruct>
          <analytic>
            <title>
              <title type="main">Drykkjumannahæli (103. mál)</title>
            </title>
            <author>
             <persName>Guðrún Lárusdóttir</persName>
             <note type="gender">F</note>
             <note type="age">55</note>
             <note type="url">http://althingi.is/altext/cv/is/?nfaerslunr=203</note>
             <note type="political_party">Sjálfstæðisflokkur</note>
             <note type="constituency">landskjörinn alþingismaður (LA)</note>
             <note type="role">Alþingismaður</note>
            </author>
            <date when="1935-03-22">22.03. 1935</date>
          </analytic>
          <monogr>
            <title>althingi.is</title>
            <imprint>
              <publisher>Alþingi</publisher>
            </imprint>
            <biblScope>
             <ref>http://althingi.is/altext/raeda/?lthing=49&amp;rnr=4822</ref>
            </biblScope>
          </monogr>
        </biblStruct>
      </sourceDesc>
    </fileDesc>
    <encodingDesc>
      <projectDesc>
        <p xml:lang="is">Sjá lýsingu á verkefninu í rmh2Hdr.xml.</p>
        <p xml:lang="en">See description of project in rmh2Hdr.xml.</p>
      </projectDesc>
      <tagsDecl>
        <namespace name="http://www.tei-c.org/ns/1.0">
          <tagUsage gi="text" occurs="1"/>
          <tagUsage gi="body" occurs="1"/>
          <tagUsage gi="div1" occurs="1"/>
          <tagUsage gi="p" occurs="6"/>
          <tagUsage gi="s" occurs="69"/>
          <tagUsage gi="w" occurs="1440"/>
          <tagUsage gi="c" occurs="0"/>
        </namespace>
      </tagsDecl>
    </encodingDesc>
  </teiHeader>
  <text>
    <body>
      <div1>
        <p n="1">
          <s n="1">
            <w lemma="Guðrún" type="nven-s">Guðrún</w>
            <w lemma="Lárusdóttir" type="nven-s">Lárusdóttir</w>
            <w lemma=":" type="pa">:</w>
          </s>
        </p>
        <p n="2">
          <s n="1">
            <w lemma="ég" type="fp1en">Ég</w>
            <w lemma="vilja" type="sfg1en">vil</w>
            <w lemma="þakka" type="sng">þakka</w>
            <w lemma="allshn" type="nveþ">allshn</w>
            <w lemma="." type="pl">.</w>
          </s>
          <s n="2">
            <w lemma="fyrir" type="af">fyrir</w>
            <w lemma="till." type="ks">till.</w>
            <w lemma="hún" type="fpvee">hennar</w>
            <w lemma="í" type="af">í</w>
            <w lemma="þessi" type="faheþ">þessu</w>
            <w lemma="mál" type="nheþ">máli</w>
            <w lemma="." type="pl">.</w>
          </s>
          <s n="3">
            <w lemma="það" type="fphen">Það</w>
            <w lemma="koma" type="sfg3en">kemur</w>
            <w lemma="daglega" type="aa">daglega</w>
            <w lemma="vel" type="aam">betur</w>
            <w lemma="og" type="c">og</w>
            <w lemma="vel" type="aam">betur</w>
            <w lemma="í" type="af">í</w>
            <w lemma="ljós" type="nheo">ljós</w>
            <w lemma="," type="pk">,</w>
            <w lemma="hvílíkur" type="fbven">hvílík</w>
            <w lemma="þörf" type="nven">þörf</w>
            <w lemma="vera" type="sfg3en">er</w>
            <w lemma="á" type="af">á</w>
            <w lemma="slíkur" type="fbkfþ">slíkum</w>
            <w lemma="hæll" type="nkfþ">hælum</w>
            <w lemma="sem" type="c">sem</w>
            <w lemma="þessi" type="faheþ">þessu</w>
            <w lemma="." type="pl">.</w>
          </s>
          <s n="4">
            <w lemma="drykkjuskapur" type="nkeng">Drykkjuskapurinn</w>
            <w lemma="hafa" type="sfg3en">hefir</w>
            <w lemma="aukizt" type="sþmhen">aukizt</w>
            <w lemma="síðan" type="aa">síðan</w>
            <w lemma="sterkur" type="lkfnvf">sterku</w>
            <w lemma="drykkur" type="nkfng">drykkirnir</w>
            <w lemma="vera" type="sfg3fþ">voru</w>
            <w lemma="flytja" type="sþgkfn">fluttir</w>
            <w lemma="til" type="af">til</w>
            <w lemma="land" type="nheeg">landsins</w>
            <w lemma="." type="pl">.</w>
          </s>
          <s n="5">
            <w lemma="í" type="af">Í</w>
            <w lemma="útvarp" type="nheþg">útvarpinu</w>
            <w lemma="vera" type="sfg3eþ">var</w>
            <w lemma="nýlega" type="aa">nýlega</w>
            <w lemma="lesa" type="sþgven">lesin</w>
            <w lemma="upp" type="aa">upp</w>
            <w lemma="skýrsla" type="nven">skýrsla</w>
            <w lemma="um" type="af">um</w>
            <w lemma="þessi" type="faveo">þessa</w>
            <w lemma="aukning" type="nveo">aukningu</w>
            <w lemma="," type="pk">,</w>
            <w lemma="og" type="c">og</w>
            <w lemma="vera" type="sfg3en">er</w>
            <w lemma="hryllilegur" type="lhensf">hryllilegt</w>
            <w lemma="," type="pk">,</w>
            <w lemma="að" type="c">að</w>
            <w lemma="þjóð" type="nveng">þjóðin</w>
            <w lemma="ég" type="fp1fe">okkar</w>
            <w lemma="skulu" type="svg3en">skuli</w>
            <w lemma="hegða" type="sng">hegða</w>
            <w lemma="sig" type="fpveþ">sér</w>
            <w lemma="þannig" type="aa">þannig</w>
            <w lemma="," type="pk">,</w>
            <w lemma="að" type="cn">að</w>
            <w lemma="auka" type="sng">auka</w>
            <w lemma="sá" type="faveo">þá</w>
            <w lemma="nautn" type="nveog">nautnina</w>
            <w lemma="," type="pk">,</w>
            <w lemma="sem" type="ct">sem</w>
            <w lemma="allur" type="fokfþ">öllum</w>
            <w lemma="vera" type="sfg3en">er</w>
            <w lemma="til" type="af">til</w>
            <w lemma="bölvun" type="nvee">bölvunar</w>
            <w lemma="og" type="c">og</w>
            <w lemma="svo" type="aa">svo</w>
            <w lemma="margur" type="lkfþsf">mörgum</w>
            <w lemma="verða" type="sfg3en">verður</w>
            <w lemma="að" type="af">að</w>
            <w lemma="fótakefli" type="nheþ">fótakefli</w>
            <w lemma="." type="pl">.</w>
          </s>
          <s n="6">
            <w lemma="nú" type="aa">Nú</w>
            <w lemma="liggja" type="sfg3en">liggur</w>
            <w lemma="það" type="fphen">það</w>
            <w lemma="í" type="af">í</w>
            <w lemma="hlutur" type="nkeeg">hlutarins</w>
            <w lemma="eðli" type="nheþ">eðli</w>
            <w lemma="," type="pk">,</w>
            <w lemma="að" type="c">að</w>
            <w lemma="ríki" type="nheng">ríkið</w>
            <w lemma="," type="pk">,</w>
            <w lemma="sem" type="ct">sem</w>
            <w lemma="hafa" type="sfg3en">hefir</w>
            <w lemma="einkasala" type="nveo">einkasölu</w>
            <w lemma="á" type="af">á</w>
            <w lemma="þessi" type="fakeþ">þessum</w>
            <w lemma="drykkur" type="nkeþ">drykk</w>
            <w lemma="og" type="c">og</w>
            <w lemma="leyfa" type="sfg3en">leyfir</w>
            <w lemma="að" type="cn">að</w>
            <w lemma="byrla" type="sng">byrla</w>
            <w lemma="þannig" type="aa">þannig</w>
            <w lemma="eitur" type="nheo">eitur</w>
            <w lemma="þegn" type="nkfþ">þegnum</w>
            <w lemma="sinn" type="fekfþ">sínum</w>
            <w lemma="og" type="c">og</w>
            <w lemma="skapa" type="sng">skapa</w>
            <w lemma="það" type="fphfþ">þeim</w>
            <w lemma="einhver" type="foheo">eitthvert</w>
            <w lemma="hinn" type="gheo">hið</w>
            <w lemma="mikill" type="lheove">mesta</w>
            <w lemma="böl" type="nheo">böl</w>
            <w lemma="," type="pk">,</w>
            <w lemma="sjá" type="svg3en">sjái</w>
            <w lemma="þegn" type="nkfþg">þegnunum</w>
            <w lemma="hann" type="fpkfo">þá</w>
            <w lemma="einnig" type="aa">einnig</w>
            <w lemma="fyrir" type="af">fyrir</w>
            <w lemma="sá" type="faveþ">þeirri</w>
            <w lemma="líkn" type="nveþ">líkn</w>
            <w lemma="í" type="af">í</w>
            <w lemma="þraut" type="nveþ">þraut</w>
            <w lemma="-" type="pa">-</w>
            <w lemma="sem" type="ct">sem</w>
            <w lemma="hann" type="fpkfn">þeir</w>
            <w lemma="hafa" type="sfg3fn">hafa</w>
            <w lemma="verða" type="sþghen">orðið</w>
            <w lemma="fyrir" type="aa">fyrir</w>
            <w lemma="af" type="af">af</w>
            <w lemma="vald" type="nhfþ">völdum</w>
            <w lemma="áfengisverzlun" type="nvee">áfengisverzlunar</w>
            <w lemma="ríki" type="nheeg">ríkisins</w>
            <w lemma="-" type="pa">-</w>
            <w lemma="að" type="cn">að</w>
            <w lemma="reisa" type="sng">reisa</w>
            <w lemma="sá" type="fakeþ">þeim</w>
            <w lemma="hæll" type="nkeþ">hæli</w>
            <w lemma="." type="pl">.</w>
          </s>
          <s n="7">
            <w lemma="að" type="c">Að</w>
            <w lemma="þessi" type="faven">þessi</w>
            <w lemma="till." type="kt">till.</w>
            <w lemma="um" type="af">um</w>
            <w lemma="drykkjumannahæli" type="nheo">drykkjumannahæli</w>
            <w lemma="vera" type="sfg3en">er</w>
            <w lemma="bera" type="sþgven">borin</w>
            <w lemma="fram" type="aa">fram</w>
            <w lemma="í" type="af">í</w>
            <w lemma="þáltillur" type="nkeo">þáltill</w>
            <w lemma="." type="pl">.</w>
          </s>
          <s n="8">
            <w lemma="-" type="pa">-</w>
            <w lemma="form" type="nheþ">formi</w>
            <w lemma="," type="pk">,</w>
            <w lemma="en" type="c">en</w>
            <w lemma="ekki" type="aa">ekki</w>
            <w lemma="lagafrv." type="kt">lagafrv.</w>
            <w lemma="-" type="pa">-</w>
            <w lemma="form" type="nheþ">formi</w>
            <w lemma="," type="pk">,</w>
            <w lemma="koma" type="sfg3en">kemur</w>
            <w lemma="m." type="ks">m.</w>
            <w lemma="a" type="x">a</w>
            <w lemma="." type="pl">.</w>
          </s>
          <s n="9">
            <w lemma="til" type="aa">til</w>
            <w lemma="af" type="af">af</w>
            <w lemma="það" type="fpheþ">því</w>
            <w lemma="," type="pk">,</w>
            <w lemma="að" type="c">að</w>
            <w lemma="ég" type="fp1en">ég</w>
            <w lemma="bera" type="sfg1en">ber</w>
            <w lemma="fullur" type="lheosf">fullt</w>
            <w lemma="traust" type="nheo">traust</w>
            <w lemma="í" type="af">í</w>
            <w lemma="þessi" type="faheþ">þessu</w>
            <w lemma="mál" type="nheþ">máli</w>
            <w lemma="til" type="af">til</w>
            <w lemma="stj" type="nhee">stj</w>
            <w lemma="." type="pl">.</w>
          </s>
          <s n="10">
            <w lemma="," type="pk">,</w>
            <w lemma="sérstaklega" type="aa">sérstaklega</w>
            <w lemma="hæstv." type="ks">hæstv.</w>
            <w lemma="atvmrh" type="nken">atvmrh</w>
            <w lemma="." type="pl">.</w>
          </s>
          <s n="11">
            <w lemma="," type="pk">,</w>
            <w lemma="sem" type="ct">sem</w>
            <w lemma="vera" type="sfg3en">er</w>
            <w lemma="þekktur" type="lkensf">þekktur</w>
            <w lemma="áhugamaður" type="nken">áhugamaður</w>
            <w lemma="í" type="af">í</w>
            <w lemma="bindindismál" type="nhfþ">bindindismálum</w>
            <w lemma="," type="pk">,</w>
            <w lemma="og" type="c">og</w>
            <w lemma="ég" type="fp1en">ég</w>
            <w lemma="vilja" type="sfg1en">vil</w>
            <w lemma="skjóta" type="sng">skjóta</w>
            <w lemma="það" type="fpheþ">því</w>
            <w lemma="inn" type="aa">inn</w>
            <w lemma="í" type="aa">í</w>
            <w lemma="," type="pk">,</w>
            <w lemma="að" type="c">að</w>
            <w lemma="einhver" type="foven">einhver</w>
            <w lemma="kröftugur" type="lvenve">kröftugasta</w>
            <w lemma="bindindisræða" type="nven">bindindisræða</w>
            <w lemma="," type="pk">,</w>
            <w lemma="sem" type="ct">sem</w>
            <w lemma="ég" type="fp1en">ég</w>
            <w lemma="hafa" type="sfg1en">hefi</w>
            <w lemma="heyra" type="sþghen">heyrt</w>
            <w lemma="," type="pk">,</w>
            <w lemma="vera" type="sfg3eþ">var</w>
            <w lemma="flytja" type="sþgven">flutt</w>
            <w lemma="af" type="af">af</w>
            <w lemma="faðir" type="nkeþ">föður</w>
            <w lemma="hann" type="fpkee">hans</w>
            <w lemma="," type="pk">,</w>
            <w lemma="og" type="c">og</w>
            <w lemma="ég" type="fp1en">ég</w>
            <w lemma="treysta" type="sfg1en">treysti</w>
            <w lemma="því" type="aa">því</w>
            <w lemma="," type="pk">,</w>
            <w lemma="að" type="c">að</w>
            <w lemma="sonur" type="nkeng">sonurinn</w>
            <w lemma="hafa" type="svg3en">hafi</w>
            <w lemma="erfa" type="sþghen">erft</w>
            <w lemma="sá" type="fakeo">þann</w>
            <w lemma="bindindisáhugi" type="nkeo">bindindisáhuga</w>
            <w lemma="," type="pk">,</w>
            <w lemma="sem" type="ct">sem</w>
            <w lemma="ég" type="fp1en">ég</w>
            <w lemma="verða" type="sfg1eþ">varð</w>
            <w lemma="var" type="lvensf">vör</w>
            <w lemma="við" type="aa">við</w>
            <w lemma="í" type="af">í</w>
            <w lemma="sá" type="faveþ">þeirri</w>
            <w lemma="ræða" type="nveþ">ræðu</w>
            <w lemma="." type="pl">.</w>
          </s>
          <s n="12">
            <w lemma="ég" type="fp1en">Ég</w>
            <w lemma="vona" type="sfg1en">vona</w>
            <w lemma="," type="pk">,</w>
            <w lemma="að" type="c">að</w>
            <w lemma="hv." type="ks">hv.</w>
            <w lemma="d." type="x">d.</w>
            <w lemma="sjá" type="svg3en">sjái</w>
            <w lemma="sig" type="fpkeþ">sér</w>
            <w lemma="fær" type="lheosf">fært</w>
            <w lemma="að" type="af">að</w>
            <w lemma="samþ." type="kt">samþ.</w>
            <w lemma="þessi" type="faveo">þessa</w>
            <w lemma="till." type="ks">till.</w>
            <w lemma="til" type="af">til</w>
            <w lemma="þál" type="x">þál</w>
            <w lemma="." type="pl">.</w>
          </s>
          <s n="13">
            <w lemma="," type="pk">,</w>
            <w lemma="stíga" type="sng">stíga</w>
            <w lemma="þessi" type="faheo">þetta</w>
            <w lemma="fyrstur" type="lheove">fyrsta</w>
            <w lemma="spor" type="nheo">spor</w>
            <w lemma="í" type="af">í</w>
            <w lemma="undirbúningur" type="nkeþ">undirbúningi</w>
            <w lemma="að" type="af">að</w>
            <w lemma="stofnun" type="nveþ">stofnun</w>
            <w lemma="drykkjumannahæli" type="nhee">drykkjumannahælis</w>
            <w lemma="," type="pk">,</w>
            <w lemma="og" type="c">og</w>
            <w lemma="hrinda" type="svg3en">hrindi</w>
            <w lemma="svo" type="aa">svo</w>
            <w lemma="mál" type="nheþg">málinu</w>
            <w lemma="í" type="af">í</w>
            <w lemma="framkvæmd" type="nveo">framkvæmd</w>
            <w lemma="," type="pk">,</w>
            <w lemma="það" type="fpheþ">því</w>
            <w lemma="það" type="fphen">það</w>
            <w lemma="vera" type="sfg3en">er</w>
            <w lemma="hinn" type="gven">hin</w>
            <w lemma="brýnn" type="lvenve">brýnasta</w>
            <w lemma="þörf" type="nven">þörf</w>
            <w lemma="." type="pl">.</w>
          </s>
          <s n="14">
            <w lemma="upp" type="aa">Upp</w>
            <w lemma="á" type="af">á</w>
            <w lemma="síðkastið" type="nheog">síðkastið</w>
            <w lemma="hafa" type="sfg3fn">hafa</w>
            <w lemma="koma" type="sþghen">komið</w>
            <w lemma="fram" type="aa">fram</w>
            <w lemma="margur" type="lvfnsf">margar</w>
            <w lemma="rödd" type="nvfn">raddir</w>
            <w lemma="um" type="af">um</w>
            <w lemma="nauðsyn" type="nveo">nauðsyn</w>
            <w lemma="mál" type="nheeg">málsins</w>
            <w lemma="." type="pl">.</w>
          </s>
          <s n="15">
            <w lemma="það" type="fphen">Það</w>
            <w lemma="bera" type="sfg3en">ber</w>
            <w lemma="að" type="cn">að</w>
            <w lemma="skoða" type="sng">skoða</w>
            <w lemma="þáltill" type="n-eo">þáltill</w>
            <w lemma="." type="pl">.</w>
          </s>
          <s n="16">
            <w lemma="sem" type="c">sem</w>
            <w lemma="einn" type="foveo">eina</w>
            <w lemma="slíkur" type="fbveo">slíka</w>
            <w lemma="ráðstöfun" type="nveo">ráðstöfun</w>
            <w lemma="." type="pl">.</w>
          </s>
          <s n="17">
            <w lemma="ég" type="fp1eþ">Mér</w>
            <w lemma="virða" type="sfm3en">virðist</w>
            <w lemma="," type="pk">,</w>
            <w lemma="að" type="c">að</w>
            <w lemma="stj" type="x">stj</w>
            <w lemma="." type="pl">.</w>
          </s>
          <s n="18">
            <w lemma="hafa" type="svg3en">hafi</w>
            <w lemma="góður" type="lveosf">góða</w>
            <w lemma="aðstaða" type="nveo">aðstöðu</w>
            <w lemma="til" type="af">til</w>
            <w lemma="að" type="cn">að</w>
            <w lemma="hrinda" type="sng">hrinda</w>
            <w lemma="mál" type="nheþg">málinu</w>
            <w lemma="fram" type="aa">fram</w>
            <w lemma="," type="pk">,</w>
            <w lemma="þar" type="aa">þar</w>
            <w lemma="sem" type="c">sem</w>
            <w lemma="hún" type="fpven">hún</w>
            <w lemma="hafa" type="sfg3en">hefir</w>
            <w lemma="aðstoð" type="nveo">aðstoð</w>
            <w lemma="áfengismálaráðunautur" type="nkfe">áfengismálaráðunauta</w>
            <w lemma="," type="pk">,</w>
            <w lemma="sem" type="ct">sem</w>
            <w lemma="áfengislög" type="nhfng">áfengislögin</w>
            <w lemma="frá" type="af">frá</w>
            <w lemma="síðari" type="lheþve">síðasta</w>
            <w lemma="þing" type="nheþ">þingi</w>
            <w lemma="ákveða" type="sfg3fn">ákveða</w>
            <w lemma="til" type="af">til</w>
            <w lemma="aðstoð" type="nvee">aðstoðar</w>
            <w lemma="hún" type="fpveþ">henni</w>
            <w lemma="í" type="af">í</w>
            <w lemma="þessi" type="faheþ">þessu</w>
            <w lemma="mál" type="nheþ">máli</w>
            <w lemma="." type="pl">.</w>
          </s>
          <s n="19">
            <w lemma="ég" type="fp1fn">Við</w>
            <w lemma="Íslendingur" type="nkfn-s">Íslendingar</w>
            <w lemma="eiga" type="sfg1fn">eigum</w>
            <w lemma="enginn" type="fovfo">engar</w>
            <w lemma="skýrsla" type="nvfo">skýrslur</w>
            <w lemma="," type="pk">,</w>
            <w lemma="enginn" type="foheo">ekkert</w>
            <w lemma="til" type="af">til</w>
            <w lemma="að" type="cn">að</w>
            <w lemma="fóta" type="sng">fóta</w>
            <w lemma="ég" type="fp1fo">okkur</w>
            <w lemma="á" type="aa">á</w>
            <w lemma="í" type="af">í</w>
            <w lemma="þessi" type="faheþ">þessu</w>
            <w lemma="efni" type="nheþ">efni</w>
            <w lemma="," type="pk">,</w>
            <w lemma="nema" type="c">nema</w>
            <w lemma="þörf" type="nveog">þörfina</w>
            <w lemma="," type="pk">,</w>
            <w lemma="sem" type="ct">sem</w>
            <w lemma="alltaf" type="aa">alltaf</w>
            <w lemma="vaxa" type="sfg3en">vex</w>
            <w lemma="," type="pk">,</w>
            <w lemma="eftir" type="af">eftir</w>
            <w lemma="sá" type="faheþ">því</w>
            <w lemma="sem" type="ct">sem</w>
            <w lemma="maður" type="nkfn">menn</w>
            <w lemma="koma" type="sfm3fn">komast</w>
            <w lemma="langt" type="aam">lengra</w>
            <w lemma="og" type="c">og</w>
            <w lemma="langt" type="aam">lengra</w>
            <w lemma="niður" type="aa">niður</w>
            <w lemma="í" type="af">í</w>
            <w lemma="flaska" type="nveog">flöskuna</w>
            <w lemma="." type="pl">.</w>
          </s>
          <s n="20">
            <w lemma="það" type="fphen">Það</w>
            <w lemma="vera" type="sfg3en">er</w>
            <w lemma="vandi" type="nken">vandi</w>
            <w lemma="að" type="cn">að</w>
            <w lemma="stíga" type="sng">stíga</w>
            <w lemma="þessi" type="faheo">þetta</w>
            <w lemma="fyrstur" type="lheove">fyrsta</w>
            <w lemma="spor" type="nheo">spor</w>
            <w lemma="," type="pk">,</w>
            <w lemma="en" type="c">en</w>
            <w lemma="ég" type="fp1en">ég</w>
            <w lemma="óska" type="sfg1en">óska</w>
            <w lemma="og" type="c">og</w>
            <w lemma="vona" type="sfg1en">vona</w>
            <w lemma="," type="pk">,</w>
            <w lemma="að" type="c">að</w>
            <w lemma="það" type="fphen">það</w>
            <w lemma="mega" type="svg3en">megi</w>
            <w lemma="vel" type="aa">vel</w>
            <w lemma="taka" type="snm">takast</w>
            <w lemma="hjá" type="af">hjá</w>
            <w lemma="velunnari" type="nkfþ">velunnurum</w>
            <w lemma="mál" type="nheeg">málsins</w>
            <w lemma="." type="pl">.</w>
          </s>
        </p>
        <p n="3">
          <s n="1">
            <w lemma="það" type="fphen">Það</w>
            <w lemma="vera" type="svg3eþ">væri</w>
            <w lemma="í" type="af">í</w>
            <w lemma="raun" type="nveþg">rauninni</w>
            <w lemma="mikill" type="lheesf">mikils</w>
            <w lemma="virði" type="nhen">virði</w>
            <w lemma="að" type="cn">að</w>
            <w lemma="víkja" type="sng">víkja</w>
            <w lemma="að" type="af">að</w>
            <w lemma="reynsla" type="nveþ">reynslu</w>
            <w lemma="nágrannaþjóð" type="nvfeg">nágrannaþjóðanna</w>
            <w lemma="í" type="af">í</w>
            <w lemma="þessi" type="faheþ">þessu</w>
            <w lemma="efni" type="nheþ">efni</w>
            <w lemma="," type="pk">,</w>
            <w lemma="um" type="af">um</w>
            <w lemma="rekstur" type="nkeo">rekstur</w>
            <w lemma="drykkjumannahæli" type="nhfe">drykkjumannahæla</w>
            <w lemma="." type="pl">.</w>
          </s>
          <s n="2">
            <w lemma="ég" type="fp1en">Ég</w>
            <w lemma="vilja" type="sfg1en">vil</w>
            <w lemma="drepa" type="sng">drepa</w>
            <w lemma="á" type="aa">á</w>
            <w lemma="," type="pk">,</w>
            <w lemma="að" type="c">að</w>
            <w lemma="1910" type="ta">1910</w>
            <w lemma="sjá" type="sfg3eþ">sá</w>
            <w lemma="læknafélag" type="nheo">læknafélag</w>
            <w lemma="Noregur" type="nkee-s">Noregs</w>
            <w lemma="ástæða" type="nveo">ástæðu</w>
            <w lemma="til" type="af">til</w>
            <w lemma="að" type="cn">að</w>
            <w lemma="hefja" type="sng">hefja</w>
            <w lemma="slíkur" type="fbveo">slíka</w>
            <w lemma="starfsemi" type="nveo">starfsemi</w>
            <w lemma="með" type="af">með</w>
            <w lemma="það" type="fpheþ">því</w>
            <w lemma="að" type="cn">að</w>
            <w lemma="reisa" type="sng">reisa</w>
            <w lemma="lækningadeild" type="nveo">lækningadeild</w>
            <w lemma="til" type="af">til</w>
            <w lemma="að" type="cn">að</w>
            <w lemma="lækna" type="sng">lækna</w>
            <w lemma="drykkjumaður" type="nkfo">drykkjumenn</w>
            <w lemma="." type="pl">.</w>
          </s>
          <s n="3">
            <w lemma="ríkisstyrkur" type="nken">Ríkisstyrkur</w>
            <w lemma="vera" type="sfg3eþ">var</w>
            <w lemma="veita" type="sþgken">veittur</w>
            <w lemma="og" type="c">og</w>
            <w lemma="starf" type="nhen">starf</w>
            <w lemma="vera" type="sfg3eþ">var</w>
            <w lemma="hefja" type="sþghen">hafið</w>
            <w lemma="7." type="ta">7.</w>
            <w lemma="júlí" type="nkeo">júlí</w>
            <w lemma="1910" type="ta">1910</w>
            <w lemma="." type="pl">.</w>
          </s>
          <s n="4">
            <w lemma="en" type="c">En</w>
            <w lemma="fyrstur" type="lhfove">fyrstu</w>
            <w lemma="ár" type="nveng">árin</w>
            <w lemma="vera" type="sfg3eþ">var</w>
            <w lemma="ekki" type="aa">ekki</w>
            <w lemma="finna" type="sþgken">fundinn</w>
            <w lemma="verulega" type="aa">verulega</w>
            <w lemma="fastur" type="lkensf">fastur</w>
            <w lemma="grundvöllur" type="nken">grundvöllur</w>
            <w lemma="fyrir" type="af">fyrir</w>
            <w lemma="starfsemi" type="nveog">starfsemina</w>
            <w lemma="." type="pl">.</w>
          </s>
          <s n="5">
            <w lemma="staður" type="nkeng">Staðurinn</w>
            <w lemma="vera" type="sfg3eþ">var</w>
            <w lemma="ekki" type="aa">ekki</w>
            <w lemma="vel" type="aa">vel</w>
            <w lemma="velja" type="sþgken">valinn</w>
            <w lemma="," type="pk">,</w>
            <w lemma="nálægt" type="af">nálægt</w>
            <w lemma="fjölmennur" type="lkeþsf">fjölmennum</w>
            <w lemma="kaupstaður" type="nkeþ">kaupstað</w>
            <w lemma=";" type="pk">;</w>
            <w lemma="maður" type="nkfn">menn</w>
            <w lemma="vera" type="sfg3fþ">voru</w>
            <w lemma="hvikull" type="lkfnvm">hvikulli</w>
            <w lemma="en" type="c">en</w>
            <w lemma="skulu" type="svg3eþ">skyldi</w>
            <w lemma="." type="pl">.</w>
          </s>
          <s n="6">
            <w lemma="íbúi" type="nkfn">Íbúar</w>
            <w lemma="þorp" type="nheeg">þorpsins</w>
            <w lemma="kvarta" type="sfg3fþ">kvörtuðu</w>
            <w lemma="og" type="c">og</w>
            <w lemma="vilja" type="sfg3fþ">vildu</w>
            <w lemma="leggja" type="sng">leggja</w>
            <w lemma="hæli" type="nheog">hælið</w>
            <w lemma="niður" type="aa">niður</w>
            <w lemma="." type="pl">.</w>
          </s>
          <s n="7">
            <w lemma="norskur" type="lhenvf">Norska</w>
            <w lemma="ríki" type="nheng">ríkið</w>
            <w lemma="taka" type="sfg3eþ">tók</w>
            <w lemma="síðan" type="aa">síðan</w>
            <w lemma="hæli" type="nheog">hælið</w>
            <w lemma="í" type="af">í</w>
            <w lemma="sinn" type="fevfo">sínar</w>
            <w lemma="hönd" type="nvfo">hendur</w>
            <w lemma="1920" type="ta">1920</w>
            <w lemma="," type="pk">,</w>
            <w lemma="og" type="c">og</w>
            <w lemma="1930" type="ta">1930</w>
            <w lemma="vera" type="sfg3fþ">voru</w>
            <w lemma="hæli" type="nhfng">hælin</w>
            <w lemma="setja" type="sþghfn">sett</w>
            <w lemma="í" type="af">í</w>
            <w lemma="fastur" type="lvfosf">fastar</w>
            <w lemma="skorða" type="nvfo">skorður</w>
            <w lemma="," type="pk">,</w>
            <w lemma="innleiddur" type="lhfnsf">innleidd</w>
            <w lemma="vinnuskyldur" type="lkfosf">vinnuskylda</w>
            <w lemma="og" type="c">og</w>
            <w lemma="strangur" type="lvfnsf">strangar</w>
            <w lemma="regla" type="nvfn">reglur</w>
            <w lemma="á" type="af">á</w>
            <w lemma="margur" type="lhfþse">flestum</w>
            <w lemma="svið" type="nhfþ">sviðum</w>
            <w lemma="," type="pk">,</w>
            <w lemma="og" type="c">og</w>
            <w lemma="verða" type="sfg3eþ">varð</w>
            <w lemma="það" type="fphen">það</w>
            <w lemma="til" type="af">til</w>
            <w lemma="það" type="fphee">þess</w>
            <w lemma="," type="pk">,</w>
            <w lemma="að" type="c">að</w>
            <w lemma="þessi" type="faken">þessi</w>
            <w lemma="hæli" type="nken">hæli</w>
            <w lemma="eða" type="c">eða</w>
            <w lemma="„" type="x">„</w>
            <w lemma="kursted" type="e">kursted</w>
            <w lemma="“" type="ta">“</w>
            <w lemma="verða" type="sfg3fþ">urðu</w>
            <w lemma="til" type="af">til</w>
            <w lemma="mikill" type="lheesf">mikils</w>
            <w lemma="gagn" type="nhee">gagns</w>
            <w lemma="." type="pl">.</w>
          </s>
          <s n="8">
            <w lemma="Hv." type="ks">Hv.</w>
            <w lemma="form." type="ks">form.</w>
            <w lemma="allshn" type="nhen">allshn</w>
            <w lemma="." type="pl">.</w>
          </s>
          <s n="9">
            <w lemma="drepa" type="sfg3eþ">drap</w>
            <w lemma="á" type="aa">á</w>
            <w lemma="," type="pk">,</w>
            <w lemma="að" type="c">að</w>
            <w lemma="einn" type="lhenvf">eina</w>
            <w lemma="úrræði" type="nheng">úrræðið</w>
            <w lemma="með" type="af">með</w>
            <w lemma="drykkjumaður" type="nkfo">drykkjumenn</w>
            <w lemma="vera" type="svg3eþ">væri</w>
            <w lemma="að" type="cn">að</w>
            <w lemma="koma" type="sng">koma</w>
            <w lemma="það" type="fphfþ">þeim</w>
            <w lemma="á" type="af">á</w>
            <w lemma="Kleppur" type="nkeo-s">Klepp</w>
            <w lemma="." type="pl">.</w>
          </s>
          <s n="10">
            <w lemma="þessi" type="fahen">Þetta</w>
            <w lemma="hafa" type="sfg3en">hefir</w>
            <w lemma="stundum" type="aa">stundum</w>
            <w lemma="verða" type="sþghen">orðið</w>
            <w lemma="að" type="af">að</w>
            <w lemma="gagn" type="nheþ">gagni</w>
            <w lemma="," type="pk">,</w>
            <w lemma="og" type="c">og</w>
            <w lemma="hafa" type="svg3eþ">hefði</w>
            <w lemma="geta" type="sþghen">getað</w>
            <w lemma="verða" type="sþghen">orðið</w>
            <w lemma="að" type="af">að</w>
            <w lemma="góður" type="lheþsf">góðu</w>
            <w lemma="gagn" type="nheþ">gagni</w>
            <w lemma="," type="pk">,</w>
            <w lemma="ef" type="c">ef</w>
            <w lemma="hann" type="fpkfn">þeir</w>
            <w lemma="hafa" type="svg3fþ">hefðu</w>
            <w lemma="mega" type="sþghen">mátt</w>
            <w lemma="vera" type="sng">vera</w>
            <w lemma="þar" type="aa">þar</w>
            <w lemma="langur" type="lkfnvm">lengri</w>
            <w lemma="tími" type="nkeo">tíma</w>
            <w lemma="." type="pl">.</w>
          </s>
          <s n="11">
            <w lemma="en" type="c">En</w>
            <w lemma="Kleppur" type="nken-s">Kleppur</w>
            <w lemma="vera" type="sfg3en">er</w>
            <w lemma="ekki" type="aa">ekki</w>
            <w lemma="drykkjumannahæli" type="nhen">drykkjumannahæli</w>
            <w lemma=";" type="pk">;</w>
            <w lemma="það" type="fphen">það</w>
            <w lemma="vera" type="sfg3fn">eru</w>
            <w lemma="annar" type="fokfn">aðrir</w>
            <w lemma="," type="pk">,</w>
            <w lemma="sem" type="ct">sem</w>
            <w lemma="eiga" type="sfg3fn">eiga</w>
            <w lemma="þar" type="aa">þar</w>
            <w lemma="forgangsréttur" type="nkeo">forgangsrétt</w>
            <w lemma="," type="pk">,</w>
            <w lemma="og" type="c">og</w>
            <w lemma="því" type="aa">því</w>
            <w lemma="verða" type="sfg3en">verður</w>
            <w lemma="tími" type="nkeng">tíminn</w>
            <w lemma="of" type="aa">of</w>
            <w lemma="stuttur" type="lkensf">stuttur</w>
            <w lemma="vegna" type="af">vegna</w>
            <w lemma="plássleysi" type="nhee">plássleysis</w>
            <w lemma="." type="pl">.</w>
          </s>
          <s n="12">
            <w lemma="næstur" type="lhenve">Næsta</w>
            <w lemma="ráð" type="nheng">ráðið</w>
            <w lemma="," type="pk">,</w>
            <w lemma="sem" type="ct">sem</w>
            <w lemma="grípa" type="sþghen">gripið</w>
            <w lemma="hafa" type="sfg3en">hefir</w>
            <w lemma="vera" type="sþghen">verið</w>
            <w lemma="til" type="aa">til</w>
            <w lemma="," type="pk">,</w>
            <w lemma="vera" type="sfg3en">er</w>
            <w lemma="að" type="cn">að</w>
            <w lemma="setja" type="sng">setja</w>
            <w lemma="þessi" type="fakfo">þessa</w>
            <w lemma="maður" type="nkfo">menn</w>
            <w lemma="í" type="af">í</w>
            <w lemma="hegningarhús" type="nheog">hegningarhúsið</w>
            <w lemma="." type="pl">.</w>
          </s>
          <s n="13">
            <w lemma="þar" type="aa">Þar</w>
            <w lemma="hafa" type="sfg3fn">hafa</w>
            <w lemma="hann" type="fpkfn">þeir</w>
            <w lemma="vera" type="sþghen">verið</w>
            <w lemma="1" type="ta">1</w>
            <w lemma="–" type="ta">–</w>
            <w lemma="2" type="ta">2</w>
            <w lemma="nótt" type="nvfn">nætur</w>
            <w lemma="," type="pk">,</w>
            <w lemma="eða" type="c">eða</w>
            <w lemma="3" type="ta">3</w>
            <w lemma="–" type="m">–</w>
            <w lemma="4" type="ta">4</w>
            <w lemma="," type="pk">,</w>
            <w lemma="en" type="c">en</w>
            <w lemma="þessi" type="fahen">þetta</w>
            <w lemma="vera" type="sfg3en">er</w>
            <w lemma="auðvitað" type="aa">auðvitað</w>
            <w lemma="enginn" type="foven">engin</w>
            <w lemma="lausn" type="nven">lausn</w>
            <w lemma="," type="pk">,</w>
            <w lemma="og" type="c">og</w>
            <w lemma="gera" type="sfg3en">gerir</w>
            <w lemma="oft" type="aa">oft</w>
            <w lemma="illur" type="lheosf">illt</w>
            <w lemma="slæmur" type="lheovm">verra</w>
            <w lemma="." type="pl">.</w>
          </s>
          <s n="14">
            <w lemma="hann" type="fpkfn">Þeir</w>
            <w lemma="þrjózkar" type="lhfnse">þrjózkast</w>
            <w lemma="og" type="c">og</w>
            <w lemma="verða" type="sfg3fn">verða</w>
            <w lemma="reiður" type="lkfnsf">reiðir</w>
            <w lemma="yfir" type="af">yfir</w>
            <w lemma="meðferð" type="nveþg">meðferðinni</w>
            <w lemma="," type="pk">,</w>
            <w lemma="og" type="c">og</w>
            <w lemma="halda" type="sfg3fn">halda</w>
            <w lemma="áfram" type="aa">áfram</w>
            <w lemma="eftir" type="aa">eftir</w>
            <w lemma="sem" type="c">sem</w>
            <w lemma="áður" type="aa">áður</w>
            <w lemma="." type="pl">.</w>
          </s>
          <s n="15">
            <w lemma="í" type="af">Í</w>
            <w lemma="þriðji" type="lheþvf">þriðja</w>
            <w lemma="lag" type="nheþ">lagi</w>
            <w lemma="hafa" type="sfg3en">hefir</w>
            <w lemma="vera" type="sþghen">verið</w>
            <w lemma="grípa" type="sþghen">gripið</w>
            <w lemma="til" type="af">til</w>
            <w lemma="sá" type="fahee">þess</w>
            <w lemma="örþrifaráð" type="nhee">örþrifaráðs</w>
            <w lemma="að" type="cn">að</w>
            <w lemma="setja" type="sng">setja</w>
            <w lemma="þessi" type="fakfo">þessa</w>
            <w lemma="maður" type="nkfo">menn</w>
            <w lemma="á" type="af">á</w>
            <w lemma="vinnuhæli" type="nheo">vinnuhæli</w>
            <w lemma="," type="pk">,</w>
            <w lemma="án" type="af">án</w>
            <w lemma="dómur" type="nkee">dóms</w>
            <w lemma="og" type="c">og</w>
            <w lemma="lög" type="nhfe">laga</w>
            <w lemma="." type="pl">.</w>
          </s>
          <s n="16">
            <w lemma="drykkjumaður" type="nkfn">Drykkjumenn</w>
            <w lemma="vera" type="sfg3fn">eru</w>
            <w lemma="ekki" type="aa">ekki</w>
            <w lemma="sami" type="fbhen">sama</w>
            <w lemma="og" type="c">og</w>
            <w lemma="glæpamaður" type="nkfn">glæpamenn</w>
            <w lemma="," type="pk">,</w>
            <w lemma="en" type="c">en</w>
            <w lemma="þessi" type="fahen">þetta</w>
            <w lemma="hafa" type="sfg3en">hefir</w>
            <w lemma="vera" type="sþghen">verið</w>
            <w lemma="gera" type="sþghen">gert</w>
            <w lemma="af" type="af">af</w>
            <w lemma="það" type="fpheþ">því</w>
            <w lemma="að" type="c">að</w>
            <w lemma="þjóð" type="nveng">þjóðin</w>
            <w lemma="eiga" type="sfg3en">á</w>
            <w lemma="ekki" type="aa">ekki</w>
            <w lemma="til" type="aa">til</w>
            <w lemma="stofnun" type="nveo">stofnun</w>
            <w lemma="handa" type="af">handa</w>
            <w lemma="hún" type="fpvfþ">þeim</w>
            <w lemma="," type="pk">,</w>
            <w lemma="er" type="ct">er</w>
            <w lemma="taka" type="svg3en">taki</w>
            <w lemma="hann" type="fpkfo">þá</w>
            <w lemma="að" type="af">að</w>
            <w lemma="sig" type="fpveþ">sér</w>
            <w lemma="og" type="c">og</w>
            <w lemma="hjálpa" type="svg3en">hjálpi</w>
            <w lemma="hún" type="fpvfþ">þeim</w>
            <w lemma="." type="pl">.</w>
          </s>
          <s n="17">
            <w lemma="sá" type="fahen">Það</w>
            <w lemma="," type="pk">,</w>
            <w lemma="sem" type="ct">sem</w>
            <w lemma="sérstakur" type="lvensf">sérstök</w>
            <w lemma="áherzla" type="nven">áherzla</w>
            <w lemma="vera" type="sfg3en">er</w>
            <w lemma="leggja" type="sþgven">lögð</w>
            <w lemma="á" type="aa">á</w>
            <w lemma="með" type="af">með</w>
            <w lemma="norskur" type="lhfovf">norsku</w>
            <w lemma="hæli" type="nhfog">hælin</w>
            <w lemma="," type="pk">,</w>
            <w lemma="eins" type="aa">eins</w>
            <w lemma="og" type="c">og</w>
            <w lemma="koma" type="sfg3en">kemur</w>
            <w lemma="fram" type="aa">fram</w>
            <w lemma="í" type="af">í</w>
            <w lemma="bréf" type="nheþ">bréfi</w>
            <w lemma="," type="pk">,</w>
            <w lemma="sem" type="ct">sem</w>
            <w lemma="formaður" type="nken">formaður</w>
            <w lemma="einn" type="fokee">eins</w>
            <w lemma="það" type="fphfe">þeirra</w>
            <w lemma="hafa" type="sfg3en">hefir</w>
            <w lemma="senda" type="sþghen">sent</w>
            <w lemma="barnaverndarráð" type="nheþ">barnaverndarráði</w>
            <w lemma="Ísland" type="nhee-s">Íslands</w>
            <w lemma="," type="pk">,</w>
            <w lemma="vera" type="sfg3en">er</w>
            <w lemma="," type="pk">,</w>
            <w lemma="að" type="c">að</w>
            <w lemma="hæli" type="nhfng">hælin</w>
            <w lemma="vera" type="svg3fn">séu</w>
            <w lemma="afskekktur" type="lhfnsf">afskekkt</w>
            <w lemma="," type="pk">,</w>
            <w lemma="ekki" type="aa">ekki</w>
            <w lemma="nálægt" type="af">nálægt</w>
            <w lemma="kaupstaður" type="nkeþ">kaupstað</w>
            <w lemma="," type="pk">,</w>
            <w lemma="hafa" type="svg3fn">hafi</w>
            <w lemma="landrými" type="nhen">landrými</w>
            <w lemma="til" type="af">til</w>
            <w lemma="ræktun" type="nvee">ræktunar</w>
            <w lemma="og" type="c">og</w>
            <w lemma="hægur" type="lhensf">hægt</w>
            <w lemma="vera" type="svg3en">sé</w>
            <w lemma="að" type="cn">að</w>
            <w lemma="halda" type="sng">halda</w>
            <w lemma="þar" type="aa">þar</w>
            <w lemma="skepna" type="nvfo">skepnur</w>
            <w lemma="." type="pl">.</w>
          </s>
          <s n="18">
            <w lemma="en" type="c">En</w>
            <w lemma="sérstaklega" type="aa">sérstaklega</w>
            <w lemma="taka" type="sfg3en">tekur</w>
            <w lemma="forstöðumaður" type="nkeng">forstöðumaðurinn</w>
            <w lemma="það" type="fpheo">það</w>
            <w lemma="fram" type="aa">fram</w>
            <w lemma="," type="pk">,</w>
            <w lemma="að" type="c">að</w>
            <w lemma="ef" type="c">ef</w>
            <w lemma="þessi" type="faven">þessi</w>
            <w lemma="hjálp" type="nven">hjálp</w>
            <w lemma="ég" type="fp1fn">við</w>
            <w lemma="drykkjumaður" type="nkfn">drykkjumenn</w>
            <w lemma="eiga" type="svg3en">eigi</w>
            <w lemma="að" type="cn">að</w>
            <w lemma="koma" type="sng">koma</w>
            <w lemma="að" type="af">að</w>
            <w lemma="gagn" type="nheþ">gagni</w>
            <w lemma="," type="pk">,</w>
            <w lemma="þá" type="aa">þá</w>
            <w lemma="verða" type="svg3en">verði</w>
            <w lemma="að" type="cn">að</w>
            <w lemma="sjá" type="sng">sjá</w>
            <w lemma="hann" type="fpkfþ">þeim</w>
            <w lemma="fyrir" type="af">fyrir</w>
            <w lemma="vinna" type="nveo">vinnu</w>
            <w lemma="og" type="c">og</w>
            <w lemma="aftur" type="aa">aftur</w>
            <w lemma="vinna" type="nveo">vinnu</w>
            <w lemma="," type="pk">,</w>
            <w lemma="auk" type="af">auk</w>
            <w lemma="fullkominn" type="lveeve">fullkomnustu</w>
            <w lemma="regla" type="nvee">reglu</w>
            <w lemma="á" type="af">á</w>
            <w lemma="heimili" type="nhfþg">heimilunum</w>
            <w lemma="." type="pl">.</w>
          </s>
          <s n="19">
            <w lemma="auk" type="af">Auk</w>
            <w lemma="það" type="fphee">þess</w>
            <w lemma="segja" type="sfg3en">segir</w>
            <w lemma="forstöðumaður" type="nkeng">forstöðumaðurinn</w>
            <w lemma="," type="pk">,</w>
            <w lemma="að" type="c">að</w>
            <w lemma="verða" type="svg3en">verði</w>
            <w lemma="að" type="cn">að</w>
            <w lemma="vera" type="sng">vera</w>
            <w lemma="," type="pk">,</w>
            <w lemma="þegar" type="c">þegar</w>
            <w lemma="byrja" type="sþghen">byrjað</w>
            <w lemma="vera" type="sfg3en">er</w>
            <w lemma="á" type="af">á</w>
            <w lemma="slíkur" type="fbveþ">slíkri</w>
            <w lemma="starfsemi" type="nveþ">starfsemi</w>
            <w lemma="," type="pk">,</w>
            <w lemma="friður" type="nken">friður</w>
            <w lemma="fyrir" type="af">fyrir</w>
            <w lemma="óviðkomandi" type="lkfþof">óviðkomandi</w>
            <w lemma="maður" type="nkfþ">mönnum</w>
            <w lemma="," type="pk">,</w>
            <w lemma="ekki" type="aa">ekki</w>
            <w lemma="of" type="aa">of</w>
            <w lemma="mikill" type="lvfosf">miklar</w>
            <w lemma="heimsókn" type="nvfo">heimsóknir</w>
            <w lemma="," type="pk">,</w>
            <w lemma="meðan" type="c">meðan</w>
            <w lemma="vera" type="sþghen">verið</w>
            <w lemma="vera" type="sfg3en">er</w>
            <w lemma="að" type="cn">að</w>
            <w lemma="koma" type="snm">komast</w>
            <w lemma="yfir" type="af">yfir</w>
            <w lemma="þessi" type="faveo">þessa</w>
            <w lemma="harður" type="lveovf">hörðu</w>
            <w lemma="freistingarbarátta" type="nveo">freistingarbaráttu</w>
            <w lemma="." type="pl">.</w>
          </s>
          <s n="20">
            <w lemma="menntaþjóð" type="nvfng">Menntaþjóðirnar</w>
            <w lemma="í" type="aa">í</w>
            <w lemma="kringum" type="af">kringum</w>
            <w lemma="ég" type="fp1fo">okkur</w>
            <w lemma="hafa" type="sfg3fn">hafa</w>
            <w lemma="þannig" type="aa">þannig</w>
            <w lemma="komizt" type="sþmhen">komizt</w>
            <w lemma="að" type="af">að</w>
            <w lemma="sá" type="faveþ">þeirri</w>
            <w lemma="niðurstaða" type="nveþ">niðurstöðu</w>
            <w lemma="," type="pk">,</w>
            <w lemma="að" type="c">að</w>
            <w lemma="ráð" type="nheng">ráðið</w>
            <w lemma="vera" type="svg3en">sé</w>
            <w lemma="að" type="cn">að</w>
            <w lemma="reisa" type="sng">reisa</w>
            <w lemma="lækningahæli" type="nheo">lækningahæli</w>
            <w lemma="fyrir" type="af">fyrir</w>
            <w lemma="sá" type="fakfo">þá</w>
            <w lemma="maður" type="nkfo">menn</w>
            <w lemma="," type="pk">,</w>
            <w lemma="sem" type="ct">sem</w>
            <w lemma="illa" type="aa">illa</w>
            <w lemma="vera" type="sfg3fn">eru</w>
            <w lemma="koma" type="sþgkfn">komnir</w>
            <w lemma="at" type="nheþ">at</w>
            <w lemma="vald" type="nhfþ">völdum</w>
            <w lemma="drykkjuskapur" type="nkee">drykkjuskapar</w>
            <w lemma="," type="pk">,</w>
            <w lemma="og" type="c">og</w>
            <w lemma="vera" type="sfg3en">er</w>
            <w lemma="sjálfsagt" type="aa">sjálfsagt</w>
            <w lemma="hér" type="aa">hér</w>
            <w lemma="að" type="cn">að</w>
            <w lemma="gera" type="sng">gera</w>
            <w lemma="slíkur" type="fbheo">slíkt</w>
            <w lemma="hinn" type="gheo">hið</w>
            <w lemma="sami" type="fbheo">sama</w>
            <w lemma="." type="pl">.</w>
          </s>
        </p>
        <p n="4">
          <s n="1">
            <w lemma="með" type="af">Með</w>
            <w lemma="leyfi" type="nheþ">leyfi</w>
            <w lemma="hæstv." type="ks">hæstv.</w>
            <w lemma="forseti" type="nkee">forseta</w>
            <w lemma="vilja" type="sfg1en">vil</w>
            <w lemma="ég" type="fp1en">ég</w>
            <w lemma="lesa" type="sng">lesa</w>
            <w lemma="fá" type="sng">fá</w>
            <w lemma="orð" type="nheo">orð</w>
            <w lemma="úr" type="af">úr</w>
            <w lemma="bréf" type="nheþ">bréfi</w>
            <w lemma="forstöðumaður" type="nkee">forstöðumanns</w>
            <w lemma="drykkjumannahæli" type="nheeg">drykkjumannahælisins</w>
            <w lemma="norskur" type="lveosf">norska</w>
            <w lemma="." type="pl">.</w>
          </s>
          <s n="2">
            <w lemma="þar" type="aa">Þar</w>
            <w lemma="segja" type="sfg3en">segir</w>
            <w lemma="svo" type="aa">svo</w>
            <w lemma="m." type="ks">m.</w>
            <w lemma="a" type="x">a</w>
            <w lemma="." type="pl">.</w>
          </s>
          <s n="3">
            <w lemma=":" type="pa">:</w>
            <w lemma="„" type="x">„</w>
            <w lemma="margur" type="lkfnse">Flestir</w>
            <w lemma="vera" type="sfg3fn">eru</w>
            <w lemma="sjúklingur" type="nkfng">sjúklingarnir</w>
            <w lemma="(" type="pa">(</w>
            <w lemma="þ." type="ks">þ.</w>
            <w lemma="e." type="ks">e.</w>
            <w lemma="drykkjumaður" type="nkfng">drykkjumennirnir</w>
            <w lemma=")" type="pa">)</w>
            <w lemma="," type="pk">,</w>
            <w lemma="sem" type="ct">sem</w>
            <w lemma="hingað" type="aa">hingað</w>
            <w lemma="koma" type="sfg3fn">koma</w>
            <w lemma="," type="pk">,</w>
            <w lemma="mjög" type="aa">mjög</w>
            <w lemma="aumlega" type="aa">aumlega</w>
            <w lemma="á" type="af">á</w>
            <w lemma="sig" type="fpkfo">sig</w>
            <w lemma="koma" type="sþgkfn">komnir</w>
            <w lemma="," type="pk">,</w>
            <w lemma="og" type="c">og</w>
            <w lemma="verða" type="sfg3fn">verða</w>
            <w lemma="helzt" type="aae">helzt</w>
            <w lemma="," type="pk">,</w>
            <w lemma="a" type="x">a</w>
            <w lemma="." type="pl">.</w>
          </s>
          <s n="4">
            <w lemma="m." type="ks">m.</w>
            <w lemma="k." type="ks">k.</w>
            <w lemma="um" type="af">um</w>
            <w lemma="tími" type="nkeo">tíma</w>
            <w lemma="," type="pk">,</w>
            <w lemma="að" type="cn">að</w>
            <w lemma="hafa" type="sng">hafa</w>
            <w lemma="hreyfing" type="nveo">hreyfingu</w>
            <w lemma="úti" type="aa">úti</w>
            <w lemma="við" type="aa">við</w>
            <w lemma="," type="pk">,</w>
            <w lemma="-" type="pa">-</w>
            <w lemma="vinna" type="sng">vinna</w>
            <w lemma="að" type="af">að</w>
            <w lemma="útivinna" type="nveþ">útivinnu</w>
            <w lemma="." type="pl">.</w>
          </s>
          <s n="5">
            <w lemma="þar" type="aa">Þar</w>
            <w lemma="að" type="aa">að</w>
            <w lemma="auki" type="aa">auki</w>
            <w lemma="vera" type="sfg3fn">eru</w>
            <w lemma="margur" type="lkfnsf">margir</w>
            <w lemma="hann" type="fpkfe">þeirra</w>
            <w lemma="vanur" type="lkfnsf">vanir</w>
            <w lemma="útivinna" type="nvee">útivinnu</w>
            <w lemma="og" type="c">og</w>
            <w lemma="mega" type="sfg3fn">mega</w>
            <w lemma="helzt" type="aae">helzt</w>
            <w lemma="ekki" type="aa">ekki</w>
            <w lemma="án" type="af">án</w>
            <w lemma="hún" type="fpvee">hennar</w>
            <w lemma="vera" type="sng">vera</w>
            <w lemma="." type="pl">.</w>
            <w lemma="“" type="x">“</w>
          </s>
          <s n="6">
            <w lemma="það" type="fpheþ">Því</w>
            <w lemma="að" type="c">að</w>
            <w lemma="eftir" type="af">eftir</w>
            <w lemma="að" type="c">að</w>
            <w lemma="lög" type="nhfng">lögin</w>
            <w lemma="um" type="af">um</w>
            <w lemma="bindindisnefnd" type="nvfog">bindindisnefndirnar</w>
            <w lemma="ganga" type="sfg3fþ">gengu</w>
            <w lemma="í" type="af">í</w>
            <w lemma="gildi" type="nheo">gildi</w>
            <w lemma="1." type="ta">1.</w>
            <w lemma="júlí" type="nkeo">júlí</w>
            <w lemma="1933" type="ta">1933</w>
            <w lemma="," type="pk">,</w>
            <w lemma="vera" type="sfg3eþ">var</w>
            <w lemma="oft" type="aa">oft</w>
            <w lemma="sækja" type="sþghen">sótt</w>
            <w lemma="um" type="af">um</w>
            <w lemma="upptaka" type="nveo">upptöku</w>
            <w lemma="fyrir" type="af">fyrir</w>
            <w lemma="verkamaður" type="nkfo">verkamenn</w>
            <w lemma="á" type="af">á</w>
            <w lemma="þessi" type="fakeþ">þessi</w>
            <w lemma="hæll" type="nkeþ">hæli</w>
            <w lemma=";" type="pk">;</w>
            <w lemma="hann" type="fpkfn">þeir</w>
            <w lemma="mega" type="sfg3fþ">máttu</w>
            <w lemma="ekki" type="aa">ekki</w>
            <w lemma="við" type="af">við</w>
            <w lemma="það" type="fpheþ">því</w>
            <w lemma="," type="pk">,</w>
            <w lemma="að" type="cn">að</w>
            <w lemma="setja" type="snm">setjast</w>
            <w lemma="í" type="af">í</w>
            <w lemma="helgur" type="lkeosf">helgan</w>
            <w lemma="steinn" type="nkeo">stein</w>
            <w lemma="." type="pl">.</w>
          </s>
          <s n="7">
            <w lemma="og" type="c">Og</w>
            <w lemma="enn" type="aa">enn</w>
            <w lemma="segja" type="sfg3en">segir</w>
            <w lemma="í" type="af">í</w>
            <w lemma="bréf" type="nheþg">bréfinu</w>
            <w lemma=":" type="pa">:</w>
            <w lemma="„" type="x">„</w>
            <w lemma="án" type="af">Án</w>
            <w lemma="vinna" type="nveeg">vinnunnar</w>
            <w lemma="vera" type="svg3eþ">væri</w>
            <w lemma="hælisvist" type="nveng">hælisvistin</w>
            <w lemma="gagnslaus" type="lvensf">gagnslaus</w>
            <w lemma="," type="pk">,</w>
            <w lemma="eftir" type="af">eftir</w>
            <w lemma="reynsla" type="nveþ">reynslu</w>
            <w lemma="ég" type="fp1fe">okkar</w>
            <w lemma="hér" type="aa">hér</w>
            <w lemma="," type="pk">,</w>
            <w lemma="á" type="af">á</w>
            <w lemma="andstaða" type="nveþ">andstöðu</w>
            <w lemma="hinn" type="gkfe">hinna</w>
            <w lemma="margur" type="lkfevf">mörgu</w>
            <w lemma="erfiður" type="lkfevf">erfiðu</w>
            <w lemma="sjúklingur" type="nkfe">sjúklinga</w>
            <w lemma="," type="pk">,</w>
            <w lemma="sem" type="ct">sem</w>
            <w lemma="leita" type="sfg3fn">leita</w>
            <w lemma="hingað" type="aa">hingað</w>
            <w lemma="á" type="af">á</w>
            <w lemma="Orjehæli" type="nheþ-s">Orjehæli</w>
            <w lemma="“" type="ta">“</w>
            <w lemma="," type="pk">,</w>
            <w lemma="en" type="c">en</w>
            <w lemma="það" type="fphen">það</w>
            <w lemma="vera" type="sfg3en">er</w>
            <w lemma="einn" type="lhenvf">eina</w>
            <w lemma="hæli" type="nheng">hælið</w>
            <w lemma="í" type="af">í</w>
            <w lemma="Noregur" type="nkeþ-s">Noregi</w>
            <w lemma="," type="pk">,</w>
            <w lemma="sem" type="ct">sem</w>
            <w lemma="ríki" type="nheng">ríkið</w>
            <w lemma="reka" type="sfg3en">rekur</w>
            <w lemma="fyrir" type="af">fyrir</w>
            <w lemma="„" type="aa">„</w>
            <w lemma="fríviljugur" type="lkfosf">fríviljuga</w>
            <w lemma="sjúklingur" type="nkfo">sjúklinga</w>
            <w lemma="“" type="nheo">“</w>
            <w lemma="." type="pl">.</w>
          </s>
          <s n="8">
            <w lemma="alstaður" type="lvfnsf">Alstaðar</w>
            <w lemma="í" type="af">í</w>
            <w lemma="skýrsla" type="nvfþ">skýrslum</w>
            <w lemma="," type="pk">,</w>
            <w lemma="frá" type="af">frá</w>
            <w lemma="allur" type="fovfþ">öllum</w>
            <w lemma="þjóð" type="nvfþ">þjóðum</w>
            <w lemma="," type="pk">,</w>
            <w lemma="vera" type="sfg3fn">eru</w>
            <w lemma="þessi" type="fakfn">þessir</w>
            <w lemma="maður" type="nkfn">menn</w>
            <w lemma="kalla" type="sþgkfn">kallaðir</w>
            <w lemma="sjúklingur" type="nkfn">sjúklingar</w>
            <w lemma="," type="pk">,</w>
            <w lemma="er" type="ct">er</w>
            <w lemma="þurfa" type="sfg3fn">þurfa</w>
            <w lemma="lækning" type="nvfn">lækningar</w>
            <w lemma="við" type="aa">við</w>
            <w lemma="." type="pl">.</w>
          </s>
          <s n="9">
            <w lemma="það" type="fphen">Það</w>
            <w lemma="vera" type="sfg3en">er</w>
            <w lemma="ekki" type="aa">ekki</w>
            <w lemma="hugsa" type="sþghen">hugsað</w>
            <w lemma="um" type="af">um</w>
            <w lemma="að" type="cn">að</w>
            <w lemma="hegna" type="sng">hegna</w>
            <w lemma="það" type="fphfþ">þeim</w>
            <w lemma="fyrir" type="af">fyrir</w>
            <w lemma="brot" type="nheo">brot</w>
            <w lemma="," type="pk">,</w>
            <w lemma="sem" type="ct">sem</w>
            <w lemma="hann" type="fpkfn">þeir</w>
            <w lemma="hafa" type="svg3fn">hafi</w>
            <w lemma="fremja" type="sþghen">framið</w>
            <w lemma="," type="pk">,</w>
            <w lemma="heldur" type="c">heldur</w>
            <w lemma="reisa" type="sfg3fn">reisa</w>
            <w lemma="hann" type="fpkfo">þá</w>
            <w lemma="á" type="af">á</w>
            <w lemma="fótur" type="nkfo">fætur</w>
            <w lemma="." type="pl">.</w>
          </s>
          <s n="10">
            <w lemma="hér" type="aa">Hér</w>
            <w lemma="vera" type="sfg3en">er</w>
            <w lemma="aðalatriði" type="nheng">aðalatriðið</w>
            <w lemma="," type="pk">,</w>
            <w lemma="að" type="c">að</w>
            <w lemma="sjúklingur" type="nkfng">sjúklingarnir</w>
            <w lemma="ná" type="svg3fn">nái</w>
            <w lemma="andlegur" type="lveþsf">andlegri</w>
            <w lemma="heilbrigði" type="nheþ">heilbrigði</w>
            <w lemma="," type="pk">,</w>
            <w lemma="og" type="c">og</w>
            <w lemma="til" type="af">til</w>
            <w lemma="það" type="fphee">þess</w>
            <w lemma="vera" type="sfg3en">er</w>
            <w lemma="fyrstur" type="lhenve">fyrsta</w>
            <w lemma="skilyrði" type="nheng">skilyrðið</w>
            <w lemma="að" type="cn">að</w>
            <w lemma="glæða" type="sng">glæða</w>
            <w lemma="hjá" type="af">hjá</w>
            <w lemma="hann" type="fpkfþ">þeim</w>
            <w lemma="vinnugleði" type="nveþ">vinnugleði</w>
            <w lemma="og" type="c">og</w>
            <w lemma="skyldurækni" type="nveþ">skyldurækni</w>
            <w lemma="." type="pl">.</w>
          </s>
          <s n="11">
            <w lemma="ég" type="fp1en">Ég</w>
            <w lemma="leggja" type="sfg1en">legg</w>
            <w lemma="mikill" type="lveosf">mikla</w>
            <w lemma="áherzla" type="nveo">áherzlu</w>
            <w lemma="á" type="aa">á</w>
            <w lemma="," type="pk">,</w>
            <w lemma="eins" type="aa">eins</w>
            <w lemma="og" type="c">og</w>
            <w lemma="ég" type="fp1en">ég</w>
            <w lemma="segja" type="sfg1eþ">sagði</w>
            <w lemma="áðan" type="aa">áðan</w>
            <w lemma="," type="pk">,</w>
            <w lemma="að" type="c">að</w>
            <w lemma="vel" type="aa">vel</w>
            <w lemma="vera" type="svg3en">sé</w>
            <w lemma="athuga" type="sþgven">athuguð</w>
            <w lemma="allur" type="foven">öll</w>
            <w lemma="landfræðilegur" type="lvensf">landfræðileg</w>
            <w lemma="aðstaða" type="nven">aðstaða</w>
            <w lemma="," type="pk">,</w>
            <w lemma="svo" type="aa">svo</w>
            <w lemma="sem" type="c">sem</w>
            <w lemma="gæði" type="nhfn">gæði</w>
            <w lemma="jörð" type="nveeg">jarðarinnar</w>
            <w lemma="," type="pk">,</w>
            <w lemma="samgöngur" type="nvfn">samgöngur</w>
            <w lemma="o" type="au">o</w>
            <w lemma="." type="pl">.</w>
          </s>
          <s n="12">
            <w lemma="fl" type="nven">fl</w>
            <w lemma="." type="pl">.</w>
          </s>
          <s n="13">
            <w lemma="einnig" type="aa">Einnig</w>
            <w lemma="leggja" type="sfg1en">legg</w>
            <w lemma="ég" type="fp1en">ég</w>
            <w lemma="ríkur" type="lveosf">ríka</w>
            <w lemma="áherzla" type="nveo">áherzlu</w>
            <w lemma="á" type="af">á</w>
            <w lemma="," type="pk">,</w>
            <w lemma="að" type="c">að</w>
            <w lemma="slíkur" type="fbven">slík</w>
            <w lemma="stofnun" type="nven">stofnun</w>
            <w lemma="vera" type="svg3en">sé</w>
            <w lemma="ekki" type="aa">ekki</w>
            <w lemma="setja" type="sþgven">sett</w>
            <w lemma="of" type="aa">of</w>
            <w lemma="nærri" type="af">nærri</w>
            <w lemma="kaupstaður" type="nkeo">kaupstað</w>
            <w lemma="." type="pl">.</w>
          </s>
        </p>
        <p n="5">
          <s n="1">
            <w lemma="það" type="fphen">Það</w>
            <w lemma="vera" type="sfg3en">er</w>
            <w lemma="réttur" type="lhensf">rétt</w>
            <w lemma="," type="pk">,</w>
            <w lemma="sem" type="ct">sem</w>
            <w lemma="hæstv." type="kt">hæstv.</w>
            <w lemma="dómsmrh." type="kt">dómsmrh.</w>
            <w lemma="minna" type="sfm3eþ">minntist</w>
            <w lemma="á" type="af">á</w>
            <w lemma="," type="pk">,</w>
            <w lemma="að" type="c">að</w>
            <w lemma="þessi" type="faven">þessi</w>
            <w lemma="starfsemi" type="nven">starfsemi</w>
            <w lemma="hafa" type="sfg3en">hefir</w>
            <w lemma="eflzt" type="sþmhen">eflzt</w>
            <w lemma="mjög" type="aa">mjög</w>
            <w lemma="í" type="af">í</w>
            <w lemma="Danmörk" type="nveþ-s">Danmörku</w>
            <w lemma="á" type="af">á</w>
            <w lemma="síðari" type="lhfþve">síðustu</w>
            <w lemma="ár" type="nhfþ">árum</w>
            <w lemma="," type="pk">,</w>
            <w lemma="einkum" type="aa">einkum</w>
            <w lemma="eftir" type="af">eftir</w>
            <w lemma="að" type="c">að</w>
            <w lemma="„" type="ks">„</w>
            <w lemma="blár" type="lkenvf">Blái</w>
            <w lemma="kross" type="nkeng">krossinn</w>
            <w lemma="“" type="ta">“</w>
            <w lemma="hefja" type="sfg3eþ">hóf</w>
            <w lemma="þar" type="aa">þar</w>
            <w lemma="starfsemi" type="nveo">starfsemi</w>
            <w lemma="sinn" type="feveo">sína</w>
            <w lemma="." type="pl">.</w>
          </s>
          <s n="2">
            <w lemma="einnig" type="aa">Einnig</w>
            <w lemma="fara" type="sfg3eþ">fór</w>
            <w lemma="þá" type="aa">þá</w>
            <w lemma="ríkisstj." type="kt">ríkisstj.</w>
            <w lemma="að" type="cn">að</w>
            <w lemma="veita" type="sng">veita</w>
            <w lemma="mál" type="nheþg">málinu</w>
            <w lemma="stuðningur" type="nkeo">stuðning</w>
            <w lemma="." type="pl">.</w>
          </s>
          <s n="3">
            <w lemma="ég" type="fp1en">Ég</w>
            <w lemma="skulu" type="sfg1en">skal</w>
            <w lemma="geta" type="sng">geta</w>
            <w lemma="það" type="fphee">þess</w>
            <w lemma="til" type="af">til</w>
            <w lemma="fróðleikur" type="nkee">fróðleiks</w>
            <w lemma="," type="pk">,</w>
            <w lemma="að" type="c">að</w>
            <w lemma="„" type="x">„</w>
            <w lemma="blár" type="lkenvf">Blái</w>
            <w lemma="kross" type="nkeng">krossinn</w>
            <w lemma="“" type="nhen">“</w>
            <w lemma="," type="pk">,</w>
            <w lemma="sem" type="ct">sem</w>
            <w lemma="nú" type="aa">nú</w>
            <w lemma="starfa" type="sfg3en">starfar</w>
            <w lemma="á" type="af">á</w>
            <w lemma="Norðurlönd" type="nhfþ-s">Norðurlöndum</w>
            <w lemma="," type="pk">,</w>
            <w lemma="vera" type="sfg3en">er</w>
            <w lemma="upprunninn" type="lkensf">upprunninn</w>
            <w lemma="frá" type="af">frá</w>
            <w lemma="Genúa" type="n-eþ-s">Genúa</w>
            <w lemma="," type="pk">,</w>
            <w lemma="eins" type="aa">eins</w>
            <w lemma="og" type="c">og</w>
            <w lemma="„" type="x">„</w>
            <w lemma="rauður" type="lkenvf">Rauði</w>
            <w lemma="kross" type="nkeng">krossinn</w>
            <w lemma="“" type="x">“</w>
            <w lemma="." type="pl">.</w>
          </s>
          <s n="4">
            <w lemma="halda" type="sfg3eþ">Hélt</w>
            <w lemma="hann" type="fpken">hann</w>
            <w lemma="40" type="ta">40</w>
            <w lemma="ár" type="nhfe">ára</w>
            <w lemma="starfsafmæli" type="nheþ">starfsafmæli</w>
            <w lemma="síðastlur" type="nkeþ">síðastl</w>
            <w lemma="." type="pl">.</w>
          </s>
          <s n="5">
            <w lemma="vetur" type="nken">vetur</w>
            <w lemma="." type="pl">.</w>
          </s>
          <s n="6">
            <w lemma="lækning" type="nven">Lækning</w>
            <w lemma="þessi" type="fakfe">þessara</w>
            <w lemma="sjúklingur" type="nkfe">sjúklinga</w>
            <w lemma="vera" type="sfg3en">er</w>
            <w lemma="í" type="af">í</w>
            <w lemma="raun" type="nveþ">raun</w>
            <w lemma="og" type="c">og</w>
            <w lemma="vera" type="nveþ">veru</w>
            <w lemma="tvennskonar" type="lvenof">tvennskonar</w>
            <w lemma=":" type="pa">:</w>
            <w lemma="andlegur" type="lvensf">andleg</w>
            <w lemma="og" type="c">og</w>
            <w lemma="líkamlegur" type="lvensf">líkamleg</w>
            <w lemma="." type="pl">.</w>
          </s>
          <s n="7">
            <w lemma="vera" type="sfg3en">Er</w>
            <w lemma="hún" type="fpven">hún</w>
            <w lemma="framkvæmd" type="nven">framkvæmd</w>
            <w lemma="á" type="af">á</w>
            <w lemma="ýmis" type="fokeo">ýmsan</w>
            <w lemma="háttur" type="nkeo">hátt</w>
            <w lemma="," type="pk">,</w>
            <w lemma="en" type="c">en</w>
            <w lemma="einkum" type="aa">einkum</w>
            <w lemma="vera" type="sfg3en">er</w>
            <w lemma="leggja" type="sþgven">lögð</w>
            <w lemma="rækt" type="nven">rækt</w>
            <w lemma="við" type="af">við</w>
            <w lemma="andlegur" type="lveovf">andlegu</w>
            <w lemma="hlið" type="nveog">hliðina</w>
            <w lemma="." type="pl">.</w>
          </s>
          <s n="8">
            <w lemma="reynsla" type="nveng">Reynslan</w>
            <w lemma="hafa" type="sfg3en">hefir</w>
            <w lemma="sýndur" type="lheosf">sýnt</w>
            <w lemma="," type="pk">,</w>
            <w lemma="að" type="c">að</w>
            <w lemma="taka" type="svm3en">takist</w>
            <w lemma="að" type="cn">að</w>
            <w lemma="endurreisa" type="sng">endurreisa</w>
            <w lemma="sá" type="fakfe">þeirra</w>
            <w lemma="innri" type="lkeovm">innri</w>
            <w lemma="maður" type="nkeo">mann</w>
            <w lemma="," type="pk">,</w>
            <w lemma="vera" type="sfg3en">er</w>
            <w lemma="tiltölulega" type="aa">tiltölulega</w>
            <w lemma="auðveldur" type="lhensf">auðvelt</w>
            <w lemma="að" type="cn">að</w>
            <w lemma="lækna" type="sng">lækna</w>
            <w lemma="sá" type="fakeo">þann</w>
            <w lemma="ytri" type="lkeovm">ytri</w>
            <w lemma="." type="pl">.</w>
          </s>
          <s n="9">
            <w lemma="þá" type="aa">Þá</w>
            <w lemma="hafa" type="sfg3en">hefir</w>
            <w lemma="reynsla" type="nveng">reynslan</w>
            <w lemma="einnig" type="aa">einnig</w>
            <w lemma="sýndur" type="lheosf">sýnt</w>
            <w lemma="," type="pk">,</w>
            <w lemma="að" type="c">að</w>
            <w lemma="dvalartími" type="nken">dvalartími</w>
            <w lemma="á" type="af">á</w>
            <w lemma="hæll" type="nkfþg">hælunum</w>
            <w lemma="mega" type="sfg3en">má</w>
            <w lemma="ekki" type="aa">ekki</w>
            <w lemma="lítill" type="lvenvm">minni</w>
            <w lemma="vera" type="sng">vera</w>
            <w lemma="en" type="c">en</w>
            <w lemma="einn" type="tfheo">eitt</w>
            <w lemma="ár" type="nheo">ár</w>
            <w lemma="," type="pk">,</w>
            <w lemma="svo" type="aa">svo</w>
            <w lemma="hægur" type="lhensf">hægt</w>
            <w lemma="vera" type="svg3en">sé</w>
            <w lemma="að" type="cn">að</w>
            <w lemma="ætla" type="snm">ætlast</w>
            <w lemma="til" type="af">til</w>
            <w lemma="," type="pk">,</w>
            <w lemma="að" type="c">að</w>
            <w lemma="þessi" type="fakfn">þessir</w>
            <w lemma="maður" type="nkfn">menn</w>
            <w lemma="ná" type="svg3fn">nái</w>
            <w lemma="nokkurnveginn" type="aa">nokkurnveginn</w>
            <w lemma="fullur" type="lveþsf">fullri</w>
            <w lemma="heilbrigði" type="nheþ">heilbrigði</w>
            <w lemma="." type="pl">.</w>
          </s>
          <s n="10">
            <w lemma="geta" type="sfg1fn">Getum</w>
            <w lemma="ég" type="fp1fn">við</w>
            <w lemma="þá" type="aa">þá</w>
            <w lemma="sjá" type="sþghen">séð</w>
            <w lemma="," type="pk">,</w>
            <w lemma="hvaða" type="fshen">hvaða</w>
            <w lemma="gagn" type="nhen">gagn</w>
            <w lemma="munu" type="svg3en">muni</w>
            <w lemma="vera" type="sng">vera</w>
            <w lemma="að" type="af">að</w>
            <w lemma="það" type="fpheþ">því</w>
            <w lemma="að" type="cn">að</w>
            <w lemma="senda" type="sng">senda</w>
            <w lemma="drykkjumaður" type="nkfo">drykkjumenn</w>
            <w lemma="til" type="af">til</w>
            <w lemma="2" type="ta">2</w>
            <w lemma="–" type="ks">–</w>
            <w lemma="3" type="ta">3</w>
            <w lemma="mánuður" type="nkfe">mánaða</w>
            <w lemma="dvöl" type="nvee">dvalar</w>
            <w lemma="að" type="af">að</w>
            <w lemma="Kleppur" type="nkeþ-s">Kleppi</w>
            <w lemma="," type="pk">,</w>
            <w lemma="þegar" type="c">þegar</w>
            <w lemma="reynsla" type="nveng">reynslan</w>
            <w lemma="hafa" type="sfg3en">hefir</w>
            <w lemma="sýna" type="sþghen">sýnt</w>
            <w lemma="," type="pk">,</w>
            <w lemma="að" type="c">að</w>
            <w lemma="tími" type="nkeng">tíminn</w>
            <w lemma="mega" type="sfg3en">má</w>
            <w lemma="allur" type="fohee">alls</w>
            <w lemma="ekki" type="aa">ekki</w>
            <w lemma="vera" type="sng">vera</w>
            <w lemma="stuttur" type="lkenvm">styttri</w>
            <w lemma="en" type="c">en</w>
            <w lemma="einn" type="tfheo">eitt</w>
            <w lemma="ár" type="nheo">ár</w>
            <w lemma="." type="pl">.</w>
          </s>
        </p>
        <p n="6">
          <s n="1">
            <w lemma="ég" type="fp1en">Ég</w>
            <w lemma="hafa" type="sfg1en">hefi</w>
            <w lemma="sjá" type="sþghen">séð</w>
            <w lemma="vottorð" type="nhfo">vottorð</w>
            <w lemma="frá" type="af">frá</w>
            <w lemma="margur" type="lkfþsf">mörgum</w>
            <w lemma="maður" type="nkfþ">mönnum</w>
            <w lemma="," type="pk">,</w>
            <w lemma="sem" type="ct">sem</w>
            <w lemma="dvelja" type="sþghen">dvalið</w>
            <w lemma="hafa" type="sfg3fn">hafa</w>
            <w lemma="á" type="af">á</w>
            <w lemma="þessi" type="favfþ">þessum</w>
            <w lemma="stofnun" type="nvfþ">stofnunum</w>
            <w lemma="." type="pl">.</w>
          </s>
          <s n="2">
            <w lemma="hafa" type="sfg3fn">Hafa</w>
            <w lemma="margur" type="lkfnsf">margir</w>
            <w lemma="sá" type="fakfe">þeirra</w>
            <w lemma="," type="pk">,</w>
            <w lemma="sem" type="ct">sem</w>
            <w lemma="áður" type="aa">áður</w>
            <w lemma="vera" type="sfg3fþ">voru</w>
            <w lemma="yfirfalla" type="sþgkfn">yfirfallnir</w>
            <w lemma="drykkjumaður" type="nkfn">drykkjumenn</w>
            <w lemma="," type="pk">,</w>
            <w lemma="verða" type="sþghen">orðið</w>
            <w lemma="heilbrigður" type="lkfnsf">heilbrigðir</w>
            <w lemma="og" type="c">og</w>
            <w lemma="reglusamur" type="lkfnsf">reglusamir</w>
            <w lemma="maður" type="nkfn">menn</w>
            <w lemma="." type="pl">.</w>
          </s>
          <s n="3">
            <w lemma="vera" type="sfg3en">Er</w>
            <w lemma="gleðilegur" type="lhensf">gleðilegt</w>
            <w lemma="að" type="cn">að</w>
            <w lemma="vita" type="sng">vita</w>
            <w lemma="," type="pk">,</w>
            <w lemma="hver" type="fsheo">hvað</w>
            <w lemma="nágrannaþjóð" type="nvfng">nágrannaþjóðirnar</w>
            <w lemma="gera" type="sfg3fn">gera</w>
            <w lemma="til" type="af">til</w>
            <w lemma="það" type="fphee">þess</w>
            <w lemma="að" type="cn">að</w>
            <w lemma="koma" type="sng">koma</w>
            <w lemma="drykkjumaður" type="nkfþg">drykkjumönnunum</w>
            <w lemma="á" type="af">á</w>
            <w lemma="réttur" type="lkeosf">réttan</w>
            <w lemma="kjölur" type="nkeo">kjöl</w>
            <w lemma="." type="pl">.</w>
          </s>
          <s n="4">
            <w lemma="ég" type="fp1en">Ég</w>
            <w lemma="ætla" type="sfg1en">ætla</w>
            <w lemma="svo" type="aa">svo</w>
            <w lemma="að" type="cn">að</w>
            <w lemma="ljúka" type="sng">ljúka</w>
            <w lemma="mál" type="nheþ">máli</w>
            <w lemma="minn" type="feheþ">mínu</w>
            <w lemma="með" type="af">með</w>
            <w lemma="það" type="fpheþ">því</w>
            <w lemma="að" type="cn">að</w>
            <w lemma="láta" type="sng">láta</w>
            <w lemma="í" type="af">í</w>
            <w lemma="ljós" type="nheo">ljós</w>
            <w lemma="ósk" type="nveo">ósk</w>
            <w lemma="minn" type="feveo">mína</w>
            <w lemma="um" type="af">um</w>
            <w lemma="," type="pk">,</w>
            <w lemma="að" type="c">að</w>
            <w lemma="þáltill" type="n-en">þáltill</w>
            <w lemma="." type="pl">.</w>
          </s>
          <s n="5">
            <w lemma="verða" type="svg3en">verði</w>
            <w lemma="samþ." type="ks">samþ.</w>
            <w lemma="og" type="c">og</w>
            <w lemma="hæstv" type="nhen">hæstv</w>
            <w lemma="ríkisstj." type="kt">ríkisstj.</w>
            <w lemma="hrinda" type="svg3en">hrindi</w>
            <w lemma="mál" type="nheþg">málinu</w>
            <w lemma="sem" type="ct">sem</w>
            <w lemma="langt" type="aae">lengst</w>
            <w lemma="áleiðis" type="aa">áleiðis</w>
            <w lemma="." type="pl">.</w>
          </s>
        </p>
      </div1>
    </body>
  </text>
</TEI>
