<?xml version="1.0" encoding="UTF-8"?>
<TEI xmlns="http://www.tei-c.org/ns/1.0" xml:id="R-33-4550981" xml:lang="is">
  <teiHeader>
    <fileDesc>
      <titleStmt>
        <title>
          <title type="main">Fjárlög 1936 (1. mál)</title>
        </title>
        <respStmt>
          <resp xml:lang="is">Söfnun og úrvinnsla texta</resp>
          <resp xml:lang="en">Collection and processing of text</resp>
          <name xml:lang="is">Stofnun Árna Magnússonar í íslenskum fræðum</name>
          <name xml:lang="en">The Arni Magnusson Institute for Icelandic Studies</name>
        </respStmt>
      </titleStmt>
      <editionStmt>
        <p xml:lang="is">Málheild: Ræður frá Alþingi Íslendinga (2020.06)</p>
        <p xml:lang="en">Corpus: Speeches from The Parliament of Iceland (2020.06)</p>
      </editionStmt>
      <publicationStmt>
        <distributor xml:lang="is">Stofnun Árna Magnússonar í íslenskum fræðum</distributor>
        <distributor xml:lang="en">The Arni Magnusson Institute for Icelandic Studies</distributor>
        <address>
          <addrLine xml:lang="is">Árnagarður við Suðurgötu, 107 Reykjavík, Íslandi</addrLine>
          <addrLine xml:lang="en">Árnagarður Suðurgata, 107 Reykjavik, Iceland</addrLine>
          <addrLine>
            <email>arnastofnun@arnastofnun.is</email>
          </addrLine>
        </address>
        <idno type="risam">R-33-4550981</idno>
        <availability>
          <p xml:lang="is">Þessi texti er til notkunar í málrannsóknum og máltækniverkefnum um allan heim með CC-BY leyfi</p>
          <p xml:lang="en">This text is available for use in language research and language technology projects world wide with CC-BY licence.</p>
        </availability>
        <date>2020-05-27</date>
      </publicationStmt>
      <sourceDesc>
        <biblStruct>
          <analytic>
            <title>
              <title type="main">Fjárlög 1936 (1. mál)</title>
            </title>
            <author>
             <persName>Guðrún Lárusdóttir</persName>
             <note type="gender">F</note>
             <note type="age">55</note>
             <note type="url">http://althingi.is/altext/cv/is/?nfaerslunr=203</note>
             <note type="political_party">Sjálfstæðisflokkur</note>
             <note type="constituency">landskjörinn alþingismaður (LA)</note>
             <note type="role">Alþingismaður</note>
            </author>
            <date when="1935-12-21">21.12. 1935</date>
          </analytic>
          <monogr>
            <title>althingi.is</title>
            <imprint>
              <publisher>Alþingi</publisher>
            </imprint>
            <biblScope>
             <ref>http://althingi.is/altext/raeda/?lthing=49&amp;rnr=353</ref>
            </biblScope>
          </monogr>
        </biblStruct>
      </sourceDesc>
    </fileDesc>
    <encodingDesc>
      <projectDesc>
        <p xml:lang="is">Sjá lýsingu á verkefninu í rmh2Hdr.xml.</p>
        <p xml:lang="en">See description of project in rmh2Hdr.xml.</p>
      </projectDesc>
      <tagsDecl>
        <namespace name="http://www.tei-c.org/ns/1.0">
          <tagUsage gi="text" occurs="1"/>
          <tagUsage gi="body" occurs="1"/>
          <tagUsage gi="div1" occurs="1"/>
          <tagUsage gi="p" occurs="2"/>
          <tagUsage gi="s" occurs="15"/>
          <tagUsage gi="w" occurs="351"/>
          <tagUsage gi="c" occurs="0"/>
        </namespace>
      </tagsDecl>
    </encodingDesc>
  </teiHeader>
  <text>
    <body>
      <div1>
        <p n="1">
          <s n="1">
            <w lemma="Guðrún" type="nven-s">Guðrún</w>
            <w lemma="Lárusdóttir" type="nven-s">Lárusdóttir</w>
            <w lemma=":" type="pa">:</w>
          </s>
        </p>
        <p n="2">
          <s n="1">
            <w lemma="ég" type="fp1en">Ég</w>
            <w lemma="geta" type="sfg1en">get</w>
            <w lemma="verða" type="sþghen">orðið</w>
            <w lemma="við" type="af">við</w>
            <w lemma="sá" type="fahfþ">þeim</w>
            <w lemma="tilmæli" type="nhfþ">tilmælum</w>
            <w lemma="hæstv." type="kt">hæstv.</w>
            <w lemma="forseti" type="nkee">forseta</w>
            <w lemma="," type="pk">,</w>
            <w lemma="að" type="cn">að</w>
            <w lemma="vera" type="sng">vera</w>
            <w lemma="ekki" type="aa">ekki</w>
            <w lemma="margorður" type="lvensf">margorð</w>
            <w lemma="um" type="af">um</w>
            <w lemma="till." type="kt">till.</w>
            <w lemma="minn" type="fevfo">mínar</w>
            <w lemma="," type="pk">,</w>
            <w lemma="enda" type="c">enda</w>
            <w lemma="vera" type="sfg3fn">eru</w>
            <w lemma="hún" type="fpvfn">þær</w>
            <w lemma="hvorki" type="c">hvorki</w>
            <w lemma="margur" type="lvfnsf">margar</w>
            <w lemma="né" type="c">né</w>
            <w lemma="stórvægilegur" type="lvfnsf">stórvægilegar</w>
            <w lemma="." type="pl">.</w>
          </s>
          <s n="2">
            <w lemma="ég" type="fp1en">Ég</w>
            <w lemma="hafa" type="sfg1en">hefi</w>
            <w lemma="leyfa" type="sþghen">leyft</w>
            <w lemma="ég" type="fp1eþ">mér</w>
            <w lemma="að" type="cn">að</w>
            <w lemma="bera" type="sng">bera</w>
            <w lemma="fram" type="aa">fram</w>
            <w lemma="2" type="ta">2</w>
            <w lemma="brtt" type="ks">brtt</w>
            <w lemma="." type="pl">.</w>
          </s>
          <s n="3">
            <w lemma="á" type="af">á</w>
            <w lemma="þskj." type="kt">þskj.</w>
            <w lemma="890" type="ta">890</w>
            <w lemma="." type="pl">.</w>
          </s>
          <s n="4">
            <w lemma="á" type="af">Á</w>
            <w lemma="þessi" type="fakfþ">þessum</w>
            <w lemma="erfiður" type="lkfþvf">erfiðu</w>
            <w lemma="tími" type="nkfþ">tímum</w>
            <w lemma="," type="pk">,</w>
            <w lemma="þegar" type="c">þegar</w>
            <w lemma="allur" type="fohen">allt</w>
            <w lemma="verða" type="sfg3en">verður</w>
            <w lemma="að" type="cn">að</w>
            <w lemma="draga" type="sng">draga</w>
            <w lemma="saman" type="aa">saman</w>
            <w lemma="og" type="c">og</w>
            <w lemma="ríkissjóður" type="nken">ríkissjóður</w>
            <w lemma="verða" type="sfg3en">verður</w>
            <w lemma="að" type="cn">að</w>
            <w lemma="reyna" type="sng">reyna</w>
            <w lemma="að" type="cn">að</w>
            <w lemma="draga" type="sng">draga</w>
            <w lemma="úr" type="af">úr</w>
            <w lemma="útgjöld" type="nhfþ">útgjöldum</w>
            <w lemma="sem" type="ct">sem</w>
            <w lemma="mjög" type="aae">mest</w>
            <w lemma="," type="pk">,</w>
            <w lemma="þá" type="aa">þá</w>
            <w lemma="finna" type="sfm3en">finnst</w>
            <w lemma="ég" type="fp1eþ">mér</w>
            <w lemma="ekki" type="aa">ekki</w>
            <w lemma="úr" type="af">úr</w>
            <w lemma="vegur" type="nkeþ">vegi</w>
            <w lemma="," type="pk">,</w>
            <w lemma="að" type="af">að</w>
            <w lemma="risnufé" type="nheþ">risnufé</w>
            <w lemma="ráðh." type="kt">ráðh.</w>
            <w lemma="," type="pk">,</w>
            <w lemma="sem" type="ct">sem</w>
            <w lemma="vera" type="sfg3en">er</w>
            <w lemma="áætla" type="sþghen">áætlað</w>
            <w lemma="6000" type="ta">6000</w>
            <w lemma="kr." type="ks">kr.</w>
            <w lemma="," type="pk">,</w>
            <w lemma="vera" type="svg3en">sé</w>
            <w lemma="lækka" type="sþghen">lækkað</w>
            <w lemma="lítill" type="lhensf">lítið</w>
            <w lemma="einn" type="lhensf">eitt</w>
            <w lemma="." type="pl">.</w>
          </s>
          <s n="5">
            <w lemma="það" type="fphen">Það</w>
            <w lemma="sýna" type="sfm3en">sýnist</w>
            <w lemma="vera" type="sng">vera</w>
            <w lemma="alveg" type="aa">alveg</w>
            <w lemma="óþarfur" type="lhensf">óþarft</w>
            <w lemma="að" type="cn">að</w>
            <w lemma="hafa" type="sng">hafa</w>
            <w lemma="það" type="fpheo">það</w>
            <w lemma="þessi" type="faheo">þetta</w>
            <w lemma="háttur" type="nkeo">hátt</w>
            <w lemma="á" type="af">á</w>
            <w lemma="svona" type="aa">svona</w>
            <w lemma="erfiður" type="lkfþsf">erfiðum</w>
            <w lemma="tími" type="nkfþ">tímum</w>
            <w lemma="," type="pk">,</w>
            <w lemma="og" type="c">og</w>
            <w lemma="eiga" type="svg3eþ">ætti</w>
            <w lemma="hæstv." type="ks">hæstv.</w>
            <w lemma="ríkisstj." type="ks">ríkisstj.</w>
            <w lemma="ekki" type="aa">ekki</w>
            <w lemma="að" type="cn">að</w>
            <w lemma="vera" type="sng">vera</w>
            <w lemma="það" type="fphen">það</w>
            <w lemma="óljúfur" type="lhensf">óljúft</w>
            <w lemma="," type="pk">,</w>
            <w lemma="þegar" type="c">þegar</w>
            <w lemma="klípa" type="nven">klípa</w>
            <w lemma="verða" type="sfg3en">verður</w>
            <w lemma="af" type="af">af</w>
            <w lemma="svo" type="aa">svo</w>
            <w lemma="margur" type="lheþsf">mörgu</w>
            <w lemma="," type="pk">,</w>
            <w lemma="sem" type="ct">sem</w>
            <w lemma="telja" type="snm">teljast</w>
            <w lemma="mega" type="sfg3en">má</w>
            <w lemma="nauðsynlegur" type="lhensf">nauðsynlegt</w>
            <w lemma="." type="pl">.</w>
          </s>
          <s n="6">
            <w lemma="ég" type="fp1en">Ég</w>
            <w lemma="leggja" type="sfg1en">legg</w>
            <w lemma="það" type="fpheþ">því</w>
            <w lemma="til" type="aa">til</w>
            <w lemma="," type="pk">,</w>
            <w lemma="að" type="c">að</w>
            <w lemma="risnufé" type="nhen">risnufé</w>
            <w lemma="ráðh." type="kt">ráðh.</w>
            <w lemma="vera" type="svg3en">sé</w>
            <w lemma="lækka" type="sþghen">lækkað</w>
            <w lemma="niður" type="aa">niður</w>
            <w lemma="í" type="af">í</w>
            <w lemma="5500" type="ta">5500</w>
            <w lemma="kr" type="ks">kr</w>
            <w lemma="." type="pl">.</w>
          </s>
          <s n="7">
            <w lemma="og" type="c">Og</w>
            <w lemma="sá" type="fahen">það</w>
            <w lemma="," type="pk">,</w>
            <w lemma="sem" type="ct">sem</w>
            <w lemma="ég" type="fp1en">ég</w>
            <w lemma="vilja" type="sfg1en">vil</w>
            <w lemma="láta" type="sng">láta</w>
            <w lemma="gera" type="sng">gera</w>
            <w lemma="við" type="af">við</w>
            <w lemma="þessi" type="favfo">þessar</w>
            <w lemma="500" type="ta">500</w>
            <w lemma="kr." type="ks">kr.</w>
            <w lemma="," type="pk">,</w>
            <w lemma="sjá" type="sfm3en">sést</w>
            <w lemma="á" type="af">á</w>
            <w lemma="sami" type="fbheþ">sama</w>
            <w lemma="þskj." type="kt">þskj.</w>
            <w lemma="undir" type="af">undir</w>
            <w lemma="rómv." type="kt">rómv.</w>
            <w lemma="36." type="ta">36.</w>
            <w lemma="," type="pk">,</w>
            <w lemma="en" type="c">en</w>
            <w lemma="þar" type="aa">þar</w>
            <w lemma="leggja" type="sfg1en">legg</w>
            <w lemma="ég" type="fp1en">ég</w>
            <w lemma="til" type="aa">til</w>
            <w lemma="," type="pk">,</w>
            <w lemma="að" type="c">að</w>
            <w lemma="Guðrún" type="nveþ-s">Guðrúnu</w>
            <w lemma="Björnsdóttir" type="nveþ-s">Björnsdóttur</w>
            <w lemma="vera" type="svg3fn">séu</w>
            <w lemma="veita" type="sþgvfn">veittar</w>
            <w lemma="1000" type="ta">1000</w>
            <w lemma="kr." type="ks">kr.</w>
            <w lemma="í" type="af">í</w>
            <w lemma="staður" type="nkeog">staðinn</w>
            <w lemma="fyrir" type="af">fyrir</w>
            <w lemma="500" type="ta">500</w>
            <w lemma="kr" type="ks">kr</w>
            <w lemma="." type="pl">.</w>
          </s>
          <s n="8">
            <w lemma="Guðrún" type="nven-s">Guðrún</w>
            <w lemma="Björnsdóttir" type="nven-s">Björnsdóttir</w>
            <w lemma="vera" type="sfg3en">er</w>
            <w lemma="prestsekkja" type="nven">prestsekkja</w>
            <w lemma="." type="pl">.</w>
          </s>
          <s n="9">
            <w lemma="hún" type="fpven">Hún</w>
            <w lemma="missa" type="sfg3eþ">missti</w>
            <w lemma="maður" type="nkeo">mann</w>
            <w lemma="sinn" type="fekeo">sinn</w>
            <w lemma="fyrir" type="af">fyrir</w>
            <w lemma="margur" type="lhfþsf">mörgum</w>
            <w lemma="ár" type="nhfþ">árum</w>
            <w lemma="." type="pl">.</w>
          </s>
          <s n="10">
            <w lemma="hann" type="fpken">Hann</w>
            <w lemma="vera" type="sfg3eþ">var</w>
            <w lemma="aðstoðarprestur" type="nken">aðstoðarprestur</w>
            <w lemma="," type="pk">,</w>
            <w lemma="og" type="c">og</w>
            <w lemma="vegna" type="af">vegna</w>
            <w lemma="það" type="fphee">þess</w>
            <w lemma="fá" type="sfg3eþ">fékk</w>
            <w lemma="hún" type="fpven">hún</w>
            <w lemma="lengi" type="aa">lengi</w>
            <w lemma="vel" type="aa">vel</w>
            <w lemma="enginn" type="foheo">ekkert</w>
            <w lemma="úr" type="af">úr</w>
            <w lemma="lífeyrissjóður" type="nkeþ">lífeyrissjóði</w>
            <w lemma="prestur" type="nkfe">presta</w>
            <w lemma="." type="pl">.</w>
          </s>
          <s n="11">
            <w lemma="en" type="c">En</w>
            <w lemma="svo" type="aa">svo</w>
            <w lemma="leiðrétta" type="sfg3eþ">leiðrétti</w>
            <w lemma="Alþ." type="ks">Alþ.</w>
            <w lemma="þessi" type="faheo">þetta</w>
            <w lemma="," type="pk">,</w>
            <w lemma="og" type="c">og</w>
            <w lemma="nú" type="aa">nú</w>
            <w lemma="um" type="af">um</w>
            <w lemma="nokkur" type="fohfo">nokkur</w>
            <w lemma="ár" type="nhfo">ár</w>
            <w lemma="hafa" type="sfg3en">hefir</w>
            <w lemma="hún" type="fpven">hún</w>
            <w lemma="hafa" type="sþghen">haft</w>
            <w lemma="nokkur" type="foveo">nokkra</w>
            <w lemma="upphæð" type="nveo">upphæð</w>
            <w lemma="á" type="af">á</w>
            <w lemma="hver" type="foheþ">hverju</w>
            <w lemma="ár" type="nheþ">ári</w>
            <w lemma="." type="pl">.</w>
          </s>
          <s n="12">
            <w lemma="en" type="c">En</w>
            <w lemma="vegna" type="af">vegna</w>
            <w lemma="það" type="fphee">þess</w>
            <w lemma="," type="pk">,</w>
            <w lemma="hver" type="fshen">hvað</w>
            <w lemma="hún" type="fpven">hún</w>
            <w lemma="verða" type="sfg3eþ">varð</w>
            <w lemma="að" type="cn">að</w>
            <w lemma="vinna" type="sng">vinna</w>
            <w lemma="mikið" type="aa">mikið</w>
            <w lemma="til" type="af">til</w>
            <w lemma="það" type="fphee">þess</w>
            <w lemma="að" type="cn">að</w>
            <w lemma="sjá" type="sng">sjá</w>
            <w lemma="fyrir" type="af">fyrir</w>
            <w lemma="sig" type="fpveþ">sér</w>
            <w lemma="og" type="c">og</w>
            <w lemma="barn" type="nhfþ">börnum</w>
            <w lemma="sinn" type="fehfþ">sínum</w>
            <w lemma="á" type="aa">á</w>
            <w lemma="meðan" type="c">meðan</w>
            <w lemma="hún" type="fpven">hún</w>
            <w lemma="verða" type="sfg3eþ">varð</w>
            <w lemma="enginn" type="fokee">einskis</w>
            <w lemma="styrkur" type="nkee">styrks</w>
            <w lemma="aðnjótandi" type="lvenof">aðnjótandi</w>
            <w lemma="," type="pk">,</w>
            <w lemma="þá" type="aa">þá</w>
            <w lemma="vera" type="sfg3en">er</w>
            <w lemma="hún" type="fpven">hún</w>
            <w lemma="nú" type="aa">nú</w>
            <w lemma="verða" type="sþgven">orðin</w>
            <w lemma="útslitinn" type="lvensf">útslitin</w>
            <w lemma="og" type="c">og</w>
            <w lemma="heilsulítill" type="lvensf">heilsulítil</w>
            <w lemma="," type="pk">,</w>
            <w lemma="og" type="c">og</w>
            <w lemma="geta" type="sfg3en">getur</w>
            <w lemma="því" type="aa">því</w>
            <w lemma="ekki" type="aa">ekki</w>
            <w lemma="vinna" type="sþghen">unnið</w>
            <w lemma="eins" type="aa">eins</w>
            <w lemma="og" type="c">og</w>
            <w lemma="áður" type="aa">áður</w>
            <w lemma="." type="pl">.</w>
          </s>
          <s n="13">
            <w lemma="það" type="fphen">Það</w>
            <w lemma="vera" type="svg3eþ">væri</w>
            <w lemma="því" type="aa">því</w>
            <w lemma="mjög" type="aa">mjög</w>
            <w lemma="vel" type="aa">vel</w>
            <w lemma="viðeigandi" type="lhenof">viðeigandi</w>
            <w lemma="," type="pk">,</w>
            <w lemma="að" type="c">að</w>
            <w lemma="Alþ." type="ks">Alþ.</w>
            <w lemma="bæta" type="svg3eþ">bætti</w>
            <w lemma="nú" type="aa">nú</w>
            <w lemma="fyrir" type="af">fyrir</w>
            <w lemma="sá" type="fahfo">þau</w>
            <w lemma="rangindi" type="nhfo">rangindi</w>
            <w lemma="," type="pk">,</w>
            <w lemma="sem" type="ct">sem</w>
            <w lemma="hún" type="fpven">hún</w>
            <w lemma="verða" type="sfg3eþ">varð</w>
            <w lemma="fyrir" type="aa">fyrir</w>
            <w lemma="í" type="af">í</w>
            <w lemma="það" type="fpheþ">því</w>
            <w lemma="að" type="cn">að</w>
            <w lemma="fá" type="sng">fá</w>
            <w lemma="lengi" type="aa">lengi</w>
            <w lemma="vel" type="aa">vel</w>
            <w lemma="enginn" type="fohen">ekkert</w>
            <w lemma="úr" type="af">úr</w>
            <w lemma="lífeyrissjóður" type="nkeþ">lífeyrissjóði</w>
            <w lemma="prestur" type="nkfe">presta</w>
            <w lemma="," type="pk">,</w>
            <w lemma="og" type="c">og</w>
            <w lemma="veita" type="sfg3eþ">veitti</w>
            <w lemma="hún" type="fpveþ">henni</w>
            <w lemma="nú" type="aa">nú</w>
            <w lemma="þessi" type="faveo">þessa</w>
            <w lemma="uppbót" type="nveo">uppbót</w>
            <w lemma="," type="pk">,</w>
            <w lemma="sem" type="ct">sem</w>
            <w lemma="ég" type="fp1en">ég</w>
            <w lemma="leggja" type="sfg1en">legg</w>
            <w lemma="til" type="af">til</w>
            <w lemma="," type="pk">,</w>
            <w lemma="að" type="c">að</w>
            <w lemma="hún" type="fpveþ">henni</w>
            <w lemma="vera" type="svg3en">sé</w>
            <w lemma="veita" type="sþgven">veitt</w>
            <w lemma="." type="pl">.</w>
          </s>
          <s n="14">
            <w lemma="ég" type="fp1en">Ég</w>
            <w lemma="vænta" type="sfg1en">vænti</w>
            <w lemma="það" type="fphee">þess</w>
            <w lemma="," type="pk">,</w>
            <w lemma="að" type="c">að</w>
            <w lemma="hv." type="ks">hv.</w>
            <w lemma="alþm." type="kt">alþm.</w>
            <w lemma="sýna" type="svg3en">sýni</w>
            <w lemma="till." type="kt">till.</w>
            <w lemma="minn" type="fevfþ">mínum</w>
            <w lemma="sá" type="faveo">þá</w>
            <w lemma="vinsemd" type="nveo">vinsemd</w>
            <w lemma="," type="pk">,</w>
            <w lemma="að" type="c">að</w>
            <w lemma="hann" type="fpkfn">þeir</w>
            <w lemma="samþ." type="kt">samþ.</w>
            <w lemma="hún" type="fpvfo">þær</w>
            <w lemma="," type="pk">,</w>
            <w lemma="enda" type="c">enda</w>
            <w lemma="vera" type="sfg3en">er</w>
            <w lemma="það" type="fphen">það</w>
            <w lemma="mjög" type="aa">mjög</w>
            <w lemma="sanngjarn" type="lhensf">sanngjarnt</w>
            <w lemma="," type="pk">,</w>
            <w lemma="sem" type="ct">sem</w>
            <w lemma="þar" type="aa">þar</w>
            <w lemma="vera" type="sfg3en">er</w>
            <w lemma="fara" type="sþghen">farið</w>
            <w lemma="fram" type="aa">fram</w>
            <w lemma="á" type="af">á</w>
            <w lemma="." type="pl">.</w>
          </s>
        </p>
      </div1>
    </body>
  </text>
</TEI>
