<?xml version="1.0" encoding="UTF-8"?>
<TEI xmlns="http://www.tei-c.org/ns/1.0" xml:id="R-33-4785225" xml:lang="is">
  <teiHeader>
    <fileDesc>
      <titleStmt>
        <title>
          <title type="main">Fávitahæli (91. mál)</title>
        </title>
        <respStmt>
          <resp xml:lang="is">Söfnun og úrvinnsla texta</resp>
          <resp xml:lang="en">Collection and processing of text</resp>
          <name xml:lang="is">Stofnun Árna Magnússonar í íslenskum fræðum</name>
          <name xml:lang="en">The Arni Magnusson Institute for Icelandic Studies</name>
        </respStmt>
      </titleStmt>
      <editionStmt>
        <p xml:lang="is">Málheild: Ræður frá Alþingi Íslendinga (2020.06)</p>
        <p xml:lang="en">Corpus: Speeches from The Parliament of Iceland (2020.06)</p>
      </editionStmt>
      <publicationStmt>
        <distributor xml:lang="is">Stofnun Árna Magnússonar í íslenskum fræðum</distributor>
        <distributor xml:lang="en">The Arni Magnusson Institute for Icelandic Studies</distributor>
        <address>
          <addrLine xml:lang="is">Árnagarður við Suðurgötu, 107 Reykjavík, Íslandi</addrLine>
          <addrLine xml:lang="en">Árnagarður Suðurgata, 107 Reykjavik, Iceland</addrLine>
          <addrLine>
            <email>arnastofnun@arnastofnun.is</email>
          </addrLine>
        </address>
        <idno type="risam">R-33-4785225</idno>
        <availability>
          <p xml:lang="is">Þessi texti er til notkunar í málrannsóknum og máltækniverkefnum um allan heim með CC-BY leyfi</p>
          <p xml:lang="en">This text is available for use in language research and language technology projects world wide with CC-BY licence.</p>
        </availability>
        <date>2020-05-27</date>
      </publicationStmt>
      <sourceDesc>
        <biblStruct>
          <analytic>
            <title>
              <title type="main">Fávitahæli (91. mál)</title>
            </title>
            <author>
             <persName>Guðrún Lárusdóttir</persName>
             <note type="gender">F</note>
             <note type="age">55</note>
             <note type="url">http://althingi.is/altext/cv/is/?nfaerslunr=203</note>
             <note type="political_party">Sjálfstæðisflokkur</note>
             <note type="constituency">landskjörinn alþingismaður (LA)</note>
             <note type="role">Alþingismaður</note>
            </author>
            <date when="1935-12-14">14.12. 1935</date>
          </analytic>
          <monogr>
            <title>althingi.is</title>
            <imprint>
              <publisher>Alþingi</publisher>
            </imprint>
            <biblScope>
             <ref>http://althingi.is/altext/raeda/?lthing=49&amp;rnr=2295</ref>
            </biblScope>
          </monogr>
        </biblStruct>
      </sourceDesc>
    </fileDesc>
    <encodingDesc>
      <projectDesc>
        <p xml:lang="is">Sjá lýsingu á verkefninu í rmh2Hdr.xml.</p>
        <p xml:lang="en">See description of project in rmh2Hdr.xml.</p>
      </projectDesc>
      <tagsDecl>
        <namespace name="http://www.tei-c.org/ns/1.0">
          <tagUsage gi="text" occurs="1"/>
          <tagUsage gi="body" occurs="1"/>
          <tagUsage gi="div1" occurs="1"/>
          <tagUsage gi="p" occurs="2"/>
          <tagUsage gi="s" occurs="11"/>
          <tagUsage gi="w" occurs="188"/>
          <tagUsage gi="c" occurs="0"/>
        </namespace>
      </tagsDecl>
    </encodingDesc>
  </teiHeader>
  <text>
    <body>
      <div1>
        <p n="1">
          <s n="1">
            <w lemma="Guðrún" type="nven-s">Guðrún</w>
            <w lemma="Lárusdóttir" type="nven-s">Lárusdóttir</w>
            <w lemma=":" type="pa">:</w>
          </s>
        </p>
        <p n="2">
          <s n="1">
            <w lemma="ég" type="fp1en">Ég</w>
            <w lemma="finna" type="sfg1en">finn</w>
            <w lemma="ég" type="fp1eþ">mér</w>
            <w lemma="skyldur" type="lheosf">skylt</w>
            <w lemma="að" type="cn">að</w>
            <w lemma="þakka" type="sng">þakka</w>
            <w lemma="hv." type="ks">hv.</w>
            <w lemma="Nd" type="n----s">Nd</w>
            <w lemma="." type="pl">.</w>
          </s>
          <s n="2">
            <w lemma="fyrir" type="af">fyrir</w>
            <w lemma="góður" type="lveosf">góða</w>
            <w lemma="meðferð" type="nveo">meðferð</w>
            <w lemma="á" type="af">á</w>
            <w lemma="þessi" type="faheþ">þessu</w>
            <w lemma="mál" type="nheþ">máli</w>
            <w lemma="," type="pk">,</w>
            <w lemma="og" type="c">og</w>
            <w lemma="gera" type="sfg1en">geri</w>
            <w lemma="ég" type="fp1en">ég</w>
            <w lemma="það" type="fpheo">það</w>
            <w lemma="bæði" type="c">bæði</w>
            <w lemma="í" type="af">í</w>
            <w lemma="minn" type="feheþ">mínu</w>
            <w lemma="nafn" type="nheþ">nafni</w>
            <w lemma="og" type="c">og</w>
            <w lemma="eiga" type="svg3en">eigi</w>
            <w lemma="varla" type="aam">síður</w>
            <w lemma="í" type="af">í</w>
            <w lemma="nafn" type="nheþ">nafni</w>
            <w lemma="sá" type="fakfe">þeirra</w>
            <w lemma="," type="pk">,</w>
            <w lemma="sem" type="ct">sem</w>
            <w lemma="eiga" type="sfg3fn">eiga</w>
            <w lemma="að" type="cn">að</w>
            <w lemma="njóta" type="sng">njóta</w>
            <w lemma="góður" type="lheesf">góðs</w>
            <w lemma="af" type="af">af</w>
            <w lemma="þessi" type="faveþ">þessari</w>
            <w lemma="stofnun" type="nveþ">stofnun</w>
            <w lemma="." type="pl">.</w>
          </s>
          <s n="3">
            <w lemma="þessi" type="fahen">Þetta</w>
            <w lemma="frv." type="ks">frv.</w>
            <w lemma="hafa" type="sfg3en">hefir</w>
            <w lemma="taka" type="sþghen">tekið</w>
            <w lemma="lítilsháttar" type="aa">lítilsháttar</w>
            <w lemma="breytur" type="nkeo">breyt</w>
            <w lemma="." type="pl">.</w>
          </s>
          <s n="4">
            <w lemma="í" type="af">í</w>
            <w lemma="hv." type="ks">hv.</w>
            <w lemma="Nd" type="n----s">Nd</w>
            <w lemma="." type="pl">.</w>
          </s>
          <s n="5">
            <w lemma="," type="pk">,</w>
            <w lemma="og" type="c">og</w>
            <w lemma="vera" type="sfg3en">er</w>
            <w lemma="sá" type="faven">sú</w>
            <w lemma="breyt" type="nven">breyt</w>
            <w lemma="." type="pl">.</w>
          </s>
          <s n="6">
            <w lemma="í" type="af">í</w>
            <w lemma="bráðabirgðaákvæði" type="nheþ">bráðabirgðaákvæði</w>
            <w lemma="," type="pk">,</w>
            <w lemma="sem" type="ct">sem</w>
            <w lemma="vera" type="sfg3en">er</w>
            <w lemma="aftan" type="aa">aftan</w>
            <w lemma="við" type="af">við</w>
            <w lemma="9." type="ta">9.</w>
            <w lemma="gr." type="ks">gr.</w>
            <w lemma="og" type="c">og</w>
            <w lemma="vera" type="sfg3en">er</w>
            <w lemma="um" type="af">um</w>
            <w lemma="það" type="fpheo">það</w>
            <w lemma="," type="pk">,</w>
            <w lemma="að" type="c">að</w>
            <w lemma="á" type="aa">á</w>
            <w lemma="meðan" type="c">meðan</w>
            <w lemma="ekki" type="aa">ekki</w>
            <w lemma="vera" type="sfg3fn">eru</w>
            <w lemma="samþ." type="ks">samþ.</w>
            <w lemma="lög" type="nhfn">lög</w>
            <w lemma="um" type="af">um</w>
            <w lemma="framfærsla" type="nveo">framfærslu</w>
            <w lemma="sjúkur" type="lkfesf">sjúkra</w>
            <w lemma="maður" type="nkfe">manna</w>
            <w lemma="og" type="c">og</w>
            <w lemma="örkumla" type="nvfe">örkumla</w>
            <w lemma="," type="pk">,</w>
            <w lemma="þá" type="aa">þá</w>
            <w lemma="greiða" type="svg3en">greiði</w>
            <w lemma="ríkissjóður" type="nken">ríkissjóður</w>
            <w lemma="lítilsháttar" type="aa">lítilsháttar</w>
            <w lemma="mjög" type="aam">meir</w>
            <w lemma="en" type="c">en</w>
            <w lemma="gera" type="sþghen">gert</w>
            <w lemma="vera" type="sfg3eþ">var</w>
            <w lemma="ráð" type="nhen">ráð</w>
            <w lemma="fyrir" type="aa">fyrir</w>
            <w lemma="í" type="af">í</w>
            <w lemma="frv" type="x">frv</w>
            <w lemma="." type="pl">.</w>
          </s>
          <s n="7">
            <w lemma="þessi" type="fahen">Þetta</w>
            <w lemma="skipta" type="sfg3en">skiptir</w>
            <w lemma="í" type="af">í</w>
            <w lemma="raun" type="nveþ">raun</w>
            <w lemma="og" type="c">og</w>
            <w lemma="vera" type="nveþ">veru</w>
            <w lemma="ekki" type="aa">ekki</w>
            <w lemma="mikill" type="lheþsf">miklu</w>
            <w lemma="mál" type="nheþ">máli</w>
            <w lemma="," type="pk">,</w>
            <w lemma="en" type="c">en</w>
            <w lemma="vera" type="sfg3en">er</w>
            <w lemma="þó" type="aa">þó</w>
            <w lemma="í" type="af">í</w>
            <w lemma="samræmi" type="nheþ">samræmi</w>
            <w lemma="við" type="af">við</w>
            <w lemma="frv." type="nkeo">frv.</w>
            <w lemma="sá" type="faheo">það</w>
            <w lemma="," type="pk">,</w>
            <w lemma="sem" type="ct">sem</w>
            <w lemma="vera" type="sfg3en">er</w>
            <w lemma="á" type="af">á</w>
            <w lemma="ferð" type="nveþg">ferðinni</w>
            <w lemma="um" type="af">um</w>
            <w lemma="framfærsla" type="nveo">framfærslu</w>
            <w lemma="sjúkur" type="lkfesf">sjúkra</w>
            <w lemma="maður" type="nkfe">manna</w>
            <w lemma="og" type="c">og</w>
            <w lemma="örkumla" type="nvfe">örkumla</w>
            <w lemma="." type="pl">.</w>
          </s>
          <s n="8">
            <w lemma="ég" type="fp1en">Ég</w>
            <w lemma="sjá" type="sfg1en">sé</w>
            <w lemma="svo" type="aa">svo</w>
            <w lemma="ekki" type="aa">ekki</w>
            <w lemma="ástæða" type="nveo">ástæðu</w>
            <w lemma="til" type="af">til</w>
            <w lemma="það" type="fphee">þess</w>
            <w lemma="að" type="cn">að</w>
            <w lemma="fara" type="sng">fara</w>
            <w lemma="um" type="af">um</w>
            <w lemma="þessi" type="faheo">þetta</w>
            <w lemma="margur" type="lhfovm">fleiri</w>
            <w lemma="orð" type="nhfþ">orðum</w>
            <w lemma="." type="pl">.</w>
          </s>
          <s n="9">
            <w lemma="ég" type="fp1en">Ég</w>
            <w lemma="vilja" type="sfg1en">vil</w>
            <w lemma="aðeins" type="aa">aðeins</w>
            <w lemma="endurtaka" type="sng">endurtaka</w>
            <w lemma="það" type="fpheo">það</w>
            <w lemma="," type="pk">,</w>
            <w lemma="að" type="c">að</w>
            <w lemma="ég" type="fp1eþ">mér</w>
            <w lemma="þykja" type="sfg3en">þykir</w>
            <w lemma="vænn" type="lhensf">vænt</w>
            <w lemma="um" type="af">um</w>
            <w lemma="," type="pk">,</w>
            <w lemma="að" type="c">að</w>
            <w lemma="mál" type="nheng">málið</w>
            <w lemma="vera" type="sfg3en">er</w>
            <w lemma="koma" type="sþghen">komið</w>
            <w lemma="svona" type="aa">svona</w>
            <w lemma="langur" type="lhensf">langt</w>
            <w lemma="," type="pk">,</w>
            <w lemma="og" type="c">og</w>
            <w lemma="ég" type="fp1en">ég</w>
            <w lemma="vænta" type="sfg1en">vænti</w>
            <w lemma="það" type="fphee">þess</w>
            <w lemma="," type="pk">,</w>
            <w lemma="að" type="c">að</w>
            <w lemma="hv." type="ks">hv.</w>
            <w lemma="Ed" type="n----s">Ed</w>
            <w lemma="." type="pl">.</w>
          </s>
          <s n="10">
            <w lemma="vilja" type="svg3en">vilji</w>
            <w lemma="enn" type="aa">enn</w>
            <w lemma="sýna" type="sng">sýna</w>
            <w lemma="það" type="fpheþ">því</w>
            <w lemma="velvilji" type="nkeo">velvilja</w>
            <w lemma="og" type="c">og</w>
            <w lemma="samþ." type="ks">samþ.</w>
            <w lemma="það" type="fpheo">það</w>
            <w lemma="eins" type="aa">eins</w>
            <w lemma="og" type="c">og</w>
            <w lemma="það" type="fphen">það</w>
            <w lemma="liggja" type="sfg3en">liggur</w>
            <w lemma="hér" type="aa">hér</w>
            <w lemma="fyrir" type="aa">fyrir</w>
            <w lemma="." type="pl">.</w>
          </s>
        </p>
      </div1>
    </body>
  </text>
</TEI>
