<?xml version="1.0" encoding="UTF-8"?>
<TEI xmlns="http://www.tei-c.org/ns/1.0" xml:id="R-33-4896077" xml:lang="is">
  <teiHeader>
    <fileDesc>
      <titleStmt>
        <title>
          <title type="main">Áfengismál (123. mál)</title>
        </title>
        <respStmt>
          <resp xml:lang="is">Söfnun og úrvinnsla texta</resp>
          <resp xml:lang="en">Collection and processing of text</resp>
          <name xml:lang="is">Stofnun Árna Magnússonar í íslenskum fræðum</name>
          <name xml:lang="en">The Arni Magnusson Institute for Icelandic Studies</name>
        </respStmt>
      </titleStmt>
      <editionStmt>
        <p xml:lang="is">Málheild: Ræður frá Alþingi Íslendinga (2020.06)</p>
        <p xml:lang="en">Corpus: Speeches from The Parliament of Iceland (2020.06)</p>
      </editionStmt>
      <publicationStmt>
        <distributor xml:lang="is">Stofnun Árna Magnússonar í íslenskum fræðum</distributor>
        <distributor xml:lang="en">The Arni Magnusson Institute for Icelandic Studies</distributor>
        <address>
          <addrLine xml:lang="is">Árnagarður við Suðurgötu, 107 Reykjavík, Íslandi</addrLine>
          <addrLine xml:lang="en">Árnagarður Suðurgata, 107 Reykjavik, Iceland</addrLine>
          <addrLine>
            <email>arnastofnun@arnastofnun.is</email>
          </addrLine>
        </address>
        <idno type="risam">R-33-4896077</idno>
        <availability>
          <p xml:lang="is">Þessi texti er til notkunar í málrannsóknum og máltækniverkefnum um allan heim með CC-BY leyfi</p>
          <p xml:lang="en">This text is available for use in language research and language technology projects world wide with CC-BY licence.</p>
        </availability>
        <date>2020-05-27</date>
      </publicationStmt>
      <sourceDesc>
        <biblStruct>
          <analytic>
            <title>
              <title type="main">Áfengismál (123. mál)</title>
            </title>
            <author>
             <persName>Guðrún Lárusdóttir</persName>
             <note type="gender">F</note>
             <note type="age">55</note>
             <note type="url">http://althingi.is/altext/cv/is/?nfaerslunr=203</note>
             <note type="political_party">Sjálfstæðisflokkur</note>
             <note type="constituency">landskjörinn alþingismaður (LA)</note>
             <note type="role">Alþingismaður</note>
            </author>
            <date when="1935-12-18">18.12. 1935</date>
          </analytic>
          <monogr>
            <title>althingi.is</title>
            <imprint>
              <publisher>Alþingi</publisher>
            </imprint>
            <biblScope>
             <ref>http://althingi.is/altext/raeda/?lthing=49&amp;rnr=4950</ref>
            </biblScope>
          </monogr>
        </biblStruct>
      </sourceDesc>
    </fileDesc>
    <encodingDesc>
      <projectDesc>
        <p xml:lang="is">Sjá lýsingu á verkefninu í rmh2Hdr.xml.</p>
        <p xml:lang="en">See description of project in rmh2Hdr.xml.</p>
      </projectDesc>
      <tagsDecl>
        <namespace name="http://www.tei-c.org/ns/1.0">
          <tagUsage gi="text" occurs="1"/>
          <tagUsage gi="body" occurs="1"/>
          <tagUsage gi="div1" occurs="1"/>
          <tagUsage gi="p" occurs="5"/>
          <tagUsage gi="s" occurs="73"/>
          <tagUsage gi="w" occurs="1767"/>
          <tagUsage gi="c" occurs="0"/>
        </namespace>
      </tagsDecl>
    </encodingDesc>
  </teiHeader>
  <text>
    <body>
      <div1>
        <p n="1">
          <s n="1">
            <w lemma="Guðrún" type="nven-s">Guðrún</w>
            <w lemma="Lárusdóttir" type="nven-s">Lárusdóttir</w>
            <w lemma=":" type="pa">:</w>
          </s>
        </p>
        <p n="2">
          <s n="1">
            <w lemma="herraa" type="sfg3en">Herra</w>
            <w lemma="forseti" type="nken">forseti</w>
            <w lemma="!" type="pl">!</w>
          </s>
          <s n="2">
            <w lemma="ég" type="fp1eo">Mig</w>
            <w lemma="langa" type="sfg3en">langar</w>
            <w lemma="til" type="af">til</w>
            <w lemma="að" type="cn">að</w>
            <w lemma="leggja" type="sng">leggja</w>
            <w lemma="nokkur" type="fohfo">nokkur</w>
            <w lemma="orð" type="nhfo">orð</w>
            <w lemma="í" type="af">í</w>
            <w lemma="belgur" type="nkeo">belg</w>
            <w lemma="," type="pk">,</w>
            <w lemma="þegar" type="c">þegar</w>
            <w lemma="ræða" type="sþghen">rætt</w>
            <w lemma="vera" type="sfg3en">er</w>
            <w lemma="um" type="af">um</w>
            <w lemma="þessi" type="faheo">þetta</w>
            <w lemma="mál" type="nheo">mál</w>
            <w lemma="." type="pl">.</w>
          </s>
          <s n="3">
            <w lemma="það" type="fphen">Það</w>
            <w lemma="vera" type="sfg3en">er</w>
            <w lemma="ekki" type="aa">ekki</w>
            <w lemma="svo" type="aa">svo</w>
            <w lemma="að" type="cn">að</w>
            <w lemma="skilja" type="sng">skilja</w>
            <w lemma="," type="pk">,</w>
            <w lemma="að" type="c">að</w>
            <w lemma="ég" type="fp1en">ég</w>
            <w lemma="búa" type="svm1eþ">búist</w>
            <w lemma="við" type="af">við</w>
            <w lemma="að" type="cn">að</w>
            <w lemma="koma" type="sng">koma</w>
            <w lemma="með" type="af">með</w>
            <w lemma="neinn" type="foheo">neitt</w>
            <w lemma="nýr" type="lheosf">nýtt</w>
            <w lemma="eða" type="c">eða</w>
            <w lemma="sá" type="faheo">það</w>
            <w lemma="," type="pk">,</w>
            <w lemma="sem" type="ct">sem</w>
            <w lemma="maður" type="nkfn">menn</w>
            <w lemma="hafa" type="sfg3fn">hafa</w>
            <w lemma="ekki" type="aa">ekki</w>
            <w lemma="heyra" type="sþghen">heyrt</w>
            <w lemma="áður" type="aa">áður</w>
            <w lemma="," type="pk">,</w>
            <w lemma="reyna" type="sþghen">reynt</w>
            <w lemma="eða" type="c">eða</w>
            <w lemma="sjá" type="sþghen">séð</w>
            <w lemma="." type="pl">.</w>
          </s>
        </p>
        <p n="3">
          <s n="1">
            <w lemma="maður" type="nken">Maður</w>
            <w lemma="vera" type="sfg3en">er</w>
            <w lemma="búinn" type="lkensf">búinn</w>
            <w lemma="að" type="cn">að</w>
            <w lemma="hlusta" type="sng">hlusta</w>
            <w lemma="á" type="af">á</w>
            <w lemma="skýrsla" type="nvfo">skýrslur</w>
            <w lemma="," type="pk">,</w>
            <w lemma="sem" type="ct">sem</w>
            <w lemma="eiga" type="sfg3fþ">áttu</w>
            <w lemma="að" type="cn">að</w>
            <w lemma="sanna" type="sng">sanna</w>
            <w lemma="það" type="fpheo">það</w>
            <w lemma="," type="pk">,</w>
            <w lemma="að" type="c">að</w>
            <w lemma="áfengisnautn" type="nveng">áfengisnautnin</w>
            <w lemma="hafa" type="svg3en">hafi</w>
            <w lemma="ekki" type="aa">ekki</w>
            <w lemma="vaxa" type="sþghen">vaxið</w>
            <w lemma="," type="pk">,</w>
            <w lemma="heldur" type="c">heldur</w>
            <w lemma="jafnvel" type="aa">jafnvel</w>
            <w lemma="minnka" type="sþghen">minnkað</w>
            <w lemma="við" type="af">við</w>
            <w lemma="koma" type="nveo">komu</w>
            <w lemma="sterkur" type="lkfevf">sterku</w>
            <w lemma="drykkur" type="nkfeg">drykkjanna</w>
            <w lemma="inn" type="aa">inn</w>
            <w lemma="í" type="af">í</w>
            <w lemma="land" type="nheog">landið</w>
            <w lemma="." type="pl">.</w>
          </s>
          <s n="2">
            <w lemma="ég" type="fp1en">Ég</w>
            <w lemma="skulu" type="sfg1en">skal</w>
            <w lemma="ekki" type="aa">ekki</w>
            <w lemma="bera" type="sng">bera</w>
            <w lemma="brigða" type="nvfo">brigður</w>
            <w lemma="á" type="aa">á</w>
            <w lemma="," type="pk">,</w>
            <w lemma="að" type="c">að</w>
            <w lemma="þessi" type="favfn">þessar</w>
            <w lemma="skýrsla" type="nvfn">skýrslur</w>
            <w lemma="vera" type="svg3fn">séu</w>
            <w lemma="réttur" type="lvfnsf">réttar</w>
            <w lemma="." type="pl">.</w>
          </s>
          <s n="3">
            <w lemma="en" type="c">En</w>
            <w lemma="sá" type="faven">sú</w>
            <w lemma="skýrsla" type="nven">skýrsla</w>
            <w lemma="," type="pk">,</w>
            <w lemma="sem" type="ct">sem</w>
            <w lemma="skýr" type="lvense">skýrust</w>
            <w lemma="standa" type="sfg3en">stendur</w>
            <w lemma="ég" type="fp1eþ">mér</w>
            <w lemma="fyrir" type="af">fyrir</w>
            <w lemma="hugarsjón" type="nvfþ">hugarsjónum</w>
            <w lemma="," type="pk">,</w>
            <w lemma="vera" type="sfg3en">er</w>
            <w lemma="skýrsla" type="nven">skýrsla</w>
            <w lemma="hinn" type="ghee">hins</w>
            <w lemma="daglegur" type="lheevf">daglega</w>
            <w lemma="líf" type="nhee">lífs</w>
            <w lemma="." type="pl">.</w>
          </s>
          <s n="4">
            <w lemma="það" type="fphen">Það</w>
            <w lemma="vera" type="sfg3en">er</w>
            <w lemma="sá" type="faven">sú</w>
            <w lemma="reynsla" type="nven">reynsla</w>
            <w lemma="," type="pk">,</w>
            <w lemma="sem" type="ct">sem</w>
            <w lemma="ég" type="fp1en">ég</w>
            <w lemma="fá" type="sfg1en">fæ</w>
            <w lemma="að" type="cn">að</w>
            <w lemma="sjá" type="sng">sjá</w>
            <w lemma="svo" type="aa">svo</w>
            <w lemma="að" type="cn">að</w>
            <w lemma="segja" type="sng">segja</w>
            <w lemma="daglega" type="aa">daglega</w>
            <w lemma="," type="pk">,</w>
            <w lemma="eða" type="c">eða</w>
            <w lemma="mjög" type="aa">mjög</w>
            <w lemma="oft" type="aa">oft</w>
            <w lemma="," type="pk">,</w>
            <w lemma="í" type="af">í</w>
            <w lemma="sá" type="fakeþ">þeim</w>
            <w lemma="verkahringur" type="nkeþ">verkahring</w>
            <w lemma="," type="pk">,</w>
            <w lemma="sem" type="ct">sem</w>
            <w lemma="ég" type="fp1en">ég</w>
            <w lemma="hafa" type="sfg1en">hefi</w>
            <w lemma="á" type="af">á</w>
            <w lemma="hönd" type="nveþ">hendi</w>
            <w lemma="," type="pk">,</w>
            <w lemma="og" type="c">og</w>
            <w lemma="ég" type="fp1en">ég</w>
            <w lemma="verða" type="sfg1en">verð</w>
            <w lemma="að" type="cn">að</w>
            <w lemma="segja" type="sng">segja</w>
            <w lemma="," type="pk">,</w>
            <w lemma="að" type="c">að</w>
            <w lemma="samanbera" type="sþghen">samanborið</w>
            <w lemma="við" type="af">við</w>
            <w lemma="sá" type="faheo">það</w>
            <w lemma="," type="pk">,</w>
            <w lemma="sem" type="ct">sem</w>
            <w lemma="vera" type="sfg3eþ">var</w>
            <w lemma="áður" type="aa">áður</w>
            <w lemma="en" type="c">en</w>
            <w lemma="sterkur" type="lhfnvf">sterku</w>
            <w lemma="vín" type="nhfng">vínin</w>
            <w lemma="koma" type="sfg3fþ">komu</w>
            <w lemma="hingað" type="aa">hingað</w>
            <w lemma="til" type="af">til</w>
            <w lemma="land" type="nheeg">landsins</w>
            <w lemma="," type="pk">,</w>
            <w lemma="þá" type="aa">þá</w>
            <w lemma="hafa" type="sfg3en">hefir</w>
            <w lemma="ástand" type="nheng">ástandið</w>
            <w lemma="á" type="af">á</w>
            <w lemma="sá" type="fahfþ">þeim</w>
            <w lemma="svæði" type="nhfþ">svæðum</w>
            <w lemma="," type="pk">,</w>
            <w lemma="sem" type="ct">sem</w>
            <w lemma="ég" type="fp1en">ég</w>
            <w lemma="sérstaklega" type="aa">sérstaklega</w>
            <w lemma="tala" type="sfg1en">tala</w>
            <w lemma="um" type="af">um</w>
            <w lemma="," type="pk">,</w>
            <w lemma="versna" type="sþghen">versnað</w>
            <w lemma="til" type="af">til</w>
            <w lemma="mikill" type="lkfesf">mikilla</w>
            <w lemma="munur" type="nkfe">muna</w>
            <w lemma="." type="pl">.</w>
          </s>
          <s n="5">
            <w lemma="ég" type="fp1en">Ég</w>
            <w lemma="hafa" type="svg1eþ">hefði</w>
            <w lemma="hafa" type="sþghen">haft</w>
            <w lemma="tilhneiging" type="nveo">tilhneigingu</w>
            <w lemma="til" type="af">til</w>
            <w lemma="það" type="fphee">þess</w>
            <w lemma="að" type="cn">að</w>
            <w lemma="færa" type="sng">færa</w>
            <w lemma="nokkur" type="fohfo">nokkur</w>
            <w lemma="dæmi" type="nhfo">dæmi</w>
            <w lemma="mál" type="nheþ">máli</w>
            <w lemma="minn" type="feheþ">mínu</w>
            <w lemma="til" type="af">til</w>
            <w lemma="sönnun" type="nvee">sönnunar</w>
            <w lemma="," type="pk">,</w>
            <w lemma="en" type="c">en</w>
            <w lemma="ég" type="fp1en">ég</w>
            <w lemma="vita" type="sfg1en">veit</w>
            <w lemma="ekki" type="aa">ekki</w>
            <w lemma="," type="pk">,</w>
            <w lemma="hvort" type="c">hvort</w>
            <w lemma="það" type="fphen">það</w>
            <w lemma="eiga" type="sfg3en">á</w>
            <w lemma="við" type="aa">við</w>
            <w lemma="," type="pk">,</w>
            <w lemma="og" type="c">og</w>
            <w lemma="ég" type="fp1en">ég</w>
            <w lemma="vita" type="sfg1en">veit</w>
            <w lemma="ekki" type="aa">ekki</w>
            <w lemma="gjarnan" type="aam">heldur</w>
            <w lemma="," type="pk">,</w>
            <w lemma="hvort" type="c">hvort</w>
            <w lemma="hv." type="ks">hv.</w>
            <w lemma="þm." type="ks">þm.</w>
            <w lemma="endast" type="snm">endast</w>
            <w lemma="til" type="af">til</w>
            <w lemma="það" type="fphee">þess</w>
            <w lemma="að" type="cn">að</w>
            <w lemma="sitja" type="sng">sitja</w>
            <w lemma="allur" type="foheþ">öllu</w>
            <w lemma="lengi" type="aam">lengur</w>
            <w lemma="undir" type="af">undir</w>
            <w lemma="umr." type="ks">umr.</w>
            <w lemma="," type="pk">,</w>
            <w lemma="-" type="pa">-</w>
            <w lemma="klukka" type="nveng">klukkan</w>
            <w lemma="vera" type="sfg3en">er</w>
            <w lemma="nú" type="aa">nú</w>
            <w lemma="að" type="cn">að</w>
            <w lemma="verða" type="sng">verða</w>
            <w lemma="7" type="ta">7</w>
            <w lemma="," type="pk">,</w>
            <w lemma="og" type="c">og</w>
            <w lemma="ætla" type="sfg1en">ætla</w>
            <w lemma="ég" type="fp1en">ég</w>
            <w lemma="því" type="aa">því</w>
            <w lemma="að" type="cn">að</w>
            <w lemma="stikla" type="sng">stikla</w>
            <w lemma="á" type="af">á</w>
            <w lemma="stór" type="lheþsf">stóru</w>
            <w lemma="." type="pl">.</w>
          </s>
          <s n="6">
            <w lemma="það" type="fphen">Það</w>
            <w lemma="hafa" type="sfg3en">hefir</w>
            <w lemma="amerískur" type="lkensf">amerískur</w>
            <w lemma="prófessor" type="nken">prófessor</w>
            <w lemma="einn" type="tfken">einn</w>
            <w lemma="og" type="c">og</w>
            <w lemma="bindindismaður" type="nken">bindindismaður</w>
            <w lemma="segja" type="sþghen">sagt</w>
            <w lemma=":" type="pa">:</w>
            <w lemma="drykkjuskapur" type="nkeng">Drykkjuskapurinn</w>
            <w lemma="vera" type="sfg3en">er</w>
            <w lemma="slæmur" type="lkenvm">verri</w>
            <w lemma="en" type="c">en</w>
            <w lemma="hinn" type="gven">hin</w>
            <w lemma="voðalegur" type="lvenve">voðalegasta</w>
            <w lemma="styrjöld" type="nven">styrjöld</w>
            <w lemma="." type="pl">.</w>
          </s>
          <s n="7">
            <w lemma="og" type="c">Og</w>
            <w lemma="vel" type="aa">vel</w>
            <w lemma="metinn" type="lkensf">metinn</w>
            <w lemma="læknir" type="nken">læknir</w>
            <w lemma="," type="pk">,</w>
            <w lemma="dr." type="ks">dr.</w>
            <w lemma="Rush" type="n----s">Rush</w>
            <w lemma="," type="pk">,</w>
            <w lemma="segja" type="sfg3eþ">sagði</w>
            <w lemma=":" type="pa">:</w>
            <w lemma="„" type="x">„</w>
            <w lemma="sá" type="faven">Sú</w>
            <w lemma="þjóð" type="nven">þjóð</w>
            <w lemma="," type="pk">,</w>
            <w lemma="sem" type="ct">sem</w>
            <w lemma="saurga" type="sþgven">saurguð</w>
            <w lemma="vera" type="sfg3en">er</w>
            <w lemma="af" type="af">af</w>
            <w lemma="áfengur" type="lkfþsf">áfengum</w>
            <w lemma="drykkur" type="nkfþ">drykkjum</w>
            <w lemma="," type="pk">,</w>
            <w lemma="geta" type="sfg3en">getur</w>
            <w lemma="eigi" type="aa">eigi</w>
            <w lemma="halda" type="sþghen">haldið</w>
            <w lemma="áfram" type="aa">áfram</w>
            <w lemma="að" type="cn">að</w>
            <w lemma="vera" type="sng">vera</w>
            <w lemma="sjálfstæður" type="lvensf">sjálfstæð</w>
            <w lemma="og" type="c">og</w>
            <w lemma="frjáls" type="lvensf">frjáls</w>
            <w lemma="þjóð" type="nven">þjóð</w>
            <w lemma="." type="pl">.</w>
            <w lemma="“" type="x">“</w>
          </s>
          <s n="8">
            <w lemma="ég" type="fp1en">Ég</w>
            <w lemma="vera" type="sfg1en">er</w>
            <w lemma="viss" type="lvensf">viss</w>
            <w lemma="um" type="af">um</w>
            <w lemma="," type="pk">,</w>
            <w lemma="að" type="c">að</w>
            <w lemma="enginn" type="foken">enginn</w>
            <w lemma="mótmæla" type="sfg3en">mótmælir</w>
            <w lemma="slíkur" type="fbhfþ">slíkum</w>
            <w lemma="orð" type="nhfþ">orðum</w>
            <w lemma="og" type="c">og</w>
            <w lemma="að" type="c">að</w>
            <w lemma="það" type="fphen">það</w>
            <w lemma="vera" type="sfg3en">er</w>
            <w lemma="gjarnan" type="aam">heldur</w>
            <w lemma="enginn" type="foken">enginn</w>
            <w lemma="hér" type="aa">hér</w>
            <w lemma="inni" type="aa">inni</w>
            <w lemma="," type="pk">,</w>
            <w lemma="sem" type="ct">sem</w>
            <w lemma="munu" type="svg3eþ">mundi</w>
            <w lemma="vilja" type="sng">vilja</w>
            <w lemma="bera" type="sng">bera</w>
            <w lemma="brigða" type="nvfo">brigður</w>
            <w lemma="á" type="af">á</w>
            <w lemma="sá" type="faheo">það</w>
            <w lemma="," type="pk">,</w>
            <w lemma="sem" type="ct">sem</w>
            <w lemma="hann" type="fpken">hann</w>
            <w lemma="horfa" type="sfg3en">horfir</w>
            <w lemma="sjálfur" type="fbken">sjálfur</w>
            <w lemma="á" type="af">á</w>
            <w lemma="dagur" type="nkee">dags</w>
            <w lemma="daglega" type="aa">daglega</w>
            <w lemma="." type="pl">.</w>
          </s>
        </p>
        <p n="4">
          <s n="1">
            <w lemma="það" type="fphen">Það</w>
            <w lemma="vera" type="sfg3en">er</w>
            <w lemma="það" type="fpheþ">því</w>
            <w lemma="lítt" type="aam">miður</w>
            <w lemma="," type="pk">,</w>
            <w lemma="í" type="af">í</w>
            <w lemma="skammur" type="lheþse">skemmstu</w>
            <w lemma="mál" type="nheþ">máli</w>
            <w lemma="segja" type="sþghen">sagt</w>
            <w lemma="," type="pk">,</w>
            <w lemma="eftir" type="af">eftir</w>
            <w lemma="sá" type="faheþ">því</w>
            <w lemma="sem" type="ct">sem</w>
            <w lemma="ég" type="fp1en">ég</w>
            <w lemma="hafa" type="sfg1en">hefi</w>
            <w lemma="komizt" type="svm3en">komizt</w>
            <w lemma="nærri" type="aae">næst</w>
            <w lemma="," type="pk">,</w>
            <w lemma="þá" type="aa">þá</w>
            <w lemma="stynja" type="sfg3fn">stynja</w>
            <w lemma="heimili" type="nhfng">heimilin</w>
            <w lemma="," type="pk">,</w>
            <w lemma="margur" type="lhfnsf">mörg</w>
            <w lemma="heimili" type="nhfn">heimili</w>
            <w lemma="bæði" type="c">bæði</w>
            <w lemma="hér" type="aa">hér</w>
            <w lemma="og" type="c">og</w>
            <w lemma="annarsstaðar" type="aa">annarsstaðar</w>
            <w lemma="," type="pk">,</w>
            <w lemma="undan" type="af">undan</w>
            <w lemma="byrði" type="nvfþ">byrðum</w>
            <w lemma="áfengisböl" type="nheeg">áfengisbölsins</w>
            <w lemma="." type="pl">.</w>
          </s>
          <s n="2">
            <w lemma="kona" type="nvfng">Konurnar</w>
            <w lemma="koma" type="sfg3fn">koma</w>
            <w lemma="til" type="af">til</w>
            <w lemma="ég" type="fp1ee">mín</w>
            <w lemma="í" type="af">í</w>
            <w lemma="hópatal" type="nheþ">hópatali</w>
            <w lemma="og" type="c">og</w>
            <w lemma="hvísla" type="sfg3fn">hvísla</w>
            <w lemma="að" type="af">að</w>
            <w lemma="ég" type="fp1eþ">mér</w>
            <w lemma="raunasaga" type="nvfþ">raunasögum</w>
            <w lemma="sinn" type="fevfþ">sínum</w>
            <w lemma="," type="pk">,</w>
            <w lemma="og" type="c">og</w>
            <w lemma="allur" type="fokfþ">öllum</w>
            <w lemma="bera" type="sfg3en">ber</w>
            <w lemma="hún" type="fpvfþ">þeim</w>
            <w lemma="saman" type="aa">saman</w>
            <w lemma="um" type="af">um</w>
            <w lemma="," type="pk">,</w>
            <w lemma="að" type="c">að</w>
            <w lemma="það" type="fphen">það</w>
            <w lemma="hafa" type="svg3en">hafi</w>
            <w lemma="einmitt" type="aa">einmitt</w>
            <w lemma="versna" type="sþghen">versnað</w>
            <w lemma="fyrir" type="af">fyrir</w>
            <w lemma="alvara" type="nveþ">alvöru</w>
            <w lemma="," type="pk">,</w>
            <w lemma="áfengisböl" type="nheog">áfengisbölið</w>
            <w lemma="," type="pk">,</w>
            <w lemma="eftir" type="af">eftir</w>
            <w lemma="að" type="c">að</w>
            <w lemma="sterkur" type="lkfnvf">sterku</w>
            <w lemma="drykkur" type="nkfng">drykkirnir</w>
            <w lemma="koma" type="sfg3fþ">komu</w>
            <w lemma="aftur" type="aa">aftur</w>
            <w lemma="inn" type="aa">inn</w>
            <w lemma="í" type="af">í</w>
            <w lemma="land" type="nheog">landið</w>
            <w lemma="." type="pl">.</w>
          </s>
          <s n="3">
            <w lemma="ég" type="fp1en">Ég</w>
            <w lemma="skulu" type="sfg1en">skal</w>
            <w lemma="ekki" type="aa">ekki</w>
            <w lemma="leggja" type="sng">leggja</w>
            <w lemma="dómur" type="nkeo">dóm</w>
            <w lemma="á" type="af">á</w>
            <w lemma="það" type="fpheo">það</w>
            <w lemma="," type="pk">,</w>
            <w lemma="hvort" type="c">hvort</w>
            <w lemma="sá" type="faven">sú</w>
            <w lemma="ályktun" type="nven">ályktun</w>
            <w lemma="hún" type="fpvfe">þeirra</w>
            <w lemma="vera" type="sfg3en">er</w>
            <w lemma="réttur" type="lvensf">rétt</w>
            <w lemma="," type="pk">,</w>
            <w lemma="en" type="c">en</w>
            <w lemma="þegar" type="c">þegar</w>
            <w lemma="ég" type="fp1en">ég</w>
            <w lemma="virða" type="sfg1en">virði</w>
            <w lemma="fyrir" type="af">fyrir</w>
            <w lemma="ég" type="fp1eþ">mér</w>
            <w lemma="kona" type="nvfog">konurnar</w>
            <w lemma="sjálfur" type="fbvfo">sjálfar</w>
            <w lemma="og" type="c">og</w>
            <w lemma="ganga" type="sfg1en">geng</w>
            <w lemma="inn" type="aa">inn</w>
            <w lemma="á" type="af">á</w>
            <w lemma="heimili" type="nheo">heimili</w>
            <w lemma="það" type="fphfe">þeirra</w>
            <w lemma="og" type="c">og</w>
            <w lemma="vera" type="svg3en">sé</w>
            <w lemma="skorti" type="nkeng">skortinn</w>
            <w lemma="," type="pk">,</w>
            <w lemma="sem" type="ct">sem</w>
            <w lemma="þar" type="aa">þar</w>
            <w lemma="hafa" type="sfg3en">hefir</w>
            <w lemma="halda" type="sþghen">haldið</w>
            <w lemma="innreið" type="nveo">innreið</w>
            <w lemma="sinn" type="feveo">sína</w>
            <w lemma="," type="pk">,</w>
            <w lemma="efa" type="sfm1en">efast</w>
            <w lemma="ég" type="fp1en">ég</w>
            <w lemma="ekki" type="aa">ekki</w>
            <w lemma="um" type="af">um</w>
            <w lemma="," type="pk">,</w>
            <w lemma="að" type="c">að</w>
            <w lemma="hún" type="fpvfn">þær</w>
            <w lemma="hafa" type="sfg3fn">hafa</w>
            <w lemma="ástæða" type="nveo">ástæðu</w>
            <w lemma="til" type="af">til</w>
            <w lemma="að" type="cn">að</w>
            <w lemma="kvarta" type="sng">kvarta</w>
            <w lemma="og" type="c">og</w>
            <w lemma="að" type="c">að</w>
            <w lemma="böl" type="nhen">böl</w>
            <w lemma="það" type="fphfe">þeirra</w>
            <w lemma="vera" type="sfg3en">er</w>
            <w lemma="sár" type="lheþvm">sárara</w>
            <w lemma="en" type="c">en</w>
            <w lemma="tár" type="nhfþ">tárum</w>
            <w lemma="taka" type="svg3fn">taki</w>
            <w lemma="." type="pl">.</w>
          </s>
          <s n="4">
            <w lemma="orsök" type="nveog">Orsökina</w>
            <w lemma="rekja" type="sfg3fn">rekja</w>
            <w lemma="hún" type="fpvfn">þær</w>
            <w lemma="til" type="af">til</w>
            <w lemma="áfengisverzlun" type="nveeg">áfengisverzlunarinnar</w>
            <w lemma="," type="pk">,</w>
            <w lemma="þar" type="aa">þar</w>
            <w lemma="sem" type="c">sem</w>
            <w lemma="„" type="lkenvf">„</w>
            <w lemma="svartur" type="lkenvf">svarti</w>
            <w lemma="dauði" type="nkeng">dauðinn</w>
            <w lemma="“" type="n----s">“</w>
            <w lemma="fá" type="sfm3en">fæst</w>
            <w lemma="," type="pk">,</w>
            <w lemma="og" type="c">og</w>
            <w lemma="vera" type="sfg3en">er</w>
            <w lemma="jafnlöglegur" type="lkensf">jafnlöglegur</w>
            <w lemma="og" type="c">og</w>
            <w lemma="réttmætur" type="lkensf">réttmætur</w>
            <w lemma="varningur" type="nken">varningur</w>
            <w lemma="eins" type="aa">eins</w>
            <w lemma="og" type="c">og</w>
            <w lemma="hvaða" type="fsven">hvaða</w>
            <w lemma="nauðsynjavara" type="nven">nauðsynjavara</w>
            <w lemma="," type="pk">,</w>
            <w lemma="sem" type="ct">sem</w>
            <w lemma="vera" type="sng">vera</w>
            <w lemma="skulu" type="sfg3en">skal</w>
            <w lemma="." type="pl">.</w>
          </s>
          <s n="5">
            <w lemma="það" type="fphen">Það</w>
            <w lemma="vera" type="sfg3fn">eru</w>
            <w lemma="annars" type="aa">annars</w>
            <w lemma="ömurlegur" type="lvfnsf">ömurlegar</w>
            <w lemma="andstæða" type="nvfn">andstæður</w>
            <w lemma="í" type="af">í</w>
            <w lemma="þessi" type="faheþ">þessu</w>
            <w lemma="allur" type="foheþ">öllu</w>
            <w lemma="saman" type="aa">saman</w>
            <w lemma="." type="pl">.</w>
          </s>
          <s n="6">
            <w lemma="annarsvegar" type="aa">Annarsvegar</w>
            <w lemma="vera" type="sfg3en">er</w>
            <w lemma="vera" type="sþghen">verið</w>
            <w lemma="að" type="cn">að</w>
            <w lemma="byrla" type="sng">byrla</w>
            <w lemma="maður" type="nkfþ">mönnum</w>
            <w lemma="þessi" type="fakfo">þessa</w>
            <w lemma="drykkur" type="nkfo">drykki</w>
            <w lemma="," type="pk">,</w>
            <w lemma="en" type="c">en</w>
            <w lemma="hinsvegar" type="aa">hinsvegar</w>
            <w lemma="vera" type="sfg3en">er</w>
            <w lemma="vera" type="sþghen">verið</w>
            <w lemma="að" type="cn">að</w>
            <w lemma="gera" type="sng">gera</w>
            <w lemma="allskonar" type="lvfoof">allskonar</w>
            <w lemma="varúðarregla" type="nvfo">varúðarreglur</w>
            <w lemma="," type="pk">,</w>
            <w lemma="sem" type="ct">sem</w>
            <w lemma="miða" type="sfg3fn">miða</w>
            <w lemma="að" type="af">að</w>
            <w lemma="það" type="fpheþ">því</w>
            <w lemma="að" type="cn">að</w>
            <w lemma="forða" type="sng">forða</w>
            <w lemma="maður" type="nkfþ">mönnum</w>
            <w lemma="frá" type="af">frá</w>
            <w lemma="vörutegund" type="nveþ">vörutegund</w>
            <w lemma="," type="pk">,</w>
            <w lemma="sem" type="ct">sem</w>
            <w lemma="bjóða" type="sþgven">boðin</w>
            <w lemma="vera" type="sfg3en">er</w>
            <w lemma="fram" type="aa">fram</w>
            <w lemma="af" type="af">af</w>
            <w lemma="ríkisvald" type="nheþg">ríkisvaldinu</w>
            <w lemma="sjálfur" type="fbheþ">sjálfu</w>
            <w lemma="." type="pl">.</w>
          </s>
          <s n="7">
            <w lemma="þáltill" type="nken">Þáltill</w>
            <w lemma="." type="pl">.</w>
          </s>
          <s n="8">
            <w lemma="hv." type="ks">hv.</w>
            <w lemma="þm" type="ks">þm</w>
            <w lemma="." type="pl">.</w>
          </s>
          <s n="9">
            <w lemma="borgf" type="nhen">Borgf</w>
            <w lemma="." type="pl">.</w>
          </s>
          <s n="10">
            <w lemma="bera" type="sfg3en">ber</w>
            <w lemma="það" type="fphen">það</w>
            <w lemma="snemma" type="aae">fyrst</w>
            <w lemma="og" type="c">og</w>
            <w lemma="frammi" type="aae">fremst</w>
            <w lemma="með" type="af">með</w>
            <w lemma="sig" type="fpheþ">sér</w>
            <w lemma="," type="pk">,</w>
            <w lemma="sem" type="ct">sem</w>
            <w lemma="allur" type="fokfn">allir</w>
            <w lemma="vita" type="sfg3fn">vita</w>
            <w lemma="," type="pk">,</w>
            <w lemma="að" type="c">að</w>
            <w lemma="þessi" type="fahfn">þessi</w>
            <w lemma="hv." type="ks">hv.</w>
            <w lemma="þm." type="ks">þm.</w>
            <w lemma="hafa" type="sfg3en">hefir</w>
            <w lemma="maður" type="nkfe">manna</w>
            <w lemma="mikill" type="lkeose">mestan</w>
            <w lemma="áhugi" type="nkeo">áhuga</w>
            <w lemma="fyrir" type="af">fyrir</w>
            <w lemma="bindindismál" type="nheþg">bindindismálinu</w>
            <w lemma="." type="pl">.</w>
          </s>
          <s n="11">
            <w lemma="hann" type="fpken">Hann</w>
            <w lemma="hafa" type="sfg3en">hefir</w>
            <w lemma="sjálfur" type="fbken">sjálfur</w>
            <w lemma="mjög" type="aa">mjög</w>
            <w lemma="greinilega" type="aa">greinilega</w>
            <w lemma="ræða" type="sþghen">rætt</w>
            <w lemma="þessi" type="favfo">þessar</w>
            <w lemma="till." type="kt">till.</w>
            <w lemma="," type="pk">,</w>
            <w lemma="rekja" type="sþghen">rakið</w>
            <w lemma="hún" type="fpvfo">þær</w>
            <w lemma="til" type="af">til</w>
            <w lemma="mergur" type="nkee">mergjar</w>
            <w lemma="og" type="c">og</w>
            <w lemma="fær" type="lheosf">fært</w>
            <w lemma="fyrir" type="af">fyrir</w>
            <w lemma="hún" type="fpvfþ">þeim</w>
            <w lemma="skýr" type="lhfosf">skýr</w>
            <w lemma="rök" type="nhfo">rök</w>
            <w lemma="." type="pl">.</w>
          </s>
          <s n="12">
            <w lemma="ég" type="fp1en">Ég</w>
            <w lemma="ætla" type="sfg1en">ætla</w>
            <w lemma="ekki" type="aa">ekki</w>
            <w lemma="að" type="cn">að</w>
            <w lemma="endurtaka" type="sng">endurtaka</w>
            <w lemma="sá" type="faheo">það</w>
            <w lemma="," type="pk">,</w>
            <w lemma="sem" type="ct">sem</w>
            <w lemma="hann" type="fpken">hann</w>
            <w lemma="segja" type="sfg3eþ">sagði</w>
            <w lemma="." type="pl">.</w>
          </s>
          <s n="13">
            <w lemma="en" type="c">En</w>
            <w lemma="í" type="af">í</w>
            <w lemma="samband" type="nheþ">sambandi</w>
            <w lemma="við" type="af">við</w>
            <w lemma="þessi" type="favfo">þessar</w>
            <w lemma="tveir" type="tfvfo">tvær</w>
            <w lemma="fyrri" type="lkfovm">fyrri</w>
            <w lemma="till." type="ks">till.</w>
            <w lemma="," type="pk">,</w>
            <w lemma="um" type="af">um</w>
            <w lemma="að" type="c">að</w>
            <w lemma="það" type="fphen">það</w>
            <w lemma="þurfa" type="svg3en">þurfi</w>
            <w lemma="að" type="cn">að</w>
            <w lemma="takmarka" type="sng">takmarka</w>
            <w lemma="vínsala" type="nveog">vínsöluna</w>
            <w lemma="við" type="af">við</w>
            <w lemma="stuttur" type="lkeovm">styttri</w>
            <w lemma="tími" type="nkeo">tíma</w>
            <w lemma="á" type="af">á</w>
            <w lemma="dagur" type="nkeo">dag</w>
            <w lemma="og" type="c">og</w>
            <w lemma="fækka" type="sng">fækka</w>
            <w lemma="vínsöludaga" type="nvfþg">vínsöludögunum</w>
            <w lemma="," type="pk">,</w>
            <w lemma="þá" type="aa">þá</w>
            <w lemma="vilja" type="sfg1en">vil</w>
            <w lemma="ég" type="fp1en">ég</w>
            <w lemma="segja" type="sng">segja</w>
            <w lemma="það" type="fpheo">það</w>
            <w lemma="," type="pk">,</w>
            <w lemma="að" type="c">að</w>
            <w lemma="það" type="fpheþ">því</w>
            <w lemma="mikill" type="lhenvm">meira</w>
            <w lemma="," type="pk">,</w>
            <w lemma="sem" type="ct">sem</w>
            <w lemma="þessi" type="fahen">þetta</w>
            <w lemma="verða" type="svg3eþ">yrði</w>
            <w lemma="gera" type="sþghen">gert</w>
            <w lemma="," type="pk">,</w>
            <w lemma="það" type="fpheþ">því</w>
            <w lemma="frekar" type="aam">frekar</w>
            <w lemma="þurfa" type="sfg3en">þarf</w>
            <w lemma="að" type="cn">að</w>
            <w lemma="hafa" type="sng">hafa</w>
            <w lemma="vakandi" type="lheoof">vakandi</w>
            <w lemma="auga" type="nheo">auga</w>
            <w lemma="á" type="af">á</w>
            <w lemma="sá" type="faveþ">þeirri</w>
            <w lemma="verzlun" type="nveþ">verzlun</w>
            <w lemma="," type="pk">,</w>
            <w lemma="sem" type="ct">sem</w>
            <w lemma="vita" type="sþghen">vitað</w>
            <w lemma="vera" type="sfg3en">er</w>
            <w lemma="," type="pk">,</w>
            <w lemma="að" type="c">að</w>
            <w lemma="fara" type="sfg3en">fer</w>
            <w lemma="fram" type="aa">fram</w>
            <w lemma="hér" type="aa">hér</w>
            <w lemma="í" type="af">í</w>
            <w lemma="bær" type="nkeþg">bænum</w>
            <w lemma="," type="pk">,</w>
            <w lemma="sem" type="ct">sem</w>
            <w lemma="vera" type="svg3en">sé</w>
            <w lemma="leynisala" type="nveþg">leynisölunni</w>
            <w lemma="." type="pl">.</w>
          </s>
          <s n="14">
            <w lemma="þessi" type="faheo">Þetta</w>
            <w lemma="þurfa" type="sfg3en">þarf</w>
            <w lemma="að" type="cn">að</w>
            <w lemma="halda" type="snm">haldast</w>
            <w lemma="í" type="af">í</w>
            <w lemma="hönd" type="nvfo">hendur</w>
            <w lemma="." type="pl">.</w>
          </s>
          <s n="15">
            <w lemma="það" type="fphen">Það</w>
            <w lemma="vera" type="sfg3en">er</w>
            <w lemma="sannur" type="lhensf">satt</w>
            <w lemma="," type="pk">,</w>
            <w lemma="sem" type="ct">sem</w>
            <w lemma="hæstv." type="ks">hæstv.</w>
            <w lemma="forsrh." type="ks">forsrh.</w>
            <w lemma="segja" type="sfg3eþ">sagði</w>
            <w lemma="áðan" type="aa">áðan</w>
            <w lemma="um" type="af">um</w>
            <w lemma="sá" type="faveo">þá</w>
            <w lemma="hætta" type="nveo">hættu</w>
            <w lemma="," type="pk">,</w>
            <w lemma="sem" type="ct">sem</w>
            <w lemma="stafa" type="sfg3eþ">stafaði</w>
            <w lemma="af" type="af">af</w>
            <w lemma="leynisala" type="nveþg">leynisölunni</w>
            <w lemma="." type="pl">.</w>
          </s>
          <s n="16">
            <w lemma="það" type="fphen">Það</w>
            <w lemma="vera" type="sfg3en">er</w>
            <w lemma="hægur" type="nkeng">hægurinn</w>
            <w lemma="hjá" type="af">hjá</w>
            <w lemma="að" type="cn">að</w>
            <w lemma="aka" type="sng">aka</w>
            <w lemma="vín" type="nheþ">víni</w>
            <w lemma="í" type="af">í</w>
            <w lemma="bíll" type="nkfþ">bílum</w>
            <w lemma="um" type="af">um</w>
            <w lemma="gata" type="nvfog">göturnar</w>
            <w lemma="," type="pk">,</w>
            <w lemma="fela" type="sng">fela</w>
            <w lemma="það" type="fpheo">það</w>
            <w lemma="og" type="c">og</w>
            <w lemma="selja" type="sng">selja</w>
            <w lemma="svo" type="aa">svo</w>
            <w lemma="þegar" type="c">þegar</w>
            <w lemma="kvölda" type="sfg3en">kvöldar</w>
            <w lemma="," type="pk">,</w>
            <w lemma="þegar" type="c">þegar</w>
            <w lemma="vínverzlun" type="nveþg">vínverzluninni</w>
            <w lemma="vera" type="sfg3en">er</w>
            <w lemma="loka" type="sþghen">lokað</w>
            <w lemma="." type="pl">.</w>
          </s>
          <s n="17">
            <w lemma="þessi" type="fahen">Þetta</w>
            <w lemma="vera" type="sfg3en">er</w>
            <w lemma="gera" type="sþghen">gert</w>
            <w lemma="," type="pk">,</w>
            <w lemma="og" type="c">og</w>
            <w lemma="það" type="fphen">það</w>
            <w lemma="í" type="af">í</w>
            <w lemma="allstór" type="lkeþsf">allstórum</w>
            <w lemma="stíll" type="nkeþ">stíl</w>
            <w lemma="." type="pl">.</w>
          </s>
          <s n="18">
            <w lemma="hún" type="fpvfn">Þær</w>
            <w lemma="vera" type="sfg3fn">eru</w>
            <w lemma="ekki" type="aa">ekki</w>
            <w lemma="svo" type="aa">svo</w>
            <w lemma="fár" type="lvfnsf">fáar</w>
            <w lemma="drykkjumannakona" type="nvfng">drykkjumannakonurnar</w>
            <w lemma="," type="pk">,</w>
            <w lemma="sem" type="ct">sem</w>
            <w lemma="hafa" type="sfg3fn">hafa</w>
            <w lemma="reka" type="sþghen">rekið</w>
            <w lemma="sig" type="fpvfo">sig</w>
            <w lemma="á" type="af">á</w>
            <w lemma="leynisali" type="nkfog">leynisalana</w>
            <w lemma="og" type="c">og</w>
            <w lemma="bölvun" type="nveog">bölvunina</w>
            <w lemma="," type="pk">,</w>
            <w lemma="sem" type="ct">sem</w>
            <w lemma="„" type="ta">„</w>
            <w lemma="atvinna" type="nven">atvinna</w>
            <w lemma="“" type="n----s">“</w>
            <w lemma="hún" type="fpvfe">þeirra</w>
            <w lemma="valda" type="sfg3en">veldur</w>
            <w lemma="." type="pl">.</w>
          </s>
          <s n="19">
            <w lemma="hér" type="aa">Hér</w>
            <w lemma="vera" type="sfg3en">er</w>
            <w lemma="atriði" type="nhen">atriði</w>
            <w lemma="," type="pk">,</w>
            <w lemma="sem" type="ct">sem</w>
            <w lemma="þurfa" type="sfg3en">þarf</w>
            <w lemma="að" type="cn">að</w>
            <w lemma="athuga" type="sng">athuga</w>
            <w lemma="gaumgæfilega" type="aa">gaumgæfilega</w>
            <w lemma="." type="pl">.</w>
          </s>
          <s n="20">
            <w lemma="það" type="fphen">Það</w>
            <w lemma="virða" type="sfm3en">virðist</w>
            <w lemma="ekki" type="aa">ekki</w>
            <w lemma="til" type="aa">til</w>
            <w lemma="of" type="aa">of</w>
            <w lemma="mikill" type="lheesf">mikils</w>
            <w lemma="mælzt" type="sþmhen">mælzt</w>
            <w lemma="fyrir" type="af">fyrir</w>
            <w lemma="hönd" type="nveo">hönd</w>
            <w lemma="þjóð" type="nveeg">þjóðarinnar</w>
            <w lemma="," type="pk">,</w>
            <w lemma="þó" type="aa">þó</w>
            <w lemma="að" type="c">að</w>
            <w lemma="það" type="fphee">þess</w>
            <w lemma="vera" type="svg3en">sé</w>
            <w lemma="beiðzt" type="nken">beiðzt</w>
            <w lemma="," type="pk">,</w>
            <w lemma="að" type="c">að</w>
            <w lemma="gjaldeyrir" type="nken">gjaldeyrir</w>
            <w lemma="landsmaður" type="nkfe">landsmanna</w>
            <w lemma="verða" type="svg3eþ">yrði</w>
            <w lemma="gjarnan" type="aam">heldur</w>
            <w lemma="nota" type="sþgken">notaður</w>
            <w lemma="fyrir" type="af">fyrir</w>
            <w lemma="nauðsyn" type="nvfo">nauðsynjar</w>
            <w lemma="gjarnan" type="aam">heldur</w>
            <w lemma="en" type="c">en</w>
            <w lemma="fyrir" type="af">fyrir</w>
            <w lemma="sterkur" type="lkfosf">sterka</w>
            <w lemma="drykkur" type="nkfo">drykki</w>
            <w lemma="," type="pk">,</w>
            <w lemma="brennivín" type="nheo">brennivín</w>
            <w lemma="," type="pk">,</w>
            <w lemma="Whisky" type="n----s">whisky</w>
            <w lemma="og" type="c">og</w>
            <w lemma="sá" type="fakee">þess</w>
            <w lemma="háttur" type="nkee">háttar</w>
            <w lemma="," type="pk">,</w>
            <w lemma="það" type="fpheþ">því</w>
            <w lemma="að" type="c">að</w>
            <w lemma="allur" type="fokfn">allir</w>
            <w lemma="vita" type="sfg3fn">vita</w>
            <w lemma="," type="pk">,</w>
            <w lemma="hvaða" type="fsvfo">hvaða</w>
            <w lemma="afleiðing" type="nvfo">afleiðingar</w>
            <w lemma="notkun" type="nveo">notkun</w>
            <w lemma="slíkur" type="fbkfe">slíkra</w>
            <w lemma="drykkur" type="nkfe">drykkja</w>
            <w lemma="hafa" type="sfg3en">hefir</w>
            <w lemma="." type="pl">.</w>
          </s>
          <s n="21">
            <w lemma="en" type="c">En</w>
            <w lemma="reynsla" type="nveng">reynslan</w>
            <w lemma="hafa" type="sfg3en">hefir</w>
            <w lemma="sýna" type="sþghen">sýnt</w>
            <w lemma="," type="pk">,</w>
            <w lemma="að" type="c">að</w>
            <w lemma="nauðsynjavara" type="nvfn">nauðsynjavörur</w>
            <w lemma="vera" type="sfg3fn">eru</w>
            <w lemma="láta" type="sþgvfn">látnar</w>
            <w lemma="sitja" type="sng">sitja</w>
            <w lemma="á" type="af">á</w>
            <w lemma="haki" type="nkeþg">hakanum</w>
            <w lemma="fyrir" type="af">fyrir</w>
            <w lemma="áfengi" type="nheþg">áfenginu</w>
            <w lemma="." type="pl">.</w>
          </s>
          <s n="22">
            <w lemma="þessi" type="fahen">Þetta</w>
            <w lemma="vera" type="sfg3en">er</w>
            <w lemma="hörmulegur" type="lhensf">hörmulegt</w>
            <w lemma="ástand" type="nhen">ástand</w>
            <w lemma="." type="pl">.</w>
          </s>
          <s n="23">
            <w lemma="víðsvegi" type="nkfn">Víðsvegar</w>
            <w lemma="úti" type="aa">úti</w>
            <w lemma="um" type="af">um</w>
            <w lemma="land" type="nheo">land</w>
            <w lemma="vera" type="sfg3en">er</w>
            <w lemma="segja" type="sþghen">sagt</w>
            <w lemma="að" type="c">að</w>
            <w lemma="vera" type="svg3en">sé</w>
            <w lemma="allmikill" type="lkensf">allmikill</w>
            <w lemma="vöruskortur" type="nken">vöruskortur</w>
            <w lemma="," type="pk">,</w>
            <w lemma="að" type="c">að</w>
            <w lemma="fólk" type="nheþg">fólkinu</w>
            <w lemma="vera" type="svg3en">sé</w>
            <w lemma="skammta" type="sþghen">skammtað</w>
            <w lemma="úr" type="af">úr</w>
            <w lemma="hnefi" type="nkeþ">hnefa</w>
            <w lemma="nauðsyn" type="nvfn">nauðsynjar</w>
            <w lemma="eins" type="aa">eins</w>
            <w lemma="og" type="c">og</w>
            <w lemma="t" type="x">t</w>
            <w lemma="." type="pl">.</w>
          </s>
          <s n="24">
            <w lemma="d." type="x">d.</w>
            <w lemma="hveiti" type="nheo">hveiti</w>
            <w lemma="," type="pk">,</w>
            <w lemma="sykur" type="nkeo">sykur</w>
            <w lemma="og" type="c">og</w>
            <w lemma="sitthvað" type="fohen">sitthvað</w>
            <w lemma="margur" type="lhenvm">fleira</w>
            <w lemma="," type="pk">,</w>
            <w lemma="en" type="c">en</w>
            <w lemma="það" type="fpheo">það</w>
            <w lemma="tala" type="sfg3en">talar</w>
            <w lemma="enginn" type="foken">enginn</w>
            <w lemma="um" type="af">um</w>
            <w lemma="," type="pk">,</w>
            <w lemma="að" type="c">að</w>
            <w lemma="hörgull" type="nken">hörgull</w>
            <w lemma="vera" type="svg3en">sé</w>
            <w lemma="á" type="af">á</w>
            <w lemma="vín" type="nheþ">víni</w>
            <w lemma="." type="pl">.</w>
          </s>
          <s n="25">
            <w lemma="það" type="fphen">Það</w>
            <w lemma="vera" type="sfg3en">er</w>
            <w lemma="alstaðar" type="aa">alstaðar</w>
            <w lemma="nógur" type="lhensf">nóg</w>
            <w lemma="til" type="aa">til</w>
            <w lemma="af" type="af">af</w>
            <w lemma="það" type="fpheþ">því</w>
            <w lemma="." type="pl">.</w>
          </s>
        </p>
        <p n="5">
          <s n="1">
            <w lemma="þá" type="aa">Þá</w>
            <w lemma="koma" type="sfg1en">kem</w>
            <w lemma="ég" type="fp1en">ég</w>
            <w lemma="að" type="af">að</w>
            <w lemma="þriður" type="lheþsf">þriðju</w>
            <w lemma="till." type="kt">till.</w>
            <w lemma="," type="pk">,</w>
            <w lemma="sem" type="ct">sem</w>
            <w lemma="ég" type="fp1en">ég</w>
            <w lemma="vilja" type="sfg1en">vil</w>
            <w lemma="sérstaklega" type="aa">sérstaklega</w>
            <w lemma="undirstrika" type="sng">undirstrika</w>
            <w lemma="í" type="af">í</w>
            <w lemma="samband" type="nheþ">sambandi</w>
            <w lemma="við" type="af">við</w>
            <w lemma="skemmtun" type="nvfo">skemmtanir</w>
            <w lemma="," type="pk">,</w>
            <w lemma="sem" type="ct">sem</w>
            <w lemma="orð" type="nhen">orð</w>
            <w lemma="fara" type="sfg3en">fer</w>
            <w lemma="af" type="aa">af</w>
            <w lemma="," type="pk">,</w>
            <w lemma="að" type="c">að</w>
            <w lemma="fara" type="svg3en">fari</w>
            <w lemma="illa" type="aa">illa</w>
            <w lemma="fram" type="aa">fram</w>
            <w lemma="og" type="c">og</w>
            <w lemma="ósæmilega" type="aa">ósæmilega</w>
            <w lemma="sökum" type="af">sökum</w>
            <w lemma="vínnautn" type="nvee">vínnautnar</w>
            <w lemma="." type="pl">.</w>
          </s>
          <s n="2">
            <w lemma="ég" type="fp1en">Ég</w>
            <w lemma="vera" type="sfg1en">er</w>
            <w lemma="ekki" type="aa">ekki</w>
            <w lemma="á" type="aa">á</w>
            <w lemma="móti" type="af">móti</w>
            <w lemma="það" type="fpheþ">því</w>
            <w lemma="," type="pk">,</w>
            <w lemma="að" type="c">að</w>
            <w lemma="fólk" type="nheng">fólkið</w>
            <w lemma="skemmta" type="svg3en">skemmti</w>
            <w lemma="sig" type="fpheþ">sér</w>
            <w lemma="og" type="c">og</w>
            <w lemma="gera" type="svg3en">geri</w>
            <w lemma="sig" type="fpheþ">sér</w>
            <w lemma="glaður" type="lkeosf">glaðan</w>
            <w lemma="dagur" type="nkeo">dag</w>
            <w lemma="," type="pk">,</w>
            <w lemma="en" type="c">en</w>
            <w lemma="ég" type="fp1en">ég</w>
            <w lemma="telja" type="sfg1en">tel</w>
            <w lemma="það" type="fpheo">það</w>
            <w lemma="raunalegur" type="lheosf">raunalegt</w>
            <w lemma="," type="pk">,</w>
            <w lemma="ef" type="c">ef</w>
            <w lemma="ungur" type="lhensf">ungt</w>
            <w lemma="fólk" type="nhen">fólk</w>
            <w lemma="geta" type="sfg3en">getur</w>
            <w lemma="ekki" type="aa">ekki</w>
            <w lemma="gleðja" type="sþghen">glatt</w>
            <w lemma="sig" type="fpheo">sig</w>
            <w lemma="í" type="af">í</w>
            <w lemma="sinn" type="fekeo">sinn</w>
            <w lemma="hópur" type="nkeo">hóp</w>
            <w lemma="," type="pk">,</w>
            <w lemma="nema" type="c">nema</w>
            <w lemma="með" type="af">með</w>
            <w lemma="það" type="fpheþ">því</w>
            <w lemma="að" type="cn">að</w>
            <w lemma="hafa" type="sng">hafa</w>
            <w lemma="vín" type="nheo">vín</w>
            <w lemma="um" type="af">um</w>
            <w lemma="hönd" type="nveo">hönd</w>
            <w lemma="og" type="c">og</w>
            <w lemma="verða" type="sng">verða</w>
            <w lemma="sig" type="fpheþ">sér</w>
            <w lemma="til" type="af">til</w>
            <w lemma="minnkun" type="nvee">minnkunar</w>
            <w lemma="." type="pl">.</w>
          </s>
          <s n="3">
            <w lemma="það" type="fphen">Það</w>
            <w lemma="vera" type="svg3eþ">væri</w>
            <w lemma="vel" type="aa">vel</w>
            <w lemma="," type="pk">,</w>
            <w lemma="ef" type="c">ef</w>
            <w lemma="úr" type="af">úr</w>
            <w lemma="þessi" type="faheþ">þessu</w>
            <w lemma="draga" type="svg3eþ">drægi</w>
            <w lemma="," type="pk">,</w>
            <w lemma="eins" type="aa">eins</w>
            <w lemma="og" type="c">og</w>
            <w lemma="ég" type="fp1eþ">mér</w>
            <w lemma="heyra" type="sfm3eþ">heyrðist</w>
            <w lemma="á" type="af">á</w>
            <w lemma="ræða" type="nveþ">ræðu</w>
            <w lemma="hæstv." type="kt">hæstv.</w>
            <w lemma="forsrh." type="kt">forsrh.</w>
            <w lemma="," type="pk">,</w>
            <w lemma="svo" type="aa">svo</w>
            <w lemma="að" type="c">að</w>
            <w lemma="það" type="fphen">það</w>
            <w lemma="hafa" type="svg3eþ">hefði</w>
            <w lemma="t" type="x">t</w>
            <w lemma="." type="pl">.</w>
          </s>
          <s n="4">
            <w lemma="d." type="x">d.</w>
            <w lemma="vera" type="sþghen">verið</w>
            <w lemma="einhver" type="fohen">eitthvað</w>
            <w lemma="skárri" type="lhenvm">skárra</w>
            <w lemma="1." type="ta">1.</w>
            <w lemma="desember" type="nkeo">desember</w>
            <w lemma="„" type="n----s">„</w>
            <w lemma="ball" type="nheng">ballið</w>
            <w lemma="“" type="n----s">“</w>
            <w lemma="í" type="af">í</w>
            <w lemma="ár" type="nheo">ár</w>
            <w lemma="gjarnan" type="aam">heldur</w>
            <w lemma="en" type="c">en</w>
            <w lemma="endranær" type="aa">endranær</w>
            <w lemma="." type="pl">.</w>
          </s>
          <s n="5">
            <w lemma="ég" type="fp1en">Ég</w>
            <w lemma="vita" type="sfg1en">veit</w>
            <w lemma="það" type="fpheo">það</w>
            <w lemma="ekki" type="aa">ekki</w>
            <w lemma="," type="pk">,</w>
            <w lemma="en" type="c">en</w>
            <w lemma="nýársfagnaður" type="nkeng">nýársfagnaðurinn</w>
            <w lemma="vera" type="sfg3en">er</w>
            <w lemma="eftir" type="aa">eftir</w>
            <w lemma="," type="pk">,</w>
            <w lemma="og" type="c">og</w>
            <w lemma="það" type="fphen">það</w>
            <w lemma="mega" type="svg3eþ">mætti</w>
            <w lemma="hafa" type="sng">hafa</w>
            <w lemma="einhver" type="fokeo">einhvern</w>
            <w lemma="við" type="af">við</w>
            <w lemma="hönd" type="nveog">hendina</w>
            <w lemma="til" type="af">til</w>
            <w lemma="það" type="fphee">þess</w>
            <w lemma="að" type="cn">að</w>
            <w lemma="gefa" type="sng">gefa</w>
            <w lemma="maður" type="nkfþ">mönnum</w>
            <w lemma="upplýsing" type="nvfo">upplýsingar</w>
            <w lemma="um" type="af">um</w>
            <w lemma="," type="pk">,</w>
            <w lemma="hvernig" type="aa">hvernig</w>
            <w lemma="hann" type="fpken">hann</w>
            <w lemma="fara" type="svg3eþ">færi</w>
            <w lemma="fram" type="aa">fram</w>
            <w lemma="," type="pk">,</w>
            <w lemma="en" type="c">en</w>
            <w lemma="ekki" type="aa">ekki</w>
            <w lemma="vera" type="sfg1en">er</w>
            <w lemma="ég" type="fp1en">ég</w>
            <w lemma="trúaður" type="lvensf">trúuð</w>
            <w lemma="á" type="af">á</w>
            <w lemma="að" type="c">að</w>
            <w lemma="það" type="fphen">það</w>
            <w lemma="vera" type="svg3en">sé</w>
            <w lemma="góður" type="lheesf">góðs</w>
            <w lemma="að" type="cn">að</w>
            <w lemma="vænta" type="sng">vænta</w>
            <w lemma="," type="pk">,</w>
            <w lemma="ef" type="c">ef</w>
            <w lemma="Bakkus" type="nken-s">Bakkus</w>
            <w lemma="verða" type="sfg3en">verður</w>
            <w lemma="dýrka" type="sþgken">dýrkaður</w>
            <w lemma="þar" type="aa">þar</w>
            <w lemma="jafnrækilega" type="nven">jafnrækilega</w>
            <w lemma="og" type="c">og</w>
            <w lemma="áður" type="aa">áður</w>
            <w lemma="." type="pl">.</w>
          </s>
          <s n="6">
            <w lemma="það" type="fphen">Það</w>
            <w lemma="vera" type="svg3eþ">væri</w>
            <w lemma="óskandi" type="lhenof">óskandi</w>
            <w lemma="," type="pk">,</w>
            <w lemma="að" type="c">að</w>
            <w lemma="bindindisstarfsemi" type="nveng">bindindisstarfsemin</w>
            <w lemma="í" type="af">í</w>
            <w lemma="land" type="nheþg">landinu</w>
            <w lemma="verða" type="svg3eþ">yrði</w>
            <w lemma="sem" type="aa">sem</w>
            <w lemma="mjög" type="aae">mest</w>
            <w lemma="efldur" type="lvensf">efld</w>
            <w lemma="," type="pk">,</w>
            <w lemma="og" type="c">og</w>
            <w lemma="ég" type="fp1eþ">mér</w>
            <w lemma="þykja" type="sfg3eþ">þótti</w>
            <w lemma="vænn" type="lhensf">vænt</w>
            <w lemma="um" type="af">um</w>
            <w lemma="að" type="cn">að</w>
            <w lemma="heyra" type="sng">heyra</w>
            <w lemma="," type="pk">,</w>
            <w lemma="að" type="c">að</w>
            <w lemma="hæstv." type="kt">hæstv.</w>
            <w lemma="forsrh." type="kt">forsrh.</w>
            <w lemma="fara" type="sfg3eþ">fór</w>
            <w lemma="um" type="af">um</w>
            <w lemma="það" type="fpheo">það</w>
            <w lemma="sá" type="fahfþ">þeim</w>
            <w lemma="orð" type="nhfþ">orðum</w>
            <w lemma="," type="pk">,</w>
            <w lemma="að" type="c">að</w>
            <w lemma="það" type="fphen">það</w>
            <w lemma="munu" type="svg3eþ">mundi</w>
            <w lemma="ekki" type="aa">ekki</w>
            <w lemma="á" type="af">á</w>
            <w lemma="hann" type="fpkeþ">honum</w>
            <w lemma="standa" type="sng">standa</w>
            <w lemma="að" type="cn">að</w>
            <w lemma="styrkja" type="sng">styrkja</w>
            <w lemma="sá" type="faveo">þá</w>
            <w lemma="starfsemi" type="nveo">starfsemi</w>
            <w lemma="." type="pl">.</w>
          </s>
          <s n="7">
            <w lemma="það" type="fphen">Það</w>
            <w lemma="vera" type="sfg3en">er</w>
            <w lemma="hvatur" type="lvensf">hvöt</w>
            <w lemma="fyrir" type="af">fyrir</w>
            <w lemma="sá" type="fakfo">þá</w>
            <w lemma="," type="pk">,</w>
            <w lemma="sem" type="ct">sem</w>
            <w lemma="lágt" type="aam">lægra</w>
            <w lemma="vera" type="sfg3fn">eru</w>
            <w lemma="setja" type="sþgkfn">settir</w>
            <w lemma="í" type="af">í</w>
            <w lemma="þjóðfélag" type="nheþg">þjóðfélaginu</w>
            <w lemma="," type="pk">,</w>
            <w lemma="að" type="cn">að</w>
            <w lemma="liggja" type="sng">liggja</w>
            <w lemma="ekki" type="aa">ekki</w>
            <w lemma="á" type="af">á</w>
            <w lemma="lið" type="nheþ">liði</w>
            <w lemma="sinn" type="feheþ">sínu</w>
            <w lemma="," type="pk">,</w>
            <w lemma="þegar" type="c">þegar</w>
            <w lemma="hann" type="fpkfn">þeir</w>
            <w lemma="vita" type="sfg3fn">vita</w>
            <w lemma="," type="pk">,</w>
            <w lemma="að" type="c">að</w>
            <w lemma="forráðamaður" type="nkfng">forráðamennirnir</w>
            <w lemma="," type="pk">,</w>
            <w lemma="sem" type="ct">sem</w>
            <w lemma="mjög" type="aae">mest</w>
            <w lemma="eiga" type="sfg3fn">eiga</w>
            <w lemma="undir" type="af">undir</w>
            <w lemma="sig" type="fpkfþ">sér</w>
            <w lemma="," type="pk">,</w>
            <w lemma="ganga" type="sfg3fn">ganga</w>
            <w lemma="á" type="aa">á</w>
            <w lemma="undan" type="aa">undan</w>
            <w lemma="með" type="af">með</w>
            <w lemma="góður" type="lheþsf">góðu</w>
            <w lemma="eftirdæmi" type="nheþ">eftirdæmi</w>
            <w lemma="," type="pk">,</w>
            <w lemma="hvetja" type="sfg3fn">hvetja</w>
            <w lemma="en" type="c">en</w>
            <w lemma="ekki" type="aa">ekki</w>
            <w lemma="letja" type="sng">letja</w>
            <w lemma="til" type="af">til</w>
            <w lemma="slíkur" type="fbvee">slíkrar</w>
            <w lemma="starfsemi" type="nvee">starfsemi</w>
            <w lemma="." type="pl">.</w>
          </s>
          <s n="8">
            <w lemma="en" type="c">En</w>
            <w lemma="það" type="fphen">það</w>
            <w lemma="mega" type="sfg3en">má</w>
            <w lemma="halda" type="sng">halda</w>
            <w lemma="vel" type="aa">vel</w>
            <w lemma="áfram" type="aa">áfram</w>
            <w lemma="á" type="af">á</w>
            <w lemma="sá" type="faheþ">því</w>
            <w lemma="svið" type="nheþ">sviði</w>
            <w lemma="," type="pk">,</w>
            <w lemma="ef" type="c">ef</w>
            <w lemma="að" type="af">að</w>
            <w lemma="gagn" type="nheþ">gagni</w>
            <w lemma="eiga" type="sfg3en">á</w>
            <w lemma="að" type="cn">að</w>
            <w lemma="verða" type="sng">verða</w>
            <w lemma="," type="pk">,</w>
            <w lemma="og" type="c">og</w>
            <w lemma="það" type="fphen">það</w>
            <w lemma="það" type="fpheþ">því</w>
            <w lemma="harla" type="aam">fremur</w>
            <w lemma="vera" type="sfg3en">er</w>
            <w lemma="kvenfólk" type="nheng">kvenfólkið</w>
            <w lemma="vera" type="sfg3en">er</w>
            <w lemma="fara" type="sþghen">farið</w>
            <w lemma="að" type="cn">að</w>
            <w lemma="verða" type="sng">verða</w>
            <w lemma="ískyggilega" type="aa">ískyggilega</w>
            <w lemma="„" type="x">„</w>
            <w lemma="mikið" type="aa">mikið</w>
            <w lemma="með" type="af">með</w>
            <w lemma="“" type="x">“</w>
            <w lemma="," type="pk">,</w>
            <w lemma="-" type="pa">-</w>
            <w lemma="fara" type="sþghen">farið</w>
            <w lemma="að" type="cn">að</w>
            <w lemma="drekka" type="sng">drekka</w>
            <w lemma="." type="pl">.</w>
          </s>
          <s n="9">
            <w lemma="af" type="af">Af</w>
            <w lemma="það" type="fpheþ">því</w>
            <w lemma="fara" type="sfg3en">fer</w>
            <w lemma="nú" type="aa">nú</w>
            <w lemma="verða" type="sþghen">orðið</w>
            <w lemma="talsverður" type="lhensf">talsvert</w>
            <w lemma="orð" type="nhen">orð</w>
            <w lemma="," type="pk">,</w>
            <w lemma="og" type="c">og</w>
            <w lemma="það" type="fpheþ">því</w>
            <w lemma="lítt" type="aam">miður</w>
            <w lemma="of" type="aa">of</w>
            <w lemma="mikið" type="aa">mikið</w>
            <w lemma="sannur" type="lhensf">satt</w>
            <w lemma="af" type="af">af</w>
            <w lemma="það" type="fpheþ">því</w>
            <w lemma="," type="pk">,</w>
            <w lemma="sem" type="ct">sem</w>
            <w lemma="þar" type="aa">þar</w>
            <w lemma="vera" type="sfg3en">er</w>
            <w lemma="segja" type="sþghen">sagt</w>
            <w lemma="." type="pl">.</w>
          </s>
          <s n="10">
            <w lemma="ég" type="fp1en">Ég</w>
            <w lemma="þurfa" type="sfg1en">þarf</w>
            <w lemma="tæplega" type="aa">tæplega</w>
            <w lemma="að" type="cn">að</w>
            <w lemma="lýsa" type="sng">lýsa</w>
            <w lemma="það" type="fpheþ">því</w>
            <w lemma="," type="pk">,</w>
            <w lemma="hvernig" type="aa">hvernig</w>
            <w lemma="ástatt" type="lhensf">ástatt</w>
            <w lemma="vera" type="sfg3en">er</w>
            <w lemma="á" type="af">á</w>
            <w lemma="sá" type="faheþ">því</w>
            <w lemma="heimili" type="nheþ">heimili</w>
            <w lemma="," type="pk">,</w>
            <w lemma="þar" type="aa">þar</w>
            <w lemma="sem" type="c">sem</w>
            <w lemma="kona" type="nveng">konan</w>
            <w lemma="leggja" type="sfm3en">leggst</w>
            <w lemma="í" type="af">í</w>
            <w lemma="drykkjuskapur" type="nkeo">drykkjuskap</w>
            <w lemma="," type="pk">,</w>
            <w lemma="en" type="c">en</w>
            <w lemma="það" type="fphen">það</w>
            <w lemma="hafa" type="sfg3en">hefir</w>
            <w lemma="hríðversna" type="sþghen">hríðversnað</w>
            <w lemma="hér" type="aa">hér</w>
            <w lemma="í" type="af">í</w>
            <w lemma="bær" type="nkeþ">bæ</w>
            <w lemma="síðan" type="c">síðan</w>
            <w lemma="sterkur" type="lhfnvf">sterku</w>
            <w lemma="vín" type="nhfng">vínin</w>
            <w lemma="koma" type="sfg3fþ">komu</w>
            <w lemma="." type="pl">.</w>
          </s>
          <s n="11">
            <w lemma="byrja" type="sfg1eþ">Byrjaði</w>
            <w lemma="með" type="af">með</w>
            <w lemma="Spánarvín" type="nhfþgs">Spánarvínunum</w>
            <w lemma="," type="pk">,</w>
            <w lemma="sæll" type="lveesf">sællar</w>
            <w lemma="minning" type="nvee">minningar</w>
            <w lemma="," type="pk">,</w>
            <w lemma="og" type="c">og</w>
            <w lemma="einn" type="foven">ein</w>
            <w lemma="synd" type="nveng">syndin</w>
            <w lemma="bjóða" type="sfg3en">býður</w>
            <w lemma="annari" type="x">annari</w>
            <w lemma="heim" type="aa">heim</w>
            <w lemma="." type="pl">.</w>
          </s>
          <s n="12">
            <w lemma="ég" type="fp1en">Ég</w>
            <w lemma="þekkja" type="sfg1en">þekki</w>
            <w lemma="ýms" type="x">ýms</w>
            <w lemma="raunalegur" type="lhfosf">raunaleg</w>
            <w lemma="dæmi" type="nheo">dæmi</w>
            <w lemma="," type="pk">,</w>
            <w lemma="sem" type="ct">sem</w>
            <w lemma="mega" type="svg3eþ">mætti</w>
            <w lemma="nefna" type="sng">nefna</w>
            <w lemma="í" type="af">í</w>
            <w lemma="þessi" type="faheþ">þessu</w>
            <w lemma="samband" type="nheþ">sambandi</w>
            <w lemma="," type="pk">,</w>
            <w lemma="en" type="c">en</w>
            <w lemma="ég" type="fp1en">ég</w>
            <w lemma="hirða" type="sfg1en">hirði</w>
            <w lemma="ekki" type="aa">ekki</w>
            <w lemma="um" type="af">um</w>
            <w lemma="að" type="cn">að</w>
            <w lemma="tilgreina" type="sng">tilgreina</w>
            <w lemma="það" type="fphfo">þau</w>
            <w lemma="." type="pl">.</w>
          </s>
          <s n="13">
            <w lemma="ég" type="fp1en">Ég</w>
            <w lemma="vita" type="sfg1en">veit</w>
            <w lemma="aðeins" type="aa">aðeins</w>
            <w lemma="," type="pk">,</w>
            <w lemma="að" type="c">að</w>
            <w lemma="ástand" type="nheng">ástandið</w>
            <w lemma="hafa" type="sfg3en">hefir</w>
            <w lemma="versna" type="sþghen">versnað</w>
            <w lemma="síðan" type="c">síðan</w>
            <w lemma="sterkur" type="lkfnvf">sterku</w>
            <w lemma="drykkur" type="nkfng">drykkirnir</w>
            <w lemma="koma" type="sfg3fþ">komu</w>
            <w lemma=";" type="pk">;</w>
            <w lemma="svo" type="aa">svo</w>
            <w lemma="mikill" type="lhensf">mikið</w>
            <w lemma="vera" type="sfg3en">er</w>
            <w lemma="vís" type="lhensf">víst</w>
            <w lemma="," type="pk">,</w>
            <w lemma="hver" type="fshen">hvað</w>
            <w lemma="sem" type="ct">sem</w>
            <w lemma="skýrsla" type="nvfng">skýrslurnar</w>
            <w lemma="segja" type="sfg3fn">segja</w>
            <w lemma="." type="pl">.</w>
          </s>
          <s n="14">
            <w lemma="skýrsla" type="nvfng">Skýrslurnar</w>
            <w lemma="herma" type="sfg3fn">herma</w>
            <w lemma="ekki" type="aa">ekki</w>
            <w lemma="skipbrot" type="nheo">skipbrot</w>
            <w lemma="hver" type="fokee">hvers</w>
            <w lemma="einstaklingur" type="nkee">einstaklings</w>
            <w lemma="." type="pl">.</w>
          </s>
          <s n="15">
            <w lemma="hér" type="aa">Hér</w>
            <w lemma="vera" type="sfg3en">er</w>
            <w lemma="alvörumál" type="nhen">alvörumál</w>
            <w lemma="," type="pk">,</w>
            <w lemma="sem" type="ct">sem</w>
            <w lemma="krefja" type="sfm3en">krefst</w>
            <w lemma="úrlausn" type="nvee">úrlausnar</w>
            <w lemma="." type="pl">.</w>
          </s>
          <s n="16">
            <w lemma="ég" type="fp1en">Ég</w>
            <w lemma="tala" type="sfg1en">tala</w>
            <w lemma="ekki" type="aa">ekki</w>
            <w lemma="um" type="af">um</w>
            <w lemma="það" type="fpheo">það</w>
            <w lemma="snemma" type="aae">fyrst</w>
            <w lemma="og" type="c">og</w>
            <w lemma="frammi" type="aae">fremst</w>
            <w lemma="í" type="af">í</w>
            <w lemma="minn" type="feheþ">mínu</w>
            <w lemma="eigin" type="lheþof">eigin</w>
            <w lemma="nafn" type="nheþ">nafni</w>
            <w lemma="," type="pk">,</w>
            <w lemma="heldur" type="c">heldur</w>
            <w lemma="í" type="af">í</w>
            <w lemma="umboð" type="nheþ">umboði</w>
            <w lemma="og" type="c">og</w>
            <w lemma="í" type="af">í</w>
            <w lemma="nafn" type="nheþ">nafni</w>
            <w lemma="sá" type="fakfe">þeirra</w>
            <w lemma="," type="pk">,</w>
            <w lemma="sem" type="ct">sem</w>
            <w lemma="líða" type="sfg3fn">líða</w>
            <w lemma="og" type="c">og</w>
            <w lemma="þjá" type="sfm3fn">þjást</w>
            <w lemma="dagur" type="nkfe">daga</w>
            <w lemma="og" type="c">og</w>
            <w lemma="nótt" type="nvfn">nætur</w>
            <w lemma="út" type="aa">út</w>
            <w lemma="af" type="af">af</w>
            <w lemma="sá" type="faheþ">því</w>
            <w lemma="mikill" type="lheþvf">mikla</w>
            <w lemma="böl" type="nheþ">böli</w>
            <w lemma="," type="pk">,</w>
            <w lemma="sem" type="ct">sem</w>
            <w lemma="áfengisnautn" type="nveng">áfengisnautnin</w>
            <w lemma="hafa" type="sfg3en">hefir</w>
            <w lemma="í" type="af">í</w>
            <w lemma="för" type="nveþ">för</w>
            <w lemma="með" type="af">með</w>
            <w lemma="sig" type="fpveþ">sér</w>
            <w lemma="." type="pl">.</w>
          </s>
          <s n="17">
            <w lemma="koma" type="sfg2fn">Komið</w>
            <w lemma="þú" type="fp2fn">þið</w>
            <w lemma="með" type="af">með</w>
            <w lemma="ég" type="fp1eþ">mér</w>
            <w lemma="," type="pk">,</w>
            <w lemma="hv." type="ks">hv.</w>
            <w lemma="þm." type="ks">þm.</w>
            <w lemma="," type="pk">,</w>
            <w lemma="einhver" type="foveo">einhverja</w>
            <w lemma="kvöldstund" type="nveo">kvöldstund</w>
            <w lemma="inn" type="aa">inn</w>
            <w lemma="á" type="af">á</w>
            <w lemma="heimili" type="nheo">heimili</w>
            <w lemma="," type="pk">,</w>
            <w lemma="sem" type="ct">sem</w>
            <w lemma="ofdrykkja" type="nveng">ofdrykkjan</w>
            <w lemma="hafa" type="sfg3en">hefir</w>
            <w lemma="leggja" type="sþghen">lagt</w>
            <w lemma="í" type="af">í</w>
            <w lemma="rúst" type="nvfo">rústir</w>
            <w lemma="." type="pl">.</w>
          </s>
          <s n="18">
            <w lemma="þar" type="aa">Þar</w>
            <w lemma="blasa" type="sfg3en">blasir</w>
            <w lemma="við" type="aa">við</w>
            <w lemma="vér" type="fp1fþ">oss</w>
            <w lemma="eymd" type="nveo">eymd</w>
            <w lemma="og" type="c">og</w>
            <w lemma="áþján" type="nveo">áþján</w>
            <w lemma="," type="pk">,</w>
            <w lemma="sem" type="ct">sem</w>
            <w lemma="orð" type="nhfn">orð</w>
            <w lemma="fá" type="sfg3fn">fá</w>
            <w lemma="ekki" type="aa">ekki</w>
            <w lemma="lýsa" type="sþghen">lýst</w>
            <w lemma="." type="pl">.</w>
          </s>
          <s n="19">
            <w lemma="vera" type="sfg3en">Er</w>
            <w lemma="það" type="fphen">það</w>
            <w lemma="ekki" type="aa">ekki</w>
            <w lemma="ömurlegur" type="lhensf">ömurlegt</w>
            <w lemma="," type="pk">,</w>
            <w lemma="að" type="c">að</w>
            <w lemma="með" type="af">með</w>
            <w lemma="löggjöf" type="nveþ">löggjöf</w>
            <w lemma="land" type="nheeg">landsins</w>
            <w lemma="vera" type="svg3en">sé</w>
            <w lemma="sá" type="faveþ">þeirri</w>
            <w lemma="eymd" type="nveþ">eymd</w>
            <w lemma="halda" type="sþghen">haldið</w>
            <w lemma="við" type="aa">við</w>
            <w lemma="?" type="pl">?</w>
          </s>
          <s n="20">
            <w lemma="ég" type="fp1en">Ég</w>
            <w lemma="hyggja" type="sfg1en">hygg</w>
            <w lemma="þá" type="aa">þá</w>
            <w lemma="drengur" type="nkfo">drengi</w>
            <w lemma="vera" type="sng">vera</w>
            <w lemma="innan" type="af">innan</w>
            <w lemma="þessi" type="fakfe">þessara</w>
            <w lemma="veggur" type="nkfe">veggja</w>
            <w lemma="," type="pk">,</w>
            <w lemma="að" type="c">að</w>
            <w lemma="hann" type="fpkfn">þeir</w>
            <w lemma="hræra" type="sfm3fþ">hrærðust</w>
            <w lemma="til" type="af">til</w>
            <w lemma="meðaumkun" type="nvee">meðaumkunar</w>
            <w lemma="," type="pk">,</w>
            <w lemma="ef" type="c">ef</w>
            <w lemma="hann" type="fpkfn">þeir</w>
            <w lemma="sjá" type="svg3fþ">sæju</w>
            <w lemma="slíkur" type="fbkfo">slíka</w>
            <w lemma="hlutur" type="nkfo">hluti</w>
            <w lemma="," type="pk">,</w>
            <w lemma="sem" type="ct">sem</w>
            <w lemma="ég" type="fp1en">ég</w>
            <w lemma="hafa" type="sfg1en">hefi</w>
            <w lemma="oftlega" type="aa">oftlega</w>
            <w lemma="sjá" type="sþghen">séð</w>
            <w lemma="á" type="af">á</w>
            <w lemma="heimili" type="nhfþ">heimilum</w>
            <w lemma="sá" type="fakfe">þeirra</w>
            <w lemma="," type="pk">,</w>
            <w lemma="sem" type="ct">sem</w>
            <w lemma="mikill" type="lvense">mest</w>
            <w lemma="kaupa" type="sng">kaupa</w>
            <w lemma="af" type="af">af</w>
            <w lemma="áfengi" type="nheþg">áfenginu</w>
            <w lemma="hér" type="aa">hér</w>
            <w lemma="í" type="af">í</w>
            <w lemma="bær" type="nkeþg">bænum</w>
            <w lemma="," type="pk">,</w>
            <w lemma="mikill" type="lheþse">mestu</w>
            <w lemma="eyða" type="sng">eyða</w>
            <w lemma="frá" type="af">frá</w>
            <w lemma="heimili" type="nhfþ">heimilum</w>
            <w lemma="sinn" type="fehfþ">sínum</w>
            <w lemma="í" type="af">í</w>
            <w lemma="óregla" type="nveþ">óreglu</w>
            <w lemma="og" type="c">og</w>
            <w lemma="svall" type="nheþ">svall</w>
            <w lemma="." type="pl">.</w>
          </s>
          <s n="21">
            <w lemma="og" type="c">Og</w>
            <w lemma="þegar" type="c">þegar</w>
            <w lemma="svo" type="aa">svo</w>
            <w lemma="kona" type="nveng">konan</w>
            <w lemma="," type="pk">,</w>
            <w lemma="húsmóðir" type="nveng">húsmóðirin</w>
            <w lemma="," type="pk">,</w>
            <w lemma="láta" type="sfg3en">lætur</w>
            <w lemma="leiða" type="snm">leiðast</w>
            <w lemma="út" type="aa">út</w>
            <w lemma="í" type="af">í</w>
            <w lemma="sami" type="fbheo">sama</w>
            <w lemma="fen" type="nheog">fenið</w>
            <w lemma="," type="pk">,</w>
            <w lemma="ja" type="au">ja</w>
            <w lemma="," type="pk">,</w>
            <w lemma="-" type="pa">-</w>
            <w lemma="hvernig" type="aa">hvernig</w>
            <w lemma="vera" type="sfg3en">er</w>
            <w lemma="umhorf" type="nhee">umhorfs</w>
            <w lemma="á" type="af">á</w>
            <w lemma="sá" type="faheþ">því</w>
            <w lemma="heimili" type="nheþ">heimili</w>
            <w lemma="?" type="pl">?</w>
          </s>
          <s n="22">
            <w lemma="húsmóðir" type="nveng">Húsmóðirin</w>
            <w lemma="lifa" type="sfg3en">lifir</w>
            <w lemma="venjulega" type="aa">venjulega</w>
            <w lemma="snemma" type="aae">fyrst</w>
            <w lemma="og" type="c">og</w>
            <w lemma="frammi" type="aae">fremst</w>
            <w lemma="fyrir" type="af">fyrir</w>
            <w lemma="heimili" type="nheo">heimili</w>
            <w lemma="sinn" type="feheo">sitt</w>
            <w lemma="og" type="c">og</w>
            <w lemma="verja" type="sfg3en">ver</w>
            <w lemma="barn" type="nhfog">börnin</w>
            <w lemma="sinn" type="fehfo">sín</w>
            <w lemma="fyrir" type="af">fyrir</w>
            <w lemma="hverskonar" type="lkeoof">hverskonar</w>
            <w lemma="voði" type="nkeþ">voða</w>
            <w lemma="á" type="aa">á</w>
            <w lemma="meðan" type="c">meðan</w>
            <w lemma="hún" type="fpven">hún</w>
            <w lemma="geta" type="sfg3en">getur</w>
            <w lemma="," type="pk">,</w>
            <w lemma="en" type="c">en</w>
            <w lemma="þegar" type="c">þegar</w>
            <w lemma="hún" type="fpven">hún</w>
            <w lemma="sjálfur" type="fbven">sjálf</w>
            <w lemma="vera" type="sfg3en">er</w>
            <w lemma="hníga" type="sþgven">hnigin</w>
            <w lemma="fyrir" type="af">fyrir</w>
            <w lemma="freisting" type="nveþg">freistingunni</w>
            <w lemma="," type="pk">,</w>
            <w lemma="þá" type="aa">þá</w>
            <w lemma="vera" type="sfg3en">er</w>
            <w lemma="allur" type="foven">öll</w>
            <w lemma="vörn" type="nven">vörn</w>
            <w lemma="úti" type="aa">úti</w>
            <w lemma="." type="pl">.</w>
          </s>
          <s n="23">
            <w lemma="lítill" type="lkensf">Lítill</w>
            <w lemma="drengur" type="nken">drengur</w>
            <w lemma="vera" type="sfg3eþ">var</w>
            <w lemma="einn" type="foheo">eitt</w>
            <w lemma="sinn" type="nheo">sinn</w>
            <w lemma="spyrja" type="sþgken">spurður</w>
            <w lemma="," type="pk">,</w>
            <w lemma="hver" type="fshen">hvað</w>
            <w lemma="bindindi" type="nhen">bindindi</w>
            <w lemma="vera" type="svg3eþ">væri</w>
            <w lemma="." type="pl">.</w>
          </s>
          <s n="24">
            <w lemma="hver" type="fsheo">Hvað</w>
            <w lemma="halda" type="sfg2fn">haldið</w>
            <w lemma="þú" type="fp2fn">þið</w>
            <w lemma="," type="pk">,</w>
            <w lemma="að" type="c">að</w>
            <w lemma="hann" type="fpken">hann</w>
            <w lemma="hafa" type="svg3en">hafi</w>
            <w lemma="segja" type="sþghen">sagt</w>
            <w lemma="?" type="pl">?</w>
          </s>
          <s n="25">
            <w lemma="bindindi" type="nven">Bindindi</w>
            <w lemma="vera" type="sfg3en">er</w>
            <w lemma="brauð" type="nhen">brauð</w>
            <w lemma="og" type="c">og</w>
            <w lemma="smjör" type="nhen">smjör</w>
            <w lemma="." type="pl">.</w>
          </s>
          <s n="26">
            <w lemma="það" type="fphen">Það</w>
            <w lemma="vera" type="sfg3eþ">var</w>
            <w lemma="brosa" type="sþghen">brosað</w>
            <w lemma="að" type="af">að</w>
            <w lemma="þessi" type="faheþ">þessu</w>
            <w lemma="svar" type="nheþ">svari</w>
            <w lemma="," type="pk">,</w>
            <w lemma="en" type="c">en</w>
            <w lemma="barn" type="nheng">barnið</w>
            <w lemma="segja" type="sfg3eþ">sagði</w>
            <w lemma=":" type="pa">:</w>
            <w lemma="jú" type="au">Jú</w>
            <w lemma="," type="pk">,</w>
            <w lemma="þegar" type="c">þegar</w>
            <w lemma="pabbi" type="nken">pabbi</w>
            <w lemma="drekka" type="sfg3en">drekkur</w>
            <w lemma="ekki" type="aa">ekki</w>
            <w lemma="," type="pk">,</w>
            <w lemma="fá" type="sfg1en">fæ</w>
            <w lemma="ég" type="fp1en">ég</w>
            <w lemma="bæði" type="c">bæði</w>
            <w lemma="brauð" type="nheo">brauð</w>
            <w lemma="og" type="c">og</w>
            <w lemma="smjör" type="nheo">smjör</w>
            <w lemma="," type="pk">,</w>
            <w lemma="en" type="c">en</w>
            <w lemma="þegar" type="c">þegar</w>
            <w lemma="hann" type="fpken">hann</w>
            <w lemma="drekka" type="sfg3en">drekkur</w>
            <w lemma="," type="pk">,</w>
            <w lemma="fá" type="sfg1en">fæ</w>
            <w lemma="ég" type="fp1en">ég</w>
            <w lemma="hvorugur" type="foheo">hvorugt</w>
            <w lemma="." type="pl">.</w>
          </s>
          <s n="27">
            <w lemma="-" type="pa">-</w>
            <w lemma="það" type="fphen">Það</w>
            <w lemma="vera" type="sfg3en">er</w>
            <w lemma="mikill" type="lkensf">mikill</w>
            <w lemma="sannleikur" type="nken">sannleikur</w>
            <w lemma="í" type="af">í</w>
            <w lemma="þessi" type="faheþ">þessu</w>
            <w lemma="svar" type="nheþ">svari</w>
            <w lemma="," type="pk">,</w>
            <w lemma="eins" type="aa">eins</w>
            <w lemma="og" type="c">og</w>
            <w lemma="oft" type="aa">oft</w>
            <w lemma="vera" type="sfg3en">er</w>
            <w lemma="í" type="af">í</w>
            <w lemma="svar" type="nhfþ">svörum</w>
            <w lemma="barn" type="nhfe">barna</w>
            <w lemma="." type="pl">.</w>
          </s>
          <s n="28">
            <w lemma="ég" type="fp1en">Ég</w>
            <w lemma="vona" type="sfg1en">vona</w>
            <w lemma="," type="pk">,</w>
            <w lemma="að" type="c">að</w>
            <w lemma="hvaða" type="fsvfo">hvaða</w>
            <w lemma="skoðun" type="nvfo">skoðanir</w>
            <w lemma="sem" type="ct">sem</w>
            <w lemma="ég" type="fp1fn">við</w>
            <w lemma="," type="pk">,</w>
            <w lemma="sem" type="ct">sem</w>
            <w lemma="hér" type="aa">hér</w>
            <w lemma="vera" type="sfg1fn">erum</w>
            <w lemma="inni" type="aa">inni</w>
            <w lemma="," type="pk">,</w>
            <w lemma="hafa" type="sfg1fn">höfum</w>
            <w lemma="í" type="af">í</w>
            <w lemma="stjórnmál" type="nhfþ">stjórnmálum</w>
            <w lemma="," type="pk">,</w>
            <w lemma="þá" type="aa">þá</w>
            <w lemma="geta" type="sfg1fn">getum</w>
            <w lemma="ég" type="fp1fn">við</w>
            <w lemma="vera" type="sþghen">verið</w>
            <w lemma="á" type="af">á</w>
            <w lemma="einn" type="lheþsf">einu</w>
            <w lemma="mál" type="nheþ">máli</w>
            <w lemma="um" type="af">um</w>
            <w lemma="það" type="fpheo">það</w>
            <w lemma="," type="pk">,</w>
            <w lemma="að" type="c">að</w>
            <w lemma="áfengisnautn" type="nveng">áfengisnautnin</w>
            <w lemma="vera" type="svg3en">sé</w>
            <w lemma="böl" type="nhen">böl</w>
            <w lemma="," type="pk">,</w>
            <w lemma="sem" type="ct">sem</w>
            <w lemma="þurfa" type="sfg3en">þarf</w>
            <w lemma="að" type="cn">að</w>
            <w lemma="útrýma" type="sng">útrýma</w>
            <w lemma="," type="pk">,</w>
            <w lemma="hver" type="fshen">hvað</w>
            <w lemma="sem" type="ct">sem</w>
            <w lemma="annar" type="foheþ">öðru</w>
            <w lemma="líða" type="sfg3en">líður</w>
            <w lemma="." type="pl">.</w>
          </s>
          <s n="29">
            <w lemma="sumur" type="fokfn">Sumir</w>
            <w lemma="segja" type="sfg3fn">segja</w>
            <w lemma="," type="pk">,</w>
            <w lemma="að" type="c">að</w>
            <w lemma="áfengi" type="nheng">áfengið</w>
            <w lemma="færa" type="svg3en">færi</w>
            <w lemma="svo" type="aa">svo</w>
            <w lemma="mikill" type="lkfosf">mikla</w>
            <w lemma="peningur" type="nkfo">peninga</w>
            <w lemma="í" type="af">í</w>
            <w lemma="ríkissjóður" type="nkeog">ríkissjóðinn</w>
            <w lemma="og" type="c">og</w>
            <w lemma="hann" type="fpken">hann</w>
            <w lemma="mega" type="svg3en">megi</w>
            <w lemma="ekki" type="aa">ekki</w>
            <w lemma="missa" type="sng">missa</w>
            <w lemma="sá" type="faheo">það</w>
            <w lemma="fé" type="nheo">fé</w>
            <w lemma="." type="pl">.</w>
          </s>
          <s n="30">
            <w lemma="en" type="c">En</w>
            <w lemma="hvaða" type="fsken">hvaða</w>
            <w lemma="varningur" type="nken">varningur</w>
            <w lemma="vera" type="sfg3en">er</w>
            <w lemma="það" type="fphen">það</w>
            <w lemma="," type="pk">,</w>
            <w lemma="sem" type="ct">sem</w>
            <w lemma="ég" type="fp1fn">við</w>
            <w lemma="fá" type="sfg1fn">fáum</w>
            <w lemma="í" type="af">í</w>
            <w lemma="staður" type="nkeog">staðinn</w>
            <w lemma="?" type="pl">?</w>
          </s>
          <s n="31">
            <w lemma="ég" type="fp1fn">Við</w>
            <w lemma="fá" type="sfg1fn">fáum</w>
            <w lemma="margfaldlega" type="aa">margfaldlega</w>
            <w lemma="aukinn" type="lheosf">aukið</w>
            <w lemma="ómagaframfæri" type="nheo">ómagaframfæri</w>
            <w lemma="," type="pk">,</w>
            <w lemma="heilsubilun" type="nveo">heilsubilun</w>
            <w lemma="," type="pk">,</w>
            <w lemma="siðspilling" type="nveo">siðspillingu</w>
            <w lemma="hverskonar" type="lveeof">hverskonar</w>
            <w lemma="og" type="c">og</w>
            <w lemma="kynspilling" type="nveo">kynspillingu</w>
            <w lemma="," type="pk">,</w>
            <w lemma="aukinn" type="lveosf">aukna</w>
            <w lemma="þörf" type="nveo">þörf</w>
            <w lemma="fyrir" type="af">fyrir</w>
            <w lemma="löggæzla" type="nveo">löggæzlu</w>
            <w lemma="og" type="c">og</w>
            <w lemma="margur" type="lheosf">margt</w>
            <w lemma="margur" type="lheovm">fleira</w>
            <w lemma="," type="pk">,</w>
            <w lemma="sem" type="ct">sem</w>
            <w lemma="beinlínis" type="aa">beinlínis</w>
            <w lemma="kosta" type="sfg3en">kostar</w>
            <w lemma="stórfé" type="nheo">stórfé</w>
            <w lemma="," type="pk">,</w>
            <w lemma="auk" type="af">auk</w>
            <w lemma="hinn" type="gvfe">hinna</w>
            <w lemma="örlagaþrunginn" type="lvfevf">örlagaþrungnu</w>
            <w lemma="siðferðislegur" type="lvfevf">siðferðislegu</w>
            <w lemma="afleiðing" type="nvfe">afleiðinga</w>
            <w lemma="," type="pk">,</w>
            <w lemma="sem" type="ct">sem</w>
            <w lemma="ekki" type="aa">ekki</w>
            <w lemma="verða" type="sfg3fn">verða</w>
            <w lemma="með" type="af">með</w>
            <w lemma="tala" type="nvfþ">tölum</w>
            <w lemma="telja" type="sþgvfn">taldar</w>
            <w lemma="." type="pl">.</w>
          </s>
          <s n="32">
            <w lemma="það" type="fphee">Þess</w>
            <w lemma="vegna" type="af">vegna</w>
            <w lemma="vera" type="sfg3en">er</w>
            <w lemma="það" type="fphen">það</w>
            <w lemma="minn" type="feven">mín</w>
            <w lemma="skoðun" type="nven">skoðun</w>
            <w lemma="," type="pk">,</w>
            <w lemma="að" type="c">að</w>
            <w lemma="ég" type="fp1fþ">okkur</w>
            <w lemma="bera" type="svg3en">beri</w>
            <w lemma="að" type="c">að</w>
            <w lemma="samþ." type="ks">samþ.</w>
            <w lemma="allur" type="fohen">allt</w>
            <w lemma="," type="pk">,</w>
            <w lemma="sem" type="ct">sem</w>
            <w lemma="miða" type="sfg3en">miðar</w>
            <w lemma="í" type="af">í</w>
            <w lemma="sá" type="faveo">þá</w>
            <w lemma="átt" type="nveo">átt</w>
            <w lemma="að" type="cn">að</w>
            <w lemma="sporna" type="sng">sporna</w>
            <w lemma="við" type="af">við</w>
            <w lemma="eiturnautn" type="nkeo">eiturnautn</w>
            <w lemma="áfengi" type="nheeg">áfengisins</w>
            <w lemma="." type="pl">.</w>
          </s>
          <s n="33">
            <w lemma="ég" type="fp1en">Ég</w>
            <w lemma="munu" type="sfg1en">mun</w>
            <w lemma="því" type="aa">því</w>
            <w lemma="hiklaust" type="aa">hiklaust</w>
            <w lemma="greiða" type="sng">greiða</w>
            <w lemma="þáltillur" type="nkeo">þáltill</w>
            <w lemma="." type="pl">.</w>
          </s>
          <s n="34">
            <w lemma="hv." type="ks">hv.</w>
            <w lemma="þm" type="ks">þm</w>
            <w lemma="." type="pl">.</w>
          </s>
          <s n="35">
            <w lemma="borgf" type="nken">Borgf</w>
            <w lemma="." type="pl">.</w>
          </s>
          <s n="36">
            <w lemma="atkv." type="ks">atkv.</w>
            <w lemma="minn" type="fehen">mitt</w>
            <w lemma="," type="pk">,</w>
            <w lemma="svo" type="aa">svo</w>
            <w lemma="sem" type="aa">sem</w>
            <w lemma="heiðarlegur" type="lveþsf">heiðarlegri</w>
            <w lemma="og" type="c">og</w>
            <w lemma="gagnlegur" type="lveþsf">gagnlegri</w>
            <w lemma="tilraun" type="nven">tilraun</w>
            <w lemma="í" type="af">í</w>
            <w lemma="sá" type="faveo">þá</w>
            <w lemma="átt" type="nveo">átt</w>
            <w lemma="að" type="cn">að</w>
            <w lemma="stemma" type="sng">stemma</w>
            <w lemma="stigur" type="nkfo">stigu</w>
            <w lemma="fyrir" type="af">fyrir</w>
            <w lemma="eymd" type="nveo">eymd</w>
            <w lemma="," type="pk">,</w>
            <w lemma="spilling" type="nven">spilling</w>
            <w lemma="og" type="c">og</w>
            <w lemma="niðurlæging" type="nveo">niðurlægingu</w>
            <w lemma="," type="pk">,</w>
            <w lemma="sem" type="ct">sem</w>
            <w lemma="þjóð" type="nven">þjóð</w>
            <w lemma="vor" type="foveþ">vorri</w>
            <w lemma="vera" type="sfg3en">er</w>
            <w lemma="búinn" type="lvensf">búin</w>
            <w lemma="af" type="af">af</w>
            <w lemma="vald" type="nhfþ">völdum</w>
            <w lemma="hinn" type="gvee">hinnar</w>
            <w lemma="síaukinn" type="lveevf">síauknu</w>
            <w lemma="áfengisnautn" type="nvee">áfengisnautnar</w>
            <w lemma="." type="pl">.</w>
          </s>
        </p>
      </div1>
    </body>
  </text>
</TEI>
