<?xml version="1.0" encoding="UTF-8"?>
<TEI xmlns="http://www.tei-c.org/ns/1.0" xml:id="R-33-4725328" xml:lang="is">
  <teiHeader>
    <fileDesc>
      <titleStmt>
        <title>
          <title type="main">Bráðabirgðatekjuöflun til ríkissjóðs (192. mál)</title>
        </title>
        <respStmt>
          <resp xml:lang="is">Söfnun og úrvinnsla texta</resp>
          <resp xml:lang="en">Collection and processing of text</resp>
          <name xml:lang="is">Stofnun Árna Magnússonar í íslenskum fræðum</name>
          <name xml:lang="en">The Arni Magnusson Institute for Icelandic Studies</name>
        </respStmt>
      </titleStmt>
      <editionStmt>
        <p xml:lang="is">Málheild: Ræður frá Alþingi Íslendinga (2020.06)</p>
        <p xml:lang="en">Corpus: Speeches from The Parliament of Iceland (2020.06)</p>
      </editionStmt>
      <publicationStmt>
        <distributor xml:lang="is">Stofnun Árna Magnússonar í íslenskum fræðum</distributor>
        <distributor xml:lang="en">The Arni Magnusson Institute for Icelandic Studies</distributor>
        <address>
          <addrLine xml:lang="is">Árnagarður við Suðurgötu, 107 Reykjavík, Íslandi</addrLine>
          <addrLine xml:lang="en">Árnagarður Suðurgata, 107 Reykjavik, Iceland</addrLine>
          <addrLine>
            <email>arnastofnun@arnastofnun.is</email>
          </addrLine>
        </address>
        <idno type="risam">R-33-4725328</idno>
        <availability>
          <p xml:lang="is">Þessi texti er til notkunar í málrannsóknum og máltækniverkefnum um allan heim með CC-BY leyfi</p>
          <p xml:lang="en">This text is available for use in language research and language technology projects world wide with CC-BY licence.</p>
        </availability>
        <date>2020-05-27</date>
      </publicationStmt>
      <sourceDesc>
        <biblStruct>
          <analytic>
            <title>
              <title type="main">Bráðabirgðatekjuöflun til ríkissjóðs (192. mál)</title>
            </title>
            <author>
             <persName>Guðrún Lárusdóttir</persName>
             <note type="gender">F</note>
             <note type="age">55</note>
             <note type="url">http://althingi.is/altext/cv/is/?nfaerslunr=203</note>
             <note type="political_party">Sjálfstæðisflokkur</note>
             <note type="constituency">landskjörinn alþingismaður (LA)</note>
             <note type="role">Alþingismaður</note>
            </author>
            <date when="1935-12-05">05.12. 1935</date>
          </analytic>
          <monogr>
            <title>althingi.is</title>
            <imprint>
              <publisher>Alþingi</publisher>
            </imprint>
            <biblScope>
             <ref>http://althingi.is/altext/raeda/?lthing=49&amp;rnr=2795</ref>
            </biblScope>
          </monogr>
        </biblStruct>
      </sourceDesc>
    </fileDesc>
    <encodingDesc>
      <projectDesc>
        <p xml:lang="is">Sjá lýsingu á verkefninu í rmh2Hdr.xml.</p>
        <p xml:lang="en">See description of project in rmh2Hdr.xml.</p>
      </projectDesc>
      <tagsDecl>
        <namespace name="http://www.tei-c.org/ns/1.0">
          <tagUsage gi="text" occurs="1"/>
          <tagUsage gi="body" occurs="1"/>
          <tagUsage gi="div1" occurs="1"/>
          <tagUsage gi="p" occurs="12"/>
          <tagUsage gi="s" occurs="87"/>
          <tagUsage gi="w" occurs="1449"/>
          <tagUsage gi="c" occurs="0"/>
        </namespace>
      </tagsDecl>
    </encodingDesc>
  </teiHeader>
  <text>
    <body>
      <div1>
        <p n="1">
          <s n="1">
            <w lemma="Guðrún" type="nven-s">Guðrún</w>
            <w lemma="Lárusdóttir" type="nven-s">Lárusdóttir</w>
            <w lemma=":" type="pa">:</w>
          </s>
        </p>
        <p n="2">
          <s n="1">
            <w lemma="ég" type="fp1en">Ég</w>
            <w lemma="hafa" type="sfg1en">hefi</w>
            <w lemma="bera" type="sþghen">borið</w>
            <w lemma="fram" type="aa">fram</w>
            <w lemma="nokkur" type="fovfo">nokkrar</w>
            <w lemma="brtt" type="x">brtt</w>
            <w lemma="." type="pl">.</w>
          </s>
          <s n="2">
            <w lemma="við" type="af">við</w>
            <w lemma="frv." type="ks">frv.</w>
            <w lemma="," type="pk">,</w>
            <w lemma="og" type="c">og</w>
            <w lemma="vona" type="sfg1en">vona</w>
            <w lemma="ég" type="fp1en">ég</w>
            <w lemma="," type="pk">,</w>
            <w lemma="að" type="c">að</w>
            <w lemma="maður" type="nkfn">menn</w>
            <w lemma="falla" type="svm3fn">fallist</w>
            <w lemma="á" type="af">á</w>
            <w lemma="," type="pk">,</w>
            <w lemma="að" type="c">að</w>
            <w lemma="hún" type="fpvfn">þær</w>
            <w lemma="vera" type="svg3fn">séu</w>
            <w lemma="ekki" type="aa">ekki</w>
            <w lemma="óþarfur" type="lvfnsf">óþarfar</w>
            <w lemma="." type="pl">.</w>
          </s>
          <s n="3">
            <w lemma="snemma" type="aae">Fyrst</w>
            <w lemma="vera" type="sfg3fn">eru</w>
            <w lemma="allskonar" type="lhfnof">allskonar</w>
            <w lemma="búsáhald" type="nhfn">búsáhöld</w>
            <w lemma="og" type="c">og</w>
            <w lemma="eldhúsáhald" type="nhfn">eldhúsáhöld</w>
            <w lemma="." type="pl">.</w>
          </s>
          <s n="4">
            <w lemma="finna" type="sfm3en">Finnst</w>
            <w lemma="ég" type="fp1eþ">mér</w>
            <w lemma="óþarfi" type="nken">óþarfi</w>
            <w lemma="að" type="cn">að</w>
            <w lemma="vera" type="sng">vera</w>
            <w lemma="að" type="cn">að</w>
            <w lemma="auka" type="sng">auka</w>
            <w lemma="tollur" type="nkfo">tolla</w>
            <w lemma="á" type="af">á</w>
            <w lemma="þessi" type="fakfþ">þessum</w>
            <w lemma="hlutur" type="nkfþ">hlutum</w>
            <w lemma="." type="pl">.</w>
          </s>
          <s n="5">
            <w lemma="það" type="fpheo">Það</w>
            <w lemma="mega" type="sfg3en">má</w>
            <w lemma="reyndar" type="aa">reyndar</w>
            <w lemma="segja" type="sng">segja</w>
            <w lemma="," type="pk">,</w>
            <w lemma="að" type="c">að</w>
            <w lemma="nokkur" type="fohen">nokkuð</w>
            <w lemma="af" type="af">af</w>
            <w lemma="þessi" type="faheþ">þessu</w>
            <w lemma="mega" type="svg3en">megi</w>
            <w lemma="smíða" type="sng">smíða</w>
            <w lemma="hérlendis" type="aa">hérlendis</w>
            <w lemma="," type="pk">,</w>
            <w lemma="en" type="c">en</w>
            <w lemma="þó" type="aa">þó</w>
            <w lemma="að" type="c">að</w>
            <w lemma="svo" type="aa">svo</w>
            <w lemma="vera" type="svg3eþ">væri</w>
            <w lemma="," type="pk">,</w>
            <w lemma="munu" type="svg3eþ">myndi</w>
            <w lemma="hár" type="lkensf">hár</w>
            <w lemma="tolla" type="nvfn">tollur</w>
            <w lemma="verða" type="sng">verða</w>
            <w lemma="til" type="af">til</w>
            <w lemma="það" type="fphee">þess</w>
            <w lemma="að" type="cn">að</w>
            <w lemma="halda" type="sng">halda</w>
            <w lemma="uppi" type="aa">uppi</w>
            <w lemma="verð" type="nheþg">verðinu</w>
            <w lemma="innanlands" type="aa">innanlands</w>
            <w lemma="." type="pl">.</w>
          </s>
          <s n="6">
            <w lemma="hér" type="aa">Hér</w>
            <w lemma="vera" type="sfg3en">er</w>
            <w lemma="um" type="af">um</w>
            <w lemma="vara" type="nvfo">vörur</w>
            <w lemma="að" type="cn">að</w>
            <w lemma="ræða" type="sng">ræða</w>
            <w lemma="," type="pk">,</w>
            <w lemma="sem" type="ct">sem</w>
            <w lemma="maður" type="nkfn">menn</w>
            <w lemma="vera" type="sfg3fn">eru</w>
            <w lemma="koma" type="sþgkfn">komnir</w>
            <w lemma="upp" type="aa">upp</w>
            <w lemma="á" type="af">á</w>
            <w lemma="að" type="cn">að</w>
            <w lemma="nota" type="sng">nota</w>
            <w lemma="og" type="c">og</w>
            <w lemma="geta" type="sfg3fn">geta</w>
            <w lemma="ekki" type="aa">ekki</w>
            <w lemma="vera" type="sþghen">verið</w>
            <w lemma="án" type="aa">án</w>
            <w lemma="," type="pk">,</w>
            <w lemma="og" type="c">og</w>
            <w lemma="vera" type="sfg3en">er</w>
            <w lemma="eftir" type="af">eftir</w>
            <w lemma="lítill" type="lheþsf">litlu</w>
            <w lemma="að" type="cn">að</w>
            <w lemma="seilast" type="snm">seilast</w>
            <w lemma="," type="pk">,</w>
            <w lemma="ef" type="c">ef</w>
            <w lemma="fara" type="sng">fara</w>
            <w lemma="eiga" type="sfg3en">á</w>
            <w lemma="að" type="cn">að</w>
            <w lemma="hækka" type="sng">hækka</w>
            <w lemma="tollur" type="nkfo">tolla</w>
            <w lemma="á" type="af">á</w>
            <w lemma="hann" type="fpkfþ">þeim</w>
            <w lemma="." type="pl">.</w>
          </s>
          <s n="7">
            <w lemma="þá" type="aa">Þá</w>
            <w lemma="vera" type="sfg3fn">eru</w>
            <w lemma="nefna" type="sþgvfn">nefndar</w>
            <w lemma="greiður" type="lvfnsf">greiður</w>
            <w lemma="," type="pk">,</w>
            <w lemma="og" type="c">og</w>
            <w lemma="búa" type="sfm1en">býst</w>
            <w lemma="ég" type="fp1en">ég</w>
            <w lemma="við" type="aa">við</w>
            <w lemma="," type="pk">,</w>
            <w lemma="að" type="c">að</w>
            <w lemma="eiga" type="sþghen">átt</w>
            <w lemma="vera" type="svg3en">sé</w>
            <w lemma="við" type="af">við</w>
            <w lemma="hárgreiða" type="nvfo">hárgreiður</w>
            <w lemma="." type="pl">.</w>
          </s>
          <s n="8">
            <w lemma="enda" type="aa">Enda</w>
            <w lemma="þótt" type="c">þótt</w>
            <w lemma="kvenfólk" type="nhen">kvenfólk</w>
            <w lemma="vera" type="svg3en">sé</w>
            <w lemma="nú" type="aa">nú</w>
            <w lemma="fara" type="sþghen">farið</w>
            <w lemma="að" type="cn">að</w>
            <w lemma="klippa" type="sng">klippa</w>
            <w lemma="af" type="af">af</w>
            <w lemma="sig" type="fpheþ">sér</w>
            <w lemma="hár" type="nheog">hárið</w>
            <w lemma="og" type="c">og</w>
            <w lemma="margur" type="lkfnsf">margir</w>
            <w lemma="karl" type="nkfn">karlar</w>
            <w lemma="vera" type="svg3fn">séu</w>
            <w lemma="sköllóttur" type="lkfnsf">sköllóttir</w>
            <w lemma="," type="pk">,</w>
            <w lemma="halda" type="sfg1en">held</w>
            <w lemma="ég" type="fp1en">ég</w>
            <w lemma="," type="pk">,</w>
            <w lemma="að" type="c">að</w>
            <w lemma="greiða" type="nvfn">greiður</w>
            <w lemma="verða" type="svg3fn">verði</w>
            <w lemma="að" type="cn">að</w>
            <w lemma="telja" type="snm">teljast</w>
            <w lemma="með" type="af">með</w>
            <w lemma="nauðsynlegur" type="lkfþsf">nauðsynlegum</w>
            <w lemma="hlutur" type="nkfþ">hlutum</w>
            <w lemma="." type="pl">.</w>
          </s>
        </p>
        <p n="3">
          <s n="1">
            <w lemma="þá" type="aa">Þá</w>
            <w lemma="koma" type="sfg1en">kem</w>
            <w lemma="ég" type="fp1en">ég</w>
            <w lemma="að" type="af">að</w>
            <w lemma="kaffi" type="nheþg">kaffinu</w>
            <w lemma="." type="pl">.</w>
          </s>
          <s n="2">
            <w lemma="ég" type="fp1en">Ég</w>
            <w lemma="skilja" type="sfg1en">skil</w>
            <w lemma="ekki" type="aa">ekki</w>
            <w lemma="," type="pk">,</w>
            <w lemma="hvernig" type="aa">hvernig</w>
            <w lemma="maður" type="nkfþ">mönnum</w>
            <w lemma="detta" type="sfg3en">dettur</w>
            <w lemma="í" type="af">í</w>
            <w lemma="hugur" type="nkeo">hug</w>
            <w lemma="að" type="cn">að</w>
            <w lemma="fara" type="sng">fara</w>
            <w lemma="að" type="cn">að</w>
            <w lemma="auka" type="sng">auka</w>
            <w lemma="tollur" type="nkeog">tollinn</w>
            <w lemma="á" type="af">á</w>
            <w lemma="þessi" type="faveþ">þessari</w>
            <w lemma="vara" type="nveþ">vöru</w>
            <w lemma="," type="pk">,</w>
            <w lemma="sem" type="ct">sem</w>
            <w lemma="fólk" type="nhen">fólk</w>
            <w lemma="geta" type="sfg3en">getur</w>
            <w lemma="allur" type="fohee">alls</w>
            <w lemma="ekki" type="aa">ekki</w>
            <w lemma="án" type="aa">án</w>
            <w lemma="vera" type="sþghen">verið</w>
            <w lemma="nú" type="aa">nú</w>
            <w lemma="á" type="af">á</w>
            <w lemma="tími" type="nkfþ">tímum</w>
            <w lemma="." type="pl">.</w>
          </s>
          <s n="3">
            <w lemma="það" type="fphen">Það</w>
            <w lemma="vera" type="sfg3en">er</w>
            <w lemma="ekki" type="aa">ekki</w>
            <w lemma="til" type="af">til</w>
            <w lemma="neinn" type="fohee">neins</w>
            <w lemma="að" type="cn">að</w>
            <w lemma="segja" type="sng">segja</w>
            <w lemma="," type="pk">,</w>
            <w lemma="að" type="c">að</w>
            <w lemma="mjólk" type="nven">mjólk</w>
            <w lemma="geta" type="svg3en">geti</w>
            <w lemma="koma" type="sþghen">komið</w>
            <w lemma="í" type="af">í</w>
            <w lemma="staður" type="nkeog">staðinn</w>
            <w lemma="fyrir" type="af">fyrir</w>
            <w lemma="kaffi" type="nheo">kaffi</w>
            <w lemma="a" type="x">a</w>
            <w lemma="." type="pl">.</w>
          </s>
          <s n="4">
            <w lemma="m." type="ks">m.</w>
            <w lemma="k." type="ks">k.</w>
            <w lemma="ekki" type="aa">ekki</w>
            <w lemma="í" type="af">í</w>
            <w lemma="kaupstaður" type="nkfþg">kaupstöðunum</w>
            <w lemma="." type="pl">.</w>
          </s>
          <s n="5">
            <w lemma="til" type="af">Til</w>
            <w lemma="það" type="fphee">þess</w>
            <w lemma="vera" type="sfg3en">er</w>
            <w lemma="mjólk" type="nveng">mjólkin</w>
            <w lemma="þar" type="aa">þar</w>
            <w lemma="allur" type="fohen">allt</w>
            <w lemma="of" type="aa">of</w>
            <w lemma="dýr" type="lvensf">dýr</w>
            <w lemma="vara" type="nven">vara</w>
            <w lemma="." type="pl">.</w>
          </s>
          <s n="6">
            <w lemma="kaffi" type="nheng">Kaffið</w>
            <w lemma="vera" type="sfg3en">er</w>
            <w lemma="nú" type="aa">nú</w>
            <w lemma="verða" type="sþghen">orðið</w>
            <w lemma="einskonar" type="lkenof">einskonar</w>
            <w lemma="þjóðardrykkur" type="nken">þjóðardrykkur</w>
            <w lemma="hjá" type="af">hjá</w>
            <w lemma="ég" type="fp1fþ">okkur</w>
            <w lemma="Íslendingur" type="nkfþ-s">Íslendingum</w>
            <w lemma="," type="pk">,</w>
            <w lemma="og" type="c">og</w>
            <w lemma="nærri" type="af">nærri</w>
            <w lemma="það" type="fpheþ">því</w>
            <w lemma="sá" type="fahen">það</w>
            <w lemma="einn" type="lhenvf">eina</w>
            <w lemma="," type="pk">,</w>
            <w lemma="sem" type="ct">sem</w>
            <w lemma="heimili" type="nhfng">heimilin</w>
            <w lemma="hafa" type="sfg3fn">hafa</w>
            <w lemma="sig" type="fpkfþ">sér</w>
            <w lemma="til" type="af">til</w>
            <w lemma="hátíðabrigði" type="nhee">hátíðabrigðis</w>
            <w lemma="og" type="c">og</w>
            <w lemma="hressing" type="nvee">hressingar</w>
            <w lemma="." type="pl">.</w>
          </s>
        </p>
        <p n="4">
          <s n="1">
            <w lemma="þá" type="aa">Þá</w>
            <w lemma="halda" type="sfg1en">held</w>
            <w lemma="ég" type="fp1en">ég</w>
            <w lemma="," type="pk">,</w>
            <w lemma="að" type="c">að</w>
            <w lemma="ennþá" type="aa">ennþá</w>
            <w lemma="bera" type="svg3en">beri</w>
            <w lemma="að" type="cn">að</w>
            <w lemma="telja" type="sng">telja</w>
            <w lemma="olíulampi" type="nkfo">olíulampa</w>
            <w lemma="til" type="af">til</w>
            <w lemma="nauðsyn" type="nvfe">nauðsynja</w>
            <w lemma="." type="pl">.</w>
          </s>
          <s n="2">
            <w lemma="ef" type="c">Ef</w>
            <w lemma="rafmagn" type="nhen">rafmagn</w>
            <w lemma="vera" type="svg3eþ">væri</w>
            <w lemma="verða" type="sþghen">orðið</w>
            <w lemma="svo" type="aa">svo</w>
            <w lemma="algengur" type="lhensf">algengt</w>
            <w lemma="hér" type="aa">hér</w>
            <w lemma="á" type="af">á</w>
            <w lemma="land" type="nheþ">landi</w>
            <w lemma="," type="pk">,</w>
            <w lemma="að" type="c">að</w>
            <w lemma="olíulampi" type="nkfn">olíulampar</w>
            <w lemma="vera" type="svg3fþ">væru</w>
            <w lemma="óþarfur" type="lkfnsf">óþarfir</w>
            <w lemma="," type="pk">,</w>
            <w lemma="þá" type="aa">þá</w>
            <w lemma="vera" type="svg3eþ">væri</w>
            <w lemma="enginn" type="fohen">ekkert</w>
            <w lemma="við" type="af">við</w>
            <w lemma="ness" type="nkfþ">nessum</w>
            <w lemma="tolli" type="nken">tolli</w>
            <w lemma="að" type="cn">að</w>
            <w lemma="segja" type="sng">segja</w>
            <w lemma="." type="pl">.</w>
          </s>
          <s n="3">
            <w lemma="en" type="c">En</w>
            <w lemma="svo" type="aa">svo</w>
            <w lemma="vera" type="sfg3en">er</w>
            <w lemma="ekki" type="aa">ekki</w>
            <w lemma="." type="pl">.</w>
          </s>
          <s n="4">
            <w lemma="reyndar" type="aa">Reyndar</w>
            <w lemma="mega" type="sfg3en">má</w>
            <w lemma="segja" type="sng">segja</w>
            <w lemma="," type="pk">,</w>
            <w lemma="að" type="c">að</w>
            <w lemma="þessi" type="faken">þessi</w>
            <w lemma="tollur" type="nken">tollur</w>
            <w lemma="vera" type="svg3en">sé</w>
            <w lemma="ekki" type="aa">ekki</w>
            <w lemma="ýkjahár" type="lkensf">ýkjahár</w>
            <w lemma="," type="pk">,</w>
            <w lemma="en" type="c">en</w>
            <w lemma="góður" type="lhenvm">betra</w>
            <w lemma="vera" type="svg3eþ">væri</w>
            <w lemma="þó" type="aa">þó</w>
            <w lemma="að" type="cn">að</w>
            <w lemma="hafa" type="sng">hafa</w>
            <w lemma="hann" type="fpkeo">hann</w>
            <w lemma="enginn" type="fokeo">engan</w>
            <w lemma="," type="pk">,</w>
            <w lemma="og" type="c">og</w>
            <w lemma="óviðfelldinn" type="lhensf">óviðfelldið</w>
            <w lemma="að" type="cn">að</w>
            <w lemma="auka" type="sng">auka</w>
            <w lemma="verð" type="nheo">verð</w>
            <w lemma="á" type="af">á</w>
            <w lemma="jafnnauðsynlegur" type="lkeþsf">jafnnauðsynlegum</w>
            <w lemma="varningur" type="nkeþ">varningi</w>
            <w lemma="." type="pl">.</w>
          </s>
        </p>
        <p n="5">
          <s n="1">
            <w lemma="þá" type="aa">Þá</w>
            <w lemma="vera" type="sfg3en">er</w>
            <w lemma="stívelsi" type="nheng">stívelsið</w>
            <w lemma="." type="pl">.</w>
          </s>
          <s n="2">
            <w lemma="ég" type="fp1en">Ég</w>
            <w lemma="vita" type="sfg1en">veit</w>
            <w lemma="ekki" type="aa">ekki</w>
            <w lemma="," type="pk">,</w>
            <w lemma="hvort" type="c">hvort</w>
            <w lemma="efnagerð" type="nvfn">efnagerðir</w>
            <w lemma="hér" type="aa">hér</w>
            <w lemma="framleiða" type="sfg3fn">framleiða</w>
            <w lemma="það" type="fpheo">það</w>
            <w lemma="." type="pl">.</w>
          </s>
          <s n="3">
            <w lemma="en" type="c">En</w>
            <w lemma="það" type="fphen">það</w>
            <w lemma="vera" type="sfg3en">er</w>
            <w lemma="varningur" type="nken">varningur</w>
            <w lemma="til" type="af">til</w>
            <w lemma="iðnaður" type="nkee">iðnaðar</w>
            <w lemma="." type="pl">.</w>
          </s>
          <s n="4">
            <w lemma="hafa" type="sfg3fn">Hafa</w>
            <w lemma="allmargur" type="lvfnsf">allmargar</w>
            <w lemma="stúlka" type="nvfn">stúlkur</w>
            <w lemma="atvinna" type="nveo">atvinnu</w>
            <w lemma="af" type="af">af</w>
            <w lemma="það" type="fpheþ">því</w>
            <w lemma="að" type="cn">að</w>
            <w lemma="stífa" type="sng">stífa</w>
            <w lemma="og" type="c">og</w>
            <w lemma="sterkja" type="sng">sterkja</w>
            <w lemma="lín" type="nheo">lín</w>
            <w lemma="," type="pk">,</w>
            <w lemma="og" type="c">og</w>
            <w lemma="hún" type="fpvfn">þær</w>
            <w lemma="þurfa" type="sfg3fn">þurfa</w>
            <w lemma="á" type="af">á</w>
            <w lemma="þessi" type="fakeþ">þessum</w>
            <w lemma="varningur" type="nkeþ">varningi</w>
            <w lemma="að" type="cn">að</w>
            <w lemma="halda" type="sng">halda</w>
            <w lemma="." type="pl">.</w>
          </s>
          <s n="5">
            <w lemma="þessi" type="fahen">Þetta</w>
            <w lemma="vera" type="sfg3en">er</w>
            <w lemma="auk" type="af">auk</w>
            <w lemma="það" type="fphee">þess</w>
            <w lemma="dýr" type="lhensf">dýrt</w>
            <w lemma="efni" type="nhen">efni</w>
            <w lemma="." type="pl">.</w>
          </s>
          <s n="6">
            <w lemma="straukonur" type="nkfn">Straukonur</w>
            <w lemma="segja" type="sfg3fn">segja</w>
            <w lemma="ég" type="fp1eþ">mér</w>
            <w lemma="," type="pk">,</w>
            <w lemma="að" type="c">að</w>
            <w lemma="hún" type="fpvfn">þær</w>
            <w lemma="þurfa" type="svg3fn">þurfi</w>
            <w lemma="að" type="cn">að</w>
            <w lemma="nota" type="sng">nota</w>
            <w lemma="allmikið" type="aa">allmikið</w>
            <w lemma="af" type="af">af</w>
            <w lemma="þessi" type="faveþ">þessari</w>
            <w lemma="vara" type="nveþ">vöru</w>
            <w lemma="." type="pl">.</w>
          </s>
          <s n="7">
            <w lemma="sami" type="fbhen">Sama</w>
            <w lemma="vera" type="sfg3en">er</w>
            <w lemma="að" type="cn">að</w>
            <w lemma="segja" type="sng">segja</w>
            <w lemma="um" type="af">um</w>
            <w lemma="straujárn" type="nheo">straujárn</w>
            <w lemma="." type="pl">.</w>
          </s>
          <s n="8">
            <w lemma="þó" type="aa">Þó</w>
            <w lemma="að" type="c">að</w>
            <w lemma="sumstaðar" type="aa">sumstaðar</w>
            <w lemma="vera" type="svg3en">sé</w>
            <w lemma="hægur" type="lhensf">hægt</w>
            <w lemma="að" type="cn">að</w>
            <w lemma="nota" type="sng">nota</w>
            <w lemma="rafmagnsjárn" type="nveo">rafmagnsjárn</w>
            <w lemma="," type="pk">,</w>
            <w lemma="verða" type="sfg3fn">verða</w>
            <w lemma="maður" type="nkfn">menn</w>
            <w lemma="samt" type="aa">samt</w>
            <w lemma="víða" type="aa">víða</w>
            <w lemma="enn" type="aa">enn</w>
            <w lemma="að" type="cn">að</w>
            <w lemma="nota" type="snm">notast</w>
            <w lemma="við" type="af">við</w>
            <w lemma="tungujárn" type="nhfog">tungujárnin</w>
            <w lemma="gamall" type="lhfovf">gömlu</w>
            <w lemma="," type="pk">,</w>
            <w lemma="eða" type="c">eða</w>
            <w lemma="þá" type="aa">þá</w>
            <w lemma="pönnujárn" type="x">pönnujárn</w>
            <w lemma="." type="pl">.</w>
          </s>
          <s n="9">
            <w lemma="því" type="aa">Því</w>
            <w lemma="stinga" type="sfg1en">sting</w>
            <w lemma="ég" type="fp1en">ég</w>
            <w lemma="upp" type="aa">upp</w>
            <w lemma="á" type="af">á</w>
            <w lemma="," type="pk">,</w>
            <w lemma="að" type="c">að</w>
            <w lemma="þessi" type="fakfn">þessir</w>
            <w lemma="hlutur" type="nkfn">hlutir</w>
            <w lemma="verða" type="svg3fn">verði</w>
            <w lemma="ekki" type="aa">ekki</w>
            <w lemma="tolla" type="sþgkfn">tollaðir</w>
            <w lemma="mjög" type="aam">meira</w>
            <w lemma="en" type="c">en</w>
            <w lemma="verða" type="sþghen">orðið</w>
            <w lemma="vera" type="sfg3en">er</w>
            <w lemma="." type="pl">.</w>
          </s>
        </p>
        <p n="6">
          <s n="1">
            <w lemma="þá" type="aa">Þá</w>
            <w lemma="halda" type="sfg1en">held</w>
            <w lemma="ég" type="fp1en">ég</w>
            <w lemma="," type="pk">,</w>
            <w lemma="að" type="cn">að</w>
            <w lemma="telja" type="sng">telja</w>
            <w lemma="verða" type="svg3en">verði</w>
            <w lemma="sykur" type="nken">sykur</w>
            <w lemma="svo" type="aa">svo</w>
            <w lemma="mikill" type="lveosf">mikla</w>
            <w lemma="nauðsynjavara" type="nvee">nauðsynjavöru</w>
            <w lemma="," type="pk">,</w>
            <w lemma="að" type="c">að</w>
            <w lemma="óhætt" type="lhensf">óhætt</w>
            <w lemma="vera" type="svg3en">sé</w>
            <w lemma="að" type="cn">að</w>
            <w lemma="segja" type="sng">segja</w>
            <w lemma="," type="pk">,</w>
            <w lemma="að" type="c">að</w>
            <w lemma="enginn" type="fohen">ekkert</w>
            <w lemma="heimili" type="nhen">heimili</w>
            <w lemma="geta" type="svg3en">geti</w>
            <w lemma="án" type="af">án</w>
            <w lemma="sá" type="favee">þeirrar</w>
            <w lemma="vara" type="nvee">vöru</w>
            <w lemma="vera" type="sþghen">verið</w>
            <w lemma="." type="pl">.</w>
          </s>
        </p>
        <p n="7">
          <s n="1">
            <w lemma="um" type="af">Um</w>
            <w lemma="tauvinda" type="nveo">tauvindu</w>
            <w lemma="vera" type="sfg3en">er</w>
            <w lemma="sami" type="fbhen">sama</w>
            <w lemma="að" type="cn">að</w>
            <w lemma="segja" type="sng">segja</w>
            <w lemma="og" type="c">og</w>
            <w lemma="um" type="af">um</w>
            <w lemma="straujárn" type="nhfo">straujárn</w>
            <w lemma="," type="pk">,</w>
            <w lemma="að" type="c">að</w>
            <w lemma="allur" type="fovfn">allar</w>
            <w lemma="þvottakona" type="nvfn">þvottakonur</w>
            <w lemma="þurfa" type="sfg3fn">þurfa</w>
            <w lemma="á" type="af">á</w>
            <w lemma="hún" type="fpvfþ">þeim</w>
            <w lemma="að" type="cn">að</w>
            <w lemma="halda" type="sng">halda</w>
            <w lemma="." type="pl">.</w>
          </s>
          <s n="2">
            <w lemma="auk" type="af">Auk</w>
            <w lemma="það" type="fphee">þess</w>
            <w lemma="gera" type="sfg3fn">gera</w>
            <w lemma="vinda" type="nvfng">vindurnar</w>
            <w lemma="mikill" type="lheosf">mikið</w>
            <w lemma="gagn" type="nheo">gagn</w>
            <w lemma="með" type="af">með</w>
            <w lemma="það" type="fpheþ">því</w>
            <w lemma="að" type="cn">að</w>
            <w lemma="spara" type="sng">spara</w>
            <w lemma="slit" type="nhfo">slit</w>
            <w lemma="á" type="af">á</w>
            <w lemma="þvottur" type="nkeþg">þvottinum</w>
            <w lemma="." type="pl">.</w>
          </s>
          <s n="3">
            <w lemma="sá" type="fahen">Það</w>
            <w lemma="," type="pk">,</w>
            <w lemma="sem" type="ct">sem</w>
            <w lemma="vinda" type="sþghen">undið</w>
            <w lemma="vera" type="sfg3en">er</w>
            <w lemma="í" type="af">í</w>
            <w lemma="tauvinda" type="nveþ">tauvindu</w>
            <w lemma="," type="pk">,</w>
            <w lemma="slitna" type="sfg3en">slitnar</w>
            <w lemma="ekki" type="aa">ekki</w>
            <w lemma="eins" type="aa">eins</w>
            <w lemma="illa" type="aa">illa</w>
            <w lemma="og" type="c">og</w>
            <w lemma="sá" type="faheo">það</w>
            <w lemma="," type="pk">,</w>
            <w lemma="sem" type="ct">sem</w>
            <w lemma="undir" type="aa">undir</w>
            <w lemma="vera" type="sfg3en">er</w>
            <w lemma="í" type="af">í</w>
            <w lemma="hönd" type="nvfþg">höndunum</w>
            <w lemma="." type="pl">.</w>
          </s>
          <s n="4">
            <w lemma="en" type="c">En</w>
            <w lemma="það" type="fphen">það</w>
            <w lemma="vera" type="sfg3en">er</w>
            <w lemma="ekki" type="aa">ekki</w>
            <w lemma="von" type="nven">von</w>
            <w lemma="," type="pk">,</w>
            <w lemma="að" type="c">að</w>
            <w lemma="karlmaður" type="nkfn">karlmenn</w>
            <w lemma="vita" type="svg3fn">viti</w>
            <w lemma="þessi" type="faheo">þetta</w>
            <w lemma="almennt" type="aa">almennt</w>
            <w lemma="." type="pl">.</w>
          </s>
          <s n="5">
            <w lemma="svipaður" type="lhensf">Svipað</w>
            <w lemma="vera" type="sfg3en">er</w>
            <w lemma="að" type="cn">að</w>
            <w lemma="segja" type="sng">segja</w>
            <w lemma="um" type="af">um</w>
            <w lemma="þvottabretti" type="nheo">þvottabretti</w>
            <w lemma="og" type="c">og</w>
            <w lemma="þvottaefni" type="nheo">þvottaefni</w>
            <w lemma="." type="pl">.</w>
          </s>
          <s n="6">
            <w lemma="þessi" type="fahen">Þetta</w>
            <w lemma="vera" type="sfg3fn">eru</w>
            <w lemma="allur" type="fohen">allt</w>
            <w lemma="nauðsyn" type="nvfn">nauðsynjar</w>
            <w lemma="til" type="af">til</w>
            <w lemma="daglegur" type="lveesf">daglegrar</w>
            <w lemma="iðja" type="nvee">iðju</w>
            <w lemma="og" type="c">og</w>
            <w lemma="hreinlætisnoti" type="nkfe">hreinlætisnota</w>
            <w lemma="." type="pl">.</w>
          </s>
          <s n="7">
            <w lemma="hér" type="aa">Hér</w>
            <w lemma="í" type="af">í</w>
            <w lemma="bær" type="nkeþ">bæ</w>
            <w lemma="vera" type="sfg3en">er</w>
            <w lemma="stétt" type="nven">stétt</w>
            <w lemma="kona" type="nvfe">kvenna</w>
            <w lemma="," type="pk">,</w>
            <w lemma="sem" type="ct">sem</w>
            <w lemma="líf" type="nvfn">lífir</w>
            <w lemma="á" type="af">á</w>
            <w lemma="það" type="fpheþ">því</w>
            <w lemma="að" type="cn">að</w>
            <w lemma="þvo" type="sng">þvo</w>
            <w lemma="þvottur" type="nkfo">þvotta</w>
            <w lemma="," type="pk">,</w>
            <w lemma="og" type="c">og</w>
            <w lemma="finna" type="sfm3en">finnst</w>
            <w lemma="ég" type="fp1eþ">mér</w>
            <w lemma="ekki" type="aa">ekki</w>
            <w lemma="réttur" type="lhensf">rétt</w>
            <w lemma="að" type="cn">að</w>
            <w lemma="seilast" type="snm">seilast</w>
            <w lemma="eftir" type="af">eftir</w>
            <w lemma="lífsviðurværi" type="nheþ">lífsviðurværi</w>
            <w lemma="hann" type="fpkfe">þeirra</w>
            <w lemma="," type="pk">,</w>
            <w lemma="með" type="af">með</w>
            <w lemma="sá" type="faheþ">því</w>
            <w lemma="mót" type="nheþ">móti</w>
            <w lemma="að" type="cn">að</w>
            <w lemma="auka" type="sng">auka</w>
            <w lemma="verð" type="nheo">verð</w>
            <w lemma="vara" type="nveeg">vörunnar</w>
            <w lemma="," type="pk">,</w>
            <w lemma="er" type="c">er</w>
            <w lemma="hún" type="fpvfn">þær</w>
            <w lemma="þurfa" type="sfg3fn">þurfa</w>
            <w lemma="svo" type="aa">svo</w>
            <w lemma="mjög" type="aa">mjög</w>
            <w lemma="að" type="cn">að</w>
            <w lemma="nota" type="sng">nota</w>
            <w lemma="til" type="af">til</w>
            <w lemma="starf" type="nhfe">starfa</w>
            <w lemma="sinn" type="fehfe">sinna</w>
            <w lemma="." type="pl">.</w>
          </s>
        </p>
        <p n="8">
          <s n="1">
            <w lemma="þá" type="aa">Þá</w>
            <w lemma="vera" type="sfg3en">er</w>
            <w lemma="hér" type="aa">hér</w>
            <w lemma="telja" type="sþghen">talið</w>
            <w lemma="tau" type="nhen">tau</w>
            <w lemma="og" type="c">og</w>
            <w lemma="tvinni" type="nhen">tvinni</w>
            <w lemma="," type="pk">,</w>
            <w lemma="band" type="nhen">band</w>
            <w lemma="og" type="c">og</w>
            <w lemma="garn" type="nhen">garn</w>
            <w lemma="." type="pl">.</w>
          </s>
          <s n="2">
            <w lemma="ég" type="fp1en">Ég</w>
            <w lemma="skilja" type="sfg1en">skil</w>
            <w lemma="ekki" type="aa">ekki</w>
            <w lemma="," type="pk">,</w>
            <w lemma="hví" type="aa">hví</w>
            <w lemma="maður" type="nkfþ">mönnum</w>
            <w lemma="vera" type="sfg3en">er</w>
            <w lemma="svo" type="aa">svo</w>
            <w lemma="uppsigað" type="lhensf">uppsigað</w>
            <w lemma="við" type="af">við</w>
            <w lemma="tvinni" type="nkeog">tvinnann</w>
            <w lemma="." type="pl">.</w>
          </s>
          <s n="3">
            <w lemma="hann" type="fpken">Hann</w>
            <w lemma="vera" type="sfg3en">er</w>
            <w lemma="sem" type="c">sem</w>
            <w lemma="vera" type="svg3en">sé</w>
            <w lemma="nefna" type="sþgken">nefndur</w>
            <w lemma="tvisvar" type="aa">tvisvar</w>
            <w lemma="í" type="af">í</w>
            <w lemma="frv" type="n-eþ">frv</w>
            <w lemma="." type="pl">.</w>
          </s>
          <s n="4">
            <w lemma="en" type="c">En</w>
            <w lemma="það" type="fphen">það</w>
            <w lemma="vera" type="sfg3en">er</w>
            <w lemma="um" type="af">um</w>
            <w lemma="tvinni" type="nkeog">tvinnann</w>
            <w lemma="að" type="cn">að</w>
            <w lemma="segja" type="sng">segja</w>
            <w lemma="," type="pk">,</w>
            <w lemma="að" type="c">að</w>
            <w lemma="án" type="af">án</w>
            <w lemma="hann" type="fpkee">hans</w>
            <w lemma="koma" type="sfm3en">kemst</w>
            <w lemma="enginn" type="fohen">ekkert</w>
            <w lemma="heimili" type="nheo">heimili</w>
            <w lemma="af" type="aa">af</w>
            <w lemma="," type="pk">,</w>
            <w lemma="hvort" type="c">hvort</w>
            <w lemma="gjarnan" type="aam">heldur</w>
            <w lemma="það" type="fphen">það</w>
            <w lemma="vera" type="sfg3en">er</w>
            <w lemma="efna" type="sþghen">efnað</w>
            <w lemma="eða" type="c">eða</w>
            <w lemma="efnalaus" type="lhensf">efnalaust</w>
            <w lemma="." type="pl">.</w>
          </s>
          <s n="5">
            <w lemma="sá" type="faven">Sú</w>
            <w lemma="tíð" type="nven">tíð</w>
            <w lemma="koma" type="sfg3en">kemur</w>
            <w lemma="ekki" type="aa">ekki</w>
            <w lemma="aftur" type="aa">aftur</w>
            <w lemma="," type="pk">,</w>
            <w lemma="að" type="c">að</w>
            <w lemma="kona" type="nvfn">konur</w>
            <w lemma="spinna" type="svg3fn">spinni</w>
            <w lemma="saumþráður" type="nkeo">saumþráð</w>
            <w lemma="," type="pk">,</w>
            <w lemma="enda" type="c">enda</w>
            <w lemma="vera" type="svg3eþ">væri</w>
            <w lemma="ekki" type="aa">ekki</w>
            <w lemma="hægur" type="lhensf">hægt</w>
            <w lemma="að" type="cn">að</w>
            <w lemma="nota" type="sng">nota</w>
            <w lemma="slíkur" type="fbkeo">slíkan</w>
            <w lemma="þráður" type="nkeo">þráð</w>
            <w lemma="á" type="af">á</w>
            <w lemma="saumavél" type="nvfo">saumavélar</w>
            <w lemma="." type="pl">.</w>
          </s>
          <s n="6">
            <w lemma="annars" type="aa">Annars</w>
            <w lemma="geta" type="sfg1en">get</w>
            <w lemma="ég" type="fp1en">ég</w>
            <w lemma="hryggzt" type="sþmhen">hryggzt</w>
            <w lemma="yfir" type="af">yfir</w>
            <w lemma="það" type="fpheþ">því</w>
            <w lemma="," type="pk">,</w>
            <w lemma="að" type="c">að</w>
            <w lemma="hætta" type="sþghen">hætt</w>
            <w lemma="skulu" type="svg3en">skuli</w>
            <w lemma="vera" type="sng">vera</w>
            <w lemma="að" type="cn">að</w>
            <w lemma="spinna" type="sng">spinna</w>
            <w lemma="þráður" type="nkeo">þráð</w>
            <w lemma=";" type="pk">;</w>
            <w lemma="það" type="fphen">það</w>
            <w lemma="vera" type="sfg3eþ">var</w>
            <w lemma="verulegur" type="lvensf">veruleg</w>
            <w lemma="list" type="nven">list</w>
            <w lemma="." type="pl">.</w>
          </s>
          <s n="7">
            <w lemma="en" type="c">En</w>
            <w lemma="eins" type="aa">eins</w>
            <w lemma="og" type="c">og</w>
            <w lemma="nú" type="aa">nú</w>
            <w lemma="vera" type="sfg3en">er</w>
            <w lemma="koma" type="sþghen">komið</w>
            <w lemma="," type="pk">,</w>
            <w lemma="vera" type="sfg3en">er</w>
            <w lemma="tvinni" type="nkeng">tvinninn</w>
            <w lemma="verða" type="sþgken">orðinn</w>
            <w lemma="ég" type="fp1fþ">okkur</w>
            <w lemma="ómissandi" type="lkenof">ómissandi</w>
            <w lemma="til" type="af">til</w>
            <w lemma="að" type="cn">að</w>
            <w lemma="viðhalda" type="sng">viðhalda</w>
            <w lemma="föt" type="nhfþ">fötum</w>
            <w lemma="og" type="c">og</w>
            <w lemma="sauma" type="sng">sauma</w>
            <w lemma="föt" type="nhfo">föt</w>
            <w lemma="." type="pl">.</w>
          </s>
          <s n="8">
            <w lemma="ég" type="fp1en">Ég</w>
            <w lemma="búa" type="sfm1en">býst</w>
            <w lemma="ekki" type="aa">ekki</w>
            <w lemma="við" type="aa">við</w>
            <w lemma="," type="pk">,</w>
            <w lemma="að" type="c">að</w>
            <w lemma="hv." type="ks">hv.</w>
            <w lemma="þdm" type="x">þdm</w>
            <w lemma="." type="pl">.</w>
          </s>
          <s n="9">
            <w lemma="vit" type="nheþ">viti</w>
            <w lemma="," type="pk">,</w>
            <w lemma="að" type="c">að</w>
            <w lemma="einn" type="tfhen">eitt</w>
            <w lemma="tvinnakefli" type="nhen">tvinnakefli</w>
            <w lemma="kosta" type="sfg3en">kostar</w>
            <w lemma="25" type="ta">25</w>
            <w lemma="–" type="au">–</w>
            <w lemma="30" type="ta">30</w>
            <w lemma="aur" type="nkfo">aura</w>
            <w lemma="," type="pk">,</w>
            <w lemma="svo" type="aa">svo</w>
            <w lemma="lítill" type="lhensf">lítið</w>
            <w lemma="sem" type="ct">sem</w>
            <w lemma="á" type="af">á</w>
            <w lemma="það" type="fpheþ">því</w>
            <w lemma="vera" type="sfg3en">er</w>
            <w lemma="(" type="pa">(</w>
            <w lemma="150" type="ta">150</w>
            <w lemma="–" type="ks">–</w>
            <w lemma="200" type="ta">200</w>
            <w lemma="yard" type="nkee">yards</w>
            <w lemma=")" type="pa">)</w>
            <w lemma="." type="pl">.</w>
          </s>
          <s n="10">
            <w lemma="þessi" type="fahen">Þetta</w>
            <w lemma="muna" type="sfg3en">munar</w>
            <w lemma="þar" type="aa">þar</w>
            <w lemma="að" type="aa">að</w>
            <w lemma="auki" type="aa">auki</w>
            <w lemma="svo" type="aa">svo</w>
            <w lemma="lítill" type="lheþsf">litlu</w>
            <w lemma="fyrir" type="af">fyrir</w>
            <w lemma="ríkissjóður" type="nkeog">ríkissjóðinn</w>
            <w lemma="," type="pk">,</w>
            <w lemma="en" type="c">en</w>
            <w lemma="fátækur" type="lvfnsf">fátækar</w>
            <w lemma="kona" type="nvfn">konur</w>
            <w lemma="muna" type="sfg3en">munar</w>
            <w lemma="mikið" type="aa">mikið</w>
            <w lemma="um" type="af">um</w>
            <w lemma="það" type="fpheo">það</w>
            <w lemma="," type="pk">,</w>
            <w lemma="þegar" type="c">þegar</w>
            <w lemma="allur" type="fohen">allt</w>
            <w lemma="hækka" type="sfg3en">hækkar</w>
            <w lemma="í" type="af">í</w>
            <w lemma="verð" type="nheþ">verði</w>
            <w lemma="." type="pl">.</w>
          </s>
          <s n="11">
            <w lemma="ég" type="fp1en">Ég</w>
            <w lemma="gera" type="sfg1en">geri</w>
            <w lemma="það" type="fpheo">það</w>
            <w lemma="það" type="fpheþ">því</w>
            <w lemma="að" type="c">að</w>
            <w lemma="till." type="kt">till.</w>
            <w lemma="minni" type="nhen">minni</w>
            <w lemma="," type="pk">,</w>
            <w lemma="að" type="c">að</w>
            <w lemma="tollur" type="nken">tollur</w>
            <w lemma="falla" type="svg3fn">falli</w>
            <w lemma="niður" type="aa">niður</w>
            <w lemma="á" type="af">á</w>
            <w lemma="allur" type="foheþ">öllu</w>
            <w lemma="þessi" type="faheþ">þessu</w>
            <w lemma="." type="pl">.</w>
          </s>
          <s n="12">
            <w lemma="það" type="fphen">Það</w>
            <w lemma="mega" type="sfg3en">má</w>
            <w lemma="segja" type="sng">segja</w>
            <w lemma="," type="pk">,</w>
            <w lemma="að" type="c">að</w>
            <w lemma="band" type="nhen">band</w>
            <w lemma="og" type="c">og</w>
            <w lemma="garn" type="nhen">garn</w>
            <w lemma="vera" type="svg3en">sé</w>
            <w lemma="framleiða" type="sþghen">framleitt</w>
            <w lemma="í" type="af">í</w>
            <w lemma="land" type="nheþg">landinu</w>
            <w lemma="." type="pl">.</w>
          </s>
          <s n="13">
            <w lemma="þó" type="aa">Þó</w>
            <w lemma="freista" type="sfm3fn">freistast</w>
            <w lemma="maður" type="nkfn">menn</w>
            <w lemma="oft" type="aa">oft</w>
            <w lemma="til" type="af">til</w>
            <w lemma="að" type="cn">að</w>
            <w lemma="kaupa" type="sng">kaupa</w>
            <w lemma="gjarnan" type="aam">heldur</w>
            <w lemma="sá" type="faheo">það</w>
            <w lemma="erlendur" type="lheovf">erlenda</w>
            <w lemma="," type="pk">,</w>
            <w lemma="það" type="fpheþ">því</w>
            <w lemma="báðir" type="fohfo">bæði</w>
            <w lemma="þykja" type="sfg3en">þykir</w>
            <w lemma="það" type="fphen">það</w>
            <w lemma="fallegur" type="lhenvm">fallegra</w>
            <w lemma="í" type="af">í</w>
            <w lemma="lykkja" type="nveþ">lykkju</w>
            <w lemma="," type="pk">,</w>
            <w lemma="og" type="c">og</w>
            <w lemma="eins" type="aa">eins</w>
            <w lemma="vera" type="sfg3en">er</w>
            <w lemma="það" type="fphen">það</w>
            <w lemma="sterkur" type="lhenvm">sterkara</w>
            <w lemma="." type="pl">.</w>
          </s>
          <s n="14">
            <w lemma="ég" type="fp1en">Ég</w>
            <w lemma="vona" type="sfm1en">vonast</w>
            <w lemma="til" type="af">til</w>
            <w lemma="það" type="fphee">þess</w>
            <w lemma="," type="pk">,</w>
            <w lemma="að" type="c">að</w>
            <w lemma="íslenzkur" type="lvfnsf">íslenzkar</w>
            <w lemma="verksmiðja" type="nvfn">verksmiðjur</w>
            <w lemma="geta" type="svg3fn">geti</w>
            <w lemma="bráðum" type="aa">bráðum</w>
            <w lemma="framleiða" type="sþghen">framleitt</w>
            <w lemma="eins" type="aa">eins</w>
            <w lemma="góður" type="lheosf">gott</w>
            <w lemma="garn" type="nheo">garn</w>
            <w lemma="." type="pl">.</w>
          </s>
          <s n="15">
            <w lemma="en" type="c">En</w>
            <w lemma="þangað" type="aa">þangað</w>
            <w lemma="til" type="aa">til</w>
            <w lemma="vera" type="sfg3en">er</w>
            <w lemma="ekki" type="aa">ekki</w>
            <w lemma="réttur" type="lhensf">rétt</w>
            <w lemma="að" type="cn">að</w>
            <w lemma="leggja" type="sng">leggja</w>
            <w lemma="svo" type="aa">svo</w>
            <w lemma="mikið" type="aa">mikið</w>
            <w lemma="á" type="af">á</w>
            <w lemma="það" type="fpheo">það</w>
            <w lemma="útlenda" type="nveo">útlenda</w>
            <w lemma="," type="pk">,</w>
            <w lemma="að" type="c">að</w>
            <w lemma="fólk" type="nhen">fólk</w>
            <w lemma="geta" type="svg3en">geti</w>
            <w lemma="yfirleitt" type="aa">yfirleitt</w>
            <w lemma="ekki" type="aa">ekki</w>
            <w lemma="veita" type="sþghen">veitt</w>
            <w lemma="sig" type="fpheþ">sér</w>
            <w lemma="það" type="fpheo">það</w>
            <w lemma="." type="pl">.</w>
          </s>
          <s n="16">
            <w lemma="það" type="fphen">Það</w>
            <w lemma="mega" type="svg3eþ">mætti</w>
            <w lemma="e." type="x">e.</w>
            <w lemma="t" type="x">t</w>
            <w lemma="." type="pl">.</w>
          </s>
          <s n="17">
            <w lemma="v" type="x">v</w>
            <w lemma="." type="pl">.</w>
          </s>
          <s n="18">
            <w lemma="segja" type="sfg3fn">segja</w>
            <w lemma="," type="pk">,</w>
            <w lemma="að" type="c">að</w>
            <w lemma="ég" type="fp1fn">við</w>
            <w lemma="geta" type="svg1fþ">gætum</w>
            <w lemma="vera" type="sþghen">verið</w>
            <w lemma="án" type="af">án</w>
            <w lemma="þrír" type="tfvfe">þriggja</w>
            <w lemma="vörutegund" type="nvfe">vörutegunda</w>
            <w lemma="," type="pk">,</w>
            <w lemma="sem" type="ct">sem</w>
            <w lemma="nefna" type="sþgvfn">nefndar</w>
            <w lemma="vera" type="sfg3fn">eru</w>
            <w lemma="í" type="af">í</w>
            <w lemma="3." type="lkeþvf">3.</w>
            <w lemma="tölul." type="kt">tölul.</w>
            <w lemma="," type="pk">,</w>
            <w lemma="en" type="c">en</w>
            <w lemma="það" type="fphen">það</w>
            <w lemma="vera" type="sfg3en">er</w>
            <w lemma="kakó" type="nhen">kakó</w>
            <w lemma="," type="pk">,</w>
            <w lemma="kryddvara" type="nvfn">kryddvörur</w>
            <w lemma="og" type="c">og</w>
            <w lemma="sagó" type="nhen">sagó</w>
            <w lemma="." type="pl">.</w>
          </s>
          <s n="19">
            <w lemma="þó" type="aa">Þó</w>
            <w lemma="þykja" type="sfg3en">þykir</w>
            <w lemma="ég" type="fp1eþ">mér</w>
            <w lemma="undarlegur" type="lhensf">undarlegt</w>
            <w lemma="að" type="c">að</w>
            <w lemma="reyna" type="sþghen">reynt</w>
            <w lemma="skulu" type="svg3en">skuli</w>
            <w lemma="vera" type="sng">vera</w>
            <w lemma="að" type="cn">að</w>
            <w lemma="ásælast" type="snm">ásælast</w>
            <w lemma="tollur" type="nkeo">toll</w>
            <w lemma="af" type="af">af</w>
            <w lemma="þessi" type="favfþ">þessum</w>
            <w lemma="vara" type="nvfþ">vörum</w>
            <w lemma="." type="pl">.</w>
          </s>
          <s n="20">
            <w lemma="sagó" type="nhen">Sagó</w>
            <w lemma="vera" type="sfg3en">er</w>
            <w lemma="sjúklingafæða" type="nven">sjúklingafæða</w>
            <w lemma="og" type="c">og</w>
            <w lemma="smábarn" type="nhfe">smábarna</w>
            <w lemma="." type="pl">.</w>
          </s>
          <s n="21">
            <w lemma="kryddvara" type="nvfn">Kryddvörur</w>
            <w lemma="vera" type="sfg3fn">eru</w>
            <w lemma="til" type="af">til</w>
            <w lemma="bragðbætir" type="nkee">bragðbætis</w>
            <w lemma="," type="pk">,</w>
            <w lemma="og" type="c">og</w>
            <w lemma="þykja" type="sfg3en">þykir</w>
            <w lemma="allur" type="fokfþ">öllum</w>
            <w lemma="hún" type="fpvfn">þær</w>
            <w lemma="góður" type="lvfnsf">góðar</w>
            <w lemma="í" type="af">í</w>
            <w lemma="munnur" type="nkeþ">munni</w>
            <w lemma="," type="pk">,</w>
            <w lemma="og" type="c">og</w>
            <w lemma="sami" type="fbheþ">sama</w>
            <w lemma="vera" type="sfg3en">er</w>
            <w lemma="að" type="cn">að</w>
            <w lemma="segja" type="sng">segja</w>
            <w lemma="um" type="af">um</w>
            <w lemma="kakó" type="nheo">kakó</w>
            <w lemma="," type="pk">,</w>
            <w lemma="sem" type="ct">sem</w>
            <w lemma="þar" type="aa">þar</w>
            <w lemma="að" type="aa">að</w>
            <w lemma="auki" type="aa">auki</w>
            <w lemma="vera" type="sfg3en">er</w>
            <w lemma="heilnæmur" type="lkensf">heilnæmur</w>
            <w lemma="drykkur" type="nken">drykkur</w>
            <w lemma="og" type="c">og</w>
            <w lemma="handhægur" type="lkensf">handhægur</w>
            <w lemma="." type="pl">.</w>
          </s>
        </p>
        <p n="9">
          <s n="1">
            <w lemma="þá" type="aa">Þá</w>
            <w lemma="leggja" type="sfg1en">legg</w>
            <w lemma="ég" type="fp1en">ég</w>
            <w lemma="áherzla" type="nveo">áherzlu</w>
            <w lemma="á" type="af">á</w>
            <w lemma="," type="pk">,</w>
            <w lemma="að" type="c">að</w>
            <w lemma="ekki" type="aa">ekki</w>
            <w lemma="verða" type="svg3en">verði</w>
            <w lemma="bæta" type="sþghen">bætt</w>
            <w lemma="við" type="af">við</w>
            <w lemma="tollur" type="nkeo">toll</w>
            <w lemma="á" type="af">á</w>
            <w lemma="skófatnaður" type="nkeþ">skófatnaði</w>
            <w lemma="," type="pk">,</w>
            <w lemma="sem" type="ct">sem</w>
            <w lemma="verða" type="sfg3en">verður</w>
            <w lemma="að" type="cn">að</w>
            <w lemma="telja" type="snm">teljast</w>
            <w lemma="til" type="af">til</w>
            <w lemma="lífsnauðsyn" type="nvfe">lífsnauðsynja</w>
            <w lemma="allur" type="fovee">allrar</w>
            <w lemma="þjóð" type="nveeg">þjóðarinnar</w>
            <w lemma="." type="pl">.</w>
          </s>
          <s n="2">
            <w lemma="hér" type="aa">Hér</w>
            <w lemma="þýða" type="sfg3en">þýðir</w>
            <w lemma="enginn" type="fohen">ekkert</w>
            <w lemma="að" type="cn">að</w>
            <w lemma="segja" type="sng">segja</w>
            <w lemma="eins" type="aa">eins</w>
            <w lemma="og" type="c">og</w>
            <w lemma="kona" type="nveng">konan</w>
            <w lemma="," type="pk">,</w>
            <w lemma="sem" type="ct">sem</w>
            <w lemma="koma" type="sfg3eþ">kom</w>
            <w lemma="í" type="af">í</w>
            <w lemma="skóbúð" type="nveog">skóbúðina</w>
            <w lemma="á" type="af">á</w>
            <w lemma="dagur" type="nkfþg">dögunum</w>
            <w lemma="." type="pl">.</w>
          </s>
          <s n="3">
            <w lemma="þar" type="aa">Þar</w>
            <w lemma="fá" type="sfm3fþ">fengust</w>
            <w lemma="ekki" type="aa">ekki</w>
            <w lemma="skór" type="nkfn">skór</w>
            <w lemma="," type="pk">,</w>
            <w lemma="og" type="c">og</w>
            <w lemma="búðarstúlka" type="nven">búðarstúlka</w>
            <w lemma="kenna" type="sfg3eþ">kenndi</w>
            <w lemma="yfirvald" type="nhfþg">yfirvöldunum</w>
            <w lemma="um" type="af">um</w>
            <w lemma="," type="pk">,</w>
            <w lemma="að" type="c">að</w>
            <w lemma="skór" type="nkfng">skórnir</w>
            <w lemma="fá" type="svm3fþ">fengjust</w>
            <w lemma="ekki" type="aa">ekki</w>
            <w lemma="innfluttur" type="lkfnsf">innfluttir</w>
            <w lemma="." type="pl">.</w>
          </s>
          <s n="4">
            <w lemma="Kona" type="nvengs">Konan</w>
            <w lemma="segja" type="sfg3eþ">sagði</w>
            <w lemma="," type="pk">,</w>
            <w lemma="að" type="c">að</w>
            <w lemma="þá" type="aa">þá</w>
            <w lemma="vera" type="svg3eþ">væri</w>
            <w lemma="ekki" type="aa">ekki</w>
            <w lemma="annar" type="fohen">annað</w>
            <w lemma="en" type="c">en</w>
            <w lemma="að" type="cn">að</w>
            <w lemma="sauma" type="sng">sauma</w>
            <w lemma="sig" type="fpkeþ">sér</w>
            <w lemma="íslenzkur" type="lkfosf">íslenzka</w>
            <w lemma="skór" type="nkfo">skó</w>
            <w lemma="." type="pl">.</w>
          </s>
          <s n="5">
            <w lemma="þessi" type="faheo">Þetta</w>
            <w lemma="vera" type="sfg3en">er</w>
            <w lemma="hægur" type="lhensf">hægt</w>
            <w lemma="að" type="cn">að</w>
            <w lemma="segja" type="sng">segja</w>
            <w lemma="," type="pk">,</w>
            <w lemma="en" type="c">en</w>
            <w lemma="varla" type="aam">síður</w>
            <w lemma="hægur" type="lhensf">hægt</w>
            <w lemma="að" type="cn">að</w>
            <w lemma="framkvæma" type="sng">framkvæma</w>
            <w lemma="," type="pk">,</w>
            <w lemma="og" type="c">og</w>
            <w lemma="hræddur" type="lvensf">hrædd</w>
            <w lemma="vera" type="sfg1en">er</w>
            <w lemma="ég" type="fp1en">ég</w>
            <w lemma="um" type="af">um</w>
            <w lemma="," type="pk">,</w>
            <w lemma="að" type="c">að</w>
            <w lemma="ég" type="fp1fþ">okkur</w>
            <w lemma="bregða" type="svg3eþ">brygði</w>
            <w lemma="við" type="aa">við</w>
            <w lemma="," type="pk">,</w>
            <w lemma="ef" type="c">ef</w>
            <w lemma="ég" type="fp1fn">við</w>
            <w lemma="þurfa" type="svg1fþ">þyrftum</w>
            <w lemma="að" type="cn">að</w>
            <w lemma="fara" type="sng">fara</w>
            <w lemma="að" type="cn">að</w>
            <w lemma="gera" type="sng">gera</w>
            <w lemma="ég" type="fp1fþ">okkur</w>
            <w lemma="á" type="af">á</w>
            <w lemma="fótur" type="nkfog">fæturna</w>
            <w lemma="að" type="af">að</w>
            <w lemma="gamall" type="lheþsf">gömlu</w>
            <w lemma="lag" type="nheþ">lagi</w>
            <w lemma="." type="pl">.</w>
          </s>
          <s n="6">
            <w lemma="skófatnaður" type="nkeng">Skófatnaðurinn</w>
            <w lemma="vera" type="sfg3en">er</w>
            <w lemma="þegar" type="aa">þegar</w>
            <w lemma="mikið" type="aa">mikið</w>
            <w lemma="tolla" type="sþgken">tollaður</w>
            <w lemma="." type="pl">.</w>
          </s>
          <s n="7">
            <w lemma="skófatnaðarkaup" type="nhfn">Skófatnaðarkaup</w>
            <w lemma="vera" type="sfg3fn">eru</w>
            <w lemma="með" type="af">með</w>
            <w lemma="stór" type="lhfþve">stærstu</w>
            <w lemma="útgjöld" type="nhfþ">útgjöldum</w>
            <w lemma="margur" type="lvfesf">margra</w>
            <w lemma="fjölskylda" type="nvfe">fjölskyldna</w>
            <w lemma="." type="pl">.</w>
          </s>
          <s n="8">
            <w lemma="þá" type="aa">Þá</w>
            <w lemma="vera" type="sfg3fn">eru</w>
            <w lemma="buxnatala" type="nvfn">buxnatölur</w>
            <w lemma="," type="pk">,</w>
            <w lemma="krókapar" type="nhfn">krókapör</w>
            <w lemma="," type="pk">,</w>
            <w lemma="smella" type="nvfo">smellur</w>
            <w lemma="," type="pk">,</w>
            <w lemma="legging" type="nvfn">leggingar</w>
            <w lemma="," type="pk">,</w>
            <w lemma="snúra" type="nvfn">snúrur</w>
            <w lemma="og" type="c">og</w>
            <w lemma="teygjuband" type="nhfn">teygjubönd</w>
            <w lemma="." type="pl">.</w>
          </s>
          <s n="9">
            <w lemma="sumur" type="fohen">Sumt</w>
            <w lemma="af" type="af">af</w>
            <w lemma="þessi" type="faheþ">þessu</w>
            <w lemma="þurfa" type="svg3eþ">þyrfti</w>
            <w lemma="kannske" type="aa">kannske</w>
            <w lemma="ekki" type="aa">ekki</w>
            <w lemma="að" type="cn">að</w>
            <w lemma="vera" type="sng">vera</w>
            <w lemma="til" type="aa">til</w>
            <w lemma="," type="pk">,</w>
            <w lemma="frá" type="af">frá</w>
            <w lemma="sjónarmið" type="nheþ">sjónarmiði</w>
            <w lemma="karlmaður" type="nkfe">karlmanna</w>
            <w lemma="." type="pl">.</w>
          </s>
          <s n="10">
            <w lemma="en" type="c">En</w>
            <w lemma="sá" type="faven">sú</w>
            <w lemma="saumakona" type="nven">saumakona</w>
            <w lemma="verða" type="sfg3en">verður</w>
            <w lemma="vandfundinn" type="lvensf">vandfundin</w>
            <w lemma="," type="pk">,</w>
            <w lemma="sem" type="ct">sem</w>
            <w lemma="ekki" type="aa">ekki</w>
            <w lemma="telja" type="sfg3en">telur</w>
            <w lemma="þessi" type="faheo">þetta</w>
            <w lemma="nauðsyn" type="nvfo">nauðsynjar</w>
            <w lemma="." type="pl">.</w>
          </s>
        </p>
        <p n="10">
          <s n="1">
            <w lemma="mikill" type="lkeþse">Mestum</w>
            <w lemma="tollur" type="nkeþ">tolli</w>
            <w lemma="gera" type="sfg3en">gerir</w>
            <w lemma="þó" type="aa">þó</w>
            <w lemma="frv." type="ks">frv.</w>
            <w lemma="ráð" type="nheo">ráð</w>
            <w lemma="fyrir" type="aa">fyrir</w>
            <w lemma="á" type="af">á</w>
            <w lemma="grænmeti" type="nheþ">grænmeti</w>
            <w lemma="," type="pk">,</w>
            <w lemma="sem" type="ct">sem</w>
            <w lemma="vera" type="svg3en">sé</w>
            <w lemma="25%" type="tp">25%</w>
            <w lemma="." type="pl">.</w>
          </s>
          <s n="2">
            <w lemma="nú" type="aa">Nú</w>
            <w lemma="vera" type="sfg3en">er</w>
            <w lemma="leggja" type="sþgven">lögð</w>
            <w lemma="mikill" type="lvensf">mikil</w>
            <w lemma="áherzla" type="nven">áherzla</w>
            <w lemma="á" type="af">á</w>
            <w lemma="bætiefni" type="nheo">bætiefni</w>
            <w lemma="í" type="af">í</w>
            <w lemma="fæða" type="nveþ">fæðu</w>
            <w lemma="maður" type="nkfe">manna</w>
            <w lemma="." type="pl">.</w>
          </s>
          <s n="3">
            <w lemma="virða" type="sfm3en">Virðist</w>
            <w lemma="því" type="aa">því</w>
            <w lemma="vera" type="sng">vera</w>
            <w lemma="nokkur" type="fohen">nokkuð</w>
            <w lemma="úr" type="af">úr</w>
            <w lemma="vegur" type="nkeþ">vegi</w>
            <w lemma="fyrir" type="af">fyrir</w>
            <w lemma="löggjöf" type="nveog">löggjöfina</w>
            <w lemma="að" type="cn">að</w>
            <w lemma="fara" type="sng">fara</w>
            <w lemma="að" type="cn">að</w>
            <w lemma="tolla" type="sng">tolla</w>
            <w lemma="þessi" type="favfo">þessar</w>
            <w lemma="vara" type="nvfo">vörur</w>
            <w lemma="svo" type="aa">svo</w>
            <w lemma="mjög" type="aa">mjög</w>
            <w lemma="," type="pk">,</w>
            <w lemma="að" type="c">að</w>
            <w lemma="það" type="fphen">það</w>
            <w lemma="verða" type="sfg3en">verður</w>
            <w lemma="ofurefli" type="nhen">ofurefli</w>
            <w lemma="annaur" type="fohfe">annara</w>
            <w lemma="en" type="c">en</w>
            <w lemma="efnaður" type="lheevf">efnaða</w>
            <w lemma="fólk" type="nheeg">fólksins</w>
            <w lemma="að" type="cn">að</w>
            <w lemma="kaupa" type="sng">kaupa</w>
            <w lemma="hún" type="fpvfo">þær</w>
            <w lemma="." type="pl">.</w>
          </s>
          <s n="4">
            <w lemma="hafa" type="sfg3en">Hefir</w>
            <w lemma="mikið" type="aa">mikið</w>
            <w lemma="vera" type="sþghen">verið</w>
            <w lemma="tala" type="sþghen">talað</w>
            <w lemma="um" type="af">um</w>
            <w lemma="," type="pk">,</w>
            <w lemma="að" type="c">að</w>
            <w lemma="auka" type="sng">auka</w>
            <w lemma="bera" type="svg3en">beri</w>
            <w lemma="grænmetis-" type="kt">grænmetis-</w>
            <w lemma="og" type="c">og</w>
            <w lemma="kartöflurækt" type="nveo">kartöflurækt</w>
            <w lemma="hér" type="aa">hér</w>
            <w lemma="á" type="af">á</w>
            <w lemma="land" type="nheþ">landi</w>
            <w lemma="." type="pl">.</w>
          </s>
          <s n="5">
            <w lemma="það" type="fphen">Það</w>
            <w lemma="vera" type="sfg3en">er</w>
            <w lemma="góður" type="lhensf">gott</w>
            <w lemma="og" type="c">og</w>
            <w lemma="blessaður" type="lhensf">blessað</w>
            <w lemma="." type="pl">.</w>
          </s>
          <s n="6">
            <w lemma="en" type="c">En</w>
            <w lemma="hér" type="aa">hér</w>
            <w lemma="vera" type="sfg3fn">eru</w>
            <w lemma="stuttur" type="lhfnsf">stutt</w>
            <w lemma="sumar" type="nhfn">sumur</w>
            <w lemma="," type="pk">,</w>
            <w lemma="og" type="c">og</w>
            <w lemma="geta" type="sfg3en">getur</w>
            <w lemma="oft" type="aa">oft</w>
            <w lemma="fara" type="sþghen">farið</w>
            <w lemma="svo" type="aa">svo</w>
            <w lemma="," type="pk">,</w>
            <w lemma="að" type="c">að</w>
            <w lemma="lítill" type="lhensf">lítið</w>
            <w lemma="verða" type="svg3en">verði</w>
            <w lemma="til" type="aa">til</w>
            <w lemma="af" type="af">af</w>
            <w lemma="innlendur" type="lheþsf">innlendu</w>
            <w lemma="grænmeti" type="nheþ">grænmeti</w>
            <w lemma="eftir" type="af">eftir</w>
            <w lemma="sumar" type="nheog">sumarið</w>
            <w lemma="." type="pl">.</w>
          </s>
          <s n="7">
            <w lemma="hver" type="fsheo">Hvað</w>
            <w lemma="eiga" type="sfg3fn">eiga</w>
            <w lemma="maður" type="nkfn">menn</w>
            <w lemma="þá" type="aa">þá</w>
            <w lemma="að" type="cn">að</w>
            <w lemma="gera" type="sng">gera</w>
            <w lemma="," type="pk">,</w>
            <w lemma="ef" type="c">ef</w>
            <w lemma="enginn" type="fohen">ekkert</w>
            <w lemma="vera" type="sfg3en">er</w>
            <w lemma="hægur" type="lhensf">hægt</w>
            <w lemma="að" type="cn">að</w>
            <w lemma="fá" type="sng">fá</w>
            <w lemma="af" type="af">af</w>
            <w lemma="það" type="fpheþ">því</w>
            <w lemma="tægi" type="nheo">tægi</w>
            <w lemma="annar" type="foheo">annað</w>
            <w lemma="en" type="c">en</w>
            <w lemma="uppskrúfaður" type="lkfosf">uppskrúfaða</w>
            <w lemma="ávöxtur" type="nkfo">ávexti</w>
            <w lemma="," type="pk">,</w>
            <w lemma="sem" type="ct">sem</w>
            <w lemma="fár" type="lkfnsf">fáir</w>
            <w lemma="geta" type="sfg3fn">geta</w>
            <w lemma="kaupa" type="sþghen">keypt</w>
            <w lemma="?" type="pl">?</w>
          </s>
        </p>
        <p n="11">
          <s n="1">
            <w lemma="þá" type="aa">Þá</w>
            <w lemma="vera" type="sfg3fn">eru</w>
            <w lemma="þurrkaður" type="lkfnvf">þurrkuðu</w>
            <w lemma="ávöxtur" type="nkfng">ávextirnir</w>
            <w lemma="." type="pl">.</w>
          </s>
          <s n="2">
            <w lemma="hann" type="fpkfn">Þeir</w>
            <w lemma="vera" type="sfg3fn">eru</w>
            <w lemma="að" type="af">að</w>
            <w lemma="vís" type="lheþsf">vísu</w>
            <w lemma="ekki" type="aa">ekki</w>
            <w lemma="eins" type="aa">eins</w>
            <w lemma="hollur" type="lkfnsf">hollir</w>
            <w lemma="og" type="c">og</w>
            <w lemma="sá" type="fakfn">þeir</w>
            <w lemma="nýr" type="lkfnvf">nýju</w>
            <w lemma="," type="pk">,</w>
            <w lemma="en" type="c">en</w>
            <w lemma="þó" type="aa">þó</w>
            <w lemma="vera" type="sfg3en">er</w>
            <w lemma="góður" type="lhensf">gott</w>
            <w lemma="að" type="cn">að</w>
            <w lemma="geta" type="sng">geta</w>
            <w lemma="grípa" type="sþghen">gripið</w>
            <w lemma="til" type="af">til</w>
            <w lemma="hann" type="fpkfe">þeirra</w>
            <w lemma="," type="pk">,</w>
            <w lemma="þegar" type="c">þegar</w>
            <w lemma="annar" type="fohen">annað</w>
            <w lemma="fá" type="sfm3en">fæst</w>
            <w lemma="ekki" type="aa">ekki</w>
            <w lemma="." type="pl">.</w>
          </s>
          <s n="3">
            <w lemma="hann" type="fpkfn">Þeir</w>
            <w lemma="vera" type="sfg3fn">eru</w>
            <w lemma="nú" type="aa">nú</w>
            <w lemma="þegar" type="aa">þegar</w>
            <w lemma="verða" type="sþgkfn">orðnir</w>
            <w lemma="fulldýr" type="lkfnsf">fulldýrir</w>
            <w lemma="," type="pk">,</w>
            <w lemma="svo" type="aa">svo</w>
            <w lemma="að" type="c">að</w>
            <w lemma="fár" type="lkfnse">fæstir</w>
            <w lemma="geta" type="sfg3fn">geta</w>
            <w lemma="leggja" type="sþghen">lagt</w>
            <w lemma="sig" type="fpkfþ">sér</w>
            <w lemma="hann" type="fpkfo">þá</w>
            <w lemma="til" type="af">til</w>
            <w lemma="munnur" type="nkee">munns</w>
            <w lemma="." type="pl">.</w>
          </s>
          <s n="4">
            <w lemma="T." type="af">T.</w>
            <w lemma="t" type="x">t</w>
            <w lemma="." type="pl">.</w>
          </s>
          <s n="5">
            <w lemma="sveskjupund" type="nheng">sveskjupundið</w>
            <w lemma="koma" type="sþghen">komið</w>
            <w lemma="upp" type="aa">upp</w>
            <w lemma="í" type="aa">í</w>
            <w lemma="kr." type="ks">kr.</w>
            <w lemma="1.50" type="ta">1.50</w>
            <w lemma="." type="pl">.</w>
          </s>
          <s n="6">
            <w lemma="trúa" type="sfg1en">Trúi</w>
            <w lemma="ég" type="fp1en">ég</w>
            <w lemma="það" type="fpheþ">því</w>
            <w lemma="ekki" type="aa">ekki</w>
            <w lemma="annar" type="foheþ">öðru</w>
            <w lemma="en" type="c">en</w>
            <w lemma="að" type="af">að</w>
            <w lemma="hv." type="kt">hv.</w>
            <w lemma="þdm" type="x">þdm</w>
            <w lemma="." type="pl">.</w>
          </s>
          <s n="7">
            <w lemma="sjá" type="svg3en">sjái</w>
            <w lemma="sig" type="fpkeþ">sér</w>
            <w lemma="fær" type="lheosf">fært</w>
            <w lemma="að" type="cn">að</w>
            <w lemma="fella" type="sng">fella</w>
            <w lemma="niður" type="aa">niður</w>
            <w lemma="með" type="af">með</w>
            <w lemma="allur" type="foheþ">öllu</w>
            <w lemma="þessi" type="fakeo">þennan</w>
            <w lemma="tollur" type="nkeo">toll</w>
            <w lemma="." type="pl">.</w>
          </s>
          <s n="8">
            <w lemma="loks" type="aa">Loks</w>
            <w lemma="hafa" type="sfg1en">hefi</w>
            <w lemma="ég" type="fp1en">ég</w>
            <w lemma="leggja" type="sþghen">lagt</w>
            <w lemma="til" type="aa">til</w>
            <w lemma="," type="pk">,</w>
            <w lemma="að" type="c">að</w>
            <w lemma="tollur" type="nken">tollur</w>
            <w lemma="falla" type="svg3fn">falli</w>
            <w lemma="niður" type="aa">niður</w>
            <w lemma="af" type="af">af</w>
            <w lemma="hljóðfæri" type="nhfþ">hljóðfærum</w>
            <w lemma="og" type="c">og</w>
            <w lemma="músíkvara" type="nvfþ">músíkvörum</w>
            <w lemma="." type="pl">.</w>
          </s>
          <s n="9">
            <w lemma="ég" type="fp1eþ">Mér</w>
            <w lemma="vera" type="sfg3en">er</w>
            <w lemma="reyndar" type="aa">reyndar</w>
            <w lemma="ekki" type="aa">ekki</w>
            <w lemma="ljós" type="lhensf">ljóst</w>
            <w lemma="," type="pk">,</w>
            <w lemma="við" type="af">við</w>
            <w lemma="hver" type="fsheo">hvað</w>
            <w lemma="eiga" type="sþghen">átt</w>
            <w lemma="vera" type="sfg3en">er</w>
            <w lemma="með" type="af">með</w>
            <w lemma="músíkvar" type="nhfþ">músíkvörum</w>
            <w lemma="," type="pk">,</w>
            <w lemma="en" type="c">en</w>
            <w lemma="líklega" type="aa">líklega</w>
            <w lemma="vera" type="sfg3en">er</w>
            <w lemma="það" type="fphen">það</w>
            <w lemma="helzt" type="aae">helzt</w>
            <w lemma="grammófónn" type="nkfn">grammófónar</w>
            <w lemma="," type="pk">,</w>
            <w lemma="nótnabók" type="nvfn">nótnabækur</w>
            <w lemma="og" type="c">og</w>
            <w lemma="sá" type="fakee">þess</w>
            <w lemma="háttur" type="nkee">háttar</w>
            <w lemma="." type="pl">.</w>
          </s>
          <s n="10">
            <w lemma="músík" type="nhen">Músík</w>
            <w lemma="vera" type="sfg3en">er</w>
            <w lemma="einhver" type="foven">einhver</w>
            <w lemma="fagur" type="lvenve">fegursta</w>
            <w lemma="list" type="nven">list</w>
            <w lemma="," type="pk">,</w>
            <w lemma="sem" type="ct">sem</w>
            <w lemma="maður" type="nkfn">menn</w>
            <w lemma="geta" type="sfg3fn">geta</w>
            <w lemma="njóta" type="sþghen">notið</w>
            <w lemma="og" type="c">og</w>
            <w lemma="vera" type="sfg3en">er</w>
            <w lemma="leiðinlegur" type="lhensf">leiðinlegt</w>
            <w lemma="að" type="cn">að</w>
            <w lemma="torvelda" type="sng">torvelda</w>
            <w lemma="maður" type="nkfþ">mönnum</w>
            <w lemma="með" type="af">með</w>
            <w lemma="lög" type="nhfþ">lögum</w>
            <w lemma="að" type="cn">að</w>
            <w lemma="njóta" type="sng">njóta</w>
            <w lemma="sá" type="favee">þeirrar</w>
            <w lemma="list" type="nvee">listar</w>
            <w lemma="." type="pl">.</w>
          </s>
        </p>
        <p n="12">
          <s n="1">
            <w lemma="ég" type="fp1en">Ég</w>
            <w lemma="leggja" type="sfg1en">legg</w>
            <w lemma="brttur" type="nkeo">brtt</w>
            <w lemma="." type="pl">.</w>
          </s>
          <s n="2">
            <w lemma="þessi" type="favfo">þessar</w>
            <w lemma="hér" type="aa">hér</w>
            <w lemma="fram" type="aa">fram</w>
            <w lemma="og" type="c">og</w>
            <w lemma="vona" type="sfg1en">vona</w>
            <w lemma="," type="pk">,</w>
            <w lemma="að" type="c">að</w>
            <w lemma="einhver" type="foken">einhver</w>
            <w lemma="af" type="af">af</w>
            <w lemma="hann" type="fpkfþ">þeim</w>
            <w lemma="fá" type="svg3en">fái</w>
            <w lemma="að" type="cn">að</w>
            <w lemma="lifa" type="sng">lifa</w>
            <w lemma="," type="pk">,</w>
            <w lemma="en" type="c">en</w>
            <w lemma="leggja" type="sfg1en">legg</w>
            <w lemma="sérstakur" type="lveosf">sérstaka</w>
            <w lemma="áherzla" type="nveo">áherzlu</w>
            <w lemma="á" type="af">á</w>
            <w lemma="ávöxtur" type="nkfog">ávextina</w>
            <w lemma="." type="pl">.</w>
          </s>
          <s n="3">
            <w lemma="margur" type="lhensf">Margt</w>
            <w lemma="vera" type="sfg3en">er</w>
            <w lemma="sá" type="fahen">það</w>
            <w lemma="," type="pk">,</w>
            <w lemma="sem" type="ct">sem</w>
            <w lemma="vera" type="sfg3en">er</w>
            <w lemma="nytsamur" type="lhensf">nytsamt</w>
            <w lemma="," type="pk">,</w>
            <w lemma="en" type="c">en</w>
            <w lemma="fár" type="lhensf">fátt</w>
            <w lemma="þó" type="aa">þó</w>
            <w lemma="nauðsynlegur" type="lhenvm">nauðsynlegra</w>
            <w lemma="en" type="c">en</w>
            <w lemma="það" type="fphen">það</w>
            <w lemma="að" type="cn">að</w>
            <w lemma="geta" type="sng">geta</w>
            <w lemma="kaupa" type="sþghen">keypt</w>
            <w lemma="ávöxtur" type="nkfo">ávexti</w>
            <w lemma="handa" type="af">handa</w>
            <w lemma="ungur" type="lkeþsf">ungum</w>
            <w lemma="og" type="c">og</w>
            <w lemma="gamall" type="lkeþsf">gömlum</w>
            <w lemma="," type="pk">,</w>
            <w lemma="og" type="c">og</w>
            <w lemma="lítill" type="lheosf">lítið</w>
            <w lemma="gagn" type="nheo">gagn</w>
            <w lemma="að" type="af">að</w>
            <w lemma="það" type="fpheþ">því</w>
            <w lemma="," type="pk">,</w>
            <w lemma="að" type="c">að</w>
            <w lemma="hann" type="fpkfn">þeir</w>
            <w lemma="vera" type="svg3fn">séu</w>
            <w lemma="til" type="aa">til</w>
            <w lemma="í" type="af">í</w>
            <w lemma="búð" type="nvfþ">búðum</w>
            <w lemma="," type="pk">,</w>
            <w lemma="ef" type="c">ef</w>
            <w lemma="hann" type="fpkfn">þeir</w>
            <w lemma="vera" type="sfg3fn">eru</w>
            <w lemma="svo" type="aa">svo</w>
            <w lemma="dýr" type="lkfnsf">dýrir</w>
            <w lemma="," type="pk">,</w>
            <w lemma="að" type="c">að</w>
            <w lemma="fólk" type="nhen">fólk</w>
            <w lemma="geta" type="svg3en">geti</w>
            <w lemma="ekki" type="aa">ekki</w>
            <w lemma="kaupa" type="sþghen">keypt</w>
            <w lemma="hann" type="fpkfo">þá</w>
            <w lemma="." type="pl">.</w>
          </s>
        </p>
      </div1>
    </body>
  </text>
</TEI>
