<?xml version="1.0" encoding="UTF-8"?>
<TEI xmlns="http://www.tei-c.org/ns/1.0" xml:id="R-33-4657335" xml:lang="is">
  <teiHeader>
    <fileDesc>
      <titleStmt>
        <title>
          <title type="main">Skipun barnakennara (164. mál)</title>
        </title>
        <respStmt>
          <resp xml:lang="is">Söfnun og úrvinnsla texta</resp>
          <resp xml:lang="en">Collection and processing of text</resp>
          <name xml:lang="is">Stofnun Árna Magnússonar í íslenskum fræðum</name>
          <name xml:lang="en">The Arni Magnusson Institute for Icelandic Studies</name>
        </respStmt>
      </titleStmt>
      <editionStmt>
        <p xml:lang="is">Málheild: Ræður frá Alþingi Íslendinga (2020.06)</p>
        <p xml:lang="en">Corpus: Speeches from The Parliament of Iceland (2020.06)</p>
      </editionStmt>
      <publicationStmt>
        <distributor xml:lang="is">Stofnun Árna Magnússonar í íslenskum fræðum</distributor>
        <distributor xml:lang="en">The Arni Magnusson Institute for Icelandic Studies</distributor>
        <address>
          <addrLine xml:lang="is">Árnagarður við Suðurgötu, 107 Reykjavík, Íslandi</addrLine>
          <addrLine xml:lang="en">Árnagarður Suðurgata, 107 Reykjavik, Iceland</addrLine>
          <addrLine>
            <email>arnastofnun@arnastofnun.is</email>
          </addrLine>
        </address>
        <idno type="risam">R-33-4657335</idno>
        <availability>
          <p xml:lang="is">Þessi texti er til notkunar í málrannsóknum og máltækniverkefnum um allan heim með CC-BY leyfi</p>
          <p xml:lang="en">This text is available for use in language research and language technology projects world wide with CC-BY licence.</p>
        </availability>
        <date>2020-05-27</date>
      </publicationStmt>
      <sourceDesc>
        <biblStruct>
          <analytic>
            <title>
              <title type="main">Skipun barnakennara (164. mál)</title>
            </title>
            <author>
             <persName>Guðrún Lárusdóttir</persName>
             <note type="gender">F</note>
             <note type="age">55</note>
             <note type="url">http://althingi.is/altext/cv/is/?nfaerslunr=203</note>
             <note type="political_party">Sjálfstæðisflokkur</note>
             <note type="constituency">landskjörinn alþingismaður (LA)</note>
             <note type="role">Alþingismaður</note>
            </author>
            <date when="1935-12-14">14.12. 1935</date>
          </analytic>
          <monogr>
            <title>althingi.is</title>
            <imprint>
              <publisher>Alþingi</publisher>
            </imprint>
            <biblScope>
             <ref>http://althingi.is/altext/raeda/?lthing=49&amp;rnr=2377</ref>
            </biblScope>
          </monogr>
        </biblStruct>
      </sourceDesc>
    </fileDesc>
    <encodingDesc>
      <projectDesc>
        <p xml:lang="is">Sjá lýsingu á verkefninu í rmh2Hdr.xml.</p>
        <p xml:lang="en">See description of project in rmh2Hdr.xml.</p>
      </projectDesc>
      <tagsDecl>
        <namespace name="http://www.tei-c.org/ns/1.0">
          <tagUsage gi="text" occurs="1"/>
          <tagUsage gi="body" occurs="1"/>
          <tagUsage gi="div1" occurs="1"/>
          <tagUsage gi="p" occurs="3"/>
          <tagUsage gi="s" occurs="16"/>
          <tagUsage gi="w" occurs="403"/>
          <tagUsage gi="c" occurs="0"/>
        </namespace>
      </tagsDecl>
    </encodingDesc>
  </teiHeader>
  <text>
    <body>
      <div1>
        <p n="1">
          <s n="1">
            <w lemma="Guðrún" type="nven-s">Guðrún</w>
            <w lemma="Lárusdóttir" type="nven-s">Lárusdóttir</w>
            <w lemma=":" type="pa">:</w>
          </s>
        </p>
        <p n="2">
          <s n="1">
            <w lemma="það" type="fphen">Það</w>
            <w lemma="vera" type="sfg3en">er</w>
            <w lemma="eingöngu" type="aa">eingöngu</w>
            <w lemma="vegna" type="af">vegna</w>
            <w lemma="það" type="fphee">þess</w>
            <w lemma="," type="pk">,</w>
            <w lemma="að" type="c">að</w>
            <w lemma="ég" type="fp1en">ég</w>
            <w lemma="hafa" type="sfg1en">hefi</w>
            <w lemma="skrifa" type="sþghen">skrifað</w>
            <w lemma="undir" type="af">undir</w>
            <w lemma="nál" type="nveo">nál</w>
            <w lemma="." type="pl">.</w>
          </s>
          <s n="2">
            <w lemma="með" type="af">með</w>
            <w lemma="fyrirvari" type="nkeþ">fyrirvara</w>
            <w lemma="," type="pk">,</w>
            <w lemma="að" type="c">að</w>
            <w lemma="ég" type="fp1en">ég</w>
            <w lemma="ætla" type="sfg1en">ætla</w>
            <w lemma="að" type="cn">að</w>
            <w lemma="segja" type="sng">segja</w>
            <w lemma="nokkur" type="fohfo">nokkur</w>
            <w lemma="orð" type="nhfo">orð</w>
            <w lemma="." type="pl">.</w>
          </s>
          <s n="3">
            <w lemma="þessi" type="faken">Þessi</w>
            <w lemma="fyrirvari" type="nken">fyrirvari</w>
            <w lemma="þýða" type="sfg3en">þýðir</w>
            <w lemma="ekki" type="aa">ekki</w>
            <w lemma="það" type="fpheo">það</w>
            <w lemma="," type="pk">,</w>
            <w lemma="að" type="c">að</w>
            <w lemma="ég" type="fp1en">ég</w>
            <w lemma="vera" type="svg1en">sé</w>
            <w lemma="á" type="aa">á</w>
            <w lemma="móti" type="af">móti</w>
            <w lemma="frv." type="ks">frv.</w>
            <w lemma="það" type="fpheþ">því</w>
            <w lemma="," type="pk">,</w>
            <w lemma="sem" type="ct">sem</w>
            <w lemma="hér" type="aa">hér</w>
            <w lemma="liggja" type="sfg3en">liggur</w>
            <w lemma="fyrir" type="aa">fyrir</w>
            <w lemma="." type="pl">.</w>
          </s>
          <s n="4">
            <w lemma="ég" type="fp1en">Ég</w>
            <w lemma="skilja" type="sfg1en">skil</w>
            <w lemma="það" type="fpheo">það</w>
            <w lemma="vel" type="aa">vel</w>
            <w lemma="," type="pk">,</w>
            <w lemma="að" type="c">að</w>
            <w lemma="kennarastétt" type="nveng">kennarastéttin</w>
            <w lemma="í" type="af">í</w>
            <w lemma="heild" type="nveþ">heild</w>
            <w lemma="vilja" type="svg3en">vilji</w>
            <w lemma="varðveita" type="sng">varðveita</w>
            <w lemma="réttindi" type="nhfo">réttindi</w>
            <w lemma="sinn" type="fehfo">sín</w>
            <w lemma="og" type="c">og</w>
            <w lemma="ganga" type="sng">ganga</w>
            <w lemma="svo" type="aa">svo</w>
            <w lemma="frá" type="af">frá</w>
            <w lemma="þessi" type="fahfþ">þessum</w>
            <w lemma="mál" type="nhfþ">málum</w>
            <w lemma="," type="pk">,</w>
            <w lemma="að" type="c">að</w>
            <w lemma="girða" type="sþghen">girt</w>
            <w lemma="vera" type="svg3en">sé</w>
            <w lemma="fyrir" type="af">fyrir</w>
            <w lemma="það" type="fpheo">það</w>
            <w lemma="," type="pk">,</w>
            <w lemma="að" type="c">að</w>
            <w lemma="hann" type="fpkfn">þeir</w>
            <w lemma="fá" type="svm3fn">fáist</w>
            <w lemma="við" type="af">við</w>
            <w lemma="barnakennsla" type="nveo">barnakennslu</w>
            <w lemma="," type="pk">,</w>
            <w lemma="sem" type="ct">sem</w>
            <w lemma="ekki" type="aa">ekki</w>
            <w lemma="vera" type="sfg3fn">eru</w>
            <w lemma="til" type="af">til</w>
            <w lemma="það" type="fphee">þess</w>
            <w lemma="hæfur" type="lkfnsf">hæfir</w>
            <w lemma="." type="pl">.</w>
          </s>
          <s n="5">
            <w lemma="en" type="c">En</w>
            <w lemma="það" type="fphen">það</w>
            <w lemma="," type="pk">,</w>
            <w lemma="sem" type="ct">sem</w>
            <w lemma="gera" type="sfg3eþ">gerði</w>
            <w lemma="það" type="fpheo">það</w>
            <w lemma="að" type="af">að</w>
            <w lemma="verk" type="nhfþ">verkum</w>
            <w lemma="," type="pk">,</w>
            <w lemma="að" type="c">að</w>
            <w lemma="ég" type="fp1en">ég</w>
            <w lemma="skrifa" type="sfg1eþ">skrifaði</w>
            <w lemma="undir" type="af">undir</w>
            <w lemma="nál" type="nveþ">nál</w>
            <w lemma="." type="pl">.</w>
          </s>
          <s n="6">
            <w lemma="með" type="af">með</w>
            <w lemma="fyrirvari" type="nkeþ">fyrirvara</w>
            <w lemma="," type="pk">,</w>
            <w lemma="vera" type="sfg3eþ">var</w>
            <w lemma="það" type="fphen">það</w>
            <w lemma="," type="pk">,</w>
            <w lemma="að" type="c">að</w>
            <w lemma="ég" type="fp1eþ">mér</w>
            <w lemma="virða" type="sfm3eþ">virtist</w>
            <w lemma="í" type="af">í</w>
            <w lemma="fljótur" type="lheþsf">fljótu</w>
            <w lemma="bragð" type="nheþ">bragði</w>
            <w lemma="," type="pk">,</w>
            <w lemma="að" type="c">að</w>
            <w lemma="dálítið" type="aa">dálítið</w>
            <w lemma="vera" type="svg3eþ">væri</w>
            <w lemma="þjappa" type="sþghen">þjappað</w>
            <w lemma="að" type="af">að</w>
            <w lemma="sá" type="faheþ">því</w>
            <w lemma="fólk" type="nheþ">fólki</w>
            <w lemma="," type="pk">,</w>
            <w lemma="sem" type="ct">sem</w>
            <w lemma="hafa" type="sfg3en">hefir</w>
            <w lemma="með" type="af">með</w>
            <w lemma="hönd" type="nvfþ">höndum</w>
            <w lemma="smábarnakennsla" type="nvee">smábarnakennslu</w>
            <w lemma="." type="pl">.</w>
          </s>
          <s n="7">
            <w lemma="eins" type="aa">Eins</w>
            <w lemma="og" type="c">og</w>
            <w lemma="allur" type="fokfn">allir</w>
            <w lemma="vita" type="sfg3fn">vita</w>
            <w lemma="," type="pk">,</w>
            <w lemma="þá" type="aa">þá</w>
            <w lemma="vera" type="sfg3fn">eru</w>
            <w lemma="það" type="fphen">það</w>
            <w lemma="ýmis" type="fokfn">ýmsir</w>
            <w lemma="," type="pk">,</w>
            <w lemma="einkum" type="aa">einkum</w>
            <w lemma="einstæðingskvenfólk" type="nhfn">einstæðingskvenfólk</w>
            <w lemma="," type="pk">,</w>
            <w lemma="sem" type="ct">sem</w>
            <w lemma="hafa" type="sfg3fn">hafa</w>
            <w lemma="vinna" type="sþghen">unnið</w>
            <w lemma="fyrir" type="af">fyrir</w>
            <w lemma="sig" type="fpkfþ">sér</w>
            <w lemma="á" type="af">á</w>
            <w lemma="sá" type="fakeo">þann</w>
            <w lemma="háttur" type="nkeo">hátt</w>
            <w lemma="," type="pk">,</w>
            <w lemma="að" type="cn">að</w>
            <w lemma="hafa" type="sng">hafa</w>
            <w lemma="smábarnaskóli" type="nkeo">smábarnaskóla</w>
            <w lemma="." type="pl">.</w>
          </s>
          <s n="8">
            <w lemma="margur" type="lhensf">Margt</w>
            <w lemma="af" type="af">af</w>
            <w lemma="þessi" type="faheþ">þessu</w>
            <w lemma="fólk" type="nheþ">fólki</w>
            <w lemma="hafa" type="sfg3en">hefir</w>
            <w lemma="ekki" type="aa">ekki</w>
            <w lemma="sá" type="faveo">þá</w>
            <w lemma="menntun" type="nveo">menntun</w>
            <w lemma="," type="pk">,</w>
            <w lemma="sem" type="ct">sem</w>
            <w lemma="áskilja" type="sþgven">áskilin</w>
            <w lemma="vera" type="sfg3en">er</w>
            <w lemma="samkv." type="ks">samkv.</w>
            <w lemma="frv." type="ks">frv.</w>
            <w lemma="það" type="fpheþ">því</w>
            <w lemma="," type="pk">,</w>
            <w lemma="er" type="ct">er</w>
            <w lemma="hér" type="aa">hér</w>
            <w lemma="ræða" type="sfg3en">ræðir</w>
            <w lemma="um" type="aa">um</w>
            <w lemma="," type="pk">,</w>
            <w lemma="til" type="af">til</w>
            <w lemma="það" type="fphee">þess</w>
            <w lemma="að" type="cn">að</w>
            <w lemma="kenna" type="sng">kenna</w>
            <w lemma="barn" type="nhfþ">börnum</w>
            <w lemma="," type="pk">,</w>
            <w lemma="en" type="c">en</w>
            <w lemma="hafa" type="sfg3en">hefir</w>
            <w lemma="þó" type="aa">þó</w>
            <w lemma="rækt" type="nveo">rækt</w>
            <w lemma="þessi" type="faheo">þetta</w>
            <w lemma="starf" type="nheo">starf</w>
            <w lemma="vel" type="aa">vel</w>
            <w lemma="," type="pk">,</w>
            <w lemma="enda" type="c">enda</w>
            <w lemma="finna" type="sfm3en">finnst</w>
            <w lemma="ég" type="fp1eþ">mér</w>
            <w lemma="," type="pk">,</w>
            <w lemma="að" type="c">að</w>
            <w lemma="ekki" type="aa">ekki</w>
            <w lemma="þurfa" type="svg3en">þurfi</w>
            <w lemma="beinlínis" type="aa">beinlínis</w>
            <w lemma="að" type="cn">að</w>
            <w lemma="ganga" type="sng">ganga</w>
            <w lemma="í" type="af">í</w>
            <w lemma="kennaraskóli" type="nkeog">kennaraskólann</w>
            <w lemma="til" type="af">til</w>
            <w lemma="það" type="fphee">þess</w>
            <w lemma="að" type="cn">að</w>
            <w lemma="kenna" type="sng">kenna</w>
            <w lemma="krakki" type="nkfo">krakka</w>
            <w lemma="að" type="cn">að</w>
            <w lemma="stafa" type="sng">stafa</w>
            <w lemma="eða" type="c">eða</w>
            <w lemma="draga" type="sng">draga</w>
            <w lemma="til" type="af">til</w>
            <w lemma="stafur" type="nkee">stafs</w>
            <w lemma="." type="pl">.</w>
          </s>
          <s n="9">
            <w lemma="en" type="c">En</w>
            <w lemma="það" type="fphen">það</w>
            <w lemma="vera" type="sfg3en">er</w>
            <w lemma="ekki" type="aa">ekki</w>
            <w lemma="annar" type="fohen">annað</w>
            <w lemma="en" type="c">en</w>
            <w lemma="þessi" type="fahen">þetta</w>
            <w lemma="," type="pk">,</w>
            <w lemma="sem" type="ct">sem</w>
            <w lemma="smábarnaskóli" type="nkfng">smábarnaskólarnir</w>
            <w lemma="hafa" type="sfg3fn">hafa</w>
            <w lemma="með" type="af">með</w>
            <w lemma="hönd" type="nvfþ">höndum</w>
            <w lemma="." type="pl">.</w>
          </s>
          <s n="10">
            <w lemma="ég" type="fp1eþ">Mér</w>
            <w lemma="hafa" type="sfg3en">hefir</w>
            <w lemma="virzt" type="x">virzt</w>
            <w lemma="dálítið" type="aa">dálítið</w>
            <w lemma="takmarka" type="sþghen">takmarkað</w>
            <w lemma="leyfi" type="nheo">leyfi</w>
            <w lemma="þessi" type="fahee">þessa</w>
            <w lemma="fólk" type="nhee">fólks</w>
            <w lemma="." type="pl">.</w>
          </s>
          <s n="11">
            <w lemma="en" type="c">En</w>
            <w lemma="ég" type="fp1en">ég</w>
            <w lemma="sjá" type="sfg1en">sé</w>
            <w lemma="nú" type="aa">nú</w>
            <w lemma="," type="pk">,</w>
            <w lemma="að" type="c">að</w>
            <w lemma="í" type="af">í</w>
            <w lemma="2." type="lkeþsf">2.</w>
            <w lemma="gr." type="ks">gr.</w>
            <w lemma="frv." type="ks">frv.</w>
            <w lemma="vera" type="sfg3en">er</w>
            <w lemma="fræðslumálastjórn" type="nveþg">fræðslumálastjórninni</w>
            <w lemma="heimill" type="lhensf">heimilt</w>
            <w lemma="að" type="cn">að</w>
            <w lemma="veita" type="sng">veita</w>
            <w lemma="undanþága" type="nveþ">undanþágu</w>
            <w lemma="fólk" type="nheþ">fólki</w>
            <w lemma="," type="pk">,</w>
            <w lemma="sem" type="ct">sem</w>
            <w lemma="fullnægja" type="sfg3en">fullnægir</w>
            <w lemma="skilyrði" type="nhfþ">skilyrðum</w>
            <w lemma="sá" type="fahfþ">þeim</w>
            <w lemma="," type="pk">,</w>
            <w lemma="sem" type="ct">sem</w>
            <w lemma="þar" type="aa">þar</w>
            <w lemma="vera" type="sfg3fn">eru</w>
            <w lemma="setja" type="sþghfn">sett</w>
            <w lemma="," type="pk">,</w>
            <w lemma="svo" type="aa">svo</w>
            <w lemma="að" type="c">að</w>
            <w lemma="þessi" type="fahen">þetta</w>
            <w lemma="vera" type="sfg3en">er</w>
            <w lemma="ef" type="c">ef</w>
            <w lemma="til" type="aa">til</w>
            <w lemma="vilja" type="sfg3en">vill</w>
            <w lemma="ástæðulaus" type="lkensf">ástæðulaus</w>
            <w lemma="ótti" type="nken">ótti</w>
            <w lemma="." type="pl">.</w>
          </s>
          <s n="12">
            <w lemma="ennfremur" type="aa">Ennfremur</w>
            <w lemma="verða" type="sfg1en">verð</w>
            <w lemma="ég" type="fp1en">ég</w>
            <w lemma="að" type="cn">að</w>
            <w lemma="segja" type="sng">segja</w>
            <w lemma="," type="pk">,</w>
            <w lemma="að" type="c">að</w>
            <w lemma="ég" type="fp1eþ">mér</w>
            <w lemma="finna" type="sfm3en">finnst</w>
            <w lemma="það" type="fphen">það</w>
            <w lemma="dálítið" type="aa">dálítið</w>
            <w lemma="einkennilegur" type="lhensf">einkennilegt</w>
            <w lemma="að" type="cn">að</w>
            <w lemma="setja" type="sng">setja</w>
            <w lemma="sá" type="fakfþ">þeim</w>
            <w lemma="maður" type="nkfþ">mönnum</w>
            <w lemma="," type="pk">,</w>
            <w lemma="sem" type="ct">sem</w>
            <w lemma="taka" type="sþghen">tekið</w>
            <w lemma="hafa" type="sng">hafa</w>
            <w lemma="stúdentspróf" type="nheo">stúdentspróf</w>
            <w lemma="," type="pk">,</w>
            <w lemma="sá" type="faheo">það</w>
            <w lemma="skilyrði" type="nheo">skilyrði</w>
            <w lemma="," type="pk">,</w>
            <w lemma="að" type="c">að</w>
            <w lemma="hann" type="fpkfn">þeir</w>
            <w lemma="ganga" type="svg3fn">gangi</w>
            <w lemma="á" type="af">á</w>
            <w lemma="kennaraskóli" type="nkeog">kennaraskólann</w>
            <w lemma="einn" type="tfkeo">einn</w>
            <w lemma="vetur" type="nkeo">vetur</w>
            <w lemma="," type="pk">,</w>
            <w lemma="ef" type="c">ef</w>
            <w lemma="hann" type="fpkfn">þeir</w>
            <w lemma="ætla" type="sfg3fn">ætla</w>
            <w lemma="að" type="cn">að</w>
            <w lemma="hafa" type="sng">hafa</w>
            <w lemma="ofan" type="aa">ofan</w>
            <w lemma="af" type="aa">af</w>
            <w lemma="fyrir" type="af">fyrir</w>
            <w lemma="sig" type="fpkfþ">sér</w>
            <w lemma="með" type="af">með</w>
            <w lemma="barnakennsla" type="nveþ">barnakennslu</w>
            <w lemma="um" type="af">um</w>
            <w lemma="tími" type="nkeo">tíma</w>
            <w lemma="." type="pl">.</w>
          </s>
          <s n="13">
            <w lemma="ég" type="fp1en">Ég</w>
            <w lemma="hyggja" type="sfg1en">hygg</w>
            <w lemma="þó" type="aa">þó</w>
            <w lemma="," type="pk">,</w>
            <w lemma="að" type="c">að</w>
            <w lemma="sá" type="fakfn">þeir</w>
            <w lemma="," type="pk">,</w>
            <w lemma="sem" type="ct">sem</w>
            <w lemma="taka" type="sþghen">tekið</w>
            <w lemma="hafa" type="sfg3fn">hafa</w>
            <w lemma="stúdentspróf" type="nheo">stúdentspróf</w>
            <w lemma="," type="pk">,</w>
            <w lemma="hafa" type="svg3fn">hafi</w>
            <w lemma="sambærilegur" type="lveosf">sambærilega</w>
            <w lemma="menntun" type="nveo">menntun</w>
            <w lemma="við" type="af">við</w>
            <w lemma="sá" type="fakfo">þá</w>
            <w lemma="," type="pk">,</w>
            <w lemma="sem" type="ct">sem</w>
            <w lemma="sitja" type="sþghen">setið</w>
            <w lemma="hafa" type="sfg3fn">hafa</w>
            <w lemma="3" type="ta">3</w>
            <w lemma="vetur" type="nkfo">vetur</w>
            <w lemma="í" type="af">í</w>
            <w lemma="kennaraskóli" type="nkeþg">kennaraskólanum</w>
            <w lemma="." type="pl">.</w>
          </s>
          <s n="14">
            <w lemma="en" type="c">En</w>
            <w lemma="ég" type="fp1en">ég</w>
            <w lemma="þykja" type="sfm1en">þykist</w>
            <w lemma="sjá" type="sng">sjá</w>
            <w lemma="," type="pk">,</w>
            <w lemma="að" type="c">að</w>
            <w lemma="tilgangur" type="nken">tilgangur</w>
            <w lemma="kennari" type="nkfeg">kennaranna</w>
            <w lemma="með" type="af">með</w>
            <w lemma="þessi" type="faheþ">þessu</w>
            <w lemma="vera" type="svg3en">sé</w>
            <w lemma="sá" type="faken">sá</w>
            <w lemma="," type="pk">,</w>
            <w lemma="að" type="cn">að</w>
            <w lemma="herða" type="sng">herða</w>
            <w lemma="á" type="af">á</w>
            <w lemma="réttur" type="nkeþ">rétti</w>
            <w lemma="sinn" type="fekeþ">sínum</w>
            <w lemma="og" type="c">og</w>
            <w lemma="girða" type="sng">girða</w>
            <w lemma="fyrir" type="af">fyrir</w>
            <w lemma="það" type="fpheo">það</w>
            <w lemma="," type="pk">,</w>
            <w lemma="að" type="c">að</w>
            <w lemma="margur" type="lkfnvm">fleiri</w>
            <w lemma="fara" type="svg3fn">fari</w>
            <w lemma="inn" type="aa">inn</w>
            <w lemma="á" type="af">á</w>
            <w lemma="þessi" type="faheo">þetta</w>
            <w lemma="svið" type="nheo">svið</w>
            <w lemma="en" type="c">en</w>
            <w lemma="hann" type="fpkfn">þeir</w>
            <w lemma="sjálfur" type="fbkfn">sjálfir</w>
            <w lemma="vilja" type="sfg3fn">vilja</w>
            <w lemma="vera" type="sng">vera</w>
            <w lemma="láta" type="sng">láta</w>
            <w lemma="." type="pl">.</w>
          </s>
        </p>
        <p n="3">
          <s n="1">
            <w lemma="ég" type="fp1en">Ég</w>
            <w lemma="telja" type="sfg1en">tel</w>
            <w lemma="ég" type="fp1eo">mig</w>
            <w lemma="þá" type="aa">þá</w>
            <w lemma="hafa" type="sng">hafa</w>
            <w lemma="gera" type="sþghen">gert</w>
            <w lemma="nægilega" type="aa">nægilega</w>
            <w lemma="grein" type="nveo">grein</w>
            <w lemma="fyrir" type="af">fyrir</w>
            <w lemma="fyrirvari" type="nkeþ">fyrirvara</w>
            <w lemma="minn" type="fekeþ">mínum</w>
            <w lemma="," type="pk">,</w>
            <w lemma="og" type="c">og</w>
            <w lemma="láta" type="sfg1en">læt</w>
            <w lemma="því" type="aa">því</w>
            <w lemma="útræddur" type="lheosf">útrætt</w>
            <w lemma="um" type="af">um</w>
            <w lemma="þessi" type="faheo">þetta</w>
            <w lemma="mál" type="nheo">mál</w>
            <w lemma="." type="pl">.</w>
          </s>
        </p>
      </div1>
    </body>
  </text>
</TEI>
