<?xml version="1.0" encoding="UTF-8"?>
<TEI xmlns="http://www.tei-c.org/ns/1.0" xml:id="R-33-4632632" xml:lang="is">
  <teiHeader>
    <fileDesc>
      <titleStmt>
        <title>
          <title type="main">Bráðabirgðatekjuöflun til ríkissjóðs (192. mál)</title>
        </title>
        <respStmt>
          <resp xml:lang="is">Söfnun og úrvinnsla texta</resp>
          <resp xml:lang="en">Collection and processing of text</resp>
          <name xml:lang="is">Stofnun Árna Magnússonar í íslenskum fræðum</name>
          <name xml:lang="en">The Arni Magnusson Institute for Icelandic Studies</name>
        </respStmt>
      </titleStmt>
      <editionStmt>
        <p xml:lang="is">Málheild: Ræður frá Alþingi Íslendinga (2020.06)</p>
        <p xml:lang="en">Corpus: Speeches from The Parliament of Iceland (2020.06)</p>
      </editionStmt>
      <publicationStmt>
        <distributor xml:lang="is">Stofnun Árna Magnússonar í íslenskum fræðum</distributor>
        <distributor xml:lang="en">The Arni Magnusson Institute for Icelandic Studies</distributor>
        <address>
          <addrLine xml:lang="is">Árnagarður við Suðurgötu, 107 Reykjavík, Íslandi</addrLine>
          <addrLine xml:lang="en">Árnagarður Suðurgata, 107 Reykjavik, Iceland</addrLine>
          <addrLine>
            <email>arnastofnun@arnastofnun.is</email>
          </addrLine>
        </address>
        <idno type="risam">R-33-4632632</idno>
        <availability>
          <p xml:lang="is">Þessi texti er til notkunar í málrannsóknum og máltækniverkefnum um allan heim með CC-BY leyfi</p>
          <p xml:lang="en">This text is available for use in language research and language technology projects world wide with CC-BY licence.</p>
        </availability>
        <date>2020-05-27</date>
      </publicationStmt>
      <sourceDesc>
        <biblStruct>
          <analytic>
            <title>
              <title type="main">Bráðabirgðatekjuöflun til ríkissjóðs (192. mál)</title>
            </title>
            <author>
             <persName>Guðrún Lárusdóttir</persName>
             <note type="gender">F</note>
             <note type="age">55</note>
             <note type="url">http://althingi.is/altext/cv/is/?nfaerslunr=203</note>
             <note type="political_party">Sjálfstæðisflokkur</note>
             <note type="constituency">landskjörinn alþingismaður (LA)</note>
             <note type="role">Alþingismaður</note>
            </author>
            <date when="1935-12-20">20.12. 1935</date>
          </analytic>
          <monogr>
            <title>althingi.is</title>
            <imprint>
              <publisher>Alþingi</publisher>
            </imprint>
            <biblScope>
             <ref>http://althingi.is/altext/raeda/?lthing=49&amp;rnr=2908</ref>
            </biblScope>
          </monogr>
        </biblStruct>
      </sourceDesc>
    </fileDesc>
    <encodingDesc>
      <projectDesc>
        <p xml:lang="is">Sjá lýsingu á verkefninu í rmh2Hdr.xml.</p>
        <p xml:lang="en">See description of project in rmh2Hdr.xml.</p>
      </projectDesc>
      <tagsDecl>
        <namespace name="http://www.tei-c.org/ns/1.0">
          <tagUsage gi="text" occurs="1"/>
          <tagUsage gi="body" occurs="1"/>
          <tagUsage gi="div1" occurs="1"/>
          <tagUsage gi="p" occurs="2"/>
          <tagUsage gi="s" occurs="24"/>
          <tagUsage gi="w" occurs="591"/>
          <tagUsage gi="c" occurs="0"/>
        </namespace>
      </tagsDecl>
    </encodingDesc>
  </teiHeader>
  <text>
    <body>
      <div1>
        <p n="1">
          <s n="1">
            <w lemma="Guðrún" type="nven-s">Guðrún</w>
            <w lemma="Lárusdóttir" type="nven-s">Lárusdóttir</w>
            <w lemma=":" type="pa">:</w>
          </s>
        </p>
        <p n="2">
          <s n="1">
            <w lemma="þegar" type="c">Þegar</w>
            <w lemma="þessi" type="fahen">þetta</w>
            <w lemma="frv." type="ks">frv.</w>
            <w lemma="vera" type="sfg3eþ">var</w>
            <w lemma="hér" type="aa">hér</w>
            <w lemma="á" type="af">á</w>
            <w lemma="ferð" type="nveþg">ferðinni</w>
            <w lemma="um" type="af">um</w>
            <w lemma="dagur" type="nkeog">daginn</w>
            <w lemma="," type="pk">,</w>
            <w lemma="bera" type="sfg1eþ">bar</w>
            <w lemma="ég" type="fp1en">ég</w>
            <w lemma="fram" type="aa">fram</w>
            <w lemma="brtt" type="x">brtt</w>
            <w lemma="." type="pl">.</w>
          </s>
          <s n="2">
            <w lemma="um" type="af">um</w>
            <w lemma="að" type="cn">að</w>
            <w lemma="undanskilja" type="sng">undanskilja</w>
            <w lemma="nokkur" type="fovfo">nokkrar</w>
            <w lemma="nauðsynlegur" type="lvfosf">nauðsynlegar</w>
            <w lemma="vörutegund" type="nvfo">vörutegundir</w>
            <w lemma="tollur" type="nkeþg">tollinum</w>
            <w lemma="," type="pk">,</w>
            <w lemma="þar" type="aa">þar</w>
            <w lemma="á" type="aa">á</w>
            <w lemma="meðal" type="aa">meðal</w>
            <w lemma="ávöxtur" type="nkfo">ávexti</w>
            <w lemma="," type="pk">,</w>
            <w lemma="nýr" type="lveosf">nýja</w>
            <w lemma="og" type="c">og</w>
            <w lemma="þurrkaður" type="lkfosf">þurrkaða</w>
            <w lemma="," type="pk">,</w>
            <w lemma="og" type="c">og</w>
            <w lemma="grænmeti" type="nheo">grænmeti</w>
            <w lemma="." type="pl">.</w>
          </s>
          <s n="3">
            <w lemma="D." type="x">D.</w>
            <w lemma="sjá" type="sfg3eþ">sá</w>
            <w lemma="ekki" type="aa">ekki</w>
            <w lemma="ástæða" type="nveo">ástæðu</w>
            <w lemma="til" type="af">til</w>
            <w lemma="að" type="cn">að</w>
            <w lemma="sinna" type="sng">sinna</w>
            <w lemma="þessi" type="faveþ">þessari</w>
            <w lemma="till." type="ks">till.</w>
            <w lemma="og" type="c">og</w>
            <w lemma="gera" type="sfg1eþ">gerði</w>
            <w lemma="út" type="aa">út</w>
            <w lemma="af" type="aa">af</w>
            <w lemma="við" type="af">við</w>
            <w lemma="hún" type="fpveo">hana</w>
            <w lemma="fljótt" type="aa">fljótt</w>
            <w lemma="og" type="c">og</w>
            <w lemma="rækilega" type="aa">rækilega</w>
            <w lemma="." type="pl">.</w>
          </s>
          <s n="4">
            <w lemma="þó" type="aa">Þó</w>
            <w lemma="koma" type="sfm3eþ">komst</w>
            <w lemma="inn" type="aa">inn</w>
            <w lemma="í" type="af">í</w>
            <w lemma="frv." type="ks">frv.</w>
            <w lemma="í" type="af">í</w>
            <w lemma="Nd" type="n----s">Nd</w>
            <w lemma="." type="pl">.</w>
          </s>
          <s n="5">
            <w lemma="heimild" type="nven">heimild</w>
            <w lemma="fyrir" type="af">fyrir</w>
            <w lemma="fjmrh." type="kt">fjmrh.</w>
            <w lemma="til" type="af">til</w>
            <w lemma="það" type="fphee">þess</w>
            <w lemma="að" type="cn">að</w>
            <w lemma="undanskilja" type="sng">undanskilja</w>
            <w lemma="þessi" type="fakeo">þennan</w>
            <w lemma="nauðsynlegur" type="lkeovf">nauðsynlega</w>
            <w lemma="varningur" type="nkeo">varning</w>
            <w lemma="25%" type="tp">25%</w>
            <w lemma="tollur" type="nkeþg">tollinum</w>
            <w lemma="," type="pk">,</w>
            <w lemma="sem" type="ct">sem</w>
            <w lemma="ráðgera" type="sþghen">ráðgert</w>
            <w lemma="vera" type="sfg3eþ">var</w>
            <w lemma="að" type="cn">að</w>
            <w lemma="leggja" type="sng">leggja</w>
            <w lemma="á" type="af">á</w>
            <w lemma="hann" type="fpkeo">hann</w>
            <w lemma="." type="pl">.</w>
          </s>
          <s n="6">
            <w lemma="ég" type="fp1en">Ég</w>
            <w lemma="vilja" type="sfg1eþ">vildi</w>
            <w lemma="nú" type="aa">nú</w>
            <w lemma="ávarpa" type="sng">ávarpa</w>
            <w lemma="hæstv." type="ks">hæstv.</w>
            <w lemma="fjmrh." type="kt">fjmrh.</w>
            <w lemma="í" type="af">í</w>
            <w lemma="heyrandi" type="nkeþ">heyranda</w>
            <w lemma="hljóð" type="nheþ">hljóði</w>
            <w lemma="til" type="af">til</w>
            <w lemma="það" type="fphee">þess</w>
            <w lemma="að" type="cn">að</w>
            <w lemma="brýna" type="sng">brýna</w>
            <w lemma="fyrir" type="af">fyrir</w>
            <w lemma="hann" type="fpkeþ">honum</w>
            <w lemma="að" type="cn">að</w>
            <w lemma="nota" type="sng">nota</w>
            <w lemma="þessi" type="faveo">þessa</w>
            <w lemma="heimild" type="nveo">heimild</w>
            <w lemma="." type="pl">.</w>
          </s>
          <s n="7">
            <w lemma="(" type="pa">(</w>
            <w lemma="Fjmrh." type="ks">Fjmrh.</w>
            <w lemma=":" type="pa">:</w>
            <w lemma="ég" type="fp1en">Ég</w>
            <w lemma="vera" type="sfg1en">er</w>
            <w lemma="búinn" type="lkensf">búinn</w>
            <w lemma="að" type="cn">að</w>
            <w lemma="lýsa" type="sng">lýsa</w>
            <w lemma="yfir" type="aa">yfir</w>
            <w lemma="," type="pk">,</w>
            <w lemma="að" type="c">að</w>
            <w lemma="ég" type="fp1en">ég</w>
            <w lemma="munu" type="svg1en">muni</w>
            <w lemma="ekki" type="aa">ekki</w>
            <w lemma="nota" type="sng">nota</w>
            <w lemma="hún" type="fpveo">hana</w>
            <w lemma=")" type="pa">)</w>
            <w lemma="." type="pl">.</w>
          </s>
          <s n="8">
            <w lemma="maður" type="nken">Maður</w>
            <w lemma="heyra" type="sfg3en">heyrir</w>
            <w lemma="það" type="fphen">það</w>
            <w lemma="draga" type="sþghen">dregið</w>
            <w lemma="í" type="af">í</w>
            <w lemma="efi" type="nkeo">efa</w>
            <w lemma="," type="pk">,</w>
            <w lemma="að" type="c">að</w>
            <w lemma="sá" type="faken">sá</w>
            <w lemma="ungur" type="lkenvf">ungi</w>
            <w lemma="og" type="c">og</w>
            <w lemma="óreyndur" type="lkenvf">óreyndi</w>
            <w lemma="ráðh." type="kt">ráðh.</w>
            <w lemma="," type="pk">,</w>
            <w lemma="sem" type="ct">sem</w>
            <w lemma="þessi" type="fahen">þetta</w>
            <w lemma="heyra" type="sfg3en">heyrir</w>
            <w lemma="undir" type="aa">undir</w>
            <w lemma="," type="pk">,</w>
            <w lemma="hafa" type="svg3en">hafi</w>
            <w lemma="setja" type="sþghen">sett</w>
            <w lemma="sig" type="fpkeo">sig</w>
            <w lemma="inn" type="aa">inn</w>
            <w lemma="í" type="af">í</w>
            <w lemma="það" type="fpheo">það</w>
            <w lemma="eins" type="aa">eins</w>
            <w lemma="og" type="c">og</w>
            <w lemma="vera" type="sng">vera</w>
            <w lemma="þurfa" type="svg3eþ">þyrfti</w>
            <w lemma="," type="pk">,</w>
            <w lemma="hver" type="fshen">hvað</w>
            <w lemma="hollur" type="lhensf">hollt</w>
            <w lemma="og" type="c">og</w>
            <w lemma="nauðsynlegur" type="lhensf">nauðsynlegt</w>
            <w lemma="það" type="fphen">það</w>
            <w lemma="vera" type="sfg3en">er</w>
            <w lemma="ungur" type="lkfþsf">ungum</w>
            <w lemma="og" type="c">og</w>
            <w lemma="gamall" type="lkeþsf">gömlum</w>
            <w lemma="," type="pk">,</w>
            <w lemma="og" type="c">og</w>
            <w lemma="ekki" type="aa">ekki</w>
            <w lemma="þó" type="aa">þó</w>
            <w lemma="sízt" type="aae">sízt</w>
            <w lemma="sjúklingur" type="nkfþ">sjúklingum</w>
            <w lemma="," type="pk">,</w>
            <w lemma="að" type="cn">að</w>
            <w lemma="hafa" type="sng">hafa</w>
            <w lemma="þessi" type="favfo">þessar</w>
            <w lemma="vörutegund" type="nvfo">vörutegundir</w>
            <w lemma="á" type="af">á</w>
            <w lemma="borð" type="nhfþ">borðum</w>
            <w lemma="sinn" type="fehfþ">sínum</w>
            <w lemma="." type="pl">.</w>
          </s>
          <s n="9">
            <w lemma="ég" type="fp1en">Ég</w>
            <w lemma="halda" type="sfg1en">held</w>
            <w lemma="það" type="fpheþ">því</w>
            <w lemma="," type="pk">,</w>
            <w lemma="að" type="c">að</w>
            <w lemma="hæstv." type="kt">hæstv.</w>
            <w lemma="fjmrh." type="kt">fjmrh.</w>
            <w lemma="eiga" type="svg3eþ">ætti</w>
            <w lemma="ekki" type="aa">ekki</w>
            <w lemma="að" type="cn">að</w>
            <w lemma="gaspra" type="sng">gaspra</w>
            <w lemma="mikið" type="aa">mikið</w>
            <w lemma="um" type="af">um</w>
            <w lemma="," type="pk">,</w>
            <w lemma="að" type="c">að</w>
            <w lemma="hann" type="fpken">hann</w>
            <w lemma="ætla" type="svg3en">ætli</w>
            <w lemma="ekki" type="aa">ekki</w>
            <w lemma="að" type="cn">að</w>
            <w lemma="nota" type="sng">nota</w>
            <w lemma="þessi" type="faveo">þessa</w>
            <w lemma="heimild" type="nveo">heimild</w>
            <w lemma="," type="pk">,</w>
            <w lemma="heldur" type="c">heldur</w>
            <w lemma="eiga" type="svg3eþ">ætti</w>
            <w lemma="hann" type="fpken">hann</w>
            <w lemma="að" type="cn">að</w>
            <w lemma="sjá" type="sng">sjá</w>
            <w lemma="sig" type="fpkeo">sig</w>
            <w lemma="um" type="af">um</w>
            <w lemma="hönd" type="nveo">hönd</w>
            <w lemma="og" type="c">og</w>
            <w lemma="nota" type="sng">nota</w>
            <w lemma="hún" type="fpveo">hana</w>
            <w lemma="." type="pl">.</w>
          </s>
          <s n="10">
            <w lemma="svo" type="aa">Svo</w>
            <w lemma="vera" type="sfg3eþ">var</w>
            <w lemma="það" type="fphen">það</w>
            <w lemma="hæstv." type="kt">hæstv.</w>
            <w lemma="forsrh." type="kt">forsrh.</w>
            <w lemma="," type="pk">,</w>
            <w lemma="vera" type="sfg3en">er</w>
            <w lemma="sá" type="faken">sá</w>
            <w lemma="ástæða" type="nveo">ástæðu</w>
            <w lemma="til" type="af">til</w>
            <w lemma="að" type="cn">að</w>
            <w lemma="blanda" type="sng">blanda</w>
            <w lemma="hér" type="aa">hér</w>
            <w lemma="dálítill" type="lheþsf">dálitlu</w>
            <w lemma="af" type="af">af</w>
            <w lemma="mjólk" type="nveþ">mjólk</w>
            <w lemma="saman" type="aa">saman</w>
            <w lemma="við" type="af">við</w>
            <w lemma="benzín" type="nheog">benzínið</w>
            <w lemma="," type="pk">,</w>
            <w lemma="sem" type="ct">sem</w>
            <w lemma="vera" type="sþghen">verið</w>
            <w lemma="vera" type="sfg3eþ">var</w>
            <w lemma="að" type="cn">að</w>
            <w lemma="ræða" type="sng">ræða</w>
            <w lemma="um" type="aa">um</w>
            <w lemma="." type="pl">.</w>
          </s>
          <s n="11">
            <w lemma="hann" type="fpken">Hann</w>
            <w lemma="vera" type="sfg3eþ">var</w>
            <w lemma="að" type="cn">að</w>
            <w lemma="tæpa" type="sng">tæpa</w>
            <w lemma="á" type="af">á</w>
            <w lemma="það" type="fpheþ">því</w>
            <w lemma="," type="pk">,</w>
            <w lemma="að" type="c">að</w>
            <w lemma="nokkur" type="fovfn">nokkrar</w>
            <w lemma="kona" type="nvfn">konur</w>
            <w lemma="hér" type="aa">hér</w>
            <w lemma="í" type="af">í</w>
            <w lemma="Rvík" type="n----s">Rvík</w>
            <w lemma="hafa" type="svg3fþ">hefðu</w>
            <w lemma="vera" type="sþghen">verið</w>
            <w lemma="láta" type="sþgvfn">látnar</w>
            <w lemma="hefja" type="sng">hefja</w>
            <w lemma="mjólkurverkfallur" type="nkeo">mjólkurverkfall</w>
            <w lemma="í" type="af">í</w>
            <w lemma="fyrra" type="lkeovm">fyrra</w>
            <w lemma="vetur" type="nkeo">vetur</w>
            <w lemma="." type="pl">.</w>
          </s>
          <s n="12">
            <w lemma="maður" type="nkeþ">Manni</w>
            <w lemma="geta" type="sfg3en">getur</w>
            <w lemma="ekki" type="aa">ekki</w>
            <w lemma="dulizt" type="x">dulizt</w>
            <w lemma="," type="pk">,</w>
            <w lemma="að" type="c">að</w>
            <w lemma="í" type="af">í</w>
            <w lemma="þessi" type="faheþ">þessu</w>
            <w lemma="eiga" type="sfg3eþ">átti</w>
            <w lemma="að" type="cn">að</w>
            <w lemma="fela" type="snm">felast</w>
            <w lemma="sá" type="faven">sú</w>
            <w lemma="aðdróttun" type="nven">aðdróttun</w>
            <w lemma="til" type="af">til</w>
            <w lemma="sá" type="favfe">þeirra</w>
            <w lemma="kona" type="nvfe">kvenna</w>
            <w lemma="," type="pk">,</w>
            <w lemma="sem" type="ct">sem</w>
            <w lemma="láta" type="sfg3fþ">létu</w>
            <w lemma="óánægja" type="nveo">óánægju</w>
            <w lemma="sinn" type="feveo">sína</w>
            <w lemma="í" type="af">í</w>
            <w lemma="ljós" type="nheo">ljós</w>
            <w lemma="með" type="af">með</w>
            <w lemma="það" type="fpheþ">því</w>
            <w lemma="að" type="cn">að</w>
            <w lemma="koma" type="sng">koma</w>
            <w lemma="sig" type="fpvfþ">sér</w>
            <w lemma="saman" type="aa">saman</w>
            <w lemma="um" type="af">um</w>
            <w lemma="að" type="cn">að</w>
            <w lemma="takmarka" type="sng">takmarka</w>
            <w lemma="mjólkurkaup" type="nhfo">mjólkurkaup</w>
            <w lemma="sinn" type="fehfo">sín</w>
            <w lemma="meðan" type="c">meðan</w>
            <w lemma="hinn" type="ghen">hið</w>
            <w lemma="ógurlegur" type="lhenvf">ógurlega</w>
            <w lemma="ólag" type="nhen">ólag</w>
            <w lemma="vera" type="sfg3eþ">var</w>
            <w lemma="á" type="af">á</w>
            <w lemma="mjólkursala" type="nveþg">mjólkursölunni</w>
            <w lemma="," type="pk">,</w>
            <w lemma="að" type="c">að</w>
            <w lemma="hún" type="fpvfn">þær</w>
            <w lemma="hafa" type="svg3fþ">hefðu</w>
            <w lemma="eigi" type="aa">eigi</w>
            <w lemma="gera" type="sþghen">gert</w>
            <w lemma="það" type="fpheo">það</w>
            <w lemma="af" type="af">af</w>
            <w lemma="eigin" type="lvfþof">eigin</w>
            <w lemma="hvöt" type="nvfþ">hvötum</w>
            <w lemma="." type="pl">.</w>
          </s>
          <s n="13">
            <w lemma="þessi" type="faven">Þessi</w>
            <w lemma="aðdróttun" type="nven">aðdróttun</w>
            <w lemma="hæstv." type="kt">hæstv.</w>
            <w lemma="forsrh." type="kt">forsrh.</w>
            <w lemma="vera" type="sfg3en">er</w>
            <w lemma="með" type="af">með</w>
            <w lemma="allur" type="foheþ">öllu</w>
            <w lemma="tilhæfulaus" type="lvensf">tilhæfulaus</w>
            <w lemma="." type="pl">.</w>
          </s>
          <s n="14">
            <w lemma="það" type="fphen">Það</w>
            <w lemma="vera" type="sfg3fþ">voru</w>
            <w lemma="kona" type="nvfng">konurnar</w>
            <w lemma="sjálfur" type="fbvfn">sjálfar</w>
            <w lemma="," type="pk">,</w>
            <w lemma="og" type="c">og</w>
            <w lemma="hún" type="fpvfn">þær</w>
            <w lemma="einn" type="lvfnsf">einar</w>
            <w lemma="," type="pk">,</w>
            <w lemma="sem" type="ct">sem</w>
            <w lemma="af" type="af">af</w>
            <w lemma="eigin" type="lkeþof">eigin</w>
            <w lemma="vilji" type="nkeþ">vilja</w>
            <w lemma="og" type="c">og</w>
            <w lemma="áhugi" type="nkeþ">áhuga</w>
            <w lemma="fyrir" type="af">fyrir</w>
            <w lemma="sinn" type="fehfþ">sínum</w>
            <w lemma="mál" type="nhfþ">málum</w>
            <w lemma="ganga" type="sfm3fþ">gengust</w>
            <w lemma="fyrir" type="af">fyrir</w>
            <w lemma="það" type="fpheþ">því</w>
            <w lemma="hver" type="foven">hver</w>
            <w lemma="með" type="af">með</w>
            <w lemma="annari" type="x">annari</w>
            <w lemma="að" type="cn">að</w>
            <w lemma="takmarka" type="sng">takmarka</w>
            <w lemma="mjólkurkaup" type="nhfo">mjólkurkaup</w>
            <w lemma="sinn" type="fehfo">sín</w>
            <w lemma="," type="pk">,</w>
            <w lemma="enda" type="c">enda</w>
            <w lemma="vera" type="sfg3eþ">var</w>
            <w lemma="fyrirkomulag" type="nhen">fyrirkomulag</w>
            <w lemma="sala" type="nveeg">sölunnar</w>
            <w lemma="þannig" type="aa">þannig</w>
            <w lemma="," type="pk">,</w>
            <w lemma="að" type="c">að</w>
            <w lemma="mjólkurnotkun" type="nveng">mjólkurnotkunin</w>
            <w lemma="takmarka" type="sfm3eþ">takmarkaðist</w>
            <w lemma="af" type="af">af</w>
            <w lemma="sjálfur" type="fbheþ">sjálfu</w>
            <w lemma="sig" type="fpheþ">sér</w>
            <w lemma="." type="pl">.</w>
          </s>
          <s n="15">
            <w lemma="annars" type="aa">Annars</w>
            <w lemma="vera" type="sfg3eþ">var</w>
            <w lemma="enginn" type="fohen">ekkert</w>
            <w lemma="óvenjulegur" type="lhensf">óvenjulegt</w>
            <w lemma="að" type="cn">að</w>
            <w lemma="heyra" type="sng">heyra</w>
            <w lemma="þessi" type="faheo">þetta</w>
            <w lemma="í" type="af">í</w>
            <w lemma="fyrra" type="lkeovm">fyrra</w>
            <w lemma="vetur" type="nkeo">vetur</w>
            <w lemma="," type="pk">,</w>
            <w lemma="að" type="c">að</w>
            <w lemma="pólitískur" type="lkensf">pólitískur</w>
            <w lemma="undirróður" type="nken">undirróður</w>
            <w lemma="standa" type="svg3eþ">stæði</w>
            <w lemma="á" type="af">á</w>
            <w lemma="bak" type="nheo">bak</w>
            <w lemma="við" type="af">við</w>
            <w lemma="samtök" type="nhfo">samtök</w>
            <w lemma="kona" type="nvfeg">kvennanna</w>
            <w lemma="," type="pk">,</w>
            <w lemma="þar" type="aa">þar</w>
            <w lemma="sem" type="c">sem</w>
            <w lemma="blað" type="nhfn">blöð</w>
            <w lemma="hæstv." type="ks">hæstv.</w>
            <w lemma="ráðh." type="kt">ráðh.</w>
            <w lemma="vera" type="sfg3fþ">voru</w>
            <w lemma="alltaf" type="aa">alltaf</w>
            <w lemma="með" type="af">með</w>
            <w lemma="hálfgerður" type="lvfosf">hálfgerðar</w>
            <w lemma="svívirðing" type="nvfo">svívirðingar</w>
            <w lemma="um" type="af">um</w>
            <w lemma="sá" type="favfo">þær</w>
            <w lemma="kona" type="nvfo">konur</w>
            <w lemma="," type="pk">,</w>
            <w lemma="sem" type="ct">sem</w>
            <w lemma="vera" type="sfg3fþ">voru</w>
            <w lemma="svo" type="aa">svo</w>
            <w lemma="sjálfstæður" type="lvfnsf">sjálfstæðar</w>
            <w lemma="í" type="af">í</w>
            <w lemma="skoðun" type="nvfþ">skoðunum</w>
            <w lemma="," type="pk">,</w>
            <w lemma="að" type="c">að</w>
            <w lemma="hún" type="fpvfn">þær</w>
            <w lemma="láta" type="sfg3fþ">létu</w>
            <w lemma="ekki" type="aa">ekki</w>
            <w lemma="bjóða" type="sng">bjóða</w>
            <w lemma="sig" type="fpvfþ">sér</w>
            <w lemma="annar" type="fohfo">önnur</w>
            <w lemma="eins" type="lhfoof">eins</w>
            <w lemma="þrælatak" type="nhfo">þrælatök</w>
            <w lemma="sem" type="ct">sem</w>
            <w lemma="hún" type="fpvfn">þær</w>
            <w lemma="vera" type="sfg3fþ">voru</w>
            <w lemma="beittur" type="lvfnsf">beittar</w>
            <w lemma="." type="pl">.</w>
          </s>
          <s n="16">
            <w lemma="undir" type="af">Undir</w>
            <w lemma="þessi" type="fakfþ">þessum</w>
            <w lemma="umr." type="x">umr.</w>
            <w lemma="gjalla" type="sfg3eþ">gall</w>
            <w lemma="við" type="af">við</w>
            <w lemma="rödd" type="nveo">rödd</w>
            <w lemma="utan" type="aa">utan</w>
            <w lemma="úr" type="af">úr</w>
            <w lemma="horn" type="nheþ">horni</w>
            <w lemma="-" type="pa">-</w>
            <w lemma="ég" type="fp1en">ég</w>
            <w lemma="hyggja" type="sfg1en">hygg</w>
            <w lemma="það" type="fphen">það</w>
            <w lemma="hafa" type="svg3en">hafi</w>
            <w lemma="vera" type="sþghen">verið</w>
            <w lemma="hv." type="ks">hv.</w>
            <w lemma="þm" type="x">þm</w>
            <w lemma="." type="pl">.</w>
          </s>
          <s n="17">
            <w lemma="S." type="ks">S.</w>
            <w lemma="-" type="pa">-</w>
            <w lemma="Þ." type="ks">Þ.</w>
            <w lemma="," type="pk">,</w>
            <w lemma="hann" type="fpken">hann</w>
            <w lemma="sjá" type="sfm3en">sést</w>
            <w lemma="sjaldan" type="aa">sjaldan</w>
            <w lemma="í" type="af">í</w>
            <w lemma="sæti" type="nheþ">sæti</w>
            <w lemma="sinn" type="feheþ">sínu</w>
            <w lemma="," type="pk">,</w>
            <w lemma="en" type="c">en</w>
            <w lemma="vera" type="sfg3en">er</w>
            <w lemma="oft" type="aa">oft</w>
            <w lemma="einhversstaðar" type="aa">einhversstaðar</w>
            <w lemma="í" type="af">í</w>
            <w lemma="horn" type="nhfþg">hornunum</w>
            <w lemma="-" type="pa">-</w>
            <w lemma="og" type="c">og</w>
            <w lemma="spyrja" type="sfg3eþ">spurði</w>
            <w lemma="," type="pk">,</w>
            <w lemma="hver" type="fshen">hvað</w>
            <w lemma="húsmóðir" type="nvfng">húsmæðurnar</w>
            <w lemma="hafa" type="svg3fþ">hefðu</w>
            <w lemma="hafa" type="sþghen">haft</w>
            <w lemma="upp" type="aa">upp</w>
            <w lemma="úr" type="af">úr</w>
            <w lemma="þessi" type="faheþ">þessu</w>
            <w lemma="." type="pl">.</w>
          </s>
          <s n="18">
            <w lemma="ég" type="fp1en">Ég</w>
            <w lemma="geta" type="sfg1en">get</w>
            <w lemma="nefna" type="sþghen">nefnt</w>
            <w lemma="það" type="fpheo">það</w>
            <w lemma="til" type="af">til</w>
            <w lemma="dæmi" type="nhee">dæmis</w>
            <w lemma="," type="pk">,</w>
            <w lemma="að" type="c">að</w>
            <w lemma="kaldhreinsaður" type="lvenvf">kaldhreinsaða</w>
            <w lemma="mjólk" type="nveng">mjólkin</w>
            <w lemma="koma" type="sfg3eþ">kom</w>
            <w lemma="á" type="af">á</w>
            <w lemma="markaður" type="nkeog">markaðinn</w>
            <w lemma="," type="pk">,</w>
            <w lemma="einmitt" type="aa">einmitt</w>
            <w lemma="sá" type="faven">sú</w>
            <w lemma="mjólk" type="nveng">mjólkin</w>
            <w lemma="," type="pk">,</w>
            <w lemma="sem" type="ct">sem</w>
            <w lemma="margur" type="lhfnsf">mörg</w>
            <w lemma="heimili" type="nhfn">heimili</w>
            <w lemma="vilja" type="sfg3fþ">vildu</w>
            <w lemma="helzt" type="aae">helzt</w>
            <w lemma="fá" type="sng">fá</w>
            <w lemma="." type="pl">.</w>
          </s>
          <s n="19">
            <w lemma="mjólkurresept" type="nveng">Mjólkurreseptin</w>
            <w lemma="frægur" type="lhfnvf">frægu</w>
            <w lemma="frá" type="af">frá</w>
            <w lemma="Kleppur" type="nkeþ-s">Kleppi</w>
            <w lemma="hverfa" type="sfg3fþ">hurfu</w>
            <w lemma="úr" type="af">úr</w>
            <w lemma="saga" type="nveþg">sögunni</w>
            <w lemma="og" type="c">og</w>
            <w lemma="mikill" type="lhenvm">meira</w>
            <w lemma="frjálsræði" type="nhen">frjálsræði</w>
            <w lemma="fá" type="sfm3eþ">fékkst</w>
            <w lemma="yfirleitt" type="aa">yfirleitt</w>
            <w lemma="í" type="af">í</w>
            <w lemma="þessi" type="fahfþ">þessum</w>
            <w lemma="viðskipti" type="nhfþ">viðskiptum</w>
            <w lemma="." type="pl">.</w>
          </s>
          <s n="20">
            <w lemma="þessi" type="fahen">Þetta</w>
            <w lemma="vera" type="sfg3eþ">var</w>
            <w lemma="sá" type="fahen">það</w>
            <w lemma="," type="pk">,</w>
            <w lemma="sem" type="ct">sem</w>
            <w lemma="kona" type="nvfng">konurnar</w>
            <w lemma="óska" type="sfg3fþ">óskuðu</w>
            <w lemma="eftir" type="aa">eftir</w>
            <w lemma="." type="pl">.</w>
          </s>
          <s n="21">
            <w lemma="sjálfur" type="fbken">Sjálfur</w>
            <w lemma="muna" type="sfg3en">man</w>
            <w lemma="hæstv." type="ks">hæstv.</w>
            <w lemma="ráðh." type="kt">ráðh.</w>
            <w lemma="vafalaust" type="aa">vafalaust</w>
            <w lemma="eftir" type="af">eftir</w>
            <w lemma="það" type="fpheþ">því</w>
            <w lemma="," type="pk">,</w>
            <w lemma="þegar" type="c">þegar</w>
            <w lemma="kona" type="nvfng">konurnar</w>
            <w lemma="heimsækja" type="sfg3fþ">heimsóttu</w>
            <w lemma="hann" type="fpkeo">hann</w>
            <w lemma="í" type="af">í</w>
            <w lemma="stjórnarráð" type="nheog">stjórnarráðið</w>
            <w lemma="." type="pl">.</w>
          </s>
          <s n="22">
            <w lemma="ég" type="fp1en">Ég</w>
            <w lemma="geta" type="sfg1en">get</w>
            <w lemma="segja" type="sþghen">sagt</w>
            <w lemma="hann" type="fpkeþ">honum</w>
            <w lemma="það" type="fpheo">það</w>
            <w lemma="til" type="af">til</w>
            <w lemma="hrós" type="nhee">hróss</w>
            <w lemma="," type="pk">,</w>
            <w lemma="að" type="c">að</w>
            <w lemma="hann" type="fpken">hann</w>
            <w lemma="taka" type="sfg3eþ">tók</w>
            <w lemma="hann" type="fpkfþ">þeim</w>
            <w lemma="vel" type="aa">vel</w>
            <w lemma="og" type="c">og</w>
            <w lemma="kurteislega" type="aa">kurteislega</w>
            <w lemma="," type="pk">,</w>
            <w lemma="þótt" type="c">þótt</w>
            <w lemma="lengi" type="aa">lengi</w>
            <w lemma="þykja" type="svg3eþ">þætti</w>
            <w lemma="hann" type="fpkfþ">þeim</w>
            <w lemma="standa" type="sng">standa</w>
            <w lemma="á" type="af">á</w>
            <w lemma="framkvæmd" type="nvfþg">framkvæmdunum</w>
            <w lemma="." type="pl">.</w>
          </s>
          <s n="23">
            <w lemma="-" type="pa">-</w>
            <w lemma="þessi" type="faheþ">Þessu</w>
            <w lemma="vilja" type="sfg1eþ">vildi</w>
            <w lemma="ég" type="fp1en">ég</w>
            <w lemma="koma" type="sng">koma</w>
            <w lemma="hér" type="aa">hér</w>
            <w lemma="að" type="aa">að</w>
            <w lemma="," type="pk">,</w>
            <w lemma="úr" type="af">úr</w>
            <w lemma="það" type="fpheþ">því</w>
            <w lemma="hæstv." type="kt">hæstv.</w>
            <w lemma="ráðh." type="kt">ráðh.</w>
            <w lemma="fara" type="sfg3eþ">fór</w>
            <w lemma="að" type="cn">að</w>
            <w lemma="hreyfa" type="sng">hreyfa</w>
            <w lemma="við" type="af">við</w>
            <w lemma="mjólkurmál" type="nheþg">mjólkurmálinu</w>
            <w lemma="að" type="af">að</w>
            <w lemma="fyrri" type="lheþvm">fyrra</w>
            <w lemma="bragð" type="nheþ">bragði</w>
            <w lemma=";" type="pk">;</w>
            <w lemma="annars" type="aa">annars</w>
            <w lemma="hafa" type="svg3eþ">hefði</w>
            <w lemma="ég" type="fp1eþ">mér</w>
            <w lemma="vitanlega" type="aa">vitanlega</w>
            <w lemma="ekki" type="aa">ekki</w>
            <w lemma="detta" type="sþghen">dottið</w>
            <w lemma="í" type="af">í</w>
            <w lemma="hugur" type="nkeo">hug</w>
            <w lemma="að" type="cn">að</w>
            <w lemma="minna" type="snm">minnast</w>
            <w lemma="á" type="af">á</w>
            <w lemma="það" type="fpheo">það</w>
            <w lemma="." type="pl">.</w>
          </s>
        </p>
      </div1>
    </body>
  </text>
</TEI>
