<?xml version="1.0" encoding="UTF-8"?>
<TEI xmlns="http://www.tei-c.org/ns/1.0" xml:id="R-33-4817185" xml:lang="is">
  <teiHeader>
    <fileDesc>
      <titleStmt>
        <title>
          <title type="main">Iðnaðarnám (40. mál)</title>
        </title>
        <respStmt>
          <resp xml:lang="is">Söfnun og úrvinnsla texta</resp>
          <resp xml:lang="en">Collection and processing of text</resp>
          <name xml:lang="is">Stofnun Árna Magnússonar í íslenskum fræðum</name>
          <name xml:lang="en">The Arni Magnusson Institute for Icelandic Studies</name>
        </respStmt>
      </titleStmt>
      <editionStmt>
        <p xml:lang="is">Málheild: Ræður frá Alþingi Íslendinga (2020.06)</p>
        <p xml:lang="en">Corpus: Speeches from The Parliament of Iceland (2020.06)</p>
      </editionStmt>
      <publicationStmt>
        <distributor xml:lang="is">Stofnun Árna Magnússonar í íslenskum fræðum</distributor>
        <distributor xml:lang="en">The Arni Magnusson Institute for Icelandic Studies</distributor>
        <address>
          <addrLine xml:lang="is">Árnagarður við Suðurgötu, 107 Reykjavík, Íslandi</addrLine>
          <addrLine xml:lang="en">Árnagarður Suðurgata, 107 Reykjavik, Iceland</addrLine>
          <addrLine>
            <email>arnastofnun@arnastofnun.is</email>
          </addrLine>
        </address>
        <idno type="risam">R-33-4817185</idno>
        <availability>
          <p xml:lang="is">Þessi texti er til notkunar í málrannsóknum og máltækniverkefnum um allan heim með CC-BY leyfi</p>
          <p xml:lang="en">This text is available for use in language research and language technology projects world wide with CC-BY licence.</p>
        </availability>
        <date>2020-05-27</date>
      </publicationStmt>
      <sourceDesc>
        <biblStruct>
          <analytic>
            <title>
              <title type="main">Iðnaðarnám (40. mál)</title>
            </title>
            <author>
             <persName>Guðrún Lárusdóttir</persName>
             <note type="gender">F</note>
             <note type="age">55</note>
             <note type="url">http://althingi.is/altext/cv/is/?nfaerslunr=203</note>
             <note type="political_party">Sjálfstæðisflokkur</note>
             <note type="constituency">landskjörinn alþingismaður (LA)</note>
             <note type="role">Alþingismaður</note>
            </author>
            <date when="1935-12-18">18.12. 1935</date>
          </analytic>
          <monogr>
            <title>althingi.is</title>
            <imprint>
              <publisher>Alþingi</publisher>
            </imprint>
            <biblScope>
             <ref>http://althingi.is/altext/raeda/?lthing=49&amp;rnr=2662</ref>
            </biblScope>
          </monogr>
        </biblStruct>
      </sourceDesc>
    </fileDesc>
    <encodingDesc>
      <projectDesc>
        <p xml:lang="is">Sjá lýsingu á verkefninu í rmh2Hdr.xml.</p>
        <p xml:lang="en">See description of project in rmh2Hdr.xml.</p>
      </projectDesc>
      <tagsDecl>
        <namespace name="http://www.tei-c.org/ns/1.0">
          <tagUsage gi="text" occurs="1"/>
          <tagUsage gi="body" occurs="1"/>
          <tagUsage gi="div1" occurs="1"/>
          <tagUsage gi="p" occurs="5"/>
          <tagUsage gi="s" occurs="27"/>
          <tagUsage gi="w" occurs="538"/>
          <tagUsage gi="c" occurs="0"/>
        </namespace>
      </tagsDecl>
    </encodingDesc>
  </teiHeader>
  <text>
    <body>
      <div1>
        <p n="1">
          <s n="1">
            <w lemma="Guðrún" type="nven-s">Guðrún</w>
            <w lemma="Lárusdóttir" type="nven-s">Lárusdóttir</w>
            <w lemma=":" type="pa">:</w>
          </s>
        </p>
        <p n="2">
          <s n="1">
            <w lemma="það" type="fphen">Það</w>
            <w lemma="vera" type="sfg3fn">eru</w>
            <w lemma="tveir" type="tfvfn">tvær</w>
            <w lemma="brtt" type="x">brtt</w>
            <w lemma="." type="pl">.</w>
          </s>
          <s n="2">
            <w lemma="," type="pk">,</w>
            <w lemma="sem" type="ct">sem</w>
            <w lemma="ég" type="fp1en">ég</w>
            <w lemma="hafa" type="sfg1en">hefi</w>
            <w lemma="leyfa" type="sþghen">leyft</w>
            <w lemma="ég" type="fp1eþ">mér</w>
            <w lemma="að" type="cn">að</w>
            <w lemma="bera" type="sng">bera</w>
            <w lemma="fram" type="aa">fram</w>
            <w lemma="við" type="af">við</w>
            <w lemma="frv." type="ks">frv.</w>
            <w lemma="viðvíkja" type="slg">viðvíkjandi</w>
            <w lemma="fyrri" type="lkeovm">fyrri</w>
            <w lemma="brttur" type="nkeo">brtt</w>
            <w lemma="." type="pl">.</w>
          </s>
          <s n="3">
            <w lemma="," type="pk">,</w>
            <w lemma="við" type="af">við</w>
            <w lemma="10." type="ta">10.</w>
            <w lemma="gr." type="ks">gr.</w>
            <w lemma="frv." type="ks">frv.</w>
            <w lemma="," type="pk">,</w>
            <w lemma="þá" type="aa">þá</w>
            <w lemma="leggja" type="sfg1en">legg</w>
            <w lemma="ég" type="fp1en">ég</w>
            <w lemma="þar" type="aa">þar</w>
            <w lemma="til" type="aa">til</w>
            <w lemma="," type="pk">,</w>
            <w lemma="að" type="c">að</w>
            <w lemma="fella" type="sþghfn">felld</w>
            <w lemma="verða" type="svg3en">verði</w>
            <w lemma="niður" type="aa">niður</w>
            <w lemma="verða" type="sþgven">orðin</w>
            <w lemma="„" type="x">„</w>
            <w lemma="þar" type="aa">þar</w>
            <w lemma="með" type="aa">með</w>
            <w lemma="telja" type="sþgken">talinn</w>
            <w lemma="pappír" type="nken">pappír</w>
            <w lemma="," type="pk">,</w>
            <w lemma="bók" type="nvfn">bækur</w>
            <w lemma="og" type="c">og</w>
            <w lemma="teikniáhald" type="nhfn">teikniáhöld</w>
            <w lemma="," type="pk">,</w>
            <w lemma="og" type="c">og</w>
            <w lemma="annar" type="fohen">annað</w>
            <w lemma="það" type="fphen">það</w>
            <w lemma="," type="pk">,</w>
            <w lemma="sem" type="ct">sem</w>
            <w lemma="nám" type="nheng">námið</w>
            <w lemma="óhjákvæmilega" type="aa">óhjákvæmilega</w>
            <w lemma="útheimta" type="sfg3en">útheimtir</w>
            <w lemma="“" type="n----s">“</w>
            <w lemma="." type="pl">.</w>
          </s>
          <s n="4">
            <w lemma="lærimeistari" type="nkeng">Lærimeistarinn</w>
            <w lemma="eiga" type="sfg3en">á</w>
            <w lemma="þannig" type="aa">þannig</w>
            <w lemma="bæði" type="c">bæði</w>
            <w lemma="að" type="cn">að</w>
            <w lemma="kosta" type="sng">kosta</w>
            <w lemma="nemandi" type="nkeog">nemandann</w>
            <w lemma="í" type="af">í</w>
            <w lemma="skóli" type="nkeþ">skóla</w>
            <w lemma="og" type="c">og</w>
            <w lemma="leggja" type="sng">leggja</w>
            <w lemma="hann" type="fpkeþ">honum</w>
            <w lemma="til" type="aa">til</w>
            <w lemma="áhald" type="nhfo">áhöld</w>
            <w lemma="og" type="c">og</w>
            <w lemma="annar" type="foheo">annað</w>
            <w lemma="til" type="af">til</w>
            <w lemma="nám" type="nheeg">námsins</w>
            <w lemma="." type="pl">.</w>
          </s>
          <s n="5">
            <w lemma="um" type="af">Um</w>
            <w lemma="þessi" type="faheo">þetta</w>
            <w lemma="mega" type="sfg3en">má</w>
            <w lemma="segja" type="sng">segja</w>
            <w lemma="," type="pk">,</w>
            <w lemma="að" type="c">að</w>
            <w lemma="það" type="fphen">það</w>
            <w lemma="vera" type="sfg3en">er</w>
            <w lemma="yfirleitt" type="aa">yfirleitt</w>
            <w lemma="ekki" type="aa">ekki</w>
            <w lemma="siður" type="nken">siður</w>
            <w lemma="," type="pk">,</w>
            <w lemma="að" type="c">að</w>
            <w lemma="þessi" type="fakfn">þessir</w>
            <w lemma="hlutur" type="nkfn">hlutir</w>
            <w lemma="vera" type="svg3fn">séu</w>
            <w lemma="láta" type="sþgkfn">látnir</w>
            <w lemma="ókeypis" type="aa">ókeypis</w>
            <w lemma="í" type="af">í</w>
            <w lemma="skóli" type="nkfþ">skólum</w>
            <w lemma="land" type="nheeg">landsins</w>
            <w lemma="." type="pl">.</w>
          </s>
          <s n="6">
            <w lemma="nemandi" type="nkfn">Nemendur</w>
            <w lemma="kosta" type="sfg3fn">kosta</w>
            <w lemma="þessi" type="faheo">þetta</w>
            <w lemma="alstaðar" type="aa">alstaðar</w>
            <w lemma="sjálfur" type="fbkfn">sjálfir</w>
            <w lemma="," type="pk">,</w>
            <w lemma="eða" type="c">eða</w>
            <w lemma="aðstandandi" type="nkfn">aðstandendur</w>
            <w lemma="hann" type="fpkfe">þeirra</w>
            <w lemma="," type="pk">,</w>
            <w lemma="og" type="c">og</w>
            <w lemma="virða" type="sfm3en">virðist</w>
            <w lemma="því" type="aa">því</w>
            <w lemma="einkennilegur" type="lhensf">einkennilegt</w>
            <w lemma="og" type="c">og</w>
            <w lemma="óeðlilegur" type="lhensf">óeðlilegt</w>
            <w lemma="að" type="cn">að</w>
            <w lemma="gera" type="sng">gera</w>
            <w lemma="þessi" type="faveo">þessa</w>
            <w lemma="breyting" type="nveo">breytingu</w>
            <w lemma="við" type="af">við</w>
            <w lemma="þessi" type="fakeo">þennan</w>
            <w lemma="einn" type="lkeovf">eina</w>
            <w lemma="skóli" type="nkeo">skóla</w>
            <w lemma="," type="pk">,</w>
            <w lemma="og" type="c">og</w>
            <w lemma="einkanlega" type="aa">einkanlega</w>
            <w lemma="," type="pk">,</w>
            <w lemma="þegar" type="c">þegar</w>
            <w lemma="taka" type="sþghen">tekið</w>
            <w lemma="vera" type="sfg3en">er</w>
            <w lemma="tillit" type="nhen">tillit</w>
            <w lemma="til" type="af">til</w>
            <w lemma="það" type="fphee">þess</w>
            <w lemma="," type="pk">,</w>
            <w lemma="að" type="c">að</w>
            <w lemma="sá" type="fakfn">þeir</w>
            <w lemma="," type="pk">,</w>
            <w lemma="sem" type="ct">sem</w>
            <w lemma="stunda" type="sfg3fn">stunda</w>
            <w lemma="nám" type="nheo">nám</w>
            <w lemma="við" type="af">við</w>
            <w lemma="þessi" type="fakeo">þennan</w>
            <w lemma="skóli" type="nkeo">skóla</w>
            <w lemma="," type="pk">,</w>
            <w lemma="hafa" type="sfg3fn">hafa</w>
            <w lemma="kaup" type="nheo">kaup</w>
            <w lemma="," type="pk">,</w>
            <w lemma="misjafnlega" type="aa">misjafnlega</w>
            <w lemma="mikill" type="lheosf">mikið</w>
            <w lemma="kaup" type="nheo">kaup</w>
            <w lemma="að" type="af">að</w>
            <w lemma="vís" type="lheþsf">vísu</w>
            <w lemma="," type="pk">,</w>
            <w lemma="sem" type="ct">sem</w>
            <w lemma="fara" type="sfg3en">fer</w>
            <w lemma="eftir" type="af">eftir</w>
            <w lemma="það" type="fpheþ">því</w>
            <w lemma="," type="pk">,</w>
            <w lemma="hver" type="fshen">hvað</w>
            <w lemma="langur" type="lhensf">langt</w>
            <w lemma="vera" type="sfg3en">er</w>
            <w lemma="líða" type="sþghen">liðið</w>
            <w lemma="af" type="af">af</w>
            <w lemma="námstími" type="nkeþg">námstímanum</w>
            <w lemma="." type="pl">.</w>
          </s>
          <s n="7">
            <w lemma="um" type="af">Um</w>
            <w lemma="þessi" type="faheo">þetta</w>
            <w lemma="verða" type="sfg3fþ">urðu</w>
            <w lemma="allmikill" type="lvfnsf">allmiklar</w>
            <w lemma="umr." type="ks">umr.</w>
            <w lemma="í" type="af">í</w>
            <w lemma="n." type="ks">n.</w>
            <w lemma="," type="pk">,</w>
            <w lemma="og" type="c">og</w>
            <w lemma="að" type="c">að</w>
            <w lemma="vilji" type="nkeo">vilja</w>
            <w lemma="meistari" type="nkfeg">meistaranna</w>
            <w lemma="," type="pk">,</w>
            <w lemma="sem" type="ct">sem</w>
            <w lemma="mjög" type="aae">mest</w>
            <w lemma="eiga" type="sfg3fþ">áttu</w>
            <w lemma="tal" type="nheo">tal</w>
            <w lemma="við" type="af">við</w>
            <w lemma="n." type="ks">n.</w>
            <w lemma="," type="pk">,</w>
            <w lemma="flytja" type="sfg1en">flyt</w>
            <w lemma="ég" type="fp1en">ég</w>
            <w lemma="þessi" type="faveo">þessa</w>
            <w lemma="brtt" type="nveo">brtt</w>
            <w lemma="." type="pl">.</w>
          </s>
          <s n="8">
            <w lemma="ég" type="fp1en">Ég</w>
            <w lemma="vilja" type="sfg1en">vil</w>
            <w lemma="," type="pk">,</w>
            <w lemma="með" type="af">með</w>
            <w lemma="leyfi" type="nheþ">leyfi</w>
            <w lemma="hæstv." type="ks">hæstv.</w>
            <w lemma="forseti" type="nkee">forseta</w>
            <w lemma="," type="pk">,</w>
            <w lemma="lesa" type="sng">lesa</w>
            <w lemma="upp" type="aa">upp</w>
            <w lemma="úr" type="af">úr</w>
            <w lemma="grg." type="kt">grg.</w>
            <w lemma="hann" type="fpkfe">þeirra</w>
            <w lemma="í" type="af">í</w>
            <w lemma="bréf" type="nheþ">bréfi</w>
            <w lemma="," type="pk">,</w>
            <w lemma="er" type="c">er</w>
            <w lemma="hann" type="fpkfn">þeir</w>
            <w lemma="senda" type="sfg3fþ">sendu</w>
            <w lemma="til" type="aa">til</w>
            <w lemma="iðnn" type="nkeog">iðnn</w>
            <w lemma="." type="pl">.</w>
          </s>
          <s n="9">
            <w lemma=":" type="pa">:</w>
          </s>
          <s n="10">
            <w lemma="„" type="n----s">„</w>
            <w lemma="sá" type="faven">Sú</w>
            <w lemma="hafa" type="sfg3en">hefir</w>
            <w lemma="vera" type="sþghen">verið</w>
            <w lemma="venja" type="nven">venja</w>
            <w lemma="," type="pk">,</w>
            <w lemma="að" type="c">að</w>
            <w lemma="lærimeistari" type="nken">lærimeistari</w>
            <w lemma="greiða" type="svg3en">greiði</w>
            <w lemma="kennslukostnað" type="nheo">kennslukostnað</w>
            <w lemma="," type="pk">,</w>
            <w lemma="þ." type="ks">þ.</w>
            <w lemma="e." type="ks">e.</w>
            <w lemma="skólagjald" type="nheo">skólagjald</w>
            <w lemma="," type="pk">,</w>
            <w lemma="fyrir" type="af">fyrir</w>
            <w lemma="nemandi" type="nkeo">nemanda</w>
            <w lemma="," type="pk">,</w>
            <w lemma="en" type="c">en</w>
            <w lemma="að" type="c">að</w>
            <w lemma="nemandi" type="nken">nemandi</w>
            <w lemma="bera" type="svg3en">beri</w>
            <w lemma="sjálfur" type="fbken">sjálfur</w>
            <w lemma="kostnaður" type="nkeo">kostnað</w>
            <w lemma="við" type="af">við</w>
            <w lemma="kaup" type="nheo">kaup</w>
            <w lemma="námstæki" type="nhfe">námstækja</w>
            <w lemma="," type="pk">,</w>
            <w lemma="svo" type="aa">svo</w>
            <w lemma="sem" type="c">sem</w>
            <w lemma="bók" type="nvfe">bóka</w>
            <w lemma="," type="pk">,</w>
            <w lemma="teikniáhald" type="nhfe">teikniáhalda</w>
            <w lemma="o" type="au">o</w>
            <w lemma="." type="pl">.</w>
          </s>
          <s n="11">
            <w lemma="s" type="x">s</w>
            <w lemma="." type="pl">.</w>
          </s>
          <s n="12">
            <w lemma="frv" type="x">frv</w>
            <w lemma="." type="pl">.</w>
          </s>
        </p>
        <p n="3">
          <s n="1">
            <w lemma="kostnaður" type="nken">Kostnaður</w>
            <w lemma="við" type="af">við</w>
            <w lemma="öflun" type="nveo">öflun</w>
            <w lemma="og" type="c">og</w>
            <w lemma="viðhald" type="nheo">viðhald</w>
            <w lemma="námstæki" type="nhfe">námstækja</w>
            <w lemma="geta" type="sfg3en">getur</w>
            <w lemma="vera" type="sþghen">verið</w>
            <w lemma="mjög" type="aa">mjög</w>
            <w lemma="breytilegur" type="lkensf">breytilegur</w>
            <w lemma="," type="pk">,</w>
            <w lemma="og" type="c">og</w>
            <w lemma="fara" type="sfg3en">fer</w>
            <w lemma="það" type="fphen">það</w>
            <w lemma="að" type="af">að</w>
            <w lemma="mikill" type="lheþsf">miklu</w>
            <w lemma="leyti" type="nheþ">leyti</w>
            <w lemma="eftir" type="af">eftir</w>
            <w lemma="það" type="fpheþ">því</w>
            <w lemma="," type="pk">,</w>
            <w lemma="hve" type="aa">hve</w>
            <w lemma="hirðusamur" type="lkensf">hirðusamur</w>
            <w lemma="nemandi" type="nken">nemandi</w>
            <w lemma="vera" type="sfg3en">er</w>
            <w lemma="um" type="af">um</w>
            <w lemma="viðhald" type="nheo">viðhald</w>
            <w lemma="og" type="c">og</w>
            <w lemma="varðveizla" type="nveo">varðveizlu</w>
            <w lemma="þessi" type="fakfe">þessara</w>
            <w lemma="hlutur" type="nkfe">hluta</w>
            <w lemma="." type="pl">.</w>
          </s>
        </p>
        <p n="4">
          <s n="1">
            <w lemma="eðlilegur" type="lhense">Eðlilegast</w>
            <w lemma="vera" type="sfg3en">er</w>
            <w lemma="," type="pk">,</w>
            <w lemma="að" type="c">að</w>
            <w lemma="nemandi" type="nkeng">nemandinn</w>
            <w lemma="eiga" type="svg3en">eigi</w>
            <w lemma="námstæki" type="nhfog">námstækin</w>
            <w lemma="sjálfur" type="fbken">sjálfur</w>
            <w lemma="," type="pk">,</w>
            <w lemma="það" type="fpheþ">því</w>
            <w lemma="það" type="fphen">það</w>
            <w lemma="skapa" type="sfg3en">skapar</w>
            <w lemma="hann" type="fpkeþ">honum</w>
            <w lemma="heilbrigður" type="lheosf">heilbrigt</w>
            <w lemma="aðhald" type="nheo">aðhald</w>
            <w lemma="um" type="af">um</w>
            <w lemma="hirðusemi" type="nveo">hirðusemi</w>
            <w lemma="og" type="c">og</w>
            <w lemma="nýtni" type="nveo">nýtni</w>
            <w lemma="," type="pk">,</w>
            <w lemma="en" type="c">en</w>
            <w lemma="eiga" type="svg3en">eigi</w>
            <w lemma="hann" type="fpken">hann</w>
            <w lemma="lög" type="nhfþ">lögum</w>
            <w lemma="samkvæmt" type="af">samkvæmt</w>
            <w lemma="aðgangur" type="nkeo">aðgang</w>
            <w lemma="að" type="af">að</w>
            <w lemma="meistari" type="nkeþ">meistara</w>
            <w lemma="sinn" type="fekeþ">sínum</w>
            <w lemma="um" type="af">um</w>
            <w lemma="nýr" type="lhfosf">ný</w>
            <w lemma="tæki" type="nhfo">tæki</w>
            <w lemma="í" type="af">í</w>
            <w lemma="staður" type="nkeo">stað</w>
            <w lemma="sá" type="fakfe">þeirra</w>
            <w lemma="," type="pk">,</w>
            <w lemma="sem" type="ct">sem</w>
            <w lemma="fara" type="sfg3fn">fara</w>
            <w lemma="forgarður" type="nkfþ">forgörðum</w>
            <w lemma="fyrir" type="af">fyrir</w>
            <w lemma="illur" type="lveosf">illa</w>
            <w lemma="meðferð" type="nveo">meðferð</w>
            <w lemma="," type="pk">,</w>
            <w lemma="þá" type="aa">þá</w>
            <w lemma="munu" type="svg3eþ">mundi</w>
            <w lemma="það" type="fphen">það</w>
            <w lemma="hafa" type="sng">hafa</w>
            <w lemma="spillandi" type="lhfoof">spillandi</w>
            <w lemma="áhrif" type="nhfo">áhrif</w>
            <w lemma="á" type="af">á</w>
            <w lemma="uppeldi" type="nheo">uppeldi</w>
            <w lemma="hann" type="fpkee">hans</w>
            <w lemma="," type="pk">,</w>
            <w lemma="skapa" type="sng">skapa</w>
            <w lemma="lærimeistari" type="nkeþg">lærimeistaranum</w>
            <w lemma="óþarfi" type="nkee">óþarfa</w>
            <w lemma="útgjöld" type="nhfo">útgjöld</w>
            <w lemma="og" type="c">og</w>
            <w lemma="vera" type="sng">vera</w>
            <w lemma="opinn" type="lvensf">opin</w>
            <w lemma="leið" type="nven">leið</w>
            <w lemma="til" type="af">til</w>
            <w lemma="misnotkun" type="nvee">misnotkunar</w>
            <w lemma="“" type="x">“</w>
            <w lemma="." type="pl">.</w>
          </s>
        </p>
        <p n="5">
          <s n="1">
            <w lemma="þannig" type="aa">Þannig</w>
            <w lemma="vera" type="sfg3en">er</w>
            <w lemma="grg." type="kt">grg.</w>
            <w lemma="sá" type="fakfe">þeirra</w>
            <w lemma="maður" type="nkfe">manna</w>
            <w lemma="," type="pk">,</w>
            <w lemma="sem" type="ct">sem</w>
            <w lemma="óska" type="sþghen">óskað</w>
            <w lemma="hafa" type="sfg3fn">hafa</w>
            <w lemma="eftir" type="af">eftir</w>
            <w lemma="það" type="fpheþ">því</w>
            <w lemma="," type="pk">,</w>
            <w lemma="að" type="c">að</w>
            <w lemma="brtt" type="x">brtt</w>
            <w lemma="." type="pl">.</w>
          </s>
          <s n="2">
            <w lemma="á" type="af">á</w>
            <w lemma="þskj." type="kt">þskj.</w>
            <w lemma="847" type="ta">847</w>
            <w lemma="vera" type="svg3fþ">væru</w>
            <w lemma="taka" type="sþgvfn">teknar</w>
            <w lemma="upp" type="aa">upp</w>
            <w lemma="í" type="af">í</w>
            <w lemma="frv" type="x">frv</w>
            <w lemma="." type="pl">.</w>
          </s>
          <s n="3">
            <w lemma="ég" type="fp1en">Ég</w>
            <w lemma="hyggja" type="sfg1en">hygg</w>
            <w lemma="," type="pk">,</w>
            <w lemma="að" type="c">að</w>
            <w lemma="í" type="af">í</w>
            <w lemma="þessi" type="faheþ">þessu</w>
            <w lemma="fela" type="svm3en">felist</w>
            <w lemma="mikill" type="lkensf">mikill</w>
            <w lemma="sannleikur" type="nken">sannleikur</w>
            <w lemma="." type="pl">.</w>
          </s>
          <s n="4">
            <w lemma="auk" type="af">Auk</w>
            <w lemma="það" type="fphee">þess</w>
            <w lemma="hafa" type="sfg1en">hefi</w>
            <w lemma="ég" type="fp1en">ég</w>
            <w lemma="tala" type="sþghen">talað</w>
            <w lemma="við" type="af">við</w>
            <w lemma="margur" type="lkfovm">fleiri</w>
            <w lemma="maður" type="nkfo">menn</w>
            <w lemma="," type="pk">,</w>
            <w lemma="m." type="ks">m.</w>
            <w lemma="a" type="x">a</w>
            <w lemma="." type="pl">.</w>
          </s>
          <s n="5">
            <w lemma="skólastjóri" type="nkeþ">skólastjóra</w>
            <w lemma="iðnskóli" type="nkeeg">iðnskólans</w>
            <w lemma="," type="pk">,</w>
            <w lemma="og" type="c">og</w>
            <w lemma="bera" type="sþghen">borið</w>
            <w lemma="mál" type="nheog">málið</w>
            <w lemma="undir" type="af">undir</w>
            <w lemma="hann" type="fpkeo">hann</w>
            <w lemma="." type="pl">.</w>
          </s>
          <s n="6">
            <w lemma="hafa" type="sfg3en">Hefir</w>
            <w lemma="hann" type="fpkfþ">þeim</w>
            <w lemma="allur" type="fokfþ">öllum</w>
            <w lemma="bera" type="sþghen">borið</w>
            <w lemma="saman" type="aa">saman</w>
            <w lemma="um" type="af">um</w>
            <w lemma="," type="pk">,</w>
            <w lemma="að" type="c">að</w>
            <w lemma="góður" type="lhenvm">betra</w>
            <w lemma="vera" type="svg3eþ">væri</w>
            <w lemma="," type="pk">,</w>
            <w lemma="að" type="c">að</w>
            <w lemma="nemandi" type="nkfng">nemendurnir</w>
            <w lemma="eiga" type="svg3fþ">ættu</w>
            <w lemma="bók" type="nvfog">bækurnar</w>
            <w lemma="og" type="c">og</w>
            <w lemma="áhald" type="nhfng">áhöldin</w>
            <w lemma="sjálfur" type="fbkfn">sjálfir</w>
            <w lemma="," type="pk">,</w>
            <w lemma="gjarnan" type="aam">heldur</w>
            <w lemma="en" type="c">en</w>
            <w lemma="taka" type="sng">taka</w>
            <w lemma="við" type="af">við</w>
            <w lemma="gamall" type="lhfþsf">gömlum</w>
            <w lemma="áhald" type="nhfþ">áhöldum</w>
            <w lemma="af" type="af">af</w>
            <w lemma="annar" type="fokfþ">öðrum</w>
            <w lemma="." type="pl">.</w>
          </s>
          <s n="7">
            <w lemma="ég" type="fp1eþ">Mér</w>
            <w lemma="þykja" type="sfg3en">þykir</w>
            <w lemma="það" type="fphen">það</w>
            <w lemma="því" type="aa">því</w>
            <w lemma="það" type="fphee">þess</w>
            <w lemma="verður" type="lhensf">vert</w>
            <w lemma="að" type="cn">að</w>
            <w lemma="taka" type="sng">taka</w>
            <w lemma="þessi" type="faheo">þetta</w>
            <w lemma="til" type="af">til</w>
            <w lemma="grein" type="nvfe">greina</w>
            <w lemma="." type="pl">.</w>
          </s>
          <s n="8">
            <w lemma="þá" type="aa">Þá</w>
            <w lemma="flytja" type="sfg1en">flyt</w>
            <w lemma="ég" type="fp1en">ég</w>
            <w lemma="brtt" type="x">brtt</w>
            <w lemma="." type="pl">.</w>
          </s>
          <s n="9">
            <w lemma="ég" type="fp1fn">við</w>
            <w lemma="12." type="ta">12.</w>
            <w lemma="gr." type="ks">gr.</w>
            <w lemma="frv" type="x">frv</w>
            <w lemma="." type="pl">.</w>
          </s>
          <s n="10">
            <w lemma="ég" type="fp1eþ">Mér</w>
            <w lemma="sýna" type="sfm3en">sýnist</w>
            <w lemma="það" type="fphen">það</w>
            <w lemma="munu" type="svg3en">muni</w>
            <w lemma="vera" type="sng">vera</w>
            <w lemma="skynsamlegur" type="lvenvm">skynsamlegri</w>
            <w lemma="og" type="c">og</w>
            <w lemma="eðlilegur" type="lveþsf">eðlilegri</w>
            <w lemma="leið" type="nveþ">leið</w>
            <w lemma="," type="pk">,</w>
            <w lemma="að" type="cn">að</w>
            <w lemma="binda" type="sng">binda</w>
            <w lemma="þessi" type="faheo">þetta</w>
            <w lemma="ákvæði" type="nheo">ákvæði</w>
            <w lemma="í" type="af">í</w>
            <w lemma="tryggingarlög" type="nhfþ">tryggingarlögum</w>
            <w lemma="gjarnan" type="aam">heldur</w>
            <w lemma="en" type="c">en</w>
            <w lemma="hafa" type="sng">hafa</w>
            <w lemma="það" type="fpheo">það</w>
            <w lemma="í" type="af">í</w>
            <w lemma="frv." type="ks">frv.</w>
            <w lemma="," type="pk">,</w>
            <w lemma="er" type="ct">er</w>
            <w lemma="lúta" type="sfg3en">lýtur</w>
            <w lemma="að" type="af">að</w>
            <w lemma="nám" type="nheþ">námi</w>
            <w lemma="." type="pl">.</w>
          </s>
          <s n="11">
            <w lemma="ég" type="fp1en">Ég</w>
            <w lemma="ætla" type="sfg1en">ætla</w>
            <w lemma="ekki" type="aa">ekki</w>
            <w lemma="að" type="cn">að</w>
            <w lemma="hafa" type="sng">hafa</w>
            <w lemma="margur" type="lhfovm">fleiri</w>
            <w lemma="orð" type="nhfo">orð</w>
            <w lemma="um" type="af">um</w>
            <w lemma="brttur" type="nkeo">brtt</w>
            <w lemma="." type="pl">.</w>
          </s>
          <s n="12">
            <w lemma=";" type="pk">;</w>
            <w lemma="hv." type="ks">hv.</w>
            <w lemma="d." type="x">d.</w>
            <w lemma="ráða" type="sfg3en">ræður</w>
            <w lemma="," type="pk">,</w>
            <w lemma="hver" type="fsheo">hvað</w>
            <w lemma="hún" type="fpven">hún</w>
            <w lemma="gera" type="sfg3en">gerir</w>
            <w lemma="við" type="aa">við</w>
            <w lemma="þar" type="aa">þar</w>
            <w lemma="," type="pk">,</w>
            <w lemma="en" type="c">en</w>
            <w lemma="að" type="af">að</w>
            <w lemma="allur" type="foheþ">öllu</w>
            <w lemma="athugaður" type="lheþsf">athuguðu</w>
            <w lemma="sjá" type="sfg1eþ">sá</w>
            <w lemma="ég" type="fp1en">ég</w>
            <w lemma="ekki" type="aa">ekki</w>
            <w lemma="annar" type="foheo">annað</w>
            <w lemma="fær" type="lheosf">fært</w>
            <w lemma="en" type="c">en</w>
            <w lemma="að" type="cn">að</w>
            <w lemma="líta" type="sng">líta</w>
            <w lemma="á" type="af">á</w>
            <w lemma="hagur" type="nkeo">hag</w>
            <w lemma="sá" type="fakfe">þeirra</w>
            <w lemma="maður" type="nkfe">manna</w>
            <w lemma="," type="pk">,</w>
            <w lemma="sem" type="ct">sem</w>
            <w lemma="kostnaður" type="nkeog">kostnaðinn</w>
            <w lemma="eiga" type="sfg3fn">eiga</w>
            <w lemma="að" type="cn">að</w>
            <w lemma="bera" type="sng">bera</w>
            <w lemma="," type="pk">,</w>
            <w lemma="enginn" type="foheþ">engu</w>
            <w lemma="varla" type="aam">síður</w>
            <w lemma="en" type="c">en</w>
            <w lemma="hinn" type="fakfe">hinna</w>
            <w lemma="," type="pk">,</w>
            <w lemma="sem" type="ct">sem</w>
            <w lemma="réttindi" type="nhfeg">réttindanna</w>
            <w lemma="eiga" type="sfg3fn">eiga</w>
            <w lemma="að" type="cn">að</w>
            <w lemma="njóta" type="sng">njóta</w>
            <w lemma="." type="pl">.</w>
          </s>
        </p>
      </div1>
    </body>
  </text>
</TEI>
