<?xml version="1.0" encoding="UTF-8"?>
<TEI xmlns="http://www.tei-c.org/ns/1.0" xml:id="R-33-4903458" xml:lang="is">
  <teiHeader>
    <fileDesc>
      <titleStmt>
        <title>
          <title type="main">Bráðabirgðabreyting nokkurra laga (184. mál)</title>
        </title>
        <respStmt>
          <resp xml:lang="is">Söfnun og úrvinnsla texta</resp>
          <resp xml:lang="en">Collection and processing of text</resp>
          <name xml:lang="is">Stofnun Árna Magnússonar í íslenskum fræðum</name>
          <name xml:lang="en">The Arni Magnusson Institute for Icelandic Studies</name>
        </respStmt>
      </titleStmt>
      <editionStmt>
        <p xml:lang="is">Málheild: Ræður frá Alþingi Íslendinga (2020.06)</p>
        <p xml:lang="en">Corpus: Speeches from The Parliament of Iceland (2020.06)</p>
      </editionStmt>
      <publicationStmt>
        <distributor xml:lang="is">Stofnun Árna Magnússonar í íslenskum fræðum</distributor>
        <distributor xml:lang="en">The Arni Magnusson Institute for Icelandic Studies</distributor>
        <address>
          <addrLine xml:lang="is">Árnagarður við Suðurgötu, 107 Reykjavík, Íslandi</addrLine>
          <addrLine xml:lang="en">Árnagarður Suðurgata, 107 Reykjavik, Iceland</addrLine>
          <addrLine>
            <email>arnastofnun@arnastofnun.is</email>
          </addrLine>
        </address>
        <idno type="risam">R-33-4903458</idno>
        <availability>
          <p xml:lang="is">Þessi texti er til notkunar í málrannsóknum og máltækniverkefnum um allan heim með CC-BY leyfi</p>
          <p xml:lang="en">This text is available for use in language research and language technology projects world wide with CC-BY licence.</p>
        </availability>
        <date>2020-05-27</date>
      </publicationStmt>
      <sourceDesc>
        <biblStruct>
          <analytic>
            <title>
              <title type="main">Bráðabirgðabreyting nokkurra laga (184. mál)</title>
            </title>
            <author>
             <persName>Guðrún Lárusdóttir</persName>
             <note type="gender">F</note>
             <note type="age">55</note>
             <note type="url">http://althingi.is/altext/cv/is/?nfaerslunr=203</note>
             <note type="political_party">Sjálfstæðisflokkur</note>
             <note type="constituency">landskjörinn alþingismaður (LA)</note>
             <note type="role">Alþingismaður</note>
            </author>
            <date when="1935-12-13">13.12. 1935</date>
          </analytic>
          <monogr>
            <title>althingi.is</title>
            <imprint>
              <publisher>Alþingi</publisher>
            </imprint>
            <biblScope>
             <ref>http://althingi.is/altext/raeda/?lthing=49&amp;rnr=3103</ref>
            </biblScope>
          </monogr>
        </biblStruct>
      </sourceDesc>
    </fileDesc>
    <encodingDesc>
      <projectDesc>
        <p xml:lang="is">Sjá lýsingu á verkefninu í rmh2Hdr.xml.</p>
        <p xml:lang="en">See description of project in rmh2Hdr.xml.</p>
      </projectDesc>
      <tagsDecl>
        <namespace name="http://www.tei-c.org/ns/1.0">
          <tagUsage gi="text" occurs="1"/>
          <tagUsage gi="body" occurs="1"/>
          <tagUsage gi="div1" occurs="1"/>
          <tagUsage gi="p" occurs="4"/>
          <tagUsage gi="s" occurs="45"/>
          <tagUsage gi="w" occurs="957"/>
          <tagUsage gi="c" occurs="0"/>
        </namespace>
      </tagsDecl>
    </encodingDesc>
  </teiHeader>
  <text>
    <body>
      <div1>
        <p n="1">
          <s n="1">
            <w lemma="Guðrún" type="nven-s">Guðrún</w>
            <w lemma="Lárusdóttir" type="nven-s">Lárusdóttir</w>
            <w lemma=":" type="pa">:</w>
          </s>
        </p>
        <p n="2">
          <s n="1">
            <w lemma="ég" type="fp1en">Ég</w>
            <w lemma="vilja" type="sfg1en">vil</w>
            <w lemma="segja" type="sng">segja</w>
            <w lemma="fáeinir" type="fohfo">fáein</w>
            <w lemma="orð" type="nhfo">orð</w>
            <w lemma="út" type="aa">út</w>
            <w lemma="af" type="af">af</w>
            <w lemma="það" type="fpheþ">því</w>
            <w lemma="," type="pk">,</w>
            <w lemma="sem" type="ct">sem</w>
            <w lemma="hv." type="ks">hv.</w>
            <w lemma="þm" type="x">þm</w>
            <w lemma="." type="pl">.</w>
          </s>
          <s n="2">
            <w lemma="S." type="ks">S.</w>
            <w lemma="-" type="pa">-</w>
            <w lemma="Þ." type="ks">Þ.</w>
            <w lemma="segja" type="sfg3eþ">sagði</w>
            <w lemma="hér" type="aa">hér</w>
            <w lemma="áðan" type="aa">áðan</w>
            <w lemma="." type="pl">.</w>
          </s>
          <s n="3">
            <w lemma="hann" type="fpken">Hann</w>
            <w lemma="halda" type="sfg3eþ">hélt</w>
            <w lemma="það" type="fpheþ">því</w>
            <w lemma="fram" type="aa">fram</w>
            <w lemma="," type="pk">,</w>
            <w lemma="að" type="c">að</w>
            <w lemma="kvennaskóli" type="nken">kvennaskóli</w>
            <w lemma="Reykjavík" type="nvee-s">Reykjavíkur</w>
            <w lemma="vera" type="svg3eþ">væri</w>
            <w lemma="ekki" type="aa">ekki</w>
            <w lemma="sérmenntunarskóli" type="nhen">sérmenntunarskóli</w>
            <w lemma="fyrir" type="af">fyrir</w>
            <w lemma="kona" type="nvfo">konur</w>
            <w lemma="." type="pl">.</w>
          </s>
          <s n="4">
            <w lemma="hann" type="fpken">Hann</w>
            <w lemma="vilja" type="sfg3eþ">vildi</w>
            <w lemma="gera" type="sng">gera</w>
            <w lemma="lítill" type="lheosf">lítið</w>
            <w lemma="úr" type="af">úr</w>
            <w lemma="hannyrðakennsla" type="nveþ">hannyrðakennslu</w>
            <w lemma="sá" type="faveþ">þeirri</w>
            <w lemma="," type="pk">,</w>
            <w lemma="sem" type="ct">sem</w>
            <w lemma="vera" type="svg3eþ">væri</w>
            <w lemma="í" type="af">í</w>
            <w lemma="skóli" type="nkeþg">skólanum</w>
            <w lemma="," type="pk">,</w>
            <w lemma="og" type="c">og</w>
            <w lemma="segja" type="sfg3eþ">sagði</w>
            <w lemma="," type="pk">,</w>
            <w lemma="að" type="c">að</w>
            <w lemma="þar" type="aa">þar</w>
            <w lemma="hafa" type="svg3eþ">hefði</w>
            <w lemma="vera" type="sþghen">verið</w>
            <w lemma="kenna" type="sþgven">kennd</w>
            <w lemma="lítill" type="lkeesf">lítils</w>
            <w lemma="háttur" type="nkee">háttar</w>
            <w lemma="handavinna" type="nven">handavinna</w>
            <w lemma="." type="pl">.</w>
          </s>
          <s n="5">
            <w lemma="en" type="c">En</w>
            <w lemma="hvernig" type="aa">hvernig</w>
            <w lemma="standa" type="sfg3en">stendur</w>
            <w lemma="á" type="af">á</w>
            <w lemma="það" type="fpheþ">því</w>
            <w lemma="," type="pk">,</w>
            <w lemma="að" type="c">að</w>
            <w lemma="þessi" type="faven">þessi</w>
            <w lemma="hv." type="x">hv.</w>
            <w lemma="þm." type="ks">þm.</w>
            <w lemma="halda" type="sfg3en">heldur</w>
            <w lemma="þessi" type="faheþ">þessu</w>
            <w lemma="fram" type="aa">fram</w>
            <w lemma="," type="pk">,</w>
            <w lemma="þegar" type="c">þegar</w>
            <w lemma="hann" type="fpken">hann</w>
            <w lemma="vita" type="sfg3en">veit</w>
            <w lemma="," type="pk">,</w>
            <w lemma="að" type="c">að</w>
            <w lemma="í" type="af">í</w>
            <w lemma="þessi" type="fakeþ">þessum</w>
            <w lemma="skóli" type="nkeþ">skóla</w>
            <w lemma="hafa" type="sfg3en">hefir</w>
            <w lemma="frá" type="af">frá</w>
            <w lemma="byrjun" type="nveþ">byrjun</w>
            <w lemma="vera" type="sþghen">verið</w>
            <w lemma="leggja" type="sþgven">lögð</w>
            <w lemma="aðaláherzla" type="nven">aðaláherzla</w>
            <w lemma="á" type="af">á</w>
            <w lemma="hannyrðir" type="nvfo">hannyrðir</w>
            <w lemma="og" type="c">og</w>
            <w lemma="fatasaumur" type="nkeo">fatasaum</w>
            <w lemma="," type="pk">,</w>
            <w lemma="svo" type="aa">svo</w>
            <w lemma="að" type="c">að</w>
            <w lemma="þykja" type="sþghen">þótt</w>
            <w lemma="hv." type="ks">hv.</w>
            <w lemma="þm" type="x">þm</w>
            <w lemma="." type="pl">.</w>
          </s>
          <s n="6">
            <w lemma="S." type="ks">S.</w>
            <w lemma="-" type="pa">-</w>
            <w lemma="Þ." type="ks">Þ.</w>
            <w lemma="telja" type="svg3en">telji</w>
            <w lemma="," type="pk">,</w>
            <w lemma="að" type="c">að</w>
            <w lemma="handavinnukennsla" type="nven">handavinnukennsla</w>
            <w lemma="þar" type="aa">þar</w>
            <w lemma="vera" type="svg3en">sé</w>
            <w lemma="lítilsháttar" type="lhenof">lítilsháttar</w>
            <w lemma="," type="pk">,</w>
            <w lemma="þá" type="aa">þá</w>
            <w lemma="leggja" type="sfg1en">legg</w>
            <w lemma="ég" type="fp1en">ég</w>
            <w lemma="ekki" type="aa">ekki</w>
            <w lemma="mikill" type="lheosf">mikið</w>
            <w lemma="upp" type="aa">upp</w>
            <w lemma="úr" type="af">úr</w>
            <w lemma="það" type="fpheþ">því</w>
            <w lemma="." type="pl">.</w>
          </s>
          <s n="7">
            <w lemma="hann" type="fpken">Hann</w>
            <w lemma="segja" type="sfg3eþ">sagði</w>
            <w lemma="líka" type="aa">líka</w>
            <w lemma="," type="pk">,</w>
            <w lemma="að" type="c">að</w>
            <w lemma="kvennaskóli" type="nken">kvennaskóli</w>
            <w lemma="Reykjavík" type="nvee-s">Reykjavíkur</w>
            <w lemma="vera" type="svg3eþ">væri</w>
            <w lemma="unglingaskóli" type="nken">unglingaskóli</w>
            <w lemma="fyrir" type="af">fyrir</w>
            <w lemma="Reykjavíkurbúi" type="nkeo-s">Reykjavíkurbúa</w>
            <w lemma="." type="pl">.</w>
          </s>
          <s n="8">
            <w lemma="hvernig" type="aa">Hvernig</w>
            <w lemma="eiga" type="sfg3en">á</w>
            <w lemma="að" type="cn">að</w>
            <w lemma="skilja" type="sng">skilja</w>
            <w lemma="þessi" type="faheo">þetta</w>
            <w lemma="?" type="pl">?</w>
          </s>
          <s n="9">
            <w lemma="þessi" type="faken">Þessi</w>
            <w lemma="skóli" type="nken">skóli</w>
            <w lemma="," type="pk">,</w>
            <w lemma="sem" type="c">sem</w>
            <w lemma="æfinlega" type="nven">æfinlega</w>
            <w lemma="," type="pk">,</w>
            <w lemma="ár" type="nhee">árs</w>
            <w lemma="árlega" type="aa">árlega</w>
            <w lemma="," type="pk">,</w>
            <w lemma="hafa" type="sfg3en">hefir</w>
            <w lemma="taka" type="sþghen">tekið</w>
            <w lemma="á" type="aa">á</w>
            <w lemma="móti" type="af">móti</w>
            <w lemma="fjöldamargur" type="lvfþsf">fjöldamörgum</w>
            <w lemma="sveitastúlka" type="nvfþ">sveitastúlkum</w>
            <w lemma="." type="pl">.</w>
          </s>
          <s n="10">
            <w lemma="hér" type="aa">Hér</w>
            <w lemma="liggja" type="sfg3en">liggur</w>
            <w lemma="fyrir" type="aa">fyrir</w>
            <w lemma="skýrsla" type="nven">skýrsla</w>
            <w lemma="um" type="af">um</w>
            <w lemma="skóli" type="nkeog">skólann</w>
            <w lemma="etta" type="sþgkfn">ettir</w>
            <w lemma="60" type="ta">60</w>
            <w lemma="ár" type="nhfe">ára</w>
            <w lemma="starf" type="nheo">starf</w>
            <w lemma="," type="pk">,</w>
            <w lemma="og" type="c">og</w>
            <w lemma="á" type="af">á</w>
            <w lemma="sá" type="fakeþ">þeim</w>
            <w lemma="tími" type="nkeþ">tíma</w>
            <w lemma="hafa" type="sfg3fn">hafa</w>
            <w lemma="4" type="to">4</w>
            <w lemma="þúsund" type="tfvfn">þúsund</w>
            <w lemma="stúlka" type="nvfn">stúlkur</w>
            <w lemma="njóta" type="sþghen">notið</w>
            <w lemma="menntun" type="nvee">menntunar</w>
            <w lemma="í" type="af">í</w>
            <w lemma="skóli" type="nkeþg">skólanum</w>
            <w lemma="," type="pk">,</w>
            <w lemma="og" type="c">og</w>
            <w lemma="mikill" type="lkensf">mikill</w>
            <w lemma="hluti" type="nken">hluti</w>
            <w lemma="hún" type="fpvfe">þeirra</w>
            <w lemma="hafa" type="sfg3en">hefir</w>
            <w lemma="vera" type="sþghen">verið</w>
            <w lemma="úr" type="af">úr</w>
            <w lemma="sveit" type="nveþ">sveit</w>
            <w lemma="." type="pl">.</w>
          </s>
          <s n="11">
            <w lemma="(" type="pa">(</w>
            <w lemma="JJ" type="n----s">JJ</w>
            <w lemma=":" type="pa">:</w>
            <w lemma="hve" type="aa">Hve</w>
            <w lemma="mikill" type="lkensf">mikill</w>
            <w lemma="hluti" type="nken">hluti</w>
            <w lemma="vera" type="sfg3en">er</w>
            <w lemma="það" type="fphen">það</w>
            <w lemma="?" type="pl">?</w>
            <w lemma=")" type="pa">)</w>
          </s>
          <s n="12">
            <w lemma="." type="pl">.</w>
          </s>
          <s n="13">
            <w lemma="nú" type="aa">Nú</w>
            <w lemma="stunda" type="sfg3fn">stunda</w>
            <w lemma="130" type="ta">130</w>
            <w lemma="stúlka" type="nvfn">stúlkur</w>
            <w lemma="nám" type="nheo">nám</w>
            <w lemma="við" type="af">við</w>
            <w lemma="skóli" type="nkeog">skólann</w>
            <w lemma="," type="pk">,</w>
            <w lemma="og" type="c">og</w>
            <w lemma="af" type="af">af</w>
            <w lemma="það" type="fphfþ">þeim</w>
            <w lemma="vera" type="sfg3fn">eru</w>
            <w lemma="50" type="ta">50</w>
            <w lemma="úr" type="af">úr</w>
            <w lemma="sveit" type="nveþ">sveit</w>
            <w lemma="." type="pl">.</w>
          </s>
          <s n="14">
            <w lemma="af" type="af">Af</w>
            <w lemma="24" type="ta">24</w>
            <w lemma="stúlka" type="nvfþ">stúlkum</w>
            <w lemma="," type="pk">,</w>
            <w lemma="sem" type="ct">sem</w>
            <w lemma="vera" type="sfg3fn">eru</w>
            <w lemma="í" type="af">í</w>
            <w lemma="húsmæðradeild" type="nveþ">húsmæðradeild</w>
            <w lemma="skóli" type="nkeeg">skólans</w>
            <w lemma="," type="pk">,</w>
            <w lemma="vera" type="sfg3fn">eru</w>
            <w lemma="21" type="ta">21</w>
            <w lemma="úr" type="af">úr</w>
            <w lemma="sveit" type="nveþ">sveit</w>
            <w lemma="." type="pl">.</w>
          </s>
          <s n="15">
            <w lemma="ef" type="c">Ef</w>
            <w lemma="hv." type="x">hv.</w>
            <w lemma="þm" type="ks">þm</w>
            <w lemma="." type="pl">.</w>
          </s>
          <s n="16">
            <w lemma="S." type="ks">S.</w>
            <w lemma="-" type="pa">-</w>
            <w lemma="Þ." type="ks">Þ.</w>
            <w lemma="efa" type="sfm3en">efast</w>
            <w lemma="um" type="af">um</w>
            <w lemma="," type="pk">,</w>
            <w lemma="að" type="c">að</w>
            <w lemma="þessi" type="fahen">þetta</w>
            <w lemma="vera" type="svg3en">sé</w>
            <w lemma="rétt" type="aa">rétt</w>
            <w lemma="herma" type="sþghen">hermt</w>
            <w lemma="," type="pk">,</w>
            <w lemma="þá" type="aa">þá</w>
            <w lemma="vera" type="sfg3en">er</w>
            <w lemma="hægur" type="lhensf">hægt</w>
            <w lemma="fyrir" type="af">fyrir</w>
            <w lemma="hann" type="fpkeo">hann</w>
            <w lemma="að" type="cn">að</w>
            <w lemma="hringja" type="sng">hringja</w>
            <w lemma="upp" type="aa">upp</w>
            <w lemma="fyrrv." type="kt">fyrrv.</w>
            <w lemma="kollegi" type="nkfo">kollega</w>
            <w lemma="sinn" type="fekeo">sinn</w>
            <w lemma="hér" type="aa">hér</w>
            <w lemma="á" type="af">á</w>
            <w lemma="þing" type="nheþ">þingi</w>
            <w lemma="," type="pk">,</w>
            <w lemma="fröken" type="nveo">fröken</w>
            <w lemma="Ingibjarga" type="nvee-s">Ingibjörgu</w>
            <w lemma="H." type="ks">H.</w>
            <w lemma="Bjarnason" type="nkeo-s">Bjarnason</w>
            <w lemma="og" type="c">og</w>
            <w lemma="athuga" type="sng">athuga</w>
            <w lemma="," type="pk">,</w>
            <w lemma="hvort" type="c">hvort</w>
            <w lemma="ég" type="fp1en">ég</w>
            <w lemma="fara" type="sfg1en">fer</w>
            <w lemma="ekki" type="aa">ekki</w>
            <w lemma="rétt" type="aa">rétt</w>
            <w lemma="með" type="aa">með</w>
            <w lemma="." type="pl">.</w>
          </s>
          <s n="17">
            <w lemma="hann" type="fpken">Hann</w>
            <w lemma="segja" type="sfg3eþ">sagði</w>
            <w lemma="ennfremur" type="aa">ennfremur</w>
            <w lemma="," type="pk">,</w>
            <w lemma="að" type="c">að</w>
            <w lemma="skóli" type="nkeng">skólinn</w>
            <w lemma="vera" type="svg3eþ">væri</w>
            <w lemma="forngripur" type="nken">forngripur</w>
            <w lemma="frá" type="af">frá</w>
            <w lemma="réttleysistími" type="nkfþ">réttleysistímum</w>
            <w lemma="kona" type="nvfe">kvenna</w>
            <w lemma="." type="pl">.</w>
          </s>
          <s n="18">
            <w lemma="þessi" type="faken">Þessi</w>
            <w lemma="skóli" type="nken">skóli</w>
            <w lemma="hafa" type="sfg3en">hefir</w>
            <w lemma="nú" type="aa">nú</w>
            <w lemma="starfa" type="sþghen">starfað</w>
            <w lemma="í" type="af">í</w>
            <w lemma="60" type="ta">60</w>
            <w lemma="ár" type="nhfo">ár</w>
            <w lemma="og" type="c">og</w>
            <w lemma="hann" type="fpken">hann</w>
            <w lemma="hafa" type="sfg3en">hefir</w>
            <w lemma="standa" type="sþghen">staðið</w>
            <w lemma="vel" type="aa">vel</w>
            <w lemma="í" type="af">í</w>
            <w lemma="staða" type="nveþ">stöðu</w>
            <w lemma="sinn" type="feveþ">sinni</w>
            <w lemma="," type="pk">,</w>
            <w lemma="undirbúa" type="sþghen">undirbúið</w>
            <w lemma="fjöldamargur" type="lvfosf">fjöldamargar</w>
            <w lemma="kona" type="nvfo">konur</w>
            <w lemma="vel" type="aa">vel</w>
            <w lemma="fyrir" type="af">fyrir</w>
            <w lemma="lífsstaða" type="nvfo">lífsstöður</w>
            <w lemma="hún" type="fpvfe">þeirra</w>
            <w lemma="og" type="c">og</w>
            <w lemma="fylgzt" type="sfm3en">fylgzt</w>
            <w lemma="vel" type="aa">vel</w>
            <w lemma="með" type="af">með</w>
            <w lemma="allur" type="fovfþ">öllum</w>
            <w lemma="nýjung" type="nvfþ">nýjungum</w>
            <w lemma="á" type="af">á</w>
            <w lemma="svið" type="nheþ">sviði</w>
            <w lemma="mennt" type="nvfeg">menntanna</w>
            <w lemma="." type="pl">.</w>
          </s>
          <s n="19">
            <w lemma="og" type="c">Og</w>
            <w lemma="ég" type="fp1en">ég</w>
            <w lemma="spyrja" type="sfg1en">spyr</w>
            <w lemma="hv." type="ks">hv.</w>
            <w lemma="þm" type="ks">þm</w>
            <w lemma="." type="pl">.</w>
          </s>
          <s n="20">
            <w lemma="S." type="ks">S.</w>
            <w lemma="-" type="pa">-</w>
            <w lemma="Þ." type="ks">Þ.</w>
            <w lemma="," type="pk">,</w>
            <w lemma="hvort" type="c">hvort</w>
            <w lemma="hann" type="fpken">hann</w>
            <w lemma="hyggja" type="sfg3en">hyggur</w>
            <w lemma="," type="pk">,</w>
            <w lemma="að" type="c">að</w>
            <w lemma="annar" type="fokfn">aðrir</w>
            <w lemma="skóli" type="nkfn">skólar</w>
            <w lemma="hafa" type="svg3fn">hafi</w>
            <w lemma="standa" type="sþghen">staðið</w>
            <w lemma="allur" type="foheþ">öllu</w>
            <w lemma="vel" type="aam">betur</w>
            <w lemma="í" type="af">í</w>
            <w lemma="staða" type="nveþ">stöðu</w>
            <w lemma="sinn" type="feveþ">sinni</w>
            <w lemma="gjarnan" type="aam">heldur</w>
            <w lemma="en" type="c">en</w>
            <w lemma="einmitt" type="aa">einmitt</w>
            <w lemma="kvennaskóli" type="nkeng">kvennaskólinn</w>
            <w lemma="," type="pk">,</w>
            <w lemma="sem" type="ct">sem</w>
            <w lemma="hann" type="fpken">hann</w>
            <w lemma="kalla" type="sfg3en">kallar</w>
            <w lemma="forngripur" type="nkeo">forngrip</w>
            <w lemma="frá" type="af">frá</w>
            <w lemma="réttleysistíma" type="nvfþ">réttleysistímum</w>
            <w lemma="kona" type="nvfe">kvenna</w>
            <w lemma="." type="pl">.</w>
          </s>
          <s n="21">
            <w lemma="viðvíkjandi" type="nken">Viðvíkjandi</w>
            <w lemma="það" type="fpheþ">því</w>
            <w lemma="," type="pk">,</w>
            <w lemma="að" type="c">að</w>
            <w lemma="lítill" type="lhensf">lítið</w>
            <w lemma="vera" type="sfg3en">er</w>
            <w lemma="gera" type="sþghen">gert</w>
            <w lemma="úr" type="af">úr</w>
            <w lemma="handavinnukennsla" type="nveþ">handavinnukennslu</w>
            <w lemma="skóli" type="nkeeg">skólans</w>
            <w lemma="," type="pk">,</w>
            <w lemma="þá" type="aa">þá</w>
            <w lemma="vilja" type="sfg1en">vil</w>
            <w lemma="ég" type="fp1en">ég</w>
            <w lemma="láta" type="sng">láta</w>
            <w lemma="það" type="fpheo">það</w>
            <w lemma="koma" type="sng">koma</w>
            <w lemma="fram" type="aa">fram</w>
            <w lemma="og" type="c">og</w>
            <w lemma="fá" type="sng">fá</w>
            <w lemma="það" type="fpheo">það</w>
            <w lemma="skjalfesta" type="sþghen">skjalfest</w>
            <w lemma="í" type="af">í</w>
            <w lemma="Þingtíðind" type="nvfþgs">Þingtíðindunum</w>
            <w lemma="," type="pk">,</w>
            <w lemma="að" type="c">að</w>
            <w lemma="þegar" type="c">þegar</w>
            <w lemma="halda" type="sþgven">haldin</w>
            <w lemma="vera" type="sfg3eþ">var</w>
            <w lemma="hér" type="aa">hér</w>
            <w lemma="sýning" type="nven">sýning</w>
            <w lemma="á" type="af">á</w>
            <w lemma="handavinna" type="nveþ">handavinnu</w>
            <w lemma="frá" type="af">frá</w>
            <w lemma="ýmis" type="fokfþ">ýmsum</w>
            <w lemma="skóli" type="nkfþ">skólum</w>
            <w lemma="," type="pk">,</w>
            <w lemma="þá" type="aa">þá</w>
            <w lemma="sækja" type="sfg3fþ">sóttu</w>
            <w lemma="sýning" type="nveog">sýninguna</w>
            <w lemma="allmargur" type="lkfnsf">allmargir</w>
            <w lemma="útlendingur" type="nkfn">útlendingar</w>
            <w lemma="," type="pk">,</w>
            <w lemma="og" type="c">og</w>
            <w lemma="sá" type="faven">sú</w>
            <w lemma="handavinna" type="nven">handavinna</w>
            <w lemma="," type="pk">,</w>
            <w lemma="sem" type="ct">sem</w>
            <w lemma="mikill" type="lveose">mesta</w>
            <w lemma="athygli" type="nven">athygli</w>
            <w lemma="vekja" type="sfg3eþ">vakti</w>
            <w lemma="," type="pk">,</w>
            <w lemma="vera" type="sfg3eþ">var</w>
            <w lemma="frá" type="af">frá</w>
            <w lemma="nemandi" type="nkfþ">nemendum</w>
            <w lemma="í" type="af">í</w>
            <w lemma="kvennaskóli" type="nkeþ">kvennaskóla</w>
            <w lemma="Reykjavík" type="nvee-s">Reykjavíkur</w>
            <w lemma="," type="pk">,</w>
            <w lemma="og" type="c">og</w>
            <w lemma="vilja" type="sfg3fþ">vildu</w>
            <w lemma="ýmis" type="fokfn">ýmsir</w>
            <w lemma="hinn" type="gkfe">hinna</w>
            <w lemma="útlendur" type="lkfevf">útlendu</w>
            <w lemma="gestur" type="nkfe">gesta</w>
            <w lemma="fá" type="sng">fá</w>
            <w lemma="að" type="cn">að</w>
            <w lemma="kynna" type="snm">kynnast</w>
            <w lemma="vel" type="aam">betur</w>
            <w lemma="sá" type="faveþ">þeirri</w>
            <w lemma="stofnun" type="nveþ">stofnun</w>
            <w lemma="," type="pk">,</w>
            <w lemma="sem" type="ct">sem</w>
            <w lemma="kenna" type="sfg3eþ">kenndi</w>
            <w lemma="sá" type="favfþ">þeim</w>
            <w lemma="nemandi" type="nkfþ">nemendum</w>
            <w lemma="," type="pk">,</w>
            <w lemma="er" type="ct">er</w>
            <w lemma="hafa" type="sfg3fþ">höfðu</w>
            <w lemma="til" type="af">til</w>
            <w lemma="sýni" type="nhee">sýnis</w>
            <w lemma="jafnfagur" type="lveosf">jafnfagra</w>
            <w lemma="handavinna" type="nvee">handavinnu</w>
            <w lemma="og" type="c">og</w>
            <w lemma="vel" type="aa">vel</w>
            <w lemma="unninn" type="lkfosf">unna</w>
            <w lemma="munur" type="nkfo">muni</w>
            <w lemma="eins" type="aa">eins</w>
            <w lemma="og" type="c">og</w>
            <w lemma="vera" type="sfg3fþ">voru</w>
            <w lemma="á" type="af">á</w>
            <w lemma="þessi" type="faveþ">þessari</w>
            <w lemma="sýning" type="nveþ">sýningu</w>
            <w lemma="." type="pl">.</w>
          </s>
          <s n="22">
            <w lemma="þessi" type="fahen">Þetta</w>
            <w lemma="benda" type="sfg3en">bendir</w>
            <w lemma="á" type="af">á</w>
            <w lemma="," type="pk">,</w>
            <w lemma="að" type="c">að</w>
            <w lemma="það" type="fphen">það</w>
            <w lemma="vera" type="svg3en">sé</w>
            <w lemma="enganveginn" type="aa">enganveginn</w>
            <w lemma="lítilsháttar" type="lvenof">lítilsháttar</w>
            <w lemma="kennsla" type="nven">kennsla</w>
            <w lemma="í" type="af">í</w>
            <w lemma="handavinna" type="nveþ">handavinnu</w>
            <w lemma="í" type="af">í</w>
            <w lemma="kvennaskóli" type="nkeþ">kvennaskóla</w>
            <w lemma="Reykjavík" type="nvee-s">Reykjavíkur</w>
            <w lemma="," type="pk">,</w>
            <w lemma="enda" type="c">enda</w>
            <w lemma="vera" type="sfg3en">er</w>
            <w lemma="sannleikur" type="nkeng">sannleikurinn</w>
            <w lemma="sá" type="faken">sá</w>
            <w lemma="," type="pk">,</w>
            <w lemma="að" type="c">að</w>
            <w lemma="kennsla" type="nven">kennsla</w>
            <w lemma="í" type="af">í</w>
            <w lemma="handavinna" type="nveþ">handavinnu</w>
            <w lemma="vera" type="sfg3en">er</w>
            <w lemma="mikill" type="lvenvm">meiri</w>
            <w lemma="en" type="c">en</w>
            <w lemma="í" type="af">í</w>
            <w lemma="bóklegur" type="lhfþsf">bóklegum</w>
            <w lemma="fræði" type="nhfþ">fræðum</w>
            <w lemma=";" type="pk">;</w>
            <w lemma="t" type="x">t</w>
            <w lemma="." type="pl">.</w>
          </s>
          <s n="23">
            <w lemma="d." type="x">d.</w>
            <w lemma="í" type="af">í</w>
            <w lemma="2." type="lkeþsf">2.</w>
            <w lemma="bekkur" type="nkeþ">bekk</w>
            <w lemma="vera" type="sfg3fn">eru</w>
            <w lemma="lítill" type="lvfnsf">litlar</w>
            <w lemma="bóklegur" type="lvfnsf">bóklegar</w>
            <w lemma="námsgrein" type="nvfn">námsgreinar</w>
            <w lemma="." type="pl">.</w>
          </s>
          <s n="24">
            <w lemma="en" type="c">En</w>
            <w lemma="hver" type="fsken">hver</w>
            <w lemma="skulu" type="svg3eþ">skyldi</w>
            <w lemma="annars" type="aa">annars</w>
            <w lemma="lasta" type="sng">lasta</w>
            <w lemma="það" type="fpheo">það</w>
            <w lemma="," type="pk">,</w>
            <w lemma="þótt" type="c">þótt</w>
            <w lemma="kennsla" type="nveng">kennslan</w>
            <w lemma="vera" type="svg3en">sé</w>
            <w lemma="líka" type="aa">líka</w>
            <w lemma="bóklegur" type="lvensf">bókleg</w>
            <w lemma="?" type="pl">?</w>
          </s>
          <s n="25">
            <w lemma="vera" type="sfg3en">Er</w>
            <w lemma="það" type="fphen">það</w>
            <w lemma="ekki" type="aa">ekki</w>
            <w lemma="beinlínis" type="aa">beinlínis</w>
            <w lemma="lofsverður" type="lhensf">lofsvert</w>
            <w lemma="að" type="cn">að</w>
            <w lemma="gefa" type="sng">gefa</w>
            <w lemma="nemandi" type="nkfþg">nemendunum</w>
            <w lemma="kostur" type="nkeo">kost</w>
            <w lemma="á" type="af">á</w>
            <w lemma="að" type="cn">að</w>
            <w lemma="læra" type="sng">læra</w>
            <w lemma="sem" type="aa">sem</w>
            <w lemma="margur" type="lhfose">flest</w>
            <w lemma="og" type="c">og</w>
            <w lemma="búa" type="sng">búa</w>
            <w lemma="stúlka" type="nveog">stúlkuna</w>
            <w lemma="undir" type="af">undir</w>
            <w lemma="það" type="fpheo">það</w>
            <w lemma="að" type="cn">að</w>
            <w lemma="geta" type="sng">geta</w>
            <w lemma="taka" type="sþghen">tekið</w>
            <w lemma="að" type="af">að</w>
            <w lemma="sig" type="fpkeþ">sér</w>
            <w lemma="sem" type="aa">sem</w>
            <w lemma="margur" type="lhfose">flest</w>
            <w lemma="af" type="af">af</w>
            <w lemma="sá" type="fahfþ">þeim</w>
            <w lemma="starf" type="nhfþ">störfum</w>
            <w lemma="," type="pk">,</w>
            <w lemma="sem" type="ct">sem</w>
            <w lemma="snerta" type="sfg3fn">snerta</w>
            <w lemma="daglegur" type="lheosf">daglegt</w>
            <w lemma="líf" type="nheo">líf</w>
            <w lemma="?" type="pl">?</w>
          </s>
        </p>
        <p n="3">
          <s n="1">
            <w lemma="í" type="af">Í</w>
            <w lemma="kvennaskóli" type="nkeþ">kvennaskóla</w>
            <w lemma="Reykjavík" type="nvee-s">Reykjavíkur</w>
            <w lemma="vera" type="sfg3en">er</w>
            <w lemma="nú" type="aa">nú</w>
            <w lemma="kenna" type="sþgven">kennd</w>
            <w lemma="bókfærsla" type="nven">bókfærsla</w>
            <w lemma="og" type="c">og</w>
            <w lemma="vélritun" type="nven">vélritun</w>
            <w lemma=";" type="pk">;</w>
            <w lemma="í" type="af">í</w>
            <w lemma="húsmæðradeild" type="nveþg">húsmæðradeildinni</w>
            <w lemma="vera" type="sfg3en">er</w>
            <w lemma="kenna" type="sþghen">kennt</w>
            <w lemma="að" type="cn">að</w>
            <w lemma="halda" type="sng">halda</w>
            <w lemma="búreikningur" type="nkfo">búreikninga</w>
            <w lemma=";" type="pk">;</w>
            <w lemma="þar" type="aa">þar</w>
            <w lemma="vera" type="sfg3en">er</w>
            <w lemma="og" type="c">og</w>
            <w lemma="kenna" type="sþghen">kennt</w>
            <w lemma="ýmislegur" type="lhensf">ýmislegt</w>
            <w lemma="," type="pk">,</w>
            <w lemma="vera" type="sfg3en">er</w>
            <w lemma="að" type="c">að</w>
            <w lemma="hjúkrun" type="nven">hjúkrun</w>
            <w lemma="lúta" type="sfg3en">lýtur</w>
            <w lemma="," type="pk">,</w>
            <w lemma="svo" type="aa">svo</w>
            <w lemma="sem" type="c">sem</w>
            <w lemma="meðferð" type="nven">meðferð</w>
            <w lemma="á" type="af">á</w>
            <w lemma="ungbarn" type="nhfþ">ungbörnum</w>
            <w lemma="o" type="x">o</w>
            <w lemma="." type="pl">.</w>
          </s>
          <s n="2">
            <w lemma="fl" type="au">fl</w>
            <w lemma="." type="pl">.</w>
          </s>
          <s n="3">
            <w lemma="til" type="af">Til</w>
            <w lemma="það" type="fphee">þess</w>
            <w lemma="að" type="cn">að</w>
            <w lemma="kenna" type="sng">kenna</w>
            <w lemma="það" type="fpheo">það</w>
            <w lemma="hafa" type="sfg3en">hefir</w>
            <w lemma="vera" type="sþghen">verið</w>
            <w lemma="fá" type="sþgven">fengin</w>
            <w lemma="hæfur" type="lvensf">hæf</w>
            <w lemma="hjúkrunarkona" type="nven">hjúkrunarkona</w>
            <w lemma="." type="pl">.</w>
          </s>
          <s n="4">
            <w lemma="kennaraval" type="nhen">Kennaraval</w>
            <w lemma="skóli" type="nkeeg">skólans</w>
            <w lemma="vera" type="sfg3en">er</w>
            <w lemma="yfir" type="af">yfir</w>
            <w lemma="höfuð" type="nheo">höfuð</w>
            <w lemma="mjög" type="aa">mjög</w>
            <w lemma="vandaður" type="lhensf">vandað</w>
            <w lemma="." type="pl">.</w>
          </s>
        </p>
        <p n="4">
          <s n="1">
            <w lemma="ég" type="fp1en">Ég</w>
            <w lemma="þykja" type="sfm1en">þykist</w>
            <w lemma="nú" type="aa">nú</w>
            <w lemma="hafa" type="sng">hafa</w>
            <w lemma="sýna" type="sþghen">sýnt</w>
            <w lemma="fram" type="aa">fram</w>
            <w lemma="á" type="af">á</w>
            <w lemma="það" type="fpheo">það</w>
            <w lemma="með" type="af">með</w>
            <w lemma="þessi" type="fahfþ">þessum</w>
            <w lemma="fár" type="lhfþvf">fáu</w>
            <w lemma="orð" type="nhfþ">orðum</w>
            <w lemma="," type="pk">,</w>
            <w lemma="að" type="c">að</w>
            <w lemma="það" type="fphen">það</w>
            <w lemma="vera" type="sfg3en">er</w>
            <w lemma="ekki" type="aa">ekki</w>
            <w lemma="réttur" type="lhensf">rétt</w>
            <w lemma="," type="pk">,</w>
            <w lemma="að" type="c">að</w>
            <w lemma="kvennaskóli" type="nken">kvennaskóli</w>
            <w lemma="Reykjavík" type="nvee-s">Reykjavíkur</w>
            <w lemma="vera" type="svg3en">sé</w>
            <w lemma="ekki" type="aa">ekki</w>
            <w lemma="sérfræðiskóli" type="nhen">sérfræðiskóli</w>
            <w lemma="fyrir" type="af">fyrir</w>
            <w lemma="kona" type="nvfo">konur</w>
            <w lemma="." type="pl">.</w>
          </s>
          <s n="2">
            <w lemma="það" type="fphen">Það</w>
            <w lemma="vera" type="sfg3en">er</w>
            <w lemma="ekki" type="aa">ekki</w>
            <w lemma="gjarnan" type="aam">heldur</w>
            <w lemma="réttur" type="lhensf">rétt</w>
            <w lemma="," type="pk">,</w>
            <w lemma="að" type="c">að</w>
            <w lemma="hann" type="fpken">hann</w>
            <w lemma="vera" type="svg3en">sé</w>
            <w lemma="aðeins" type="aa">aðeins</w>
            <w lemma="unglingaskóli" type="nken">unglingaskóli</w>
            <w lemma="fyrir" type="af">fyrir</w>
            <w lemma="Reykjavíkurbúi" type="nkeo-s">Reykjavíkurbúa</w>
            <w lemma="eða" type="c">eða</w>
            <w lemma="að" type="c">að</w>
            <w lemma="hann" type="fpken">hann</w>
            <w lemma="vera" type="svg3en">sé</w>
            <w lemma="forngripur" type="nken">forngripur</w>
            <w lemma="frá" type="af">frá</w>
            <w lemma="réttleysistím" type="nhfþ">réttleysistímum</w>
            <w lemma="kona" type="nvfe">kvenna</w>
            <w lemma="." type="pl">.</w>
          </s>
          <s n="3">
            <w lemma="hann" type="fpken">Hann</w>
            <w lemma="vera" type="sfg3en">er</w>
            <w lemma="lífrænn" type="lvensf">lífræn</w>
            <w lemma="stofnun" type="nven">stofnun</w>
            <w lemma="," type="pk">,</w>
            <w lemma="sem" type="ct">sem</w>
            <w lemma="standa" type="sfg3en">stendur</w>
            <w lemma="fyllilega" type="aa">fyllilega</w>
            <w lemma="sporður" type="nkeþ">sporði</w>
            <w lemma="hvaða" type="fskeþ">hvaða</w>
            <w lemma="annar" type="fokeþ">öðrum</w>
            <w lemma="skóli" type="nkee">skóla</w>
            <w lemma="í" type="af">í</w>
            <w lemma="þessi" type="faheþ">þessu</w>
            <w lemma="land" type="nheþ">landi</w>
            <w lemma="sem" type="ct">sem</w>
            <w lemma="vera" type="sfg3en">er</w>
            <w lemma="," type="pk">,</w>
            <w lemma="að" type="af">að</w>
            <w lemma="hún" type="fpvfþ">þeim</w>
            <w lemma="allur" type="fovfþ">öllum</w>
            <w lemma="ólastaður" type="lvfþsf">ólöstuðum</w>
            <w lemma="." type="pl">.</w>
          </s>
          <s n="4">
            <w lemma="Hv." type="ks">Hv.</w>
            <w lemma="4." type="ta">4.</w>
            <w lemma="þm" type="ks">þm</w>
            <w lemma="." type="pl">.</w>
          </s>
          <s n="5">
            <w lemma="Reykv." type="ks">Reykv.</w>
            <w lemma="láta" type="sfg3eþ">lét</w>
            <w lemma="svo" type="aa">svo</w>
            <w lemma="um" type="af">um</w>
            <w lemma="mæla" type="sþgheo">mælt</w>
            <w lemma="," type="pk">,</w>
            <w lemma="að" type="c">að</w>
            <w lemma="skóli" type="nkeng">skólinn</w>
            <w lemma="vera" type="svg3eþ">væri</w>
            <w lemma="skóli" type="nken">skóli</w>
            <w lemma="efnaður" type="lkfesf">efnaðra</w>
            <w lemma="borgari" type="nkfe">borgara</w>
            <w lemma="." type="pl">.</w>
          </s>
          <s n="6">
            <w lemma="ég" type="fp1en">Ég</w>
            <w lemma="halda" type="sfg1en">held</w>
            <w lemma="," type="pk">,</w>
            <w lemma="að" type="c">að</w>
            <w lemma="þessi" type="fahen">þetta</w>
            <w lemma="vera" type="svg3en">sé</w>
            <w lemma="allur" type="fohee">alls</w>
            <w lemma="ekki" type="aa">ekki</w>
            <w lemma="réttur" type="lhensf">rétt</w>
            <w lemma="hjá" type="af">hjá</w>
            <w lemma="hann" type="fpkeþ">honum</w>
            <w lemma="." type="pl">.</w>
          </s>
          <s n="7">
            <w lemma="ég" type="fp1en">Ég</w>
            <w lemma="halda" type="sfg1en">held</w>
            <w lemma="," type="pk">,</w>
            <w lemma="að" type="c">að</w>
            <w lemma="sá" type="favfn">þær</w>
            <w lemma="stúlka" type="nvfn">stúlkur</w>
            <w lemma="," type="pk">,</w>
            <w lemma="sem" type="ct">sem</w>
            <w lemma="sækja" type="sfg3fn">sækja</w>
            <w lemma="skóli" type="nkeog">skólann</w>
            <w lemma="," type="pk">,</w>
            <w lemma="vera" type="svg3fn">séu</w>
            <w lemma="yfirleitt" type="aa">yfirleitt</w>
            <w lemma="ekki" type="aa">ekki</w>
            <w lemma="sérstaklega" type="aa">sérstaklega</w>
            <w lemma="ríkur" type="lvfnsf">ríkar</w>
            <w lemma="." type="pl">.</w>
          </s>
          <s n="8">
            <w lemma="það" type="fphen">Það</w>
            <w lemma="munu" type="sfg3en">mun</w>
            <w lemma="vera" type="sng">vera</w>
            <w lemma="alveg" type="aa">alveg</w>
            <w lemma="upp" type="aa">upp</w>
            <w lemma="og" type="c">og</w>
            <w lemma="ofan" type="aa">ofan</w>
            <w lemma="." type="pl">.</w>
          </s>
          <s n="9">
            <w lemma="skólagjald" type="nheng">Skólagjaldið</w>
            <w lemma="vera" type="sfg3en">er</w>
            <w lemma="ekki" type="aa">ekki</w>
            <w lemma="gjarnan" type="aam">heldur</w>
            <w lemma="hár" type="lhensf">hátt</w>
            <w lemma="," type="pk">,</w>
            <w lemma="100" type="ta">100</w>
            <w lemma="kr." type="ks">kr.</w>
            <w lemma="fyrir" type="af">fyrir</w>
            <w lemma="allur" type="fokeo">allan</w>
            <w lemma="vetur" type="nkeog">veturinn</w>
            <w lemma="," type="pk">,</w>
            <w lemma="og" type="c">og</w>
            <w lemma="ég" type="fp1en">ég</w>
            <w lemma="vita" type="sfg1en">veit</w>
            <w lemma="til" type="af">til</w>
            <w lemma="það" type="fphee">þess</w>
            <w lemma="," type="pk">,</w>
            <w lemma="að" type="c">að</w>
            <w lemma="það" type="fphen">það</w>
            <w lemma="vera" type="sfg3fn">eru</w>
            <w lemma="ekki" type="aa">ekki</w>
            <w lemma="fár" type="lhfnsf">fá</w>
            <w lemma="dæmi" type="nhfn">dæmi</w>
            <w lemma="það" type="fphee">þess</w>
            <w lemma="," type="pk">,</w>
            <w lemma="að" type="c">að</w>
            <w lemma="sveitastúlka" type="nvfn">sveitastúlkur</w>
            <w lemma="hafa" type="sfg3fn">hafa</w>
            <w lemma="sitja" type="sþghen">setið</w>
            <w lemma="fyrir" type="af">fyrir</w>
            <w lemma="sá" type="fakeþ">þeim</w>
            <w lemma="styrkur" type="nkeþ">styrk</w>
            <w lemma="," type="pk">,</w>
            <w lemma="sem" type="ct">sem</w>
            <w lemma="skóli" type="nkeng">skólinn</w>
            <w lemma="hafa" type="sfg3en">hefir</w>
            <w lemma="yfir" type="af">yfir</w>
            <w lemma="að" type="cn">að</w>
            <w lemma="ráða" type="sng">ráða</w>
            <w lemma="." type="pl">.</w>
          </s>
          <s n="10">
            <w lemma="ég" type="fp1en">Ég</w>
            <w lemma="ætla" type="sfg1en">ætla</w>
            <w lemma="ekki" type="aa">ekki</w>
            <w lemma="að" type="cn">að</w>
            <w lemma="orðlengja" type="sng">orðlengja</w>
            <w lemma="þessi" type="faheo">þetta</w>
            <w lemma="mjög" type="aam">meira</w>
            <w lemma="." type="pl">.</w>
          </s>
          <s n="11">
            <w lemma="ég" type="fp1en">Ég</w>
            <w lemma="kveðja" type="sfg1eþ">kvaddi</w>
            <w lemma="ég" type="fp1eþ">mér</w>
            <w lemma="hljóð" type="nhee">hljóðs</w>
            <w lemma="til" type="af">til</w>
            <w lemma="það" type="fphee">þess</w>
            <w lemma="einn" type="lheesf">eins</w>
            <w lemma="að" type="cn">að</w>
            <w lemma="leiðrétta" type="sng">leiðrétta</w>
            <w lemma="þessi" type="fahfo">þessi</w>
            <w lemma="ranghermi" type="nhfo">ranghermi</w>
            <w lemma="hjá" type="af">hjá</w>
            <w lemma="hv." type="ks">hv.</w>
            <w lemma="þm" type="ks">þm</w>
            <w lemma="." type="pl">.</w>
          </s>
          <s n="12">
            <w lemma="S." type="ks">S.</w>
            <w lemma="-" type="pa">-</w>
            <w lemma="Þ." type="ks">Þ.</w>
            <w lemma="," type="pk">,</w>
            <w lemma="og" type="c">og</w>
            <w lemma="í" type="af">í</w>
            <w lemma="samband" type="nheþ">sambandi</w>
            <w lemma="við" type="af">við</w>
            <w lemma="það" type="fpheo">það</w>
            <w lemma="vilja" type="sfg1en">vil</w>
            <w lemma="ég" type="fp1en">ég</w>
            <w lemma="svo" type="aa">svo</w>
            <w lemma="ljúka" type="sng">ljúka</w>
            <w lemma="þessi" type="fahfþ">þessum</w>
            <w lemma="fár" type="lhfþvf">fáu</w>
            <w lemma="orð" type="nhfþ">orðum</w>
            <w lemma="minn" type="fehfþ">mínum</w>
            <w lemma="með" type="af">með</w>
            <w lemma="það" type="fpheþ">því</w>
            <w lemma="að" type="cn">að</w>
            <w lemma="segja" type="sng">segja</w>
            <w lemma="það" type="fpheo">það</w>
            <w lemma="," type="pk">,</w>
            <w lemma="að" type="c">að</w>
            <w lemma="ekki" type="aa">ekki</w>
            <w lemma="vera" type="sfg3en">er</w>
            <w lemma="of" type="aa">of</w>
            <w lemma="mikill" type="lhensf">mikið</w>
            <w lemma="gera" type="sþghen">gert</w>
            <w lemma="fyrir" type="af">fyrir</w>
            <w lemma="sérfræði" type="nveo">sérfræði</w>
            <w lemma="kona" type="nvfe">kvenna</w>
            <w lemma="og" type="c">og</w>
            <w lemma="húsmæðraefni" type="nhfog">húsmæðraefnin</w>
            <w lemma="í" type="af">í</w>
            <w lemma="land" type="nheþg">landinu</w>
            <w lemma="," type="pk">,</w>
            <w lemma="þótt" type="c">þótt</w>
            <w lemma="ekki" type="aa">ekki</w>
            <w lemma="vera" type="svg3en">sé</w>
            <w lemma="fara" type="sþghen">farið</w>
            <w lemma="að" type="cn">að</w>
            <w lemma="skera" type="sng">skera</w>
            <w lemma="niður" type="aa">niður</w>
            <w lemma="sá" type="fakeo">þann</w>
            <w lemma="styrkur" type="nkeo">styrk</w>
            <w lemma="," type="pk">,</w>
            <w lemma="sem" type="ct">sem</w>
            <w lemma="kvennaskóli" type="nken">kvennaskóli</w>
            <w lemma="Reykjavík" type="nvee-s">Reykjavíkur</w>
            <w lemma="hafa" type="sfg3en">hefir</w>
            <w lemma="njóta" type="sþghen">notið</w>
            <w lemma="," type="pk">,</w>
            <w lemma="það" type="fpheþ">því</w>
            <w lemma="ef" type="c">ef</w>
            <w lemma="það" type="fphen">það</w>
            <w lemma="vera" type="sfg3en">er</w>
            <w lemma="gera" type="sþghen">gert</w>
            <w lemma="," type="pk">,</w>
            <w lemma="hljóta" type="sfg3en">hlýtur</w>
            <w lemma="skóli" type="nkeng">skólinn</w>
            <w lemma="að" type="cn">að</w>
            <w lemma="draga" type="sng">draga</w>
            <w lemma="mikill" type="lheosf">mikið</w>
            <w lemma="úr" type="af">úr</w>
            <w lemma="starf" type="nheþ">starfi</w>
            <w lemma="sinn" type="feheþ">sínu</w>
            <w lemma="og" type="c">og</w>
            <w lemma="geta" type="sfg3en">getur</w>
            <w lemma="ekki" type="aa">ekki</w>
            <w lemma="koma" type="sþghen">komið</w>
            <w lemma="að" type="af">að</w>
            <w lemma="jafnmikill" type="lhfþsf">jafnmiklum</w>
            <w lemma="not" type="nhfþ">notum</w>
            <w lemma="og" type="c">og</w>
            <w lemma="áður" type="aa">áður</w>
            <w lemma="." type="pl">.</w>
          </s>
          <s n="13">
            <w lemma="ég" type="fp1eþ">Mér</w>
            <w lemma="virða" type="sfm3en">virðist</w>
            <w lemma="," type="pk">,</w>
            <w lemma="að" type="c">að</w>
            <w lemma="ríki" type="nheng">ríkið</w>
            <w lemma="eiga" type="svg3eþ">ætti</w>
            <w lemma="gjarnan" type="aam">heldur</w>
            <w lemma="að" type="cn">að</w>
            <w lemma="spara" type="sng">spara</w>
            <w lemma="á" type="af">á</w>
            <w lemma="annar" type="fohfþ">öðrum</w>
            <w lemma="svið" type="nhfþ">sviðum</w>
            <w lemma="." type="pl">.</w>
          </s>
          <s n="14">
            <w lemma="sá" type="fakfn">Þeir</w>
            <w lemma="peningur" type="nkfn">peningar</w>
            <w lemma="," type="pk">,</w>
            <w lemma="sem" type="ct">sem</w>
            <w lemma="leggja" type="sþgkfn">lagðir</w>
            <w lemma="vera" type="sfg3fn">eru</w>
            <w lemma="til" type="af">til</w>
            <w lemma="uppeldismál" type="nhfe">uppeldismála</w>
            <w lemma="-" type="pa">-</w>
            <w lemma="og" type="c">og</w>
            <w lemma="ekki" type="aa">ekki</w>
            <w lemma="sízt" type="aae">sízt</w>
            <w lemma="sá" type="fakfn">þeir</w>
            <w lemma="," type="pk">,</w>
            <w lemma="sem" type="ct">sem</w>
            <w lemma="leggja" type="sþgkfn">lagðir</w>
            <w lemma="vera" type="sfg3fn">eru</w>
            <w lemma="til" type="af">til</w>
            <w lemma="sérmenntun" type="nvee">sérmenntunar</w>
            <w lemma="kona" type="nvfe">kvenna</w>
            <w lemma="-" type="pa">-</w>
            <w lemma="," type="pk">,</w>
            <w lemma="vera" type="sfg3fn">eru</w>
            <w lemma="peningur" type="nkfn">peningar</w>
            <w lemma="," type="pk">,</w>
            <w lemma="sem" type="ct">sem</w>
            <w lemma="þjóð" type="nveng">þjóðin</w>
            <w lemma="taka" type="sfg3en">tekur</w>
            <w lemma="inn" type="aa">inn</w>
            <w lemma="aftur" type="aa">aftur</w>
            <w lemma="á" type="af">á</w>
            <w lemma="annar" type="fohfþ">öðrum</w>
            <w lemma="svið" type="nhfþ">sviðum</w>
            <w lemma="." type="pl">.</w>
          </s>
          <s n="15">
            <w lemma="ég" type="fp1en">Ég</w>
            <w lemma="hyggja" type="sfg1en">hygg</w>
            <w lemma="," type="pk">,</w>
            <w lemma="að" type="c">að</w>
            <w lemma="sá" type="favfn">þær</w>
            <w lemma="kona" type="nvfn">konur</w>
            <w lemma="," type="pk">,</w>
            <w lemma="sem" type="ct">sem</w>
            <w lemma="menntun" type="nvfn">menntunar</w>
            <w lemma="njóta" type="sfg3fn">njóta</w>
            <w lemma="í" type="af">í</w>
            <w lemma="kvennaskóli" type="nkeþ">kvennaskóla</w>
            <w lemma="Reykjavík" type="nvee-s">Reykjavíkur</w>
            <w lemma="," type="pk">,</w>
            <w lemma="koma" type="svg3fn">komi</w>
            <w lemma="til" type="aa">til</w>
            <w lemma="með" type="af">með</w>
            <w lemma="að" type="cn">að</w>
            <w lemma="vinna" type="sng">vinna</w>
            <w lemma="þjóð" type="nveþg">þjóðinni</w>
            <w lemma="sá" type="faheo">það</w>
            <w lemma="gagn" type="nheo">gagn</w>
            <w lemma="," type="pk">,</w>
            <w lemma="að" type="c">að</w>
            <w lemma="ekki" type="aa">ekki</w>
            <w lemma="verða" type="svg3en">verði</w>
            <w lemma="sjá" type="sþghen">séð</w>
            <w lemma="eftir" type="af">eftir</w>
            <w lemma="nokkur" type="fohfþ">nokkrum</w>
            <w lemma="þúsund" type="nhfþ">þúsundum</w>
            <w lemma="," type="pk">,</w>
            <w lemma="sem" type="ct">sem</w>
            <w lemma="fara" type="sfg3fn">fara</w>
            <w lemma="til" type="af">til</w>
            <w lemma="það" type="fphee">þess</w>
            <w lemma="að" type="cn">að</w>
            <w lemma="undirbúa" type="sng">undirbúa</w>
            <w lemma="hún" type="fpvfo">þær</w>
            <w lemma="undir" type="af">undir</w>
            <w lemma="lífsstarf" type="nheo">lífsstarf</w>
            <w lemma="hún" type="fpvfe">þeirra</w>
            <w lemma="." type="pl">.</w>
          </s>
        </p>
      </div1>
    </body>
  </text>
</TEI>
