<?xml version="1.0" encoding="UTF-8"?>
<TEI xmlns="http://www.tei-c.org/ns/1.0" xml:id="R-33-4892437" xml:lang="is">
  <teiHeader>
    <fileDesc>
      <titleStmt>
        <title>
          <title type="main">Iðnaðarnám (40. mál)</title>
        </title>
        <respStmt>
          <resp xml:lang="is">Söfnun og úrvinnsla texta</resp>
          <resp xml:lang="en">Collection and processing of text</resp>
          <name xml:lang="is">Stofnun Árna Magnússonar í íslenskum fræðum</name>
          <name xml:lang="en">The Arni Magnusson Institute for Icelandic Studies</name>
        </respStmt>
      </titleStmt>
      <editionStmt>
        <p xml:lang="is">Málheild: Ræður frá Alþingi Íslendinga (2020.06)</p>
        <p xml:lang="en">Corpus: Speeches from The Parliament of Iceland (2020.06)</p>
      </editionStmt>
      <publicationStmt>
        <distributor xml:lang="is">Stofnun Árna Magnússonar í íslenskum fræðum</distributor>
        <distributor xml:lang="en">The Arni Magnusson Institute for Icelandic Studies</distributor>
        <address>
          <addrLine xml:lang="is">Árnagarður við Suðurgötu, 107 Reykjavík, Íslandi</addrLine>
          <addrLine xml:lang="en">Árnagarður Suðurgata, 107 Reykjavik, Iceland</addrLine>
          <addrLine>
            <email>arnastofnun@arnastofnun.is</email>
          </addrLine>
        </address>
        <idno type="risam">R-33-4892437</idno>
        <availability>
          <p xml:lang="is">Þessi texti er til notkunar í málrannsóknum og máltækniverkefnum um allan heim með CC-BY leyfi</p>
          <p xml:lang="en">This text is available for use in language research and language technology projects world wide with CC-BY licence.</p>
        </availability>
        <date>2020-05-27</date>
      </publicationStmt>
      <sourceDesc>
        <biblStruct>
          <analytic>
            <title>
              <title type="main">Iðnaðarnám (40. mál)</title>
            </title>
            <author>
             <persName>Guðrún Lárusdóttir</persName>
             <note type="gender">F</note>
             <note type="age">55</note>
             <note type="url">http://althingi.is/altext/cv/is/?nfaerslunr=203</note>
             <note type="political_party">Sjálfstæðisflokkur</note>
             <note type="constituency">landskjörinn alþingismaður (LA)</note>
             <note type="role">Alþingismaður</note>
            </author>
            <date when="1935-12-18">18.12. 1935</date>
          </analytic>
          <monogr>
            <title>althingi.is</title>
            <imprint>
              <publisher>Alþingi</publisher>
            </imprint>
            <biblScope>
             <ref>http://althingi.is/altext/raeda/?lthing=49&amp;rnr=2704</ref>
            </biblScope>
          </monogr>
        </biblStruct>
      </sourceDesc>
    </fileDesc>
    <encodingDesc>
      <projectDesc>
        <p xml:lang="is">Sjá lýsingu á verkefninu í rmh2Hdr.xml.</p>
        <p xml:lang="en">See description of project in rmh2Hdr.xml.</p>
      </projectDesc>
      <tagsDecl>
        <namespace name="http://www.tei-c.org/ns/1.0">
          <tagUsage gi="text" occurs="1"/>
          <tagUsage gi="body" occurs="1"/>
          <tagUsage gi="div1" occurs="1"/>
          <tagUsage gi="p" occurs="1"/>
          <tagUsage gi="s" occurs="32"/>
          <tagUsage gi="w" occurs="825"/>
          <tagUsage gi="c" occurs="0"/>
        </namespace>
      </tagsDecl>
    </encodingDesc>
  </teiHeader>
  <text>
    <body>
      <div1>
        <p n="1">
          <s n="1">
            <w lemma="frsm" type="n-en">Frsm</w>
            <w lemma="." type="pl">.</w>
          </s>
          <s n="2">
            <w lemma="mikill" type="lhfnvm">meiri</w>
            <w lemma="hl." type="ks">hl.</w>
            <w lemma="(" type="pa">(</w>
            <w lemma="Guðrún" type="nven-s">Guðrún</w>
            <w lemma="Lárusdóttir" type="nven-s">Lárusdóttir</w>
            <w lemma=")" type="pa">)</w>
            <w lemma=":" type="pa">:</w>
          </s>
          <s n="3">
            <w lemma="það" type="fphen">Það</w>
            <w lemma="vera" type="sfg3en">er</w>
            <w lemma="nokkur" type="fohen">nokkuð</w>
            <w lemma="langur" type="lhensf">langt</w>
            <w lemma="síðan" type="c">síðan</w>
            <w lemma="þessi" type="fahen">þetta</w>
            <w lemma="frv." type="ks">frv.</w>
            <w lemma="koma" type="sfg3eþ">kom</w>
            <w lemma="snemma" type="aae">fyrst</w>
            <w lemma="fram" type="aa">fram</w>
            <w lemma="." type="pl">.</w>
          </s>
          <s n="4">
            <w lemma="það" type="fphen">Það</w>
            <w lemma="hafa" type="sfg3en">hefir</w>
            <w lemma="nú" type="aa">nú</w>
            <w lemma="liggja" type="sþghen">legið</w>
            <w lemma="fyrir" type="af">fyrir</w>
            <w lemma="menntamn" type="nheo">menntamn</w>
            <w lemma="." type="pl">.</w>
          </s>
          <s n="5">
            <w lemma="þessi" type="favee">þessarar</w>
            <w lemma="hv." type="x">hv.</w>
            <w lemma="d." type="x">d.</w>
            <w lemma="," type="pk">,</w>
            <w lemma="og" type="c">og</w>
            <w lemma="hún" type="fpven">hún</w>
            <w lemma="hafa" type="sfg3en">hefir</w>
            <w lemma="skila" type="sþghen">skilað</w>
            <w lemma="álit" type="nheþ">áliti</w>
            <w lemma="á" type="af">á</w>
            <w lemma="það" type="fpheþ">því</w>
            <w lemma="," type="pk">,</w>
            <w lemma="að" type="af">að</w>
            <w lemma="nokkur" type="foheþ">nokkru</w>
            <w lemma="leyti" type="nheþ">leyti</w>
            <w lemma="í" type="af">í</w>
            <w lemma="tvennur" type="lheþsf">tvennu</w>
            <w lemma="lag" type="nheþ">lagi</w>
            <w lemma="," type="pk">,</w>
            <w lemma="þar" type="aa">þar</w>
            <w lemma="sem" type="c">sem</w>
            <w lemma="lítill" type="lvenvm">minni</w>
            <w lemma="hl." type="ks">hl.</w>
            <w lemma="vera" type="sfg3en">er</w>
            <w lemma="með" type="af">með</w>
            <w lemma="brttur" type="nkeo">brtt</w>
            <w lemma="." type="pl">.</w>
          </s>
          <s n="6">
            <w lemma="ég" type="fp1eþ">Mér</w>
            <w lemma="finna" type="sfm3eþ">fannst</w>
            <w lemma="samt" type="aa">samt</w>
            <w lemma="," type="pk">,</w>
            <w lemma="þegar" type="c">þegar</w>
            <w lemma="n." type="ks">n.</w>
            <w lemma="sitja" type="sfg3eþ">sat</w>
            <w lemma="á" type="af">á</w>
            <w lemma="fundur" type="nkeþ">fundi</w>
            <w lemma="um" type="af">um</w>
            <w lemma="þessi" type="faheo">þetta</w>
            <w lemma="mál" type="nheo">mál</w>
            <w lemma="," type="pk">,</w>
            <w lemma="að" type="c">að</w>
            <w lemma="það" type="fphen">það</w>
            <w lemma="vera" type="svg3eþ">væri</w>
            <w lemma="sameiginlegur" type="lhensf">sameiginlegt</w>
            <w lemma="álit" type="nhen">álit</w>
            <w lemma="nm" type="au">nm</w>
            <w lemma="." type="pl">.</w>
          </s>
          <s n="7">
            <w lemma="," type="pk">,</w>
            <w lemma="að" type="c">að</w>
            <w lemma="hugmynd" type="nven">hugmynd</w>
            <w lemma="sá" type="faven">sú</w>
            <w lemma="," type="pk">,</w>
            <w lemma="sem" type="ct">sem</w>
            <w lemma="fólga" type="sþgven">fólgin</w>
            <w lemma="vera" type="sfg3en">er</w>
            <w lemma="í" type="af">í</w>
            <w lemma="frv." type="ks">frv.</w>
            <w lemma="," type="pk">,</w>
            <w lemma="eiga" type="svg3eþ">ætti</w>
            <w lemma="mikill" type="lkeosf">mikinn</w>
            <w lemma="réttur" type="nkeo">rétt</w>
            <w lemma="á" type="af">á</w>
            <w lemma="sig" type="fpveþ">sér</w>
            <w lemma="." type="pl">.</w>
          </s>
          <s n="8">
            <w lemma="með" type="af">Með</w>
            <w lemma="það" type="fpheþ">því</w>
            <w lemma="að" type="c">að</w>
            <w lemma="gera" type="sþghen">gert</w>
            <w lemma="vera" type="sfg3en">er</w>
            <w lemma="ráð" type="nhen">ráð</w>
            <w lemma="fyrir" type="af">fyrir</w>
            <w lemma="," type="pk">,</w>
            <w lemma="að" type="c">að</w>
            <w lemma="ungur" type="lkfnsf">ungir</w>
            <w lemma="maður" type="nkfn">menn</w>
            <w lemma="taka" type="svg3fn">taki</w>
            <w lemma="að" type="af">að</w>
            <w lemma="sig" type="fpkfþ">sér</w>
            <w lemma="starf" type="nhfo">störf</w>
            <w lemma="fyrir" type="af">fyrir</w>
            <w lemma="sýslu-" type="kt">sýslu-</w>
            <w lemma="eða" type="c">eða</w>
            <w lemma="bæjarfélag" type="nheo">bæjarfélag</w>
            <w lemma="sinn" type="feheo">sitt</w>
            <w lemma="kauplaust" type="aa">kauplaust</w>
            <w lemma="," type="pk">,</w>
            <w lemma="en" type="c">en</w>
            <w lemma="eiga" type="sfg3fn">eiga</w>
            <w lemma="svo" type="aa">svo</w>
            <w lemma="að" type="cn">að</w>
            <w lemma="uppskera" type="sng">uppskera</w>
            <w lemma="laun" type="nhfog">launin</w>
            <w lemma="á" type="af">á</w>
            <w lemma="sinn" type="fekeþ">sínum</w>
            <w lemma="tími" type="nkeþ">tíma</w>
            <w lemma="með" type="af">með</w>
            <w lemma="það" type="fpheþ">því</w>
            <w lemma="að" type="cn">að</w>
            <w lemma="fá" type="sng">fá</w>
            <w lemma="ókeypis" type="lveoof">ókeypis</w>
            <w lemma="skólavist" type="nveo">skólavist</w>
            <w lemma="," type="pk">,</w>
            <w lemma="þá" type="aa">þá</w>
            <w lemma="mega" type="sfg3en">má</w>
            <w lemma="segja" type="sng">segja</w>
            <w lemma="," type="pk">,</w>
            <w lemma="að" type="c">að</w>
            <w lemma="dálítill" type="lvensf">dálítil</w>
            <w lemma="kvöð" type="nven">kvöð</w>
            <w lemma="vera" type="svg3en">sé</w>
            <w lemma="leggja" type="sþgven">lögð</w>
            <w lemma="á" type="af">á</w>
            <w lemma="hann" type="fpkfo">þá</w>
            <w lemma="." type="pl">.</w>
          </s>
          <s n="9">
            <w lemma="en" type="c">En</w>
            <w lemma="ég" type="fp1fn">við</w>
            <w lemma="maður" type="nkfng">mennirnir</w>
            <w lemma="vera" type="sfg1fn">erum</w>
            <w lemma="nú" type="aa">nú</w>
            <w lemma="einn" type="foheþ">einu</w>
            <w lemma="sinn" type="nheþ">sinni</w>
            <w lemma="svo" type="aa">svo</w>
            <w lemma="gerður" type="lkfnsf">gerðir</w>
            <w lemma="," type="pk">,</w>
            <w lemma="að" type="c">að</w>
            <w lemma="ég" type="fp1fþ">okkur</w>
            <w lemma="þykja" type="sfg3en">þykir</w>
            <w lemma="vænn" type="lhenvm">vænna</w>
            <w lemma="um" type="af">um</w>
            <w lemma="sá" type="fakfo">þá</w>
            <w lemma="hlutur" type="nkfo">hluti</w>
            <w lemma="," type="pk">,</w>
            <w lemma="sem" type="ct">sem</w>
            <w lemma="ég" type="fp1fn">við</w>
            <w lemma="hafa" type="sfg1fn">höfum</w>
            <w lemma="einhver" type="foheo">eitthvað</w>
            <w lemma="fyrir" type="aa">fyrir</w>
            <w lemma="," type="pk">,</w>
            <w lemma="gjarnan" type="aam">heldur</w>
            <w lemma="en" type="c">en</w>
            <w lemma="sá" type="fakfo">þá</w>
            <w lemma="," type="pk">,</w>
            <w lemma="sem" type="ct">sem</w>
            <w lemma="koma" type="sfg3fn">koma</w>
            <w lemma="svo" type="aa">svo</w>
            <w lemma="að" type="cn">að</w>
            <w lemma="segja" type="sng">segja</w>
            <w lemma="upp" type="aa">upp</w>
            <w lemma="í" type="af">í</w>
            <w lemma="hönd" type="nvfog">hendurnar</w>
            <w lemma="á" type="af">á</w>
            <w lemma="ég" type="fp1fþ">okkur</w>
            <w lemma="fyrirhafnarlaus" type="lheosf">fyrirhafnarlaust</w>
            <w lemma="eða" type="c">eða</w>
            <w lemma="fyrirhafnarlítill" type="lheosf">fyrirhafnarlítið</w>
            <w lemma="." type="pl">.</w>
          </s>
          <s n="10">
            <w lemma="sérstaklega" type="aa">Sérstaklega</w>
            <w lemma="eiga" type="sfg3en">á</w>
            <w lemma="þessi" type="fahen">þetta</w>
            <w lemma="við" type="aa">við</w>
            <w lemma="um" type="af">um</w>
            <w lemma="ungur" type="lheosf">ungt</w>
            <w lemma="fólk" type="nheo">fólk</w>
            <w lemma="og" type="c">og</w>
            <w lemma="duglegur" type="lheosf">duglegt</w>
            <w lemma="." type="pl">.</w>
          </s>
          <s n="11">
            <w lemma="það" type="fphen">Það</w>
            <w lemma="vera" type="sfg3en">er</w>
            <w lemma="ekki" type="aa">ekki</w>
            <w lemma="lítilsvirði" type="nhen">lítilsvirði</w>
            <w lemma="," type="pk">,</w>
            <w lemma="ef" type="c">ef</w>
            <w lemma="hugmynd" type="nven">hugmynd</w>
            <w lemma="frv." type="ks">frv.</w>
            <w lemma="," type="pk">,</w>
            <w lemma="þegar" type="c">þegar</w>
            <w lemma="hún" type="fpven">hún</w>
            <w lemma="koma" type="sfg3en">kemur</w>
            <w lemma="í" type="af">í</w>
            <w lemma="framkvæmd" type="nveþ">framkvæmd</w>
            <w lemma="," type="pk">,</w>
            <w lemma="geta" type="svg3eþ">gæti</w>
            <w lemma="verða" type="sþghen">orðið</w>
            <w lemma="til" type="af">til</w>
            <w lemma="það" type="fphee">þess</w>
            <w lemma="að" type="cn">að</w>
            <w lemma="efla" type="sng">efla</w>
            <w lemma="hjá" type="af">hjá</w>
            <w lemma="ungur" type="lheþsf">ungu</w>
            <w lemma="," type="pk">,</w>
            <w lemma="íslenzkur" type="lheþsf">íslenzku</w>
            <w lemma="fólk" type="nheþ">fólki</w>
            <w lemma="rækt" type="nveo">rækt</w>
            <w lemma="til" type="af">til</w>
            <w lemma="átthagi" type="nkfe">átthaga</w>
            <w lemma="sinn" type="fekfe">sinna</w>
            <w lemma="eða" type="c">eða</w>
            <w lemma="sveit" type="nvee">sveitar</w>
            <w lemma="sá" type="favee">þeirrar</w>
            <w lemma="," type="pk">,</w>
            <w lemma="sem" type="ct">sem</w>
            <w lemma="það" type="fphen">það</w>
            <w lemma="vera" type="sfg3en">er</w>
            <w lemma="bera" type="sþghen">borið</w>
            <w lemma="og" type="c">og</w>
            <w lemma="barnfæddur" type="lhensf">barnfætt</w>
            <w lemma="í" type="aa">í</w>
            <w lemma="." type="pl">.</w>
          </s>
          <s n="12">
            <w lemma="ég" type="fp1en">Ég</w>
            <w lemma="hyggja" type="sfg1en">hygg</w>
            <w lemma="að" type="c">að</w>
            <w lemma="rækt" type="nveng">ræktin</w>
            <w lemma="til" type="af">til</w>
            <w lemma="átthagi" type="nkfeg">átthaganna</w>
            <w lemma="munu" type="svg3eþ">myndi</w>
            <w lemma="vaxa" type="sng">vaxa</w>
            <w lemma="," type="pk">,</w>
            <w lemma="þegar" type="c">þegar</w>
            <w lemma="ungur" type="lheþsf">ungu</w>
            <w lemma="fólk" type="nheþ">fólki</w>
            <w lemma="gefa" type="sfm3en">gefst</w>
            <w lemma="kostur" type="nken">kostur</w>
            <w lemma="á" type="af">á</w>
            <w lemma="að" type="cn">að</w>
            <w lemma="starfa" type="sng">starfa</w>
            <w lemma="gegn" type="af">gegn</w>
            <w lemma="skólaréttindi" type="nhfþ">skólaréttindum</w>
            <w lemma="að" type="af">að</w>
            <w lemma="sá" type="fahfþ">þeim</w>
            <w lemma="starf" type="nhfþ">störfum</w>
            <w lemma="," type="pk">,</w>
            <w lemma="sem" type="ct">sem</w>
            <w lemma="að" type="af">að</w>
            <w lemma="dómur" type="nkeþ">dómi</w>
            <w lemma="héraðsbúi" type="nkfe">héraðsbúa</w>
            <w lemma="vera" type="sfg3fn">eru</w>
            <w lemma="þarfur" type="lhfnsf">þörf</w>
            <w lemma="og" type="c">og</w>
            <w lemma="nauðsynlegur" type="lhfnsf">nauðsynleg</w>
            <w lemma="fyrir" type="af">fyrir</w>
            <w lemma="hérað" type="nheog">héraðið</w>
            <w lemma="." type="pl">.</w>
          </s>
          <s n="13">
            <w lemma="ég" type="fp1en">Ég</w>
            <w lemma="halda" type="sfg1en">held</w>
            <w lemma="," type="pk">,</w>
            <w lemma="að" type="c">að</w>
            <w lemma="það" type="fphen">það</w>
            <w lemma="mega" type="svg3en">megi</w>
            <w lemma="til" type="af">til</w>
            <w lemma="sannur" type="lkeesf">sanns</w>
            <w lemma="vegur" type="nkee">vegar</w>
            <w lemma="færa" type="sng">færa</w>
            <w lemma="," type="pk">,</w>
            <w lemma="að" type="c">að</w>
            <w lemma="sá" type="fahen">það</w>
            <w lemma="," type="pk">,</w>
            <w lemma="sem" type="ct">sem</w>
            <w lemma="Íslendingur" type="nkfn-s">Íslendingar</w>
            <w lemma="þurfa" type="sfg3fn">þurfa</w>
            <w lemma="að" type="cn">að</w>
            <w lemma="hlúa" type="sng">hlúa</w>
            <w lemma="einn" type="fohfe">einna</w>
            <w lemma="mjög" type="aae">mest</w>
            <w lemma="að" type="aa">að</w>
            <w lemma="," type="pk">,</w>
            <w lemma="þar" type="aa">þar</w>
            <w lemma="sem" type="c">sem</w>
            <w lemma="alltaf" type="aa">alltaf</w>
            <w lemma="vera" type="sfg3en">er</w>
            <w lemma="vera" type="sþghen">verið</w>
            <w lemma="að" type="cn">að</w>
            <w lemma="kvarta" type="sng">kvarta</w>
            <w lemma="um" type="af">um</w>
            <w lemma="los" type="nheo">los</w>
            <w lemma="á" type="af">á</w>
            <w lemma="fólk" type="nheþg">fólkinu</w>
            <w lemma="og" type="c">og</w>
            <w lemma="sá" type="fakeo">þann</w>
            <w lemma="fólksstraumur" type="nkeo">fólksstraum</w>
            <w lemma="," type="pk">,</w>
            <w lemma="sem" type="ct">sem</w>
            <w lemma="eiga" type="sþghen">átt</w>
            <w lemma="hafa" type="sfg3en">hefir</w>
            <w lemma="sig" type="fpkeþ">sér</w>
            <w lemma="staður" type="nkeo">stað</w>
            <w lemma="til" type="af">til</w>
            <w lemma="kaupstaður" type="nkfeg">kaupstaðanna</w>
            <w lemma="," type="pk">,</w>
            <w lemma="vera" type="sfg3en">er</w>
            <w lemma="að" type="cn">að</w>
            <w lemma="festa" type="sng">festa</w>
            <w lemma="hugi" type="nkeo">huga</w>
            <w lemma="fólk" type="nheeg">fólksins</w>
            <w lemma="við" type="af">við</w>
            <w lemma="einhver" type="foheo">eitthvað</w>
            <w lemma="," type="pk">,</w>
            <w lemma="sem" type="ct">sem</w>
            <w lemma="binda" type="sþghen">bundið</w>
            <w lemma="geta" type="svg3eþ">gæti</w>
            <w lemma="einstaklingur" type="nkfo">einstaklinga</w>
            <w lemma="við" type="af">við</w>
            <w lemma="átthagi" type="nkfo">átthaga</w>
            <w lemma="sinn" type="fekfo">sína</w>
            <w lemma="." type="pl">.</w>
          </s>
          <s n="14">
            <w lemma="ég" type="fp1en">Ég</w>
            <w lemma="halda" type="sfg1en">held</w>
            <w lemma="," type="pk">,</w>
            <w lemma="að" type="c">að</w>
            <w lemma="sá" type="faken">sá</w>
            <w lemma="," type="pk">,</w>
            <w lemma="sem" type="ct">sem</w>
            <w lemma="búinn" type="lkensf">búinn</w>
            <w lemma="vera" type="sfg3en">er</w>
            <w lemma="að" type="cn">að</w>
            <w lemma="vinna" type="sng">vinna</w>
            <w lemma="einhver" type="foheo">eitthvað</w>
            <w lemma="fyrir" type="af">fyrir</w>
            <w lemma="sveit" type="nveo">sveit</w>
            <w lemma="sinn" type="feveo">sína</w>
            <w lemma="," type="pk">,</w>
            <w lemma="vera" type="svg3en">sé</w>
            <w lemma="tengja" type="sþgken">tengdur</w>
            <w lemma="hún" type="fpveþ">henni</w>
            <w lemma="sterkur" type="lkenvm">sterkari</w>
            <w lemma="band" type="nhfþ">böndum</w>
            <w lemma="en" type="c">en</w>
            <w lemma="sá" type="faken">sá</w>
            <w lemma="," type="pk">,</w>
            <w lemma="sem" type="ct">sem</w>
            <w lemma="enginn" type="fohen">ekkert</w>
            <w lemma="hafa" type="sfg3en">hefir</w>
            <w lemma="fyrir" type="af">fyrir</w>
            <w lemma="hún" type="fpveo">hana</w>
            <w lemma="gera" type="sþghen">gert</w>
            <w lemma="." type="pl">.</w>
          </s>
          <s n="15">
            <w lemma="ég" type="fp1eþ">Mér</w>
            <w lemma="finna" type="sfm3en">finnst</w>
            <w lemma="," type="pk">,</w>
            <w lemma="að" type="c">að</w>
            <w lemma="þessi" type="faven">þessi</w>
            <w lemma="hugmynd" type="nven">hugmynd</w>
            <w lemma="fela" type="svm3en">felist</w>
            <w lemma="á" type="af">á</w>
            <w lemma="bak" type="nheo">bak</w>
            <w lemma="við" type="af">við</w>
            <w lemma="frv." type="ks">frv.</w>
            <w lemma="," type="pk">,</w>
            <w lemma="og" type="c">og</w>
            <w lemma="hún" type="fpven">hún</w>
            <w lemma="vera" type="sfg3en">er</w>
            <w lemma="alltaf" type="aa">alltaf</w>
            <w lemma="það" type="fphee">þess</w>
            <w lemma="virði" type="nhen">virði</w>
            <w lemma="," type="pk">,</w>
            <w lemma="að" type="c">að</w>
            <w lemma="hún" type="fpveþ">henni</w>
            <w lemma="vera" type="svg3en">sé</w>
            <w lemma="hlynntur" type="lvensf">hlynnt</w>
            <w lemma="." type="pl">.</w>
          </s>
          <s n="16">
            <w lemma="aftur" type="aa">Aftur</w>
            <w lemma="hafa" type="sfg3fn">hafa</w>
            <w lemma="heyrzt" type="sþmhen">heyrzt</w>
            <w lemma="einstaka" type="lvfoof">einstaka</w>
            <w lemma="rödd" type="nvfn">raddir</w>
            <w lemma="um" type="af">um</w>
            <w lemma="það" type="fpheo">það</w>
            <w lemma="," type="pk">,</w>
            <w lemma="að" type="c">að</w>
            <w lemma="þessi" type="fahen">þetta</w>
            <w lemma="fyrirkomulag" type="nhen">fyrirkomulag</w>
            <w lemma="hafa" type="svg3eþ">hefði</w>
            <w lemma="í" type="af">í</w>
            <w lemma="för" type="nveþ">för</w>
            <w lemma="með" type="af">með</w>
            <w lemma="sig" type="fpheþ">sér</w>
            <w lemma="nokkurskonar" type="lvfoof">nokkurskonar</w>
            <w lemma="þvingunarráðstöfun" type="nvfo">þvingunarráðstafanir</w>
            <w lemma="," type="pk">,</w>
            <w lemma="sem" type="ct">sem</w>
            <w lemma="ungur" type="lhensf">ungt</w>
            <w lemma="fólk" type="nhen">fólk</w>
            <w lemma="munu" type="svg3en">muni</w>
            <w lemma="ekki" type="aa">ekki</w>
            <w lemma="vilja" type="sng">vilja</w>
            <w lemma="ganga" type="snm">gangast</w>
            <w lemma="undir" type="aa">undir</w>
            <w lemma="." type="pl">.</w>
          </s>
          <s n="17">
            <w lemma="en" type="c">En</w>
            <w lemma="þegar" type="c">þegar</w>
            <w lemma="þessi" type="fahen">þetta</w>
            <w lemma="vera" type="sfg3en">er</w>
            <w lemma="bera" type="sþghen">borið</w>
            <w lemma="saman" type="aa">saman</w>
            <w lemma="við" type="af">við</w>
            <w lemma="frv." type="ks">frv.</w>
            <w lemma="," type="pk">,</w>
            <w lemma="þá" type="aa">þá</w>
            <w lemma="sjá" type="sfg1en">sé</w>
            <w lemma="ég" type="fp1en">ég</w>
            <w lemma="ekki" type="aa">ekki</w>
            <w lemma="," type="pk">,</w>
            <w lemma="að" type="c">að</w>
            <w lemma="það" type="fphen">það</w>
            <w lemma="þurfa" type="svg3en">þurfi</w>
            <w lemma="að" type="cn">að</w>
            <w lemma="óttast" type="snm">óttast</w>
            <w lemma="þessi" type="faheo">þetta</w>
            <w lemma="mikið" type="aa">mikið</w>
            <w lemma="," type="pk">,</w>
            <w lemma="þar" type="aa">þar</w>
            <w lemma="sem" type="c">sem</w>
            <w lemma="aðeins" type="aa">aðeins</w>
            <w lemma="vera" type="sfg3en">er</w>
            <w lemma="um" type="af">um</w>
            <w lemma="heimild" type="nveo">heimild</w>
            <w lemma="að" type="cn">að</w>
            <w lemma="ræða" type="sng">ræða</w>
            <w lemma="í" type="af">í</w>
            <w lemma="frv." type="ks">frv.</w>
            <w lemma="fyrir" type="af">fyrir</w>
            <w lemma="sýslu-" type="kt">sýslu-</w>
            <w lemma="og" type="c">og</w>
            <w lemma="bæjarfélag" type="nhfo">bæjarfélög</w>
            <w lemma="til" type="af">til</w>
            <w lemma="það" type="fphee">þess</w>
            <w lemma="að" type="cn">að</w>
            <w lemma="taka" type="sng">taka</w>
            <w lemma="þessi" type="faheo">þetta</w>
            <w lemma="skólafyrirkomulag" type="nheo">skólafyrirkomulag</w>
            <w lemma="upp" type="aa">upp</w>
            <w lemma="," type="pk">,</w>
            <w lemma="og" type="c">og</w>
            <w lemma="sá" type="faven">sú</w>
            <w lemma="heimild" type="nven">heimild</w>
            <w lemma="takmarka" type="sfm3en">takmarkast</w>
            <w lemma="af" type="af">af</w>
            <w lemma="atkvgr." type="kt">atkvgr.</w>
            <w lemma="sá" type="favfe">þeirra</w>
            <w lemma="," type="pk">,</w>
            <w lemma="sem" type="ct">sem</w>
            <w lemma="eiga" type="sfg3fn">eiga</w>
            <w lemma="við" type="af">við</w>
            <w lemma="fyrirkomulag" type="nheog">fyrirkomulagið</w>
            <w lemma="að" type="cn">að</w>
            <w lemma="búa" type="sng">búa</w>
            <w lemma="," type="pk">,</w>
            <w lemma="og" type="c">og</w>
            <w lemma="það" type="fphen">það</w>
            <w lemma="verða" type="sfg3en">verður</w>
            <w lemma="aldrei" type="aa">aldrei</w>
            <w lemma="reyna" type="sþghen">reynt</w>
            <w lemma="nema" type="c">nema</w>
            <w lemma="mikill" type="lkensf">mikill</w>
            <w lemma="hluti" type="nken">hluti</w>
            <w lemma="kjósandi" type="nkfe">kjósenda</w>
            <w lemma="koma" type="svg3en">komi</w>
            <w lemma="sig" type="fpkeþ">sér</w>
            <w lemma="saman" type="aa">saman</w>
            <w lemma="um" type="af">um</w>
            <w lemma="það" type="fpheo">það</w>
            <w lemma="." type="pl">.</w>
          </s>
          <s n="18">
            <w lemma="ég" type="fp1en">Ég</w>
            <w lemma="halda" type="sfg1en">held</w>
            <w lemma="því" type="aa">því</w>
            <w lemma="," type="pk">,</w>
            <w lemma="að" type="c">að</w>
            <w lemma="út" type="aa">út</w>
            <w lemma="frá" type="af">frá</w>
            <w lemma="þessi" type="faheþ">þessu</w>
            <w lemma="sjónarmið" type="nheþ">sjónarmiði</w>
            <w lemma="vera" type="svg3en">sé</w>
            <w lemma="það" type="fphen">það</w>
            <w lemma="alveg" type="aa">alveg</w>
            <w lemma="hættulaus" type="lhensf">hættulaust</w>
            <w lemma="að" type="af">að</w>
            <w lemma="samþ." type="kt">samþ.</w>
            <w lemma="þessi" type="fahen">þetta</w>
            <w lemma="frv" type="x">frv</w>
            <w lemma="." type="pl">.</w>
          </s>
          <s n="19">
            <w lemma="en" type="c">En</w>
            <w lemma="frá" type="af">frá</w>
            <w lemma="hinn" type="faheþ">hinu</w>
            <w lemma="sjónarmið" type="nheþg">sjónarmiðinu</w>
            <w lemma="vera" type="sfg3en">er</w>
            <w lemma="það" type="fphen">það</w>
            <w lemma="fullkomlega" type="aa">fullkomlega</w>
            <w lemma="það" type="fphee">þess</w>
            <w lemma="virði" type="nhen">virði</w>
            <w lemma="," type="pk">,</w>
            <w lemma="að" type="c">að</w>
            <w lemma="það" type="fphen">það</w>
            <w lemma="vera" type="svg3en">sé</w>
            <w lemma="reyna" type="sþghen">reynt</w>
            <w lemma="." type="pl">.</w>
          </s>
          <s n="20">
            <w lemma="setja" type="svg1fn">Setjum</w>
            <w lemma="svo" type="aa">svo</w>
            <w lemma="," type="pk">,</w>
            <w lemma="að" type="c">að</w>
            <w lemma="þessi" type="fahen">þetta</w>
            <w lemma="fyrirkomulag" type="nhen">fyrirkomulag</w>
            <w lemma="geta" type="svg3eþ">gæti</w>
            <w lemma="skapa" type="sþghen">skapað</w>
            <w lemma="sá" type="fakeo">þann</w>
            <w lemma="hugsunarháttur" type="nkeo">hugsunarhátt</w>
            <w lemma="hjá" type="af">hjá</w>
            <w lemma="ungur" type="lheþsf">ungu</w>
            <w lemma="fólk" type="nheþ">fólki</w>
            <w lemma="," type="pk">,</w>
            <w lemma="að" type="c">að</w>
            <w lemma="það" type="fphen">það</w>
            <w lemma="una" type="svg3eþ">yndi</w>
            <w lemma="vel" type="aam">betur</w>
            <w lemma="hagur" type="nkeþ">hag</w>
            <w lemma="sinn" type="fekeþ">sínum</w>
            <w lemma="heima" type="aa">heima</w>
            <w lemma="í" type="af">í</w>
            <w lemma="sveit" type="nveþ">sveit</w>
            <w lemma="sinn" type="feveþ">sinni</w>
            <w lemma="," type="pk">,</w>
            <w lemma="þá" type="aa">þá</w>
            <w lemma="vera" type="sfg3en">er</w>
            <w lemma="það" type="fphen">það</w>
            <w lemma="heillavænlegur" type="lhensf">heillavænlegt</w>
            <w lemma="spor" type="nhen">spor</w>
            <w lemma="," type="pk">,</w>
            <w lemma="sem" type="ct">sem</w>
            <w lemma="stíga" type="sþghen">stígið</w>
            <w lemma="vera" type="sfg3en">er</w>
            <w lemma="með" type="af">með</w>
            <w lemma="það" type="fpheþ">því</w>
            <w lemma="að" type="c">að</w>
            <w lemma="samþ." type="kt">samþ.</w>
            <w lemma="frv" type="nhen">frv</w>
            <w lemma="." type="pl">.</w>
          </s>
          <s n="21">
            <w lemma="það" type="fphen">Það</w>
            <w lemma="vera" type="sfg3en">er</w>
            <w lemma="margur" type="lhfþsf">mörgum</w>
            <w lemma="áhyggjuefni" type="nhen">áhyggjuefni</w>
            <w lemma="," type="pk">,</w>
            <w lemma="að" type="c">að</w>
            <w lemma="svo" type="aa">svo</w>
            <w lemma="virða" type="sfm3en">virðist</w>
            <w lemma="," type="pk">,</w>
            <w lemma="sem" type="c">sem</w>
            <w lemma="kjarni" type="nken">kjarni</w>
            <w lemma="þjóð" type="nveeg">þjóðarinnar</w>
            <w lemma="," type="pk">,</w>
            <w lemma="sem" type="ct">sem</w>
            <w lemma="telja" type="sþghen">talið</w>
            <w lemma="hafa" type="sfg3en">hefir</w>
            <w lemma="vera" type="sþghen">verið</w>
            <w lemma="," type="pk">,</w>
            <w lemma="að" type="c">að</w>
            <w lemma="vera" type="svg3en">sé</w>
            <w lemma="í" type="af">í</w>
            <w lemma="sveit" type="nvfþg">sveitunum</w>
            <w lemma="," type="pk">,</w>
            <w lemma="vera" type="svg3en">sé</w>
            <w lemma="nú" type="aa">nú</w>
            <w lemma="að" type="cn">að</w>
            <w lemma="flytja" type="sng">flytja</w>
            <w lemma="sig" type="fpkeo">sig</w>
            <w lemma="úr" type="af">úr</w>
            <w lemma="staður" type="nkeþ">stað</w>
            <w lemma="," type="pk">,</w>
            <w lemma="af" type="af">af</w>
            <w lemma="það" type="fpheþ">því</w>
            <w lemma="að" type="c">að</w>
            <w lemma="hann" type="fpken">hann</w>
            <w lemma="una" type="svg3en">uni</w>
            <w lemma="ekki" type="aa">ekki</w>
            <w lemma="hlutskipti" type="nheþ">hlutskipti</w>
            <w lemma="sinn" type="feheþ">sínu</w>
            <w lemma="og" type="c">og</w>
            <w lemma="kringumstæður" type="nvfþ">kringumstæðum</w>
            <w lemma="." type="pl">.</w>
          </s>
          <s n="22">
            <w lemma="þessi" type="fahen">Þetta</w>
            <w lemma="verða" type="sfg3en">verður</w>
            <w lemma="að" type="cn">að</w>
            <w lemma="telja" type="snm">teljast</w>
            <w lemma="skaðlegur" type="lhensf">skaðlegt</w>
            <w lemma="," type="pk">,</w>
            <w lemma="ef" type="c">ef</w>
            <w lemma="það" type="fphen">það</w>
            <w lemma="hafa" type="sfg3en">hefir</w>
            <w lemma="vera" type="sþghen">verið</w>
            <w lemma="réttmæli" type="nhen">réttmæli</w>
            <w lemma="-" type="pa">-</w>
            <w lemma="en" type="c">en</w>
            <w lemma="það" type="fphen">það</w>
            <w lemma="álíta" type="sfg3fn">álíta</w>
            <w lemma="margur" type="lkfnsf">margir</w>
            <w lemma="-" type="pa">-</w>
            <w lemma="," type="pk">,</w>
            <w lemma="að" type="c">að</w>
            <w lemma="sveitafólk" type="nheng">sveitafólkið</w>
            <w lemma="vera" type="svg3en">sé</w>
            <w lemma="kjarni" type="nken">kjarni</w>
            <w lemma="þjóð" type="nveeg">þjóðarinnar</w>
            <w lemma="." type="pl">.</w>
          </s>
          <s n="23">
            <w lemma="ég" type="fp1en">Ég</w>
            <w lemma="ætla" type="sfg1en">ætla</w>
            <w lemma="svo" type="aa">svo</w>
            <w lemma="ekki" type="aa">ekki</w>
            <w lemma="að" type="cn">að</w>
            <w lemma="fjölyrða" type="sng">fjölyrða</w>
            <w lemma="mikill" type="lheovm">meira</w>
            <w lemma="um" type="af">um</w>
            <w lemma="frv." type="ks">frv.</w>
            <w lemma="að" type="c">að</w>
            <w lemma="sinn" type="nheþ">sinni</w>
            <w lemma="," type="pk">,</w>
            <w lemma="heldur" type="c">heldur</w>
            <w lemma="heyra" type="sng">heyra</w>
            <w lemma="snemma" type="aae">fyrst</w>
            <w lemma="," type="pk">,</w>
            <w lemma="hver" type="fshen">hvað</w>
            <w lemma="hv." type="ks">hv.</w>
            <w lemma="þm" type="ks">þm</w>
            <w lemma="." type="pl">.</w>
          </s>
          <s n="24">
            <w lemma="S." type="ks">S.</w>
            <w lemma="-" type="pa">-</w>
            <w lemma="Þ." type="ks">Þ.</w>
            <w lemma="hafa" type="sfg3en">hefir</w>
            <w lemma="að" type="cn">að</w>
            <w lemma="segja" type="sng">segja</w>
            <w lemma="um" type="af">um</w>
            <w lemma="brttur" type="nkeo">brtt</w>
            <w lemma="." type="pl">.</w>
          </s>
          <s n="25">
            <w lemma="sinn" type="fevfo">sínar</w>
            <w lemma="." type="pl">.</w>
          </s>
          <s n="26">
            <w lemma="ég" type="fp1en">Ég</w>
            <w lemma="vona" type="sfg1en">vona</w>
            <w lemma="hinsvegar" type="aa">hinsvegar</w>
            <w lemma="," type="pk">,</w>
            <w lemma="að" type="c">að</w>
            <w lemma="hv." type="kt">hv.</w>
            <w lemma="d." type="x">d.</w>
            <w lemma="verða" type="svg3en">verði</w>
            <w lemma="ég" type="fp1eþ">mér</w>
            <w lemma="sammála" type="lkenof">sammála</w>
            <w lemma="um" type="af">um</w>
            <w lemma="," type="pk">,</w>
            <w lemma="að" type="c">að</w>
            <w lemma="það" type="fphen">það</w>
            <w lemma="vera" type="svg3en">sé</w>
            <w lemma="enginn" type="foven">engin</w>
            <w lemma="hætta" type="nven">hætta</w>
            <w lemma="á" type="af">á</w>
            <w lemma="ferð" type="nvfþ">ferðum</w>
            <w lemma="," type="pk">,</w>
            <w lemma="þó" type="aa">þó</w>
            <w lemma="að" type="c">að</w>
            <w lemma="frv." type="ks">frv.</w>
            <w lemma="verða" type="svg3en">verði</w>
            <w lemma="samþ." type="kt">samþ.</w>
            <w lemma="eins" type="aa">eins</w>
            <w lemma="og" type="c">og</w>
            <w lemma="það" type="fphen">það</w>
            <w lemma="liggja" type="sfg3en">liggur</w>
            <w lemma="nú" type="aa">nú</w>
            <w lemma="fyrir" type="aa">fyrir</w>
            <w lemma="," type="pk">,</w>
            <w lemma="sem" type="ct">sem</w>
            <w lemma="annarsvegar" type="aa">annarsvegar</w>
            <w lemma="vera" type="sfg3en">er</w>
            <w lemma="aðeins" type="aa">aðeins</w>
            <w lemma="um" type="af">um</w>
            <w lemma="heimild" type="nven">heimild</w>
            <w lemma="að" type="cn">að</w>
            <w lemma="ræða" type="sng">ræða</w>
            <w lemma="," type="pk">,</w>
            <w lemma="sem" type="ct">sem</w>
            <w lemma="hinsvegar" type="aa">hinsvegar</w>
            <w lemma="vera" type="sfg3en">er</w>
            <w lemma="takmarkaður" type="lvensf">takmörkuð</w>
            <w lemma="af" type="af">af</w>
            <w lemma="atkvgr." type="kt">atkvgr.</w>
            <w lemma="sá" type="fakfe">þeirra</w>
            <w lemma="," type="pk">,</w>
            <w lemma="sem" type="ct">sem</w>
            <w lemma="eiga" type="sfg3fn">eiga</w>
            <w lemma="í" type="aa">í</w>
            <w lemma="hlutur" type="nkeo">hlut</w>
            <w lemma="." type="pl">.</w>
          </s>
          <s n="27">
            <w lemma="það" type="fphen">Það</w>
            <w lemma="mega" type="sfg3en">má</w>
            <w lemma="vel" type="aa">vel</w>
            <w lemma="vera" type="sng">vera</w>
            <w lemma="," type="pk">,</w>
            <w lemma="að" type="c">að</w>
            <w lemma="þrátt" type="aa">þrátt</w>
            <w lemma="fyrir" type="af">fyrir</w>
            <w lemma="það" type="fpheo">það</w>
            <w lemma="," type="pk">,</w>
            <w lemma="þó" type="aa">þó</w>
            <w lemma="að" type="c">að</w>
            <w lemma="annar" type="fokfn">aðrir</w>
            <w lemma="skóli" type="nkfn">skólar</w>
            <w lemma="vera" type="svg3fn">séu</w>
            <w lemma="frjáls" type="lkfnvm">frjálsari</w>
            <w lemma="," type="pk">,</w>
            <w lemma="þá" type="aa">þá</w>
            <w lemma="vera" type="svg3fn">séu</w>
            <w lemma="margur" type="lkfnsf">margir</w>
            <w lemma="svo" type="aa">svo</w>
            <w lemma="setja" type="sþgkfn">settir</w>
            <w lemma="eða" type="c">eða</w>
            <w lemma="þannig" type="aa">þannig</w>
            <w lemma="gerð" type="nvfn">gerðir</w>
            <w lemma="," type="pk">,</w>
            <w lemma="að" type="c">að</w>
            <w lemma="hann" type="fpkfn">þeir</w>
            <w lemma="vilja" type="svg3fn">vilji</w>
            <w lemma="gjarnan" type="aam">heldur</w>
            <w lemma="fara" type="sng">fara</w>
            <w lemma="þessi" type="faveo">þessa</w>
            <w lemma="leið" type="nveo">leið</w>
            <w lemma="en" type="c">en</w>
            <w lemma="hinn" type="gvfo">hinar</w>
            <w lemma="venjulegur" type="lvfovf">venjulegu</w>
            <w lemma="leið" type="nvfo">leiðir</w>
            <w lemma="." type="pl">.</w>
          </s>
          <s n="28">
            <w lemma="ég" type="fp1en">Ég</w>
            <w lemma="hyggja" type="sfg1en">hygg</w>
            <w lemma="það" type="fpheþ">því</w>
            <w lemma="," type="pk">,</w>
            <w lemma="að" type="c">að</w>
            <w lemma="hann" type="fpkfn">þeir</w>
            <w lemma="munu" type="svg3fn">muni</w>
            <w lemma="verða" type="sng">verða</w>
            <w lemma="margur" type="lkfnsf">margir</w>
            <w lemma="," type="pk">,</w>
            <w lemma="sem" type="ct">sem</w>
            <w lemma="vilja" type="svg3fn">vilji</w>
            <w lemma="fara" type="sng">fara</w>
            <w lemma="þessi" type="faveo">þessa</w>
            <w lemma="leið" type="nveo">leið</w>
            <w lemma="." type="pl">.</w>
          </s>
          <s n="29">
            <w lemma="ég" type="fp1en">Ég</w>
            <w lemma="hafa" type="sfg1en">hefi</w>
            <w lemma="verða" type="sþghen">orðið</w>
            <w lemma="það" type="fphee">þess</w>
            <w lemma="var" type="lvensf">vör</w>
            <w lemma="," type="pk">,</w>
            <w lemma="að" type="c">að</w>
            <w lemma="með" type="af">með</w>
            <w lemma="vaxandi" type="lveþof">vaxandi</w>
            <w lemma="ungmennafélagastarfsemi" type="nveþ">ungmennafélagastarfsemi</w>
            <w lemma="hafa" type="sfg3en">hefir</w>
            <w lemma="viðhorf" type="nheng">viðhorfið</w>
            <w lemma="í" type="af">í</w>
            <w lemma="þessi" type="faheþ">þessu</w>
            <w lemma="efni" type="nheþ">efni</w>
            <w lemma="dálitið" type="x">dálitið</w>
            <w lemma="breytza" type="sþghen">breytzt</w>
            <w lemma="." type="pl">.</w>
          </s>
          <s n="30">
            <w lemma="ég" type="fp1en">Ég</w>
            <w lemma="hyggja" type="sfg1en">hygg</w>
            <w lemma="," type="pk">,</w>
            <w lemma="að" type="c">að</w>
            <w lemma="ungmennafélag" type="nhfng">ungmennafélögin</w>
            <w lemma="vera" type="svg3fn">séu</w>
            <w lemma="líklegur" type="lhfnsf">líkleg</w>
            <w lemma="til" type="af">til</w>
            <w lemma="það" type="fphee">þess</w>
            <w lemma="að" type="cn">að</w>
            <w lemma="taka" type="sng">taka</w>
            <w lemma="upp" type="aa">upp</w>
            <w lemma="svona" type="lheoof">svona</w>
            <w lemma="mál" type="nheo">mál</w>
            <w lemma="." type="pl">.</w>
          </s>
          <s n="31">
            <w lemma="ég" type="fp1en">Ég</w>
            <w lemma="ætla" type="sfg1en">ætla</w>
            <w lemma="svo" type="aa">svo</w>
            <w lemma="ekki" type="aa">ekki</w>
            <w lemma="að" type="cn">að</w>
            <w lemma="ræða" type="sng">ræða</w>
            <w lemma="það" type="fpheo">það</w>
            <w lemma="mikill" type="lheovm">meira</w>
            <w lemma="að" type="af">að</w>
            <w lemma="sinn" type="nheþ">sinni</w>
            <w lemma="," type="pk">,</w>
            <w lemma="en" type="c">en</w>
            <w lemma="sjá" type="sng">sjá</w>
            <w lemma="til" type="aa">til</w>
            <w lemma="," type="pk">,</w>
            <w lemma="hver" type="fshen">hvað</w>
            <w lemma="hv." type="ks">hv.</w>
            <w lemma="þm" type="ks">þm</w>
            <w lemma="." type="pl">.</w>
          </s>
          <s n="32">
            <w lemma="S." type="ks">S.</w>
            <w lemma="-" type="pa">-</w>
            <w lemma="Þ." type="ks">Þ.</w>
            <w lemma="hafa" type="sfg3en">hefir</w>
            <w lemma="að" type="cn">að</w>
            <w lemma="segja" type="sng">segja</w>
            <w lemma="." type="pl">.</w>
          </s>
        </p>
      </div1>
    </body>
  </text>
</TEI>
