<?xml version="1.0" encoding="UTF-8"?>
<TEI xmlns="http://www.tei-c.org/ns/1.0" xml:id="R-33-4902073" xml:lang="is">
  <teiHeader>
    <fileDesc>
      <titleStmt>
        <title>
          <title type="main">Iðnaðarnám (40. mál)</title>
        </title>
        <respStmt>
          <resp xml:lang="is">Söfnun og úrvinnsla texta</resp>
          <resp xml:lang="en">Collection and processing of text</resp>
          <name xml:lang="is">Stofnun Árna Magnússonar í íslenskum fræðum</name>
          <name xml:lang="en">The Arni Magnusson Institute for Icelandic Studies</name>
        </respStmt>
      </titleStmt>
      <editionStmt>
        <p xml:lang="is">Málheild: Ræður frá Alþingi Íslendinga (2020.06)</p>
        <p xml:lang="en">Corpus: Speeches from The Parliament of Iceland (2020.06)</p>
      </editionStmt>
      <publicationStmt>
        <distributor xml:lang="is">Stofnun Árna Magnússonar í íslenskum fræðum</distributor>
        <distributor xml:lang="en">The Arni Magnusson Institute for Icelandic Studies</distributor>
        <address>
          <addrLine xml:lang="is">Árnagarður við Suðurgötu, 107 Reykjavík, Íslandi</addrLine>
          <addrLine xml:lang="en">Árnagarður Suðurgata, 107 Reykjavik, Iceland</addrLine>
          <addrLine>
            <email>arnastofnun@arnastofnun.is</email>
          </addrLine>
        </address>
        <idno type="risam">R-33-4902073</idno>
        <availability>
          <p xml:lang="is">Þessi texti er til notkunar í málrannsóknum og máltækniverkefnum um allan heim með CC-BY leyfi</p>
          <p xml:lang="en">This text is available for use in language research and language technology projects world wide with CC-BY licence.</p>
        </availability>
        <date>2020-05-27</date>
      </publicationStmt>
      <sourceDesc>
        <biblStruct>
          <analytic>
            <title>
              <title type="main">Iðnaðarnám (40. mál)</title>
            </title>
            <author>
             <persName>Guðrún Lárusdóttir</persName>
             <note type="gender">F</note>
             <note type="age">55</note>
             <note type="url">http://althingi.is/altext/cv/is/?nfaerslunr=203</note>
             <note type="political_party">Sjálfstæðisflokkur</note>
             <note type="constituency">landskjörinn alþingismaður (LA)</note>
             <note type="role">Alþingismaður</note>
            </author>
            <date when="1935-12-18">18.12. 1935</date>
          </analytic>
          <monogr>
            <title>althingi.is</title>
            <imprint>
              <publisher>Alþingi</publisher>
            </imprint>
            <biblScope>
             <ref>http://althingi.is/altext/raeda/?lthing=49&amp;rnr=2706</ref>
            </biblScope>
          </monogr>
        </biblStruct>
      </sourceDesc>
    </fileDesc>
    <encodingDesc>
      <projectDesc>
        <p xml:lang="is">Sjá lýsingu á verkefninu í rmh2Hdr.xml.</p>
        <p xml:lang="en">See description of project in rmh2Hdr.xml.</p>
      </projectDesc>
      <tagsDecl>
        <namespace name="http://www.tei-c.org/ns/1.0">
          <tagUsage gi="text" occurs="1"/>
          <tagUsage gi="body" occurs="1"/>
          <tagUsage gi="div1" occurs="1"/>
          <tagUsage gi="p" occurs="1"/>
          <tagUsage gi="s" occurs="27"/>
          <tagUsage gi="w" occurs="430"/>
          <tagUsage gi="c" occurs="0"/>
        </namespace>
      </tagsDecl>
    </encodingDesc>
  </teiHeader>
  <text>
    <body>
      <div1>
        <p n="1">
          <s n="1">
            <w lemma="Frsm" type="n----s">Frsm</w>
            <w lemma="." type="pl">.</w>
          </s>
          <s n="2">
            <w lemma="mikill" type="lhfnvm">meiri</w>
            <w lemma="hl." type="ks">hl.</w>
            <w lemma="(" type="pa">(</w>
            <w lemma="Guðrún" type="nven-s">Guðrún</w>
            <w lemma="Lárusdóttir" type="nven-s">Lárusdóttir</w>
            <w lemma=")" type="pa">)</w>
            <w lemma=":" type="pa">:</w>
          </s>
          <s n="3">
            <w lemma="það" type="fphen">Það</w>
            <w lemma="vera" type="sfg3fn">eru</w>
            <w lemma="aðeins" type="aa">aðeins</w>
            <w lemma="örfár" type="lhfnsf">örfá</w>
            <w lemma="orð" type="nhfn">orð</w>
            <w lemma="til" type="af">til</w>
            <w lemma="hv." type="ks">hv.</w>
            <w lemma="þm" type="ks">þm</w>
            <w lemma="." type="pl">.</w>
          </s>
          <s n="4">
            <w lemma="S." type="ks">S.</w>
            <w lemma="-" type="pa">-</w>
            <w lemma="Þ." type="ks">Þ.</w>
            <w lemma="," type="pk">,</w>
            <w lemma="frsm" type="au">frsm</w>
            <w lemma="." type="pl">.</w>
          </s>
          <s n="5">
            <w lemma="lítill" type="lhfnvm">minni</w>
            <w lemma="hl." type="ks">hl.</w>
            <w lemma="," type="pk">,</w>
            <w lemma="sem" type="ct">sem</w>
            <w lemma="ég" type="fp1en">ég</w>
            <w lemma="ætla" type="sfg1en">ætla</w>
            <w lemma="að" type="cn">að</w>
            <w lemma="segja" type="sng">segja</w>
            <w lemma="." type="pl">.</w>
          </s>
          <s n="6">
            <w lemma="hann" type="fpken">Hann</w>
            <w lemma="vera" type="sfg3eþ">var</w>
            <w lemma="að" type="cn">að</w>
            <w lemma="spyrja" type="sng">spyrja</w>
            <w lemma="um" type="af">um</w>
            <w lemma="það" type="fpheo">það</w>
            <w lemma="," type="pk">,</w>
            <w lemma="hver" type="fsheo">hvað</w>
            <w lemma="stúlka" type="nvfng">stúlkurnar</w>
            <w lemma="eiga" type="svg3fþ">ættu</w>
            <w lemma="að" type="cn">að</w>
            <w lemma="starfa" type="sng">starfa</w>
            <w lemma="." type="pl">.</w>
          </s>
          <s n="7">
            <w lemma="ég" type="fp1en">Ég</w>
            <w lemma="skulu" type="sfg1en">skal</w>
            <w lemma="svara" type="sng">svara</w>
            <w lemma="það" type="fpheþ">því</w>
            <w lemma="," type="pk">,</w>
            <w lemma="að" type="c">að</w>
            <w lemma="hún" type="fpvfn">þær</w>
            <w lemma="þurfa" type="sfg3fn">þurfa</w>
            <w lemma="ekki" type="aa">ekki</w>
            <w lemma="endilega" type="aa">endilega</w>
            <w lemma="að" type="cn">að</w>
            <w lemma="moka" type="sng">moka</w>
            <w lemma="mold" type="nveþ">mold</w>
            <w lemma="." type="pl">.</w>
          </s>
          <s n="8">
            <w lemma="það" type="fphen">Það</w>
            <w lemma="vera" type="sfg3en">er</w>
            <w lemma="kvarta" type="sþghen">kvartað</w>
            <w lemma="yfir" type="af">yfir</w>
            <w lemma="kvenfólksleysir" type="nkeþ">kvenfólksleysi</w>
            <w lemma="í" type="af">í</w>
            <w lemma="allur" type="fovfþ">öllum</w>
            <w lemma="sveit" type="nvfþ">sveitum</w>
            <w lemma="." type="pl">.</w>
          </s>
          <s n="9">
            <w lemma="það" type="fphen">Það</w>
            <w lemma="vera" type="sfg3en">er</w>
            <w lemma="ekki" type="aa">ekki</w>
            <w lemma="endilega" type="aa">endilega</w>
            <w lemma="bundinn" type="lhensf">bundið</w>
            <w lemma="við" type="af">við</w>
            <w lemma="það" type="fpheo">það</w>
            <w lemma="," type="pk">,</w>
            <w lemma="að" type="c">að</w>
            <w lemma="hún" type="fpvfn">þær</w>
            <w lemma="vinna" type="svg3fn">vinni</w>
            <w lemma="í" type="af">í</w>
            <w lemma="opinber" type="lveþsf">opinberri</w>
            <w lemma="vinna" type="nveþ">vinnu</w>
            <w lemma="," type="pk">,</w>
            <w lemma="heldur" type="c">heldur</w>
            <w lemma="geta" type="svg3fþ">gætu</w>
            <w lemma="hún" type="fpvfn">þær</w>
            <w lemma="vinna" type="sþghen">unnið</w>
            <w lemma="bara" type="aa">bara</w>
            <w lemma="venjulegur" type="lhfosf">venjuleg</w>
            <w lemma="heimaverk" type="nhfo">heimaverk</w>
            <w lemma="." type="pl">.</w>
          </s>
          <s n="10">
            <w lemma="(" type="pa">(</w>
            <w lemma="JJ" type="n----s">JJ</w>
            <w lemma=":" type="pa">:</w>
            <w lemma="eiga" type="sfg3en">Á</w>
            <w lemma="að" type="cn">að</w>
            <w lemma="leigja" type="sng">leigja</w>
            <w lemma="hún" type="fpvfo">þær</w>
            <w lemma="út" type="aa">út</w>
            <w lemma="?" type="pl">?</w>
            <w lemma=")" type="pa">)</w>
          </s>
          <s n="11">
            <w lemma="." type="pl">.</w>
          </s>
          <s n="12">
            <w lemma="það" type="fphen">Það</w>
            <w lemma="vera" type="sfg3en">er</w>
            <w lemma="algengur" type="lhensf">algengt</w>
            <w lemma="," type="pk">,</w>
            <w lemma="að" type="c">að</w>
            <w lemma="stúlka" type="nvfn">stúlkur</w>
            <w lemma="vinna" type="svg3fn">vinni</w>
            <w lemma="hjá" type="af">hjá</w>
            <w lemma="annar" type="fokfþ">öðrum</w>
            <w lemma="," type="pk">,</w>
            <w lemma="þó" type="aa">þó</w>
            <w lemma="það" type="fphen">það</w>
            <w lemma="vera" type="svg3en">sé</w>
            <w lemma="ekki" type="aa">ekki</w>
            <w lemma="algengur" type="lhensf">algengt</w>
            <w lemma="að" type="cn">að</w>
            <w lemma="kalla" type="sng">kalla</w>
            <w lemma="," type="pk">,</w>
            <w lemma="að" type="c">að</w>
            <w lemma="hún" type="fpvfn">þær</w>
            <w lemma="vera" type="svg3fn">séu</w>
            <w lemma="leigður" type="lvfnsf">leigðar</w>
            <w lemma="." type="pl">.</w>
          </s>
          <s n="13">
            <w lemma="ég" type="fp1en">Ég</w>
            <w lemma="sjá" type="sfg1en">sé</w>
            <w lemma="enginn" type="fohen">ekkert</w>
            <w lemma="á" type="aa">á</w>
            <w lemma="móti" type="af">móti</w>
            <w lemma="það" type="fpheþ">því</w>
            <w lemma="," type="pk">,</w>
            <w lemma="þó" type="aa">þó</w>
            <w lemma="hún" type="fpvfn">þær</w>
            <w lemma="vinna" type="svg3fn">vinni</w>
            <w lemma="þarfur" type="lhfosf">þörf</w>
            <w lemma="starf" type="nhfo">störf</w>
            <w lemma="á" type="af">á</w>
            <w lemma="heimili" type="nhfþ">heimilum</w>
            <w lemma="og" type="c">og</w>
            <w lemma="taka" type="svg3fn">taki</w>
            <w lemma="fyrir" type="af">fyrir</w>
            <w lemma="það" type="fpheo">það</w>
            <w lemma="út" type="aa">út</w>
            <w lemma="sinn" type="feveo">sína</w>
            <w lemma="skólavera" type="nveo">skólaveru</w>
            <w lemma="." type="pl">.</w>
          </s>
          <s n="14">
            <w lemma="svo" type="aa">Svo</w>
            <w lemma="vera" type="sfg3eþ">var</w>
            <w lemma="hv." type="ks">hv.</w>
            <w lemma="þm." type="ks">þm.</w>
            <w lemma="að" type="cn">að</w>
            <w lemma="tala" type="sng">tala</w>
            <w lemma="um" type="af">um</w>
            <w lemma="ógurlegur" type="lkeosf">ógurlegan</w>
            <w lemma="kostnaður" type="nkeo">kostnað</w>
            <w lemma="fyrir" type="af">fyrir</w>
            <w lemma="ríkissjóður" type="nkeo">ríkissjóð</w>
            <w lemma="." type="pl">.</w>
          </s>
          <s n="15">
            <w lemma="ég" type="fp1en">Ég</w>
            <w lemma="skulu" type="sfg1en">skal</w>
            <w lemma="benda" type="sng">benda</w>
            <w lemma="hann" type="fpkeþ">honum</w>
            <w lemma="á" type="af">á</w>
            <w lemma="sá" type="faheo">það</w>
            <w lemma="," type="pk">,</w>
            <w lemma="sem" type="ct">sem</w>
            <w lemma="standa" type="sfg3en">stendur</w>
            <w lemma="í" type="af">í</w>
            <w lemma="þriðji" type="lveþvf">þriðju</w>
            <w lemma="lína" type="nveþ">línu</w>
            <w lemma="í" type="af">í</w>
            <w lemma="3." type="ta">3.</w>
            <w lemma="gr." type="ks">gr.</w>
            <w lemma="," type="pk">,</w>
            <w lemma="að" type="c">að</w>
            <w lemma="fé" type="nhen">fé</w>
            <w lemma="skulu" type="svg3en">skuli</w>
            <w lemma="veita" type="sþghen">veitt</w>
            <w lemma="úr" type="af">úr</w>
            <w lemma="ríkissjóður" type="nkeþ">ríkissjóði</w>
            <w lemma="til" type="af">til</w>
            <w lemma="bygging" type="nvfe">bygginga</w>
            <w lemma="þessi" type="fakfe">þessara</w>
            <w lemma="aðeins" type="aa">aðeins</w>
            <w lemma="í" type="af">í</w>
            <w lemma="fjárl" type="nveþ">fjárl</w>
            <w lemma="." type="pl">.</w>
          </s>
          <s n="16">
            <w lemma="nú" type="aa">Nú</w>
            <w lemma="sem" type="c">sem</w>
            <w lemma="standa" type="sfg3en">stendur</w>
            <w lemma="vera" type="sfg3en">er</w>
            <w lemma="þessi" type="faken">þessi</w>
            <w lemma="hv." type="ks">hv.</w>
            <w lemma="þm." type="ks">þm.</w>
            <w lemma="sjálfur" type="fbken">sjálfur</w>
            <w lemma="form." type="ks">form.</w>
            <w lemma="fjvn" type="nhen">fjvn</w>
            <w lemma="." type="pl">.</w>
          </s>
          <s n="17">
            <w lemma="," type="pk">,</w>
            <w lemma="og" type="c">og</w>
            <w lemma="ég" type="fp1en">ég</w>
            <w lemma="búa" type="sfm1en">býst</w>
            <w lemma="við" type="af">við</w>
            <w lemma="," type="pk">,</w>
            <w lemma="að" type="c">að</w>
            <w lemma="hann" type="fpken">hann</w>
            <w lemma="hugsa" type="svg3en">hugsi</w>
            <w lemma="sig" type="fpkeþ">sér</w>
            <w lemma="að" type="cn">að</w>
            <w lemma="verða" type="sng">verða</w>
            <w lemma="það" type="fphen">það</w>
            <w lemma="framvegis" type="aa">framvegis</w>
            <w lemma="." type="pl">.</w>
          </s>
          <s n="18">
            <w lemma="ég" type="fp1en">Ég</w>
            <w lemma="búa" type="sfm1en">býst</w>
            <w lemma="því" type="aa">því</w>
            <w lemma="við" type="aa">við</w>
            <w lemma="," type="pk">,</w>
            <w lemma="að" type="c">að</w>
            <w lemma="hann" type="fpken">hann</w>
            <w lemma="reyna" type="svg3en">reyni</w>
            <w lemma="að" type="cn">að</w>
            <w lemma="passa" type="sng">passa</w>
            <w lemma="dyr" type="nvfog">dyrnar</w>
            <w lemma="á" type="af">á</w>
            <w lemma="ríkissjóður" type="nkeþg">ríkissjóðnum</w>
            <w lemma="." type="pl">.</w>
          </s>
          <s n="19">
            <w lemma="en" type="c">En</w>
            <w lemma="hvort" type="c">hvort</w>
            <w lemma="sem" type="c">sem</w>
            <w lemma="hann" type="fpken">hann</w>
            <w lemma="eða" type="c">eða</w>
            <w lemma="annar" type="fokfn">aðrir</w>
            <w lemma="verða" type="sfg3fn">verða</w>
            <w lemma="í" type="af">í</w>
            <w lemma="þessi" type="faheþ">þessu</w>
            <w lemma="sæti" type="nheþ">sæti</w>
            <w lemma="í" type="af">í</w>
            <w lemma="framtíð" type="nveþg">framtíðinni</w>
            <w lemma="," type="pk">,</w>
            <w lemma="þá" type="aa">þá</w>
            <w lemma="þurfa" type="sfg3en">þarf</w>
            <w lemma="þó" type="aa">þó</w>
            <w lemma="alltaf" type="aa">alltaf</w>
            <w lemma="samþykki" type="nheþ">samþykki</w>
            <w lemma="Alþingi" type="nhee-s">Alþingis</w>
            <w lemma="," type="pk">,</w>
            <w lemma="svo" type="aa">svo</w>
            <w lemma="ég" type="fp1en">ég</w>
            <w lemma="fá" type="sfg1en">fæ</w>
            <w lemma="ekki" type="aa">ekki</w>
            <w lemma="sjá" type="sþghen">séð</w>
            <w lemma="," type="pk">,</w>
            <w lemma="að" type="c">að</w>
            <w lemma="hér" type="aa">hér</w>
            <w lemma="vera" type="svg3en">sé</w>
            <w lemma="sérlegur" type="lvensf">sérleg</w>
            <w lemma="hætta" type="nven">hætta</w>
            <w lemma="á" type="af">á</w>
            <w lemma="ferð" type="nvfþ">ferðum</w>
            <w lemma="." type="pl">.</w>
          </s>
          <s n="20">
            <w lemma="þá" type="aa">Þá</w>
            <w lemma="vera" type="sfg3eþ">var</w>
            <w lemma="hv." type="ks">hv.</w>
            <w lemma="þm." type="ks">þm.</w>
            <w lemma="að" type="cn">að</w>
            <w lemma="spyrja" type="sng">spyrja</w>
            <w lemma="um" type="af">um</w>
            <w lemma="," type="pk">,</w>
            <w lemma="hver" type="fsheo">hvað</w>
            <w lemma="ríkissjóður" type="nken">ríkissjóður</w>
            <w lemma="eiga" type="svg3eþ">ætti</w>
            <w lemma="að" type="cn">að</w>
            <w lemma="gera" type="sng">gera</w>
            <w lemma="," type="pk">,</w>
            <w lemma="þegar" type="c">þegar</w>
            <w lemma="búinn" type="lhensf">búið</w>
            <w lemma="vera" type="svg3eþ">væri</w>
            <w lemma="að" type="cn">að</w>
            <w lemma="byggja" type="sng">byggja</w>
            <w lemma="skóli" type="nkeo">skóla</w>
            <w lemma="og" type="c">og</w>
            <w lemma="enginn" type="foken">enginn</w>
            <w lemma="vilja" type="svg3eþ">vildi</w>
            <w lemma="í" type="af">í</w>
            <w lemma="hann" type="fpkeo">hann</w>
            <w lemma="fara" type="sng">fara</w>
            <w lemma="." type="pl">.</w>
          </s>
          <s n="21">
            <w lemma="(" type="pa">(</w>
            <w lemma="JJ" type="n----s">JJ</w>
            <w lemma=":" type="pa">:</w>
            <w lemma="já" type="au">Já</w>
            <w lemma="," type="pk">,</w>
            <w lemma="ef" type="c">ef</w>
            <w lemma=")" type="pa">)</w>
            <w lemma="." type="pl">.</w>
          </s>
          <s n="22">
            <w lemma="já" type="au">Já</w>
            <w lemma="," type="pk">,</w>
            <w lemma="ef" type="c">ef</w>
            <w lemma="," type="pk">,</w>
            <w lemma="-" type="pa">-</w>
            <w lemma="þá" type="aa">þá</w>
            <w lemma="eiga" type="sfg3en">á</w>
            <w lemma="hérað" type="nheng">héraðið</w>
            <w lemma="að" type="cn">að</w>
            <w lemma="endurgreiða" type="sng">endurgreiða</w>
            <w lemma="ríkissjóðir" type="nkeo">ríkissjóði</w>
            <w lemma="á" type="af">á</w>
            <w lemma="viss" type="lheþsf">vissu</w>
            <w lemma="árabil" type="nheþ">árabili</w>
            <w lemma="sá" type="faheo">það</w>
            <w lemma="," type="pk">,</w>
            <w lemma="sem" type="ct">sem</w>
            <w lemma="ríkissjóður" type="nken">ríkissjóður</w>
            <w lemma="hafa" type="sfg3en">hefir</w>
            <w lemma="leggja" type="sþghen">lagt</w>
            <w lemma="fram" type="aa">fram</w>
            <w lemma="." type="pl">.</w>
          </s>
          <s n="23">
            <w lemma="ég" type="fp1en">Ég</w>
            <w lemma="sjá" type="sfg1en">sé</w>
            <w lemma="því" type="aa">því</w>
            <w lemma="ekki" type="aa">ekki</w>
            <w lemma="," type="pk">,</w>
            <w lemma="að" type="c">að</w>
            <w lemma="hér" type="aa">hér</w>
            <w lemma="vera" type="svg3en">sé</w>
            <w lemma="um" type="af">um</w>
            <w lemma="stór" type="lveosf">stóra</w>
            <w lemma="hætta" type="nveo">hættu</w>
            <w lemma="að" type="cn">að</w>
            <w lemma="ræða" type="sng">ræða</w>
            <w lemma="." type="pl">.</w>
          </s>
          <s n="24">
            <w lemma="ég" type="fp1eþ">Mér</w>
            <w lemma="skilja" type="sfm3eþ">skildist</w>
            <w lemma="á" type="af">á</w>
            <w lemma="hv." type="ks">hv.</w>
            <w lemma="þm." type="ks">þm.</w>
            <w lemma="," type="pk">,</w>
            <w lemma="að" type="c">að</w>
            <w lemma="hann" type="fpken">hann</w>
            <w lemma="halda" type="svg3eþ">héldi</w>
            <w lemma="," type="pk">,</w>
            <w lemma="að" type="c">að</w>
            <w lemma="hér" type="aa">hér</w>
            <w lemma="eiga" type="svg3eþ">ætti</w>
            <w lemma="að" type="cn">að</w>
            <w lemma="lögbjóða" type="sng">lögbjóða</w>
            <w lemma="þessi" type="fakfo">þessa</w>
            <w lemma="skóli" type="nkfo">skóla</w>
            <w lemma="í" type="af">í</w>
            <w lemma="kaupstaður" type="nkfþ">kaupstöðum</w>
            <w lemma="og" type="c">og</w>
            <w lemma="hérað" type="nhfþ">héruðum</w>
            <w lemma="," type="pk">,</w>
            <w lemma="en" type="c">en</w>
            <w lemma="það" type="fphen">það</w>
            <w lemma="þurfa" type="sfg3en">þarf</w>
            <w lemma="mikill" type="lheþsf">miklu</w>
            <w lemma="mikill" type="lheovm">meira</w>
            <w lemma="til" type="aa">til</w>
            <w lemma="." type="pl">.</w>
          </s>
          <s n="25">
            <w lemma="mikill" type="lkensf">Mikill</w>
            <w lemma="mikill" type="lkenvm">meiri</w>
            <w lemma="hl." type="ks">hl.</w>
            <w lemma="í" type="af">í</w>
            <w lemma="hérað" type="nhfþg">héruðunum</w>
            <w lemma="þurfa" type="sfg3en">þarf</w>
            <w lemma="að" type="c">að</w>
            <w lemma="samþ." type="ks">samþ.</w>
            <w lemma="þessi" type="faheo">þetta</w>
            <w lemma="," type="pk">,</w>
            <w lemma="svo" type="aa">svo</w>
            <w lemma="hér" type="aa">hér</w>
            <w lemma="vera" type="sfg3en">er</w>
            <w lemma="enginn" type="fohen">ekkert</w>
            <w lemma="að" type="cn">að</w>
            <w lemma="óttast" type="snm">óttast</w>
            <w lemma="." type="pl">.</w>
          </s>
          <s n="26">
            <w lemma="ég" type="fp1eþ">Mér</w>
            <w lemma="finna" type="sfm3en">finnst</w>
            <w lemma="broslegur" type="lhensf">broslegt</w>
            <w lemma="að" type="cn">að</w>
            <w lemma="vera" type="sng">vera</w>
            <w lemma="að" type="cn">að</w>
            <w lemma="binda" type="sng">binda</w>
            <w lemma="þessi" type="fahfo">þessi</w>
            <w lemma="lög" type="nhfo">lög</w>
            <w lemma="við" type="af">við</w>
            <w lemma="einn" type="tfheo">eitt</w>
            <w lemma="sýslufélag" type="nheo">sýslufélag</w>
            <w lemma="." type="pl">.</w>
          </s>
          <s n="27">
            <w lemma="það" type="fpheþ">Því</w>
            <w lemma="ekki" type="aa">ekki</w>
            <w lemma="," type="pk">,</w>
            <w lemma="ef" type="c">ef</w>
            <w lemma="þessi" type="fahen">þetta</w>
            <w lemma="vera" type="sfg3en">er</w>
            <w lemma="þarfur" type="lhensf">þarft</w>
            <w lemma="og" type="c">og</w>
            <w lemma="góður" type="lhensf">gott</w>
            <w lemma="mál" type="nhen">mál</w>
            <w lemma="," type="pk">,</w>
            <w lemma="að" type="cn">að</w>
            <w lemma="leyfa" type="sng">leyfa</w>
            <w lemma="margur" type="lhfþvm">fleiri</w>
            <w lemma="hérað" type="nhfþ">héruðum</w>
            <w lemma="að" type="cn">að</w>
            <w lemma="reyna" type="sng">reyna</w>
            <w lemma="það" type="fpheo">það</w>
            <w lemma="," type="pk">,</w>
            <w lemma="og" type="c">og</w>
            <w lemma="þó" type="aa">þó</w>
            <w lemma="ekki" type="aa">ekki</w>
            <w lemma="hafa" type="svg3fn">hafi</w>
            <w lemma="koma" type="sþghen">komið</w>
            <w lemma="ósk" type="nvfn">óskir</w>
            <w lemma="um" type="af">um</w>
            <w lemma="þessi" type="faheo">þetta</w>
            <w lemma="nema" type="c">nema</w>
            <w lemma="úr" type="af">úr</w>
            <w lemma="einn" type="tfveþ">einni</w>
            <w lemma="sýsla" type="nveþ">sýslu</w>
            <w lemma="," type="pk">,</w>
            <w lemma="þá" type="aa">þá</w>
            <w lemma="sanna" type="sfg3en">sannar</w>
            <w lemma="það" type="fphen">það</w>
            <w lemma="enginn" type="foheo">ekkert</w>
            <w lemma="." type="pl">.</w>
          </s>
        </p>
      </div1>
    </body>
  </text>
</TEI>
