<?xml version="1.0" encoding="UTF-8"?>
<TEI xmlns="http://www.tei-c.org/ns/1.0" xml:id="R-33-4849918" xml:lang="is">
  <teiHeader>
    <fileDesc>
      <titleStmt>
        <title>
          <title type="main">Framfærslulög (133. mál)</title>
        </title>
        <respStmt>
          <resp xml:lang="is">Söfnun og úrvinnsla texta</resp>
          <resp xml:lang="en">Collection and processing of text</resp>
          <name xml:lang="is">Stofnun Árna Magnússonar í íslenskum fræðum</name>
          <name xml:lang="en">The Arni Magnusson Institute for Icelandic Studies</name>
        </respStmt>
      </titleStmt>
      <editionStmt>
        <p xml:lang="is">Málheild: Ræður frá Alþingi Íslendinga (2020.06)</p>
        <p xml:lang="en">Corpus: Speeches from The Parliament of Iceland (2020.06)</p>
      </editionStmt>
      <publicationStmt>
        <distributor xml:lang="is">Stofnun Árna Magnússonar í íslenskum fræðum</distributor>
        <distributor xml:lang="en">The Arni Magnusson Institute for Icelandic Studies</distributor>
        <address>
          <addrLine xml:lang="is">Árnagarður við Suðurgötu, 107 Reykjavík, Íslandi</addrLine>
          <addrLine xml:lang="en">Árnagarður Suðurgata, 107 Reykjavik, Iceland</addrLine>
          <addrLine>
            <email>arnastofnun@arnastofnun.is</email>
          </addrLine>
        </address>
        <idno type="risam">R-33-4849918</idno>
        <availability>
          <p xml:lang="is">Þessi texti er til notkunar í málrannsóknum og máltækniverkefnum um allan heim með CC-BY leyfi</p>
          <p xml:lang="en">This text is available for use in language research and language technology projects world wide with CC-BY licence.</p>
        </availability>
        <date>2020-05-27</date>
      </publicationStmt>
      <sourceDesc>
        <biblStruct>
          <analytic>
            <title>
              <title type="main">Framfærslulög (133. mál)</title>
            </title>
            <author>
             <persName>Guðrún Lárusdóttir</persName>
             <note type="gender">F</note>
             <note type="age">55</note>
             <note type="url">http://althingi.is/altext/cv/is/?nfaerslunr=203</note>
             <note type="political_party">Sjálfstæðisflokkur</note>
             <note type="constituency">landskjörinn alþingismaður (LA)</note>
             <note type="role">Alþingismaður</note>
            </author>
            <date when="1935-12-20">20.12. 1935</date>
          </analytic>
          <monogr>
            <title>althingi.is</title>
            <imprint>
              <publisher>Alþingi</publisher>
            </imprint>
            <biblScope>
             <ref>http://althingi.is/altext/raeda/?lthing=49&amp;rnr=3019</ref>
            </biblScope>
          </monogr>
        </biblStruct>
      </sourceDesc>
    </fileDesc>
    <encodingDesc>
      <projectDesc>
        <p xml:lang="is">Sjá lýsingu á verkefninu í rmh2Hdr.xml.</p>
        <p xml:lang="en">See description of project in rmh2Hdr.xml.</p>
      </projectDesc>
      <tagsDecl>
        <namespace name="http://www.tei-c.org/ns/1.0">
          <tagUsage gi="text" occurs="1"/>
          <tagUsage gi="body" occurs="1"/>
          <tagUsage gi="div1" occurs="1"/>
          <tagUsage gi="p" occurs="4"/>
          <tagUsage gi="s" occurs="60"/>
          <tagUsage gi="w" occurs="1481"/>
          <tagUsage gi="c" occurs="0"/>
        </namespace>
      </tagsDecl>
    </encodingDesc>
  </teiHeader>
  <text>
    <body>
      <div1>
        <p n="1">
          <s n="1">
            <w lemma="Guðrún" type="nven-s">Guðrún</w>
            <w lemma="Lárusdóttir" type="nven-s">Lárusdóttir</w>
            <w lemma=":" type="pa">:</w>
          </s>
        </p>
        <p n="2">
          <s n="1">
            <w lemma="það" type="fphen">Það</w>
            <w lemma="vera" type="sfg3fn">eru</w>
            <w lemma="aðeins" type="aa">aðeins</w>
            <w lemma="örfár" type="lhfnsf">örfá</w>
            <w lemma="atriði" type="nhfn">atriði</w>
            <w lemma="viðvíkja" type="slg">viðvíkjandi</w>
            <w lemma="þessi" type="fahfþ">þessum</w>
            <w lemma="lög" type="nhfþ">lögum</w>
            <w lemma="sem" type="ct">sem</w>
            <w lemma="ég" type="fp1eo">mig</w>
            <w lemma="langa" type="sfg3en">langar</w>
            <w lemma="til" type="af">til</w>
            <w lemma="að" type="cn">að</w>
            <w lemma="minna" type="snm">minnast</w>
            <w lemma="á" type="aa">á</w>
            <w lemma="." type="pl">.</w>
          </s>
          <s n="2">
            <w lemma="-" type="pa">-</w>
            <w lemma="ég" type="fp1en">Ég</w>
            <w lemma="verða" type="sfg1en">verð</w>
            <w lemma="að" type="cn">að</w>
            <w lemma="harma" type="sng">harma</w>
            <w lemma="það" type="fpheo">það</w>
            <w lemma="," type="pk">,</w>
            <w lemma="eins" type="aa">eins</w>
            <w lemma="og" type="c">og</w>
            <w lemma="annar" type="fokfn">aðrir</w>
            <w lemma="hv." type="ks">hv.</w>
            <w lemma="þdm" type="x">þdm</w>
            <w lemma="." type="pl">.</w>
          </s>
          <s n="3">
            <w lemma="," type="pk">,</w>
            <w lemma="hve" type="aa">hve</w>
            <w lemma="lítill" type="lkensf">lítill</w>
            <w lemma="tími" type="nken">tími</w>
            <w lemma="vera" type="sfg3en">er</w>
            <w lemma="gefa" type="sþgken">gefinn</w>
            <w lemma="til" type="af">til</w>
            <w lemma="það" type="fphee">þess</w>
            <w lemma="að" type="cn">að</w>
            <w lemma="athuga" type="sng">athuga</w>
            <w lemma="þessi" type="faheo">þetta</w>
            <w lemma="stórmál" type="nheo">stórmál</w>
            <w lemma="," type="pk">,</w>
            <w lemma="en" type="c">en</w>
            <w lemma="eigi" type="aa">eigi</w>
            <w lemma="að" type="aa">að</w>
            <w lemma="varla" type="aam">síður</w>
            <w lemma="vera" type="sfg3en">er</w>
            <w lemma="réttur" type="lhensf">rétt</w>
            <w lemma="að" type="cn">að</w>
            <w lemma="leita" type="sng">leita</w>
            <w lemma="upplýsing" type="nvfe">upplýsinga</w>
            <w lemma="um" type="af">um</w>
            <w lemma="sá" type="fahfo">þau</w>
            <w lemma="atriði" type="nhfo">atriði</w>
            <w lemma="," type="pk">,</w>
            <w lemma="sem" type="ct">sem</w>
            <w lemma="vafi" type="nken">vafi</w>
            <w lemma="leika" type="sfg3en">leikur</w>
            <w lemma="á" type="aa">á</w>
            <w lemma="," type="pk">,</w>
            <w lemma="benda" type="sng">benda</w>
            <w lemma="á" type="af">á</w>
            <w lemma="galli" type="nkfo">galla</w>
            <w lemma="hann" type="fpkfo">þá</w>
            <w lemma="," type="pk">,</w>
            <w lemma="sem" type="ct">sem</w>
            <w lemma="á" type="af">á</w>
            <w lemma="frv." type="ks">frv.</w>
            <w lemma="vera" type="sfg3fn">eru</w>
            <w lemma="og" type="c">og</w>
            <w lemma="bera" type="sfg3fn">bera</w>
            <w lemma="fram" type="aa">fram</w>
            <w lemma="aths" type="e">aths</w>
            <w lemma="." type="pl">.</w>
          </s>
          <s n="4">
            <w lemma="ég" type="fp1en">Ég</w>
            <w lemma="vilja" type="sfg1en">vil</w>
            <w lemma="vekja" type="sng">vekja</w>
            <w lemma="athygli" type="nveo">athygli</w>
            <w lemma="á" type="af">á</w>
            <w lemma="13." type="ta">13.</w>
            <w lemma="gr." type="ks">gr.</w>
            <w lemma="," type="pk">,</w>
            <w lemma="þar" type="aa">þar</w>
            <w lemma="sem" type="c">sem</w>
            <w lemma="tala" type="sþghen">talað</w>
            <w lemma="vera" type="sfg3en">er</w>
            <w lemma="um" type="aa">um</w>
            <w lemma="," type="pk">,</w>
            <w lemma="hvar" type="aa">hvar</w>
            <w lemma="maður" type="nkfn">menn</w>
            <w lemma="öðlast" type="svm3fn">öðlist</w>
            <w lemma="framfærsluréttur" type="nkeo">framfærslurétt</w>
            <w lemma="og" type="c">og</w>
            <w lemma="hvar" type="aa">hvar</w>
            <w lemma="ekki" type="aa">ekki</w>
            <w lemma="." type="pl">.</w>
          </s>
          <s n="5">
            <w lemma="það" type="fphen">Það</w>
            <w lemma="vera" type="sfg3en">er</w>
            <w lemma="taka" type="sþghen">tekið</w>
            <w lemma="fram" type="aa">fram</w>
            <w lemma="í" type="af">í</w>
            <w lemma="þessi" type="fakeþ">þessum</w>
            <w lemma="framfærslulur" type="nkeþ">framfærslul</w>
            <w lemma="." type="pl">.</w>
          </s>
          <s n="6">
            <w lemma="og" type="c">og</w>
            <w lemma="vera" type="sfg1en">er</w>
            <w lemma="líka" type="aa">líka</w>
            <w lemma="í" type="af">í</w>
            <w lemma="gamall" type="lheþsf">gömlu</w>
            <w lemma="fátækral" type="nheþ">fátækral</w>
            <w lemma="." type="pl">.</w>
          </s>
          <s n="7">
            <w lemma="," type="pk">,</w>
            <w lemma="að" type="c">að</w>
            <w lemma="maður" type="nkfn">menn</w>
            <w lemma="öðlast" type="svm3fn">öðlist</w>
            <w lemma="ekki" type="aa">ekki</w>
            <w lemma="framfærsluréttur" type="nkeo">framfærslurétt</w>
            <w lemma="í" type="af">í</w>
            <w lemma="anna" type="foveþ">annari</w>
            <w lemma="sveit" type="nveþ">sveit</w>
            <w lemma="með" type="af">með</w>
            <w lemma="dvöl" type="nveþ">dvöl</w>
            <w lemma="sinn" type="feveþ">sinni</w>
            <w lemma="þar" type="aa">þar</w>
            <w lemma="í" type="af">í</w>
            <w lemma="skóli" type="nkeþ">skóla</w>
            <w lemma="eða" type="c">eða</w>
            <w lemma="á" type="af">á</w>
            <w lemma="sjúkrahús" type="nheþ">sjúkrahúsi</w>
            <w lemma="." type="pl">.</w>
          </s>
          <s n="8">
            <w lemma="en" type="c">En</w>
            <w lemma="það" type="fpheþ">því</w>
            <w lemma="vera" type="sfg3en">er</w>
            <w lemma="ég" type="fp1fn">við</w>
            <w lemma="bæta" type="sþghen">bætt</w>
            <w lemma="í" type="af">í</w>
            <w lemma="þessi" type="fakfþ">þessum</w>
            <w lemma="l" type="x">l</w>
            <w lemma="." type="pl">.</w>
          </s>
          <s n="9">
            <w lemma="," type="pk">,</w>
            <w lemma="að" type="c">að</w>
            <w lemma="maður" type="nkfn">menn</w>
            <w lemma="öðlast" type="svm3fn">öðlist</w>
            <w lemma="þegar" type="c">þegar</w>
            <w lemma="framfærsluréttur" type="nkeo">framfærslurétt</w>
            <w lemma="í" type="af">í</w>
            <w lemma="sá" type="faveþ">þeirri</w>
            <w lemma="sveit" type="nveþ">sveit</w>
            <w lemma="," type="pk">,</w>
            <w lemma="er" type="c">er</w>
            <w lemma="hann" type="fpkfn">þeir</w>
            <w lemma="taka" type="sfg3fn">taka</w>
            <w lemma="sig" type="fpkfþ">sér</w>
            <w lemma="bólfesta" type="nveo">bólfestu</w>
            <w lemma="í" type="af">í</w>
            <w lemma="," type="pk">,</w>
            <w lemma="að" type="c">að</w>
            <w lemma="dvöl" type="nveþg">dvölinni</w>
            <w lemma="lokinn" type="lveþsf">lokinni</w>
            <w lemma="." type="pl">.</w>
          </s>
          <s n="10">
            <w lemma="þessi" type="fahen">Þetta</w>
            <w lemma="ákvæði" type="nhen">ákvæði</w>
            <w lemma="virða" type="sfm3en">virðist</w>
            <w lemma="ég" type="fp1eþ">mér</w>
            <w lemma="varhugaverður" type="lhensf">varhugavert</w>
            <w lemma="fyrir" type="af">fyrir</w>
            <w lemma="sá" type="fakfo">þá</w>
            <w lemma="staður" type="nkfo">staði</w>
            <w lemma="," type="pk">,</w>
            <w lemma="þar" type="aa">þar</w>
            <w lemma="sem" type="c">sem</w>
            <w lemma="sjúkrahús" type="nhfn">sjúkrahús</w>
            <w lemma="vera" type="sfg3fn">eru</w>
            <w lemma="." type="pl">.</w>
          </s>
          <s n="11">
            <w lemma="þangað" type="aa">Þangað</w>
            <w lemma="koma" type="sfg3en">kemur</w>
            <w lemma="fólk" type="nheng">fólkið</w>
            <w lemma="og" type="c">og</w>
            <w lemma="dvelja" type="sfg3en">dvelur</w>
            <w lemma="á" type="af">á</w>
            <w lemma="sjúkrahús" type="nheþ">sjúkrahúsi</w>
            <w lemma="," type="pk">,</w>
            <w lemma="á" type="aa">á</w>
            <w lemma="meðan" type="aa">meðan</w>
            <w lemma="það" type="fpheþ">því</w>
            <w lemma="vera" type="sfg3en">er</w>
            <w lemma="brýnn" type="lvensf">brýn</w>
            <w lemma="þörf" type="nven">þörf</w>
            <w lemma="á" type="af">á</w>
            <w lemma="það" type="fpheþ">því</w>
            <w lemma="," type="pk">,</w>
            <w lemma="en" type="c">en</w>
            <w lemma="hverfa" type="sfg3en">hverfur</w>
            <w lemma="aftur" type="aa">aftur</w>
            <w lemma="af" type="af">af</w>
            <w lemma="sjúkrahús" type="nhfþg">sjúkrahúsunum</w>
            <w lemma="," type="pk">,</w>
            <w lemma="eftir" type="af">eftir</w>
            <w lemma="að" type="c">að</w>
            <w lemma="læknir" type="nken">læknir</w>
            <w lemma="telja" type="sfg3en">telur</w>
            <w lemma="ekki" type="aa">ekki</w>
            <w lemma="brýnn" type="lveosf">brýna</w>
            <w lemma="þörf" type="nveo">þörf</w>
            <w lemma="fyrir" type="af">fyrir</w>
            <w lemma="það" type="fpheo">það</w>
            <w lemma="að" type="cn">að</w>
            <w lemma="dvelja" type="sng">dvelja</w>
            <w lemma="þar" type="aa">þar</w>
            <w lemma="lengi" type="aam">lengur</w>
            <w lemma="sem" type="c">sem</w>
            <w lemma="sjúklingur" type="nkfn">sjúklingar</w>
            <w lemma="." type="pl">.</w>
          </s>
          <s n="12">
            <w lemma="en" type="c">En</w>
            <w lemma="þó" type="aa">þó</w>
            <w lemma="að" type="c">að</w>
            <w lemma="sjúklingur" type="nken">sjúklingur</w>
            <w lemma="geta" type="svg3en">geti</w>
            <w lemma="komizt" type="sþmhen">komizt</w>
            <w lemma="af" type="aa">af</w>
            <w lemma="án" type="af">án</w>
            <w lemma="sjúkrahús" type="nhee">sjúkrahúss</w>
            <w lemma="vegna" type="af">vegna</w>
            <w lemma="það" type="fphee">þess</w>
            <w lemma="," type="pk">,</w>
            <w lemma="að" type="c">að</w>
            <w lemma="læknir" type="nken">læknir</w>
            <w lemma="telja" type="sfg3en">telur</w>
            <w lemma="hann" type="fpkeþ">honum</w>
            <w lemma="ekki" type="aa">ekki</w>
            <w lemma="nauðsynlegur" type="lheosf">nauðsynlegt</w>
            <w lemma="að" type="cn">að</w>
            <w lemma="dvelja" type="snm">dveljast</w>
            <w lemma="þar" type="aa">þar</w>
            <w lemma="," type="pk">,</w>
            <w lemma="verða" type="sfg3en">verður</w>
            <w lemma="hann" type="fpken">hann</w>
            <w lemma="þó" type="aa">þó</w>
            <w lemma="í" type="af">í</w>
            <w lemma="margur" type="lhfþsf">mörgum</w>
            <w lemma="tilfelli" type="nhfþ">tilfellum</w>
            <w lemma="sjúklingur" type="nken">sjúklingur</w>
            <w lemma="eftir" type="aa">eftir</w>
            <w lemma="sem" type="c">sem</w>
            <w lemma="áður" type="aa">áður</w>
            <w lemma="og" type="c">og</w>
            <w lemma="óvinnufær" type="lkensf">óvinnufær</w>
            <w lemma="." type="pl">.</w>
          </s>
          <s n="13">
            <w lemma="og" type="c">Og</w>
            <w lemma="vitanlega" type="aa">vitanlega</w>
            <w lemma="geta" type="sfg3en">getur</w>
            <w lemma="hann" type="fpken">hann</w>
            <w lemma="dvelja" type="sþghen">dvalið</w>
            <w lemma="í" type="af">í</w>
            <w lemma="sveit" type="nveþg">sveitinni</w>
            <w lemma="eða" type="c">eða</w>
            <w lemma="kaupstaður" type="nkeþg">kaupstaðnum</w>
            <w lemma="áfram" type="aa">áfram</w>
            <w lemma="," type="pk">,</w>
            <w lemma="þar" type="aa">þar</w>
            <w lemma="sem" type="c">sem</w>
            <w lemma="sjúkrahús" type="nheng">sjúkrahúsið</w>
            <w lemma="vera" type="sfg3en">er</w>
            <w lemma="," type="pk">,</w>
            <w lemma="þegar" type="c">þegar</w>
            <w lemma="hann" type="fpken">hann</w>
            <w lemma="koma" type="sfg3en">kemur</w>
            <w lemma="af" type="af">af</w>
            <w lemma="sjúkrahús" type="nheþg">sjúkrahúsinu</w>
            <w lemma="." type="pl">.</w>
          </s>
          <s n="14">
            <w lemma="verða" type="sfg3en">Verður</w>
            <w lemma="hann" type="fpken">hann</w>
            <w lemma="því" type="aa">því</w>
            <w lemma="sá" type="faveþ">þeirri</w>
            <w lemma="sveit" type="nveþ">sveit</w>
            <w lemma="eða" type="c">eða</w>
            <w lemma="sá" type="fakeþ">þeim</w>
            <w lemma="kaupstaður" type="nkeþ">kaupstað</w>
            <w lemma="í" type="af">í</w>
            <w lemma="margur" type="lhfþsf">mörgum</w>
            <w lemma="tilfelli" type="nhfþ">tilfellum</w>
            <w lemma="til" type="af">til</w>
            <w lemma="þyngsli" type="nhfe">þyngsla</w>
            <w lemma="." type="pl">.</w>
          </s>
          <s n="15">
            <w lemma="og" type="c">Og</w>
            <w lemma="hver" type="fshen">hvað</w>
            <w lemma="sem" type="ct">sem</w>
            <w lemma="sjúklingur" type="nkfþ">sjúklingum</w>
            <w lemma="líða" type="sfg3en">líður</w>
            <w lemma="," type="pk">,</w>
            <w lemma="þá" type="aa">þá</w>
            <w lemma="vera" type="sfg3en">er</w>
            <w lemma="enginn" type="foken">enginn</w>
            <w lemma="hlutur" type="nken">hlutur</w>
            <w lemma="eðlilegur" type="lkenvm">eðlilegri</w>
            <w lemma="en" type="c">en</w>
            <w lemma="það" type="fphen">það</w>
            <w lemma="," type="pk">,</w>
            <w lemma="að" type="c">að</w>
            <w lemma="þegar" type="c">þegar</w>
            <w lemma="svo" type="aa">svo</w>
            <w lemma="vera" type="sfg3en">er</w>
            <w lemma="koma" type="sþghen">komið</w>
            <w lemma="," type="pk">,</w>
            <w lemma="að" type="c">að</w>
            <w lemma="hver" type="foken">hver</w>
            <w lemma="maður" type="nken">maður</w>
            <w lemma="eiga" type="sfg3en">á</w>
            <w lemma="þegar" type="c">þegar</w>
            <w lemma="framfærsluréttur" type="nkeo">framfærslurétt</w>
            <w lemma="í" type="af">í</w>
            <w lemma="sá" type="faveþ">þeirri</w>
            <w lemma="sveit" type="nveþ">sveit</w>
            <w lemma="," type="pk">,</w>
            <w lemma="sem" type="ct">sem</w>
            <w lemma="hann" type="fpken">hann</w>
            <w lemma="dvelja" type="sfg3en">dvelur</w>
            <w lemma="í" type="aa">í</w>
            <w lemma="," type="pk">,</w>
            <w lemma="þá" type="aa">þá</w>
            <w lemma="fara" type="svg3en">fari</w>
            <w lemma="maður" type="nkfn">menn</w>
            <w lemma="að" type="cn">að</w>
            <w lemma="hafa" type="sng">hafa</w>
            <w lemma="vakandi" type="lheoof">vakandi</w>
            <w lemma="auga" type="nheo">auga</w>
            <w lemma="á" type="af">á</w>
            <w lemma="það" type="fpheþ">því</w>
            <w lemma="," type="pk">,</w>
            <w lemma="vegna" type="af">vegna</w>
            <w lemma="sinn" type="fehee">síns</w>
            <w lemma="sveitar-" type="kt">sveitar-</w>
            <w lemma="eða" type="c">eða</w>
            <w lemma="bæjarfélag" type="nhee">bæjarfélags</w>
            <w lemma="," type="pk">,</w>
            <w lemma="hver" type="fokee">hvers</w>
            <w lemma="konar" type="nkee">konar</w>
            <w lemma="fólk" type="nhen">fólk</w>
            <w lemma="það" type="fphen">það</w>
            <w lemma="vera" type="sfg3en">er</w>
            <w lemma="," type="pk">,</w>
            <w lemma="sem" type="ct">sem</w>
            <w lemma="sezt" type="sfm3en">sezt</w>
            <w lemma="að" type="aa">að</w>
            <w lemma="á" type="af">á</w>
            <w lemma="hver" type="fokeþ">hverjum</w>
            <w lemma="staður" type="nkeþ">stað</w>
            <w lemma="," type="pk">,</w>
            <w lemma="hvort" type="c">hvort</w>
            <w lemma="það" type="fphen">það</w>
            <w lemma="vera" type="sfg3en">er</w>
            <w lemma="fólk" type="nhen">fólk</w>
            <w lemma="," type="pk">,</w>
            <w lemma="sem" type="ct">sem</w>
            <w lemma="koma" type="sfg3en">kemur</w>
            <w lemma="til" type="aa">til</w>
            <w lemma="með" type="af">með</w>
            <w lemma="að" type="cn">að</w>
            <w lemma="bjarga" type="sng">bjarga</w>
            <w lemma="sig" type="fpheþ">sér</w>
            <w lemma="," type="pk">,</w>
            <w lemma="eða" type="c">eða</w>
            <w lemma="hvort" type="c">hvort</w>
            <w lemma="það" type="fphen">það</w>
            <w lemma="vera" type="sfg3en">er</w>
            <w lemma="fólk" type="nhen">fólk</w>
            <w lemma="," type="pk">,</w>
            <w lemma="sem" type="ct">sem</w>
            <w lemma="líkur" type="nvfn">líkur</w>
            <w lemma="vera" type="sfg3fn">eru</w>
            <w lemma="til" type="aa">til</w>
            <w lemma="," type="pk">,</w>
            <w lemma="að" type="c">að</w>
            <w lemma="geta" type="svg3en">geti</w>
            <w lemma="þá" type="aa">þá</w>
            <w lemma="og" type="c">og</w>
            <w lemma="þegar" type="aa">þegar</w>
            <w lemma="verða" type="sþghen">orðið</w>
            <w lemma="þurfalingur" type="nkfn">þurfalingar</w>
            <w lemma="." type="pl">.</w>
          </s>
          <s n="16">
            <w lemma="álítva" type="sfg1eþ">Álít</w>
            <w lemma="ég" type="fp1en">ég</w>
            <w lemma="nauðsynlegur" type="lheosf">nauðsynlegt</w>
            <w lemma="að" type="cn">að</w>
            <w lemma="gefa" type="sng">gefa</w>
            <w lemma="þessi" type="faheþ">þessu</w>
            <w lemma="atriði" type="nheþ">atriði</w>
            <w lemma="lög" type="nhfeg">laganna</w>
            <w lemma="nákvæmur" type="lvfosf">nákvæmar</w>
            <w lemma="gætur" type="nvfo">gætur</w>
            <w lemma="," type="pk">,</w>
            <w lemma="það" type="fpheþ">því</w>
            <w lemma="ósanngjarn" type="lhensf">ósanngjarnt</w>
            <w lemma="virða" type="sfm3en">virðist</w>
            <w lemma="," type="pk">,</w>
            <w lemma="að" type="c">að</w>
            <w lemma="sá" type="fahen">það</w>
            <w lemma="einn" type="lhensf">eitt</w>
            <w lemma="," type="pk">,</w>
            <w lemma="að" type="c">að</w>
            <w lemma="sjúkrahús" type="nhen">sjúkrahús</w>
            <w lemma="vera" type="svg3en">sé</w>
            <w lemma="á" type="af">á</w>
            <w lemma="staður" type="nkeþg">staðnum</w>
            <w lemma="verða" type="svg3en">verði</w>
            <w lemma="til" type="af">til</w>
            <w lemma="stóraukinn" type="lhfesf">stóraukinna</w>
            <w lemma="sveitarþyngsli" type="nhfe">sveitarþyngsla</w>
            <w lemma="fyrir" type="af">fyrir</w>
            <w lemma="viðkomandi" type="lkeoof">viðkomandi</w>
            <w lemma="hrepps-" type="kt">hrepps-</w>
            <w lemma="eða" type="c">eða</w>
            <w lemma="bæjarfélag" type="nheo">bæjarfélag</w>
            <w lemma="." type="pl">.</w>
          </s>
          <s n="17">
            <w lemma="þá" type="aa">Þá</w>
            <w lemma="vilja" type="sfg1en">vil</w>
            <w lemma="ég" type="fp1en">ég</w>
            <w lemma="minna" type="snm">minnast</w>
            <w lemma="á" type="af">á</w>
            <w lemma="26." type="lveovf">26.</w>
            <w lemma="gr." type="ks">gr.</w>
            <w lemma="frv." type="ks">frv.</w>
            <w lemma="og" type="c">og</w>
            <w lemma="vera" type="sfg3en">er</w>
            <w lemma="hún" type="fpven">hún</w>
            <w lemma="þannig" type="aa">þannig</w>
            <w lemma=":" type="pa">:</w>
          </s>
          <s n="18">
            <w lemma="„" type="x">„</w>
            <w lemma="nú" type="aa">Nú</w>
            <w lemma="gifta" type="sfm3en">giftist</w>
            <w lemma="ekkja" type="nven">ekkja</w>
            <w lemma="," type="pk">,</w>
            <w lemma="sem" type="ct">sem</w>
            <w lemma="meðlag" type="nhfn">meðlög</w>
            <w lemma="fá" type="sfg3en">fær</w>
            <w lemma="með" type="af">með</w>
            <w lemma="barn" type="nhfþ">börnum</w>
            <w lemma="sinn" type="fehfþ">sínum</w>
            <w lemma="samkvæmt" type="af">samkvæmt</w>
            <w lemma="fyrirmæli" type="nhfþ">fyrirmælum</w>
            <w lemma="þessi" type="fahfe">þessara</w>
            <w lemma="lög" type="nhfe">laga</w>
            <w lemma="," type="pk">,</w>
            <w lemma="og" type="c">og</w>
            <w lemma="falla" type="sfg3fn">falla</w>
            <w lemma="þá" type="aa">þá</w>
            <w lemma="meðlagsúrskurður" type="nkfng">meðlagsúrskurðirnir</w>
            <w lemma="sjálfkrafa" type="aa">sjálfkrafa</w>
            <w lemma="úr" type="af">úr</w>
            <w lemma="gildi" type="nheþ">gildi</w>
            <w lemma="“" type="x">“</w>
            <w lemma="." type="pl">.</w>
          </s>
        </p>
        <p n="3">
          <s n="1">
            <w lemma="það" type="fphen">Það</w>
            <w lemma="vera" type="sfg3en">er</w>
            <w lemma="þessi" type="fahen">þetta</w>
            <w lemma="orð" type="nhen">orð</w>
            <w lemma=":" type="pa">:</w>
            <w lemma="„" type="x">„</w>
            <w lemma="sjálfkrafa" type="aa">sjálfkrafa</w>
            <w lemma="“" type="e">“</w>
            <w lemma="sem" type="ct">sem</w>
            <w lemma="ég" type="fp1en">ég</w>
            <w lemma="vilja" type="sfg1en">vil</w>
            <w lemma="gera" type="sng">gera</w>
            <w lemma="aths." type="kt">aths.</w>
            <w lemma="við" type="af">við</w>
            <w lemma="." type="pl">.</w>
          </s>
          <s n="2">
            <w lemma="nú" type="aa">Nú</w>
            <w lemma="vera" type="sfg3en">er</w>
            <w lemma="það" type="fphen">það</w>
            <w lemma="oft" type="aa">oft</w>
            <w lemma="svo" type="aa">svo</w>
            <w lemma="," type="pk">,</w>
            <w lemma="að" type="c">að</w>
            <w lemma="kona" type="nven">kona</w>
            <w lemma="," type="pk">,</w>
            <w lemma="sem" type="ct">sem</w>
            <w lemma="missa" type="sfg3en">missir</w>
            <w lemma="maður" type="nkeo">mann</w>
            <w lemma="sinn" type="fekeo">sinn</w>
            <w lemma="og" type="c">og</w>
            <w lemma="eiga" type="sfg3en">á</w>
            <w lemma="barn" type="nhfo">börn</w>
            <w lemma="í" type="af">í</w>
            <w lemma="ómegð" type="nveþ">ómegð</w>
            <w lemma="," type="pk">,</w>
            <w lemma="vera" type="sfg3en">er</w>
            <w lemma="efnalega" type="aa">efnalega</w>
            <w lemma="illa" type="aa">illa</w>
            <w lemma="staddur" type="lvensf">stödd</w>
            <w lemma="." type="pl">.</w>
          </s>
          <s n="3">
            <w lemma="hinn" type="gven">Hin</w>
            <w lemma="nýr" type="lveevf">nýju</w>
            <w lemma="l." type="nkfþ">l.</w>
            <w lemma="léttur" type="lvenvf">létta</w>
            <w lemma="að" type="af">að</w>
            <w lemma="vís" type="lheþsf">vísu</w>
            <w lemma="undir" type="aa">undir</w>
            <w lemma="með" type="af">með</w>
            <w lemma="slíkur" type="fbvfþ">slíkum</w>
            <w lemma="ekkja" type="nvfþ">ekkjum</w>
            <w lemma="," type="pk">,</w>
            <w lemma="samkvæmt" type="af">samkvæmt</w>
            <w lemma="lagagrein" type="nveþg">lagagreininni</w>
            <w lemma="um" type="af">um</w>
            <w lemma="meðlag" type="nhfo">meðlög</w>
            <w lemma="með" type="af">með</w>
            <w lemma="barn" type="nhfþ">börnum</w>
            <w lemma="ekkja" type="nvfe">ekkna</w>
            <w lemma="." type="pl">.</w>
          </s>
          <s n="4">
            <w lemma="en" type="c">En</w>
            <w lemma="gifta" type="sfm3en">giftist</w>
            <w lemma="ekkja" type="nveng">ekkjan</w>
            <w lemma="svo" type="aa">svo</w>
            <w lemma="af" type="af">af</w>
            <w lemma="nýr" type="lheþsf">nýju</w>
            <w lemma="," type="pk">,</w>
            <w lemma="þá" type="aa">þá</w>
            <w lemma="falla" type="sfg3en">fellur</w>
            <w lemma="úrskurður" type="nkeng">úrskurðurinn</w>
            <w lemma="um" type="af">um</w>
            <w lemma="meðlag" type="nheo">meðlag</w>
            <w lemma="með" type="af">með</w>
            <w lemma="barn" type="nhfþ">börnum</w>
            <w lemma="hún" type="fpvee">hennar</w>
            <w lemma="niður" type="aa">niður</w>
            <w lemma="," type="pk">,</w>
            <w lemma="með" type="af">með</w>
            <w lemma="annar" type="fohfþ">öðrum</w>
            <w lemma="orð" type="nhfþ">orðum</w>
            <w lemma="hún" type="fpven">hún</w>
            <w lemma="tapa" type="sfg3en">tapar</w>
            <w lemma="af" type="af">af</w>
            <w lemma="meðlag" type="nheþg">meðlaginu</w>
            <w lemma="með" type="af">með</w>
            <w lemma="barn" type="nhfþ">börnum</w>
            <w lemma="sinn" type="fehfþ">sínum</w>
            <w lemma="við" type="af">við</w>
            <w lemma="það" type="fpheo">það</w>
            <w lemma="að" type="cn">að</w>
            <w lemma="gifta" type="snm">giftast</w>
            <w lemma="aftur" type="aa">aftur</w>
            <w lemma="." type="pl">.</w>
          </s>
          <s n="5">
            <w lemma="hinn" type="fakee">Hins</w>
            <w lemma="vegur" type="nkee">vegar</w>
            <w lemma="vera" type="sfg3en">er</w>
            <w lemma="enginn" type="fohen">ekkert</w>
            <w lemma="það" type="fpheþ">því</w>
            <w lemma="til" type="af">til</w>
            <w lemma="fyrirstaða" type="nvee">fyrirstöðu</w>
            <w lemma="," type="pk">,</w>
            <w lemma="að" type="c">að</w>
            <w lemma="maður" type="nken">maður</w>
            <w lemma="," type="pk">,</w>
            <w lemma="sem" type="ct">sem</w>
            <w lemma="hún" type="fpven">hún</w>
            <w lemma="munu" type="svg3eþ">mundi</w>
            <w lemma="ganga" type="sng">ganga</w>
            <w lemma="að" type="cn">að</w>
            <w lemma="eiga" type="sng">eiga</w>
            <w lemma="," type="pk">,</w>
            <w lemma="ef" type="c">ef</w>
            <w lemma="l." type="ks">l.</w>
            <w lemma="vera" type="svg3fþ">væru</w>
            <w lemma="ekki" type="aa">ekki</w>
            <w lemma="þannig" type="aa">þannig</w>
            <w lemma="úr" type="af">úr</w>
            <w lemma="garður" type="nkeþ">garði</w>
            <w lemma="gera" type="sþghfn">gerð</w>
            <w lemma="," type="pk">,</w>
            <w lemma="geta" type="svg3eþ">gæti</w>
            <w lemma="flutzt" type="sþmhen">flutzt</w>
            <w lemma="inn" type="aa">inn</w>
            <w lemma="á" type="af">á</w>
            <w lemma="heimili" type="nheo">heimili</w>
            <w lemma="hún" type="fpvee">hennar</w>
            <w lemma="og" type="c">og</w>
            <w lemma="búa" type="sþghen">búið</w>
            <w lemma="með" type="af">með</w>
            <w lemma="hún" type="fpveþ">henni</w>
            <w lemma="utan" type="af">utan</w>
            <w lemma="hjónanband" type="nhee">hjónanbands</w>
            <w lemma="." type="pl">.</w>
          </s>
          <s n="6">
            <w lemma="þannig" type="aa">Þannig</w>
            <w lemma="geta" type="svg3eþ">gæti</w>
            <w lemma="þá" type="aa">þá</w>
            <w lemma="þessi" type="fahen">þetta</w>
            <w lemma="ákvæði" type="nhen">ákvæði</w>
            <w lemma="26." type="ta">26.</w>
            <w lemma="gr." type="ks">gr.</w>
            <w lemma="þessi" type="faveo">þessa</w>
            <w lemma="frv." type="ks">frv.</w>
            <w lemma="verða" type="sþghen">orðið</w>
            <w lemma="til" type="af">til</w>
            <w lemma="það" type="fphee">þess</w>
            <w lemma="," type="pk">,</w>
            <w lemma="að" type="c">að</w>
            <w lemma="ekkja" type="nven">ekkja</w>
            <w lemma="," type="pk">,</w>
            <w lemma="sem" type="ct">sem</w>
            <w lemma="vera" type="sfg3en">er</w>
            <w lemma="kannske" type="aa">kannske</w>
            <w lemma="á" type="af">á</w>
            <w lemma="bezta" type="lkeþve">bezta</w>
            <w lemma="aldur" type="nkeþ">aldri</w>
            <w lemma="og" type="c">og</w>
            <w lemma="geta" type="svg3eþ">gæti</w>
            <w lemma="fá" type="sþghen">fengið</w>
            <w lemma="góður" type="lkeosf">góðan</w>
            <w lemma="ráðahagur" type="nkeo">ráðahag</w>
            <w lemma="," type="pk">,</w>
            <w lemma="gifta" type="sfm3en">giftist</w>
            <w lemma="ekki" type="aa">ekki</w>
            <w lemma="," type="pk">,</w>
            <w lemma="heldur" type="c">heldur</w>
            <w lemma="búa" type="svg3eþ">byggi</w>
            <w lemma="ógiftur" type="lheosf">ógift</w>
            <w lemma="með" type="af">með</w>
            <w lemma="maður" type="nkeþ">manni</w>
            <w lemma="," type="pk">,</w>
            <w lemma="til" type="af">til</w>
            <w lemma="það" type="fphee">þess</w>
            <w lemma="að" type="cn">að</w>
            <w lemma="missa" type="sng">missa</w>
            <w lemma="ekki" type="aa">ekki</w>
            <w lemma="af" type="af">af</w>
            <w lemma="sá" type="fahfþ">þeim</w>
            <w lemma="fríðindi" type="nhfþ">fríðindum</w>
            <w lemma="," type="pk">,</w>
            <w lemma="sem" type="ct">sem</w>
            <w lemma="framfærslulög" type="nhfn">framfærslulög</w>
            <w lemma="þessi" type="fahfn">þessi</w>
            <w lemma="veita" type="sfg3fn">veita</w>
            <w lemma="hún" type="fpveþ">henni</w>
            <w lemma="." type="pl">.</w>
          </s>
          <s n="7">
            <w lemma="ég" type="fp1en">Ég</w>
            <w lemma="vilja" type="sfg1en">vil</w>
            <w lemma="vekja" type="sng">vekja</w>
            <w lemma="athygli" type="nveo">athygli</w>
            <w lemma="á" type="af">á</w>
            <w lemma="það" type="fpheþ">því</w>
            <w lemma="," type="pk">,</w>
            <w lemma="að" type="c">að</w>
            <w lemma="hér" type="aa">hér</w>
            <w lemma="vera" type="sfg3en">er</w>
            <w lemma="raunverulega" type="aa">raunverulega</w>
            <w lemma="með" type="af">með</w>
            <w lemma="þessi" type="faheþ">þessu</w>
            <w lemma="ákvæði" type="nheþ">ákvæði</w>
            <w lemma="26." type="ta">26.</w>
            <w lemma="gr." type="ks">gr.</w>
            <w lemma="vera" type="sþghen">verið</w>
            <w lemma="beinlínis" type="aa">beinlínis</w>
            <w lemma="að" type="cn">að</w>
            <w lemma="stuðla" type="sng">stuðla</w>
            <w lemma="að" type="af">að</w>
            <w lemma="það" type="fpheþ">því</w>
            <w lemma="," type="pk">,</w>
            <w lemma="að" type="c">að</w>
            <w lemma="ekkja" type="nvfn">ekkjur</w>
            <w lemma="búa" type="svg3fn">búi</w>
            <w lemma="með" type="af">með</w>
            <w lemma="karlmaður" type="nkfþ">karlmönnum</w>
            <w lemma="," type="pk">,</w>
            <w lemma="án" type="af">án</w>
            <w lemma="það" type="fphee">þess</w>
            <w lemma="þó" type="aa">þó</w>
            <w lemma="að" type="cn">að</w>
            <w lemma="gifta" type="snm">giftast</w>
            <w lemma="hann" type="fpkfþ">þeim</w>
            <w lemma="." type="pl">.</w>
          </s>
          <s n="8">
            <w lemma="ef" type="c">Ef</w>
            <w lemma="stjórnarvald" type="nhfng">stjórnarvöldin</w>
            <w lemma="vilja" type="sfg3fn">vilja</w>
            <w lemma="virða" type="sng">virða</w>
            <w lemma="hjónaband" type="nheog">hjónabandið</w>
            <w lemma="," type="pk">,</w>
            <w lemma="þá" type="aa">þá</w>
            <w lemma="vera" type="sfg3en">er</w>
            <w lemma="þessi" type="fahen">þetta</w>
            <w lemma="ákvæði" type="nhen">ákvæði</w>
            <w lemma="a" type="nhen">a</w>
            <w lemma="." type="pl">.</w>
          </s>
          <s n="9">
            <w lemma="m." type="ks">m.</w>
            <w lemma="k" type="x">k</w>
            <w lemma="." type="pl">.</w>
          </s>
          <s n="10">
            <w lemma="allóviðkunnanlegur" type="lhensf">allóviðkunnanlegt</w>
            <w lemma="." type="pl">.</w>
          </s>
          <s n="11">
            <w lemma="53." type="ta">53.</w>
            <w lemma="gr." type="ks">gr.</w>
            <w lemma="frv." type="ks">frv.</w>
            <w lemma="vera" type="sfg3en">er</w>
            <w lemma="um" type="af">um</w>
            <w lemma="það" type="fpheo">það</w>
            <w lemma="," type="pk">,</w>
            <w lemma="að" type="c">að</w>
            <w lemma="setja" type="sng">setja</w>
            <w lemma="mega" type="svg3en">megi</w>
            <w lemma="framfærsluþurfa" type="nven">framfærsluþurfa</w>
            <w lemma="í" type="af">í</w>
            <w lemma="fangelsi" type="nheþ">fangelsi</w>
            <w lemma="fyrir" type="af">fyrir</w>
            <w lemma="sá" type="favfo">þær</w>
            <w lemma="sök" type="nvfo">sakir</w>
            <w lemma="," type="pk">,</w>
            <w lemma="sem" type="ct">sem</w>
            <w lemma="upp" type="aa">upp</w>
            <w lemma="vera" type="sfg3fn">eru</w>
            <w lemma="telja" type="sþgvfn">taldar</w>
            <w lemma="í" type="af">í</w>
            <w lemma="sá" type="faveþ">þeirri</w>
            <w lemma="gr." type="ks">gr.</w>
            <w lemma="," type="pk">,</w>
            <w lemma="og" type="c">og</w>
            <w lemma="vera" type="sfg3en">er</w>
            <w lemma="síðari" type="lvenve">síðasta</w>
            <w lemma="mgr." type="ks">mgr.</w>
            <w lemma="þessi" type="favee">þessarar</w>
            <w lemma="53." type="ta">53.</w>
            <w lemma="gr." type="ks">gr.</w>
            <w lemma="frv." type="ks">frv.</w>
            <w lemma="um" type="af">um</w>
            <w lemma="það" type="fpheo">það</w>
            <w lemma="," type="pk">,</w>
            <w lemma="að" type="c">að</w>
            <w lemma="kostnaður" type="nken">kostnaður</w>
            <w lemma="við" type="af">við</w>
            <w lemma="fangelsisvist" type="nveo">fangelsisvist</w>
            <w lemma="eftir" type="af">eftir</w>
            <w lemma="gr." type="ks">gr.</w>
            <w lemma="þessi" type="faveþ">þessari</w>
            <w lemma="greiða" type="sfm3en">greiðist</w>
            <w lemma="af" type="af">af</w>
            <w lemma="ríkissjóður" type="nkeþ">ríkissjóði</w>
            <w lemma="." type="pl">.</w>
          </s>
          <s n="12">
            <w lemma="-" type="pa">-</w>
            <w lemma="nú" type="aa">Nú</w>
            <w lemma="vilja" type="sfg1en">vil</w>
            <w lemma="ég" type="fp1en">ég</w>
            <w lemma="spyrja" type="sng">spyrja</w>
            <w lemma=":" type="pa">:</w>
            <w lemma="vera" type="sfg3en">Er</w>
            <w lemma="hér" type="aa">hér</w>
            <w lemma="ekki" type="aa">ekki</w>
            <w lemma="eiga" type="sþghen">átt</w>
            <w lemma="við" type="af">við</w>
            <w lemma="neinn" type="fokeo">neinn</w>
            <w lemma="annar" type="fokeo">annan</w>
            <w lemma="kostnaður" type="nkeo">kostnað</w>
            <w lemma="en" type="c">en</w>
            <w lemma="sá" type="fakeo">þann</w>
            <w lemma="," type="pk">,</w>
            <w lemma="sem" type="ct">sem</w>
            <w lemma="leiða" type="sfg3en">leiðir</w>
            <w lemma="af" type="af">af</w>
            <w lemma="dvöl" type="nveþ">dvöl</w>
            <w lemma="fangi" type="nkeeg">fangans</w>
            <w lemma="persónulega" type="aa">persónulega</w>
            <w lemma="vegna" type="af">vegna</w>
            <w lemma="fangavist" type="nvee">fangavistar</w>
            <w lemma="hann" type="fpkee">hans</w>
            <w lemma="?" type="pl">?</w>
          </s>
          <s n="13">
            <w lemma="eða" type="c">Eða</w>
            <w lemma="vera" type="sfg3en">er</w>
            <w lemma="hér" type="aa">hér</w>
            <w lemma="einnig" type="aa">einnig</w>
            <w lemma="eiga" type="sþghen">átt</w>
            <w lemma="við" type="af">við</w>
            <w lemma="það" type="fpheo">það</w>
            <w lemma="," type="pk">,</w>
            <w lemma="að" type="c">að</w>
            <w lemma="ríkissjóður" type="nken">ríkissjóður</w>
            <w lemma="greiða" type="svg3en">greiði</w>
            <w lemma="sá" type="fakeo">þann</w>
            <w lemma="óbeinn" type="lkeovf">óbeina</w>
            <w lemma="kostnaður" type="nkeo">kostnað</w>
            <w lemma="," type="pk">,</w>
            <w lemma="sem" type="ct">sem</w>
            <w lemma="leiða" type="sfg3en">leiðir</w>
            <w lemma="af" type="af">af</w>
            <w lemma="fangavist" type="nveþg">fangavistinni</w>
            <w lemma="," type="pk">,</w>
            <w lemma="ef" type="c">ef</w>
            <w lemma="fangi" type="nkeng">fanginn</w>
            <w lemma="þurfa" type="sfg3en">þarf</w>
            <w lemma="fyrir" type="af">fyrir</w>
            <w lemma="fjölskylda" type="nveþ">fjölskyldu</w>
            <w lemma="að" type="cn">að</w>
            <w lemma="sjá" type="sng">sjá</w>
            <w lemma="," type="pk">,</w>
            <w lemma="og" type="c">og</w>
            <w lemma="fjölskylda" type="nven">fjölskylda</w>
            <w lemma="hann" type="fpkee">hans</w>
            <w lemma="verða" type="sfg3en">verður</w>
            <w lemma="að" type="cn">að</w>
            <w lemma="fá" type="sng">fá</w>
            <w lemma="hjálp" type="nveo">hjálp</w>
            <w lemma="vegna" type="af">vegna</w>
            <w lemma="vinnutap" type="nhee">vinnutaps</w>
            <w lemma="heimilisfaðir" type="nkeeg">heimilisföðurins</w>
            <w lemma="á" type="aa">á</w>
            <w lemma="meðan" type="c">meðan</w>
            <w lemma="hann" type="fpken">hann</w>
            <w lemma="vera" type="sfg3en">er</w>
            <w lemma="fangi" type="nken">fangi</w>
            <w lemma="?" type="pl">?</w>
          </s>
          <s n="14">
            <w lemma="það" type="fphen">Það</w>
            <w lemma="vera" type="sfg3en">er</w>
            <w lemma="mjög" type="aa">mjög</w>
            <w lemma="algengur" type="lhensf">algengt</w>
            <w lemma="hér" type="aa">hér</w>
            <w lemma="í" type="af">í</w>
            <w lemma="Reykjavík" type="nveþ-s">Reykjavík</w>
            <w lemma="," type="pk">,</w>
            <w lemma="að" type="c">að</w>
            <w lemma="maður" type="nkfn">menn</w>
            <w lemma="," type="pk">,</w>
            <w lemma="sem" type="ct">sem</w>
            <w lemma="brotlegur" type="lkfnsf">brotlegir</w>
            <w lemma="verða" type="sfg3fn">verða</w>
            <w lemma="," type="pk">,</w>
            <w lemma="vera" type="sfg3fn">eru</w>
            <w lemma="hafa" type="sþgkfn">hafðir</w>
            <w lemma="í" type="af">í</w>
            <w lemma="fangelsi" type="nheþ">fangelsi</w>
            <w lemma="," type="pk">,</w>
            <w lemma="en" type="c">en</w>
            <w lemma="samtímis" type="af">samtímis</w>
            <w lemma="það" type="fpheþ">því</w>
            <w lemma="verða" type="sfg3en">verður</w>
            <w lemma="heimilisfólk" type="nhen">heimilisfólk</w>
            <w lemma="það" type="fphfe">þeirra</w>
            <w lemma="að" type="cn">að</w>
            <w lemma="fara" type="sng">fara</w>
            <w lemma="á" type="af">á</w>
            <w lemma="sveit" type="nveog">sveitina</w>
            <w lemma="og" type="c">og</w>
            <w lemma="fá" type="sng">fá</w>
            <w lemma="frá" type="af">frá</w>
            <w lemma="bær" type="nkeþg">bænum</w>
            <w lemma="sá" type="faheo">það</w>
            <w lemma="," type="pk">,</w>
            <w lemma="sem" type="ct">sem</w>
            <w lemma="það" type="fphen">það</w>
            <w lemma="þurfa" type="sfg3en">þarf</w>
            <w lemma="til" type="af">til</w>
            <w lemma="framfæri" type="nhee">framfæris</w>
            <w lemma="." type="pl">.</w>
          </s>
          <s n="15">
            <w lemma="þessi" type="faheo">Þetta</w>
            <w lemma="síðartalinn" type="lhenvf">síðartalda</w>
            <w lemma="telja" type="sfg1en">tel</w>
            <w lemma="ég" type="fp1en">ég</w>
            <w lemma="aðalkostnað" type="nheo">aðalkostnað</w>
            <w lemma="við" type="af">við</w>
            <w lemma="fangelsisvist" type="nveo">fangelsisvist</w>
            <w lemma="slíkur" type="fbkfe">slíkra</w>
            <w lemma="maður" type="nkfe">manna</w>
            <w lemma="." type="pl">.</w>
          </s>
          <s n="16">
            <w lemma="vera" type="sng">Vera</w>
            <w lemma="mega" type="sfg3en">má</w>
            <w lemma="," type="pk">,</w>
            <w lemma="að" type="c">að</w>
            <w lemma="það" type="fphen">það</w>
            <w lemma="vera" type="svg3en">sé</w>
            <w lemma="undirskilja" type="sþghen">undirskilið</w>
            <w lemma="," type="pk">,</w>
            <w lemma="að" type="c">að</w>
            <w lemma="þessi" type="faken">þessi</w>
            <w lemma="framfærslukostnaður" type="nken">framfærslukostnaður</w>
            <w lemma="eiga" type="svg3en">eigi</w>
            <w lemma="líka" type="aa">líka</w>
            <w lemma="að" type="cn">að</w>
            <w lemma="greiða" type="snm">greiðast</w>
            <w lemma="af" type="af">af</w>
            <w lemma="ríkissjóður" type="nkeþ">ríkissjóði</w>
            <w lemma="sem" type="ct">sem</w>
            <w lemma="„" type="ta">„</w>
            <w lemma="kostnaður" type="nken">kostnaður</w>
            <w lemma="við" type="af">við</w>
            <w lemma="fangelsisvist" type="nveo">fangelsisvist</w>
            <w lemma="“" type="x">“</w>
            <w lemma="," type="pk">,</w>
            <w lemma="sem" type="ct">sem</w>
            <w lemma="hann" type="fpkeo">hann</w>
            <w lemma="og" type="c">og</w>
            <w lemma="vera" type="sfg3en">er</w>
            <w lemma="í" type="af">í</w>
            <w lemma="raun" type="nveþ">raun</w>
            <w lemma="og" type="c">og</w>
            <w lemma="vera" type="nveþ">veru</w>
            <w lemma="," type="pk">,</w>
            <w lemma="en" type="c">en</w>
            <w lemma="ég" type="fp1en">ég</w>
            <w lemma="vilja" type="sfg1eþ">vildi</w>
            <w lemma="fá" type="sng">fá</w>
            <w lemma="það" type="fpheo">það</w>
            <w lemma="upplýsa" type="sþgheo">upplýst</w>
            <w lemma="hjá" type="af">hjá</w>
            <w lemma="sá" type="fakfþ">þeim</w>
            <w lemma="," type="pk">,</w>
            <w lemma="sem" type="ct">sem</w>
            <w lemma="fróður" type="lkfnsf">fróðir</w>
            <w lemma="vera" type="sfg3fn">eru</w>
            <w lemma="." type="pl">.</w>
          </s>
          <s n="17">
            <w lemma="-" type="pa">-</w>
            <w lemma="í" type="af">Í</w>
            <w lemma="66." type="ta">66.</w>
            <w lemma="gr." type="ks">gr.</w>
            <w lemma="frv." type="ks">frv.</w>
            <w lemma="vera" type="sfg3en">er</w>
            <w lemma="telja" type="sþghen">talið</w>
            <w lemma="upp" type="aa">upp</w>
            <w lemma="," type="pk">,</w>
            <w lemma="hver" type="fshen">hvað</w>
            <w lemma="taka" type="sng">taka</w>
            <w lemma="skulu" type="svg3en">skuli</w>
            <w lemma="til" type="af">til</w>
            <w lemma="athugun" type="nvee">athugunar</w>
            <w lemma="," type="pk">,</w>
            <w lemma="ef" type="c">ef</w>
            <w lemma="maður" type="nken">maður</w>
            <w lemma="þarfnast" type="sfm3en">þarfnast</w>
            <w lemma="framfærslustyrkur" type="nkee">framfærslustyrks</w>
            <w lemma="," type="pk">,</w>
            <w lemma="áður" type="aa">áður</w>
            <w lemma="en" type="c">en</w>
            <w lemma="4" type="ta">4</w>
            <w lemma="mánuður" type="nkfn">mánuðir</w>
            <w lemma="vera" type="sfg3fn">eru</w>
            <w lemma="líða" type="sþgkfn">liðnir</w>
            <w lemma="frá" type="af">frá</w>
            <w lemma="það" type="fpheþ">því</w>
            <w lemma="hann" type="fpken">hann</w>
            <w lemma="flytja" type="sfm3eþ">fluttist</w>
            <w lemma="til" type="af">til</w>
            <w lemma="sá" type="fahee">þess</w>
            <w lemma="sveitarfélag" type="nhee">sveitarfélags</w>
            <w lemma="," type="pk">,</w>
            <w lemma="vera" type="sfg3en">er</w>
            <w lemma="hann" type="fpken">hann</w>
            <w lemma="eiga" type="sfg3en">á</w>
            <w lemma="heima" type="aa">heima</w>
            <w lemma="í" type="aa">í</w>
            <w lemma="." type="pl">.</w>
          </s>
          <s n="18">
            <w lemma="Hv." type="ks">Hv.</w>
            <w lemma="1." type="ta">1.</w>
            <w lemma="þm" type="ks">þm</w>
            <w lemma="." type="pl">.</w>
          </s>
          <s n="19">
            <w lemma="skagf" type="n-en">Skagf</w>
            <w lemma="." type="pl">.</w>
          </s>
          <s n="20">
            <w lemma="hafa" type="sfg3en">hefir</w>
            <w lemma="benda" type="sþghen">bent</w>
            <w lemma="á" type="af">á</w>
            <w lemma="það" type="fpheo">það</w>
            <w lemma="við" type="af">við</w>
            <w lemma="þessi" type="faveo">þessa</w>
            <w lemma="umr." type="ks">umr.</w>
            <w lemma="," type="pk">,</w>
            <w lemma="að" type="c">að</w>
            <w lemma="sízt" type="aae">sízt</w>
            <w lemma="munu" type="svg3eþ">mundi</w>
            <w lemma="verða" type="sng">verða</w>
            <w lemma="lítill" type="lhenvm">minna</w>
            <w lemma="málarex" type="nhen">málarex</w>
            <w lemma="út" type="aa">út</w>
            <w lemma="úr" type="af">úr</w>
            <w lemma="þessi" type="fakfþ">þessum</w>
            <w lemma="l." type="x">l.</w>
            <w lemma="gjarnan" type="aam">heldur</w>
            <w lemma="en" type="c">en</w>
            <w lemma="það" type="fphfþ">þeim</w>
            <w lemma="l" type="x">l</w>
            <w lemma="." type="pl">.</w>
          </s>
          <s n="21">
            <w lemma="," type="pk">,</w>
            <w lemma="sem" type="ct">sem</w>
            <w lemma="ég" type="fp1fn">við</w>
            <w lemma="búa" type="sfg1fn">búum</w>
            <w lemma="nú" type="aa">nú</w>
            <w lemma="við" type="aa">við</w>
            <w lemma="um" type="af">um</w>
            <w lemma="framfærsla" type="nveo">framfærslu</w>
            <w lemma="þurfalingur" type="nkfe">þurfalinga</w>
            <w lemma="." type="pl">.</w>
          </s>
          <s n="22">
            <w lemma="ég" type="fp1en">Ég</w>
            <w lemma="hyggja" type="sfg1en">hygg</w>
            <w lemma="," type="pk">,</w>
            <w lemma="að" type="c">að</w>
            <w lemma="þessi" type="faven">þessi</w>
            <w lemma="gr." type="ks">gr.</w>
            <w lemma="geta" type="svg3eþ">gæti</w>
            <w lemma="stuðla" type="sþghen">stuðlað</w>
            <w lemma="mjög" type="aa">mjög</w>
            <w lemma="til" type="af">til</w>
            <w lemma="það" type="fphee">þess</w>
            <w lemma="." type="pl">.</w>
          </s>
          <s n="23">
            <w lemma="það" type="fphen">Það</w>
            <w lemma="geta" type="svg3eþ">gæti</w>
            <w lemma="vera" type="sþghen">verið</w>
            <w lemma="," type="pk">,</w>
            <w lemma="að" type="c">að</w>
            <w lemma="um" type="af">um</w>
            <w lemma="það" type="fpheo">það</w>
            <w lemma="þurfa" type="svg3eþ">þyrfti</w>
            <w lemma="að" type="cn">að</w>
            <w lemma="grennslast" type="snm">grennslast</w>
            <w lemma="," type="pk">,</w>
            <w lemma="hvort" type="c">hvort</w>
            <w lemma="sveitarstjórn" type="nven">sveitarstjórn</w>
            <w lemma="eða" type="c">eða</w>
            <w lemma="annar" type="fokfn">aðrir</w>
            <w lemma="í" type="af">í</w>
            <w lemma="sá" type="faveþ">þeirri</w>
            <w lemma="sveit" type="nveþ">sveit</w>
            <w lemma="," type="pk">,</w>
            <w lemma="sem" type="ct">sem</w>
            <w lemma="framfærsluþurfi" type="nken">framfærsluþurfi</w>
            <w lemma="vera" type="sfg3en">er</w>
            <w lemma="nýlega" type="aa">nýlega</w>
            <w lemma="flytja" type="sþgken">fluttur</w>
            <w lemma="úr" type="aa">úr</w>
            <w lemma="," type="pk">,</w>
            <w lemma="hafa" type="svg3en">hafi</w>
            <w lemma="hvetja" type="sþghen">hvatt</w>
            <w lemma="hann" type="fpkeo">hann</w>
            <w lemma="til" type="af">til</w>
            <w lemma="það" type="fphee">þess</w>
            <w lemma="að" type="cn">að</w>
            <w lemma="skipta" type="sng">skipta</w>
            <w lemma="um" type="af">um</w>
            <w lemma="bústaður" type="nkeo">bústað</w>
            <w lemma="." type="pl">.</w>
          </s>
          <s n="24">
            <w lemma="og" type="c">Og</w>
            <w lemma="ekki" type="aa">ekki</w>
            <w lemma="geta" type="sfg1en">get</w>
            <w lemma="ég" type="fp1en">ég</w>
            <w lemma="hugsa" type="sþghen">hugsað</w>
            <w lemma="ég" type="fp1eþ">mér</w>
            <w lemma="að" type="c">að</w>
            <w lemma="slíkur" type="fbhen">slíkt</w>
            <w lemma="vera" type="svg3en">sé</w>
            <w lemma="til" type="af">til</w>
            <w lemma="það" type="fphee">þess</w>
            <w lemma="falla" type="sþghen">fallið</w>
            <w lemma="að" type="cn">að</w>
            <w lemma="treysta" type="sng">treysta</w>
            <w lemma="góður" type="lveosf">góða</w>
            <w lemma="samvinna" type="nveo">samvinnu</w>
            <w lemma="á" type="aa">á</w>
            <w lemma="milli" type="af">milli</w>
            <w lemma="hreppur" type="nkfe">hreppa</w>
            <w lemma="." type="pl">.</w>
          </s>
          <s n="25">
            <w lemma="-" type="pa">-</w>
            <w lemma="ég" type="fp1en">Ég</w>
            <w lemma="hafa" type="svg1eþ">hefði</w>
            <w lemma="gaman" type="nheo">gaman</w>
            <w lemma="af" type="af">af</w>
            <w lemma="að" type="cn">að</w>
            <w lemma="bera" type="sng">bera</w>
            <w lemma="saman" type="aa">saman</w>
            <w lemma="sá" type="favfo">þær</w>
            <w lemma="spurning" type="nvfo">spurningar</w>
            <w lemma="," type="pk">,</w>
            <w lemma="sem" type="ct">sem</w>
            <w lemma="gera" type="sþghen">gert</w>
            <w lemma="vera" type="sfg3en">er</w>
            <w lemma="ráð" type="nhen">ráð</w>
            <w lemma="fyrir" type="aa">fyrir</w>
            <w lemma="í" type="af">í</w>
            <w lemma="þessi" type="faveþ">þessari</w>
            <w lemma="gr." type="ks">gr.</w>
            <w lemma="og" type="c">og</w>
            <w lemma="upp" type="aa">upp</w>
            <w lemma="vera" type="sfg3fn">eru</w>
            <w lemma="telja" type="sþgvfn">taldar</w>
            <w lemma="þar" type="aa">þar</w>
            <w lemma="," type="pk">,</w>
            <w lemma="við" type="af">við</w>
            <w lemma="spurning" type="nvfo">spurningar</w>
            <w lemma="," type="pk">,</w>
            <w lemma="sem" type="ct">sem</w>
            <w lemma="leggja" type="sþgvfn">lagðar</w>
            <w lemma="hafa" type="sfg3fn">hafa</w>
            <w lemma="vera" type="sþghen">verið</w>
            <w lemma="fyrir" type="af">fyrir</w>
            <w lemma="framfærsluþurfi" type="nkeo">framfærsluþurfa</w>
            <w lemma="og" type="c">og</w>
            <w lemma="ég" type="fp1en">ég</w>
            <w lemma="hafa" type="sfg1en">hefi</w>
            <w lemma="hér" type="aa">hér</w>
            <w lemma="á" type="af">á</w>
            <w lemma="skýrsla" type="nveo">skýrslu</w>
            <w lemma="," type="pk">,</w>
            <w lemma="sem" type="ct">sem</w>
            <w lemma="ég" type="fp1en">ég</w>
            <w lemma="vera" type="sfg1en">er</w>
            <w lemma="með" type="aa">með</w>
            <w lemma="." type="pl">.</w>
          </s>
          <s n="26">
            <w lemma="á" type="af">Á</w>
            <w lemma="þessi" type="faveþ">þessari</w>
            <w lemma="skýrsla" type="nveþ">skýrslu</w>
            <w lemma="vera" type="sfg3fn">eru</w>
            <w lemma="allur" type="fohen">allt</w>
            <w lemma="annar" type="fovfn">aðrar</w>
            <w lemma="spurning" type="nvfn">spurningar</w>
            <w lemma="en" type="c">en</w>
            <w lemma="sá" type="favfn">þær</w>
            <w lemma="," type="pk">,</w>
            <w lemma="sem" type="ct">sem</w>
            <w lemma="hér" type="aa">hér</w>
            <w lemma="í" type="af">í</w>
            <w lemma="66." type="ta">66.</w>
            <w lemma="gr." type="ks">gr.</w>
            <w lemma="vera" type="sfg3fn">eru</w>
            <w lemma="telja" type="sþgvfn">taldar</w>
            <w lemma="upp" type="aa">upp</w>
            <w lemma="." type="pl">.</w>
          </s>
          <s n="27">
            <w lemma="spurning" type="nvfn">Spurningar</w>
            <w lemma="," type="pk">,</w>
            <w lemma="sem" type="ct">sem</w>
            <w lemma="á" type="af">á</w>
            <w lemma="þessi" type="faveþ">þessari</w>
            <w lemma="skýrsla" type="nveþ">skýrslu</w>
            <w lemma="vera" type="sfg3fn">eru</w>
            <w lemma="," type="pk">,</w>
            <w lemma="vera" type="sfg3fn">eru</w>
            <w lemma="um" type="af">um</w>
            <w lemma="aldur" type="nkeo">aldur</w>
            <w lemma="," type="pk">,</w>
            <w lemma="barnafjöldi" type="nkeo">barnafjölda</w>
            <w lemma="," type="pk">,</w>
            <w lemma="hvort" type="c">hvort</w>
            <w lemma="viðkomandi" type="lkenof">viðkomandi</w>
            <w lemma="vera" type="sfg3en">er</w>
            <w lemma="giftur" type="lkensf">giftur</w>
            <w lemma="eða" type="c">eða</w>
            <w lemma="ógiftur" type="lkensf">ógiftur</w>
            <w lemma="," type="pk">,</w>
            <w lemma="hvernig" type="aa">hvernig</w>
            <w lemma="heilsufar" type="nheng">heilsufarið</w>
            <w lemma="vera" type="sfg3en">er</w>
            <w lemma="," type="pk">,</w>
            <w lemma="hvaða" type="fsveo">hvaða</w>
            <w lemma="atvinna" type="nveo">atvinnu</w>
            <w lemma="hann" type="fpken">hann</w>
            <w lemma="hafa" type="svg3en">hafi</w>
            <w lemma="," type="pk">,</w>
            <w lemma="hver" type="fsheo">hvað</w>
            <w lemma="hann" type="fpken">hann</w>
            <w lemma="eiga" type="svg3en">eigi</w>
            <w lemma="," type="pk">,</w>
            <w lemma="hvort" type="c">hvort</w>
            <w lemma="hann" type="fpken">hann</w>
            <w lemma="hafa" type="svg3en">hafi</w>
            <w lemma="njóta" type="sþghen">notið</w>
            <w lemma="styrkur" type="nkee">styrks</w>
            <w lemma="," type="pk">,</w>
            <w lemma="hvernig" type="aa">hvernig</w>
            <w lemma="framtíðarhorfur" type="nvfn">framtíðarhorfur</w>
            <w lemma="styrkþurfi" type="nkee">styrkþurfa</w>
            <w lemma="vera" type="svg3fn">séu</w>
            <w lemma="um" type="af">um</w>
            <w lemma="atvinna" type="nveo">atvinnu</w>
            <w lemma="," type="pk">,</w>
            <w lemma="hvaða" type="fsvfo">hvaða</w>
            <w lemma="matarbirgðir" type="nvfn">matarbirgðir</w>
            <w lemma="hann" type="fpken">hann</w>
            <w lemma="hafa" type="svg3en">hafi</w>
            <w lemma="og" type="c">og</w>
            <w lemma="annar" type="fohen">annað</w>
            <w lemma="þessi" type="faheþ">þessu</w>
            <w lemma="líkja" type="sþghen">líkt</w>
            <w lemma="." type="pl">.</w>
          </s>
          <s n="28">
            <w lemma="sem" type="c">Sem</w>
            <w lemma="segja" type="sþghen">sagt</w>
            <w lemma="," type="pk">,</w>
            <w lemma="allur" type="fohen">allt</w>
            <w lemma="persónulegur" type="lvfnsf">persónulegar</w>
            <w lemma="spurning" type="nvfn">spurningar</w>
            <w lemma="um" type="af">um</w>
            <w lemma="hagur" type="nkfo">hagi</w>
            <w lemma="hann" type="fpkee">hans</w>
            <w lemma="sjálfur" type="fbkee">sjálfs</w>
            <w lemma="." type="pl">.</w>
          </s>
          <s n="29">
            <w lemma="en" type="c">En</w>
            <w lemma="í" type="af">í</w>
            <w lemma="sá" type="favfþ">þeim</w>
            <w lemma="spurning" type="nvfþ">spurningum</w>
            <w lemma="," type="pk">,</w>
            <w lemma="sem" type="ct">sem</w>
            <w lemma="í" type="af">í</w>
            <w lemma="frv." type="ks">frv.</w>
            <w lemma="geta" type="sfg3en">getur</w>
            <w lemma="," type="pk">,</w>
            <w lemma="vera" type="sfg3en">er</w>
            <w lemma="fara" type="sþghen">farið</w>
            <w lemma="mjög" type="aa">mjög</w>
            <w lemma="út" type="aa">út</w>
            <w lemma="fyrir" type="af">fyrir</w>
            <w lemma="þessi" type="fakeo">þennan</w>
            <w lemma="rammi" type="nkeo">ramma</w>
            <w lemma="," type="pk">,</w>
            <w lemma="það" type="fpheþ">því</w>
            <w lemma="að" type="c">að</w>
            <w lemma="þar" type="aa">þar</w>
            <w lemma="vera" type="sfg3en">er</w>
            <w lemma="tala" type="sþghen">talað</w>
            <w lemma="um" type="af">um</w>
            <w lemma="annar" type="fokfo">aðra</w>
            <w lemma="maður" type="nkfo">menn</w>
            <w lemma="," type="pk">,</w>
            <w lemma="sem" type="ct">sem</w>
            <w lemma="allur" type="fohee">alls</w>
            <w lemma="ekki" type="aa">ekki</w>
            <w lemma="vera" type="sfg3fn">eru</w>
            <w lemma="viðstaddur" type="lkfnsf">viðstaddir</w>
            <w lemma="og" type="c">og</w>
            <w lemma="geta" type="sfg3fn">geta</w>
            <w lemma="því" type="aa">því</w>
            <w lemma="ekki" type="aa">ekki</w>
            <w lemma="bera" type="sþghen">borið</w>
            <w lemma="hönd" type="nveo">hönd</w>
            <w lemma="fyrir" type="af">fyrir</w>
            <w lemma="höfuð" type="nheo">höfuð</w>
            <w lemma="sig" type="fpkfþ">sér</w>
            <w lemma="." type="pl">.</w>
          </s>
          <s n="30">
            <w lemma="ég" type="fp1en">Ég</w>
            <w lemma="geta" type="sfg1en">get</w>
            <w lemma="hugsa" type="sþghen">hugsað</w>
            <w lemma="ég" type="fp1eþ">mér</w>
            <w lemma="," type="pk">,</w>
            <w lemma="að" type="c">að</w>
            <w lemma="slíkur" type="fbvfn">slíkar</w>
            <w lemma="spurning" type="nvfn">spurningar</w>
            <w lemma="geta" type="svg3fn">geti</w>
            <w lemma="verða" type="sþghen">orðið</w>
            <w lemma="tilefni" type="nhen">tilefni</w>
            <w lemma="til" type="af">til</w>
            <w lemma="óskemmtilegur" type="lkeesf">óskemmtilegs</w>
            <w lemma="málaflutningur" type="nkee">málaflutnings</w>
            <w lemma="og" type="c">og</w>
            <w lemma="jafnvel" type="aa">jafnvel</w>
            <w lemma="málaferli" type="nhfe">málaferla</w>
            <w lemma="." type="pl">.</w>
          </s>
          <s n="31">
            <w lemma="það" type="fpheþ">Því</w>
            <w lemma="að" type="c">að</w>
            <w lemma="68." type="lvenvf">68.</w>
            <w lemma="gr." type="ks">gr.</w>
            <w lemma="frv." type="ks">frv.</w>
            <w lemma="gera" type="sfg3en">gerir</w>
            <w lemma="ráð" type="nheo">ráð</w>
            <w lemma="fyrir" type="af">fyrir</w>
            <w lemma="," type="pk">,</w>
            <w lemma="að" type="c">að</w>
            <w lemma="ef" type="c">ef</w>
            <w lemma="uppvís" type="lhensf">uppvíst</w>
            <w lemma="verða" type="sfg3en">verður</w>
            <w lemma="," type="pk">,</w>
            <w lemma="að" type="c">að</w>
            <w lemma="sveitarstjórn" type="nven">sveitarstjórn</w>
            <w lemma="hafa" type="svg3en">hafi</w>
            <w lemma="á" type="af">á</w>
            <w lemma="einhver" type="fokeo">einhvern</w>
            <w lemma="háttur" type="nkeo">hátt</w>
            <w lemma="stuðla" type="sþghen">stuðlað</w>
            <w lemma="að" type="af">að</w>
            <w lemma="flutningur" type="nkeþ">flutningi</w>
            <w lemma="maður" type="nkfe">manna</w>
            <w lemma="til" type="af">til</w>
            <w lemma="annar" type="fohee">annars</w>
            <w lemma="sveitarfélag" type="nhee">sveitarfélags</w>
            <w lemma="í" type="af">í</w>
            <w lemma="sá" type="faheþ">því</w>
            <w lemma="augnamið" type="nheþ">augnamiði</w>
            <w lemma="að" type="cn">að</w>
            <w lemma="koma" type="snm">komast</w>
            <w lemma="hjá" type="af">hjá</w>
            <w lemma="að" type="cn">að</w>
            <w lemma="framfæra" type="sng">framfæra</w>
            <w lemma="hann" type="fpkeo">hann</w>
            <w lemma="," type="pk">,</w>
            <w lemma="skulu" type="svg3en">skuli</w>
            <w lemma="fyrrverandi" type="lvenof">fyrrverandi</w>
            <w lemma="heimilissveit" type="nven">heimilissveit</w>
            <w lemma="styrkþegi" type="nkeeg">styrkþegans</w>
            <w lemma="borga" type="sng">borga</w>
            <w lemma="svo" type="aa">svo</w>
            <w lemma="sem" type="c">sem</w>
            <w lemma="til" type="aa">til</w>
            <w lemma="vera" type="sfg3en">er</w>
            <w lemma="taka" type="sþghen">tekið</w>
            <w lemma="í" type="af">í</w>
            <w lemma="þessi" type="faveþ">þessari</w>
            <w lemma="gr." type="ks">gr.</w>
            <w lemma="," type="pk">,</w>
            <w lemma="og" type="c">og</w>
            <w lemma="geta" type="sfg3en">getur</w>
            <w lemma="það" type="fphen">það</w>
            <w lemma="verða" type="sþghen">orðið</w>
            <w lemma="allmikill" type="lhensf">allmikið</w>
            <w lemma="fé" type="nhen">fé</w>
            <w lemma="." type="pl">.</w>
          </s>
          <s n="32">
            <w lemma="það" type="fphen">Það</w>
            <w lemma="geta" type="sfg3en">getur</w>
            <w lemma="vel" type="aa">vel</w>
            <w lemma="koma" type="sþghen">komið</w>
            <w lemma="til" type="af">til</w>
            <w lemma="mál" type="nhfe">mála</w>
            <w lemma="," type="pk">,</w>
            <w lemma="að" type="c">að</w>
            <w lemma="einhver" type="foken">einhver</w>
            <w lemma="maður" type="nken">maður</w>
            <w lemma="spyrja" type="svm3en">spyrjist</w>
            <w lemma="fyrir" type="aa">fyrir</w>
            <w lemma="um" type="aa">um</w>
            <w lemma="," type="pk">,</w>
            <w lemma="hvar" type="aa">hvar</w>
            <w lemma="góður" type="lhensf">gott</w>
            <w lemma="vera" type="svg3en">sé</w>
            <w lemma="að" type="cn">að</w>
            <w lemma="búa" type="sng">búa</w>
            <w lemma="," type="pk">,</w>
            <w lemma="hvort" type="c">hvort</w>
            <w lemma="góður" type="lhensf">gott</w>
            <w lemma="vera" type="svg3en">sé</w>
            <w lemma="að" type="cn">að</w>
            <w lemma="vera" type="sng">vera</w>
            <w lemma="á" type="af">á</w>
            <w lemma="þessi" type="fakeþ">þessum</w>
            <w lemma="eða" type="c">eða</w>
            <w lemma="hinn" type="fakeþ">hinum</w>
            <w lemma="staður" type="nkeþg">staðnum</w>
            <w lemma="." type="pl">.</w>
          </s>
          <s n="33">
            <w lemma="hann" type="fpkeþ">Honum</w>
            <w lemma="vera" type="sfg3en">er</w>
            <w lemma="svo" type="aa">svo</w>
            <w lemma="ráðleggja" type="sþghen">ráðlagt</w>
            <w lemma="af" type="af">af</w>
            <w lemma="mikill" type="lveþve">mestu</w>
            <w lemma="góðgirni" type="nveþ">góðgirni</w>
            <w lemma="að" type="cn">að</w>
            <w lemma="flytja" type="sng">flytja</w>
            <w lemma="sig" type="fpkeo">sig</w>
            <w lemma="á" type="af">á</w>
            <w lemma="einhver" type="fokeo">einhvern</w>
            <w lemma="viss" type="lkeosf">vissan</w>
            <w lemma="staður" type="nkeo">stað</w>
            <w lemma="." type="pl">.</w>
          </s>
          <s n="34">
            <w lemma="harðvítug" type="nven">Harðvítug</w>
            <w lemma="sveitarstjórn" type="nven">sveitarstjórn</w>
            <w lemma="geta" type="svg3eþ">gæti</w>
            <w lemma="hártoga" type="sþghen">hártogað</w>
            <w lemma="þessi" type="faheo">þetta</w>
            <w lemma="." type="pl">.</w>
          </s>
          <s n="35">
            <w lemma="og" type="c">Og</w>
            <w lemma="ég" type="fp1en">ég</w>
            <w lemma="óttast" type="sfm1en">óttast</w>
            <w lemma="," type="pk">,</w>
            <w lemma="að" type="c">að</w>
            <w lemma="t" type="x">t</w>
            <w lemma="." type="pl">.</w>
          </s>
          <s n="36">
            <w lemma="d." type="x">d.</w>
            <w lemma="í" type="af">í</w>
            <w lemma="svona" type="lhfþof">svona</w>
            <w lemma="tilfelli" type="nhfþ">tilfellum</w>
            <w lemma="geta" type="svg3eþ">gæti</w>
            <w lemma="verða" type="sþghen">orðið</w>
            <w lemma="út" type="aa">út</w>
            <w lemma="af" type="af">af</w>
            <w lemma="þessi" type="fahfþ">þessum</w>
            <w lemma="ákvæði" type="nhfþ">ákvæðum</w>
            <w lemma="leiðinlegur" type="lvensf">leiðinleg</w>
            <w lemma="rekistefna" type="nven">rekistefna</w>
            <w lemma="." type="pl">.</w>
          </s>
        </p>
        <p n="4">
          <s n="1">
            <w lemma="ég" type="fp1en">Ég</w>
            <w lemma="ætla" type="sfg1en">ætla</w>
            <w lemma="nú" type="aa">nú</w>
            <w lemma="ekki" type="aa">ekki</w>
            <w lemma="að" type="cn">að</w>
            <w lemma="gera" type="sng">gera</w>
            <w lemma="aths." type="kt">aths.</w>
            <w lemma="við" type="af">við</w>
            <w lemma="margur" type="lveovm">fleiri</w>
            <w lemma="gr." type="ks">gr.</w>
            <w lemma="frv" type="x">frv</w>
            <w lemma="." type="pl">.</w>
          </s>
          <s n="2">
            <w lemma="yfirleitt" type="aa">Yfirleitt</w>
            <w lemma="vera" type="sfg1en">er</w>
            <w lemma="ég" type="fp1en">ég</w>
            <w lemma="frv." type="ks">frv.</w>
            <w lemma="hlynntur" type="lvensf">hlynnt</w>
            <w lemma="," type="pk">,</w>
            <w lemma="þó" type="aa">þó</w>
            <w lemma="ég" type="fp1en">ég</w>
            <w lemma="hinsvegar" type="aa">hinsvegar</w>
            <w lemma="sjá" type="svg1en">sjái</w>
            <w lemma="," type="pk">,</w>
            <w lemma="að" type="c">að</w>
            <w lemma="margur" type="lheosf">margt</w>
            <w lemma="í" type="af">í</w>
            <w lemma="það" type="fpheþ">því</w>
            <w lemma="mega" type="svg3eþ">mætti</w>
            <w lemma="lagfæra" type="sng">lagfæra</w>
            <w lemma="og" type="c">og</w>
            <w lemma="vera" type="sfg3en">er</w>
            <w lemma="bráðnauðsynlegur" type="lhensf">bráðnauðsynlegt</w>
            <w lemma="að" type="cn">að</w>
            <w lemma="lagfæra" type="sng">lagfæra</w>
            <w lemma="," type="pk">,</w>
            <w lemma="ef" type="c">ef</w>
            <w lemma="tími" type="nken">tími</w>
            <w lemma="vera" type="svg3eþ">væri</w>
            <w lemma="til" type="af">til</w>
            <w lemma="það" type="fphee">þess</w>
            <w lemma="." type="pl">.</w>
          </s>
          <s n="3">
            <w lemma="og" type="c">Og</w>
            <w lemma="það" type="fphen">það</w>
            <w lemma="vera" type="sfg3en">er</w>
            <w lemma="leiðinlegur" type="lhensf">leiðinlegt</w>
            <w lemma="," type="pk">,</w>
            <w lemma="að" type="c">að</w>
            <w lemma="ekki" type="aa">ekki</w>
            <w lemma="skulu" type="svg3en">skuli</w>
            <w lemma="vera" type="sng">vera</w>
            <w lemma="hægur" type="lhensf">hægt</w>
            <w lemma="að" type="cn">að</w>
            <w lemma="koma" type="sng">koma</w>
            <w lemma="við" type="af">við</w>
            <w lemma="sá" type="favfþ">þeim</w>
            <w lemma="lagfæring" type="nvfþ">lagfæringum</w>
            <w lemma="," type="pk">,</w>
            <w lemma="áður" type="aa">áður</w>
            <w lemma="en" type="c">en</w>
            <w lemma="frv." type="ks">frv.</w>
            <w lemma="verða" type="sfg3en">verður</w>
            <w lemma="gera" type="sþghen">gert</w>
            <w lemma="að" type="af">að</w>
            <w lemma="l" type="x">l</w>
            <w lemma="." type="pl">.</w>
          </s>
          <s n="4">
            <w lemma="hér" type="aa">Hér</w>
            <w lemma="vera" type="sfg3en">er</w>
            <w lemma="um" type="af">um</w>
            <w lemma="vandamál" type="nheo">vandamál</w>
            <w lemma="að" type="cn">að</w>
            <w lemma="ræða" type="sng">ræða</w>
            <w lemma="," type="pk">,</w>
            <w lemma="sem" type="ct">sem</w>
            <w lemma="geta" type="sfg3en">getur</w>
            <w lemma="varða" type="sþghen">varðað</w>
            <w lemma="allmikið" type="aa">allmikið</w>
            <w lemma="mikill" type="lkeosf">mikinn</w>
            <w lemma="hluti" type="nkeo">hluta</w>
            <w lemma="þjóð" type="nveeg">þjóðarinnar</w>
            <w lemma="og" type="c">og</w>
            <w lemma="snerta" type="sfg3en">snertir</w>
            <w lemma="allur" type="foveo">alla</w>
            <w lemma="þjóð" type="nveog">þjóðina</w>
            <w lemma="að" type="af">að</w>
            <w lemma="mikill" type="lheþvm">meira</w>
            <w lemma="eða" type="c">eða</w>
            <w lemma="lítill" type="lheþvm">minna</w>
            <w lemma="leyti" type="nheþ">leyti</w>
            <w lemma="." type="pl">.</w>
          </s>
          <s n="5">
            <w lemma="en" type="c">En</w>
            <w lemma="um" type="af">um</w>
            <w lemma="galli" type="nkfo">galla</w>
            <w lemma="frv." type="ks">frv.</w>
            <w lemma="munu" type="sfg3en">mun</w>
            <w lemma="ekki" type="aa">ekki</w>
            <w lemma="vera" type="sng">vera</w>
            <w lemma="til" type="af">til</w>
            <w lemma="neinn" type="fohee">neins</w>
            <w lemma="að" type="cn">að</w>
            <w lemma="fá" type="snm">fást</w>
            <w lemma="," type="pk">,</w>
            <w lemma="að" type="af">að</w>
            <w lemma="svo" type="aa">svo</w>
            <w lemma="kominn" type="lheþsf">komnu</w>
            <w lemma="." type="pl">.</w>
          </s>
        </p>
      </div1>
    </body>
  </text>
</TEI>
