<?xml version="1.0" encoding="UTF-8"?>
<TEI xmlns="http://www.tei-c.org/ns/1.0" xml:id="R-33-4852768" xml:lang="is">
  <teiHeader>
    <fileDesc>
      <titleStmt>
        <title>
          <title type="main">Iðnaðarnám (40. mál)</title>
        </title>
        <respStmt>
          <resp xml:lang="is">Söfnun og úrvinnsla texta</resp>
          <resp xml:lang="en">Collection and processing of text</resp>
          <name xml:lang="is">Stofnun Árna Magnússonar í íslenskum fræðum</name>
          <name xml:lang="en">The Arni Magnusson Institute for Icelandic Studies</name>
        </respStmt>
      </titleStmt>
      <editionStmt>
        <p xml:lang="is">Málheild: Ræður frá Alþingi Íslendinga (2020.06)</p>
        <p xml:lang="en">Corpus: Speeches from The Parliament of Iceland (2020.06)</p>
      </editionStmt>
      <publicationStmt>
        <distributor xml:lang="is">Stofnun Árna Magnússonar í íslenskum fræðum</distributor>
        <distributor xml:lang="en">The Arni Magnusson Institute for Icelandic Studies</distributor>
        <address>
          <addrLine xml:lang="is">Árnagarður við Suðurgötu, 107 Reykjavík, Íslandi</addrLine>
          <addrLine xml:lang="en">Árnagarður Suðurgata, 107 Reykjavik, Iceland</addrLine>
          <addrLine>
            <email>arnastofnun@arnastofnun.is</email>
          </addrLine>
        </address>
        <idno type="risam">R-33-4852768</idno>
        <availability>
          <p xml:lang="is">Þessi texti er til notkunar í málrannsóknum og máltækniverkefnum um allan heim með CC-BY leyfi</p>
          <p xml:lang="en">This text is available for use in language research and language technology projects world wide with CC-BY licence.</p>
        </availability>
        <date>2020-05-27</date>
      </publicationStmt>
      <sourceDesc>
        <biblStruct>
          <analytic>
            <title>
              <title type="main">Iðnaðarnám (40. mál)</title>
            </title>
            <author>
             <persName>Guðrún Lárusdóttir</persName>
             <note type="gender">F</note>
             <note type="age">55</note>
             <note type="url">http://althingi.is/altext/cv/is/?nfaerslunr=203</note>
             <note type="political_party">Sjálfstæðisflokkur</note>
             <note type="constituency">landskjörinn alþingismaður (LA)</note>
             <note type="role">Alþingismaður</note>
            </author>
            <date when="1935-12-18">18.12. 1935</date>
          </analytic>
          <monogr>
            <title>althingi.is</title>
            <imprint>
              <publisher>Alþingi</publisher>
            </imprint>
            <biblScope>
             <ref>http://althingi.is/altext/raeda/?lthing=49&amp;rnr=2664</ref>
            </biblScope>
          </monogr>
        </biblStruct>
      </sourceDesc>
    </fileDesc>
    <encodingDesc>
      <projectDesc>
        <p xml:lang="is">Sjá lýsingu á verkefninu í rmh2Hdr.xml.</p>
        <p xml:lang="en">See description of project in rmh2Hdr.xml.</p>
      </projectDesc>
      <tagsDecl>
        <namespace name="http://www.tei-c.org/ns/1.0">
          <tagUsage gi="text" occurs="1"/>
          <tagUsage gi="body" occurs="1"/>
          <tagUsage gi="div1" occurs="1"/>
          <tagUsage gi="p" occurs="2"/>
          <tagUsage gi="s" occurs="6"/>
          <tagUsage gi="w" occurs="116"/>
          <tagUsage gi="c" occurs="0"/>
        </namespace>
      </tagsDecl>
    </encodingDesc>
  </teiHeader>
  <text>
    <body>
      <div1>
        <p n="1">
          <s n="1">
            <w lemma="Guðrún" type="nven-s">Guðrún</w>
            <w lemma="Lárusdóttir" type="nven-s">Lárusdóttir</w>
            <w lemma=":" type="pa">:</w>
          </s>
        </p>
        <p n="2">
          <s n="1">
            <w lemma="ég" type="fp1en">Ég</w>
            <w lemma="skulu" type="sfg1en">skal</w>
            <w lemma="ekki" type="aa">ekki</w>
            <w lemma="tefja" type="sng">tefja</w>
            <w lemma="fyrir" type="af">fyrir</w>
            <w lemma="hv." type="ks">hv.</w>
            <w lemma="d." type="x">d.</w>
            <w lemma="með" type="af">með</w>
            <w lemma="karp" type="nheþ">karpi</w>
            <w lemma="um" type="af">um</w>
            <w lemma="mál" type="nheog">málið</w>
            <w lemma="." type="pl">.</w>
          </s>
          <s n="2">
            <w lemma="það" type="fphen">Það</w>
            <w lemma="liggja" type="sfg3en">liggur</w>
            <w lemma="ljós" type="lhensf">ljóst</w>
            <w lemma="fyrir" type="aa">fyrir</w>
            <w lemma="," type="pk">,</w>
            <w lemma="viðvíkjandi" type="lhfþof">viðvíkjandi</w>
            <w lemma="áhald" type="nhfþ">áhöldum</w>
            <w lemma="og" type="c">og</w>
            <w lemma="bók" type="nvfþ">bókum</w>
            <w lemma="vilja" type="sfg1en">vil</w>
            <w lemma="ég" type="fp1en">ég</w>
            <w lemma="segja" type="sng">segja</w>
            <w lemma="það" type="fpheo">það</w>
            <w lemma="," type="pk">,</w>
            <w lemma="að" type="c">að</w>
            <w lemma="allur" type="foven">öll</w>
            <w lemma="sanngirni" type="nven">sanngirni</w>
            <w lemma="virða" type="sfm3en">virðist</w>
            <w lemma="mæla" type="sng">mæla</w>
            <w lemma="með" type="af">með</w>
            <w lemma="það" type="fpheþ">því</w>
            <w lemma="," type="pk">,</w>
            <w lemma="að" type="c">að</w>
            <w lemma="nemandi" type="nkfn">nemendur</w>
            <w lemma="kosta" type="svg3fn">kosti</w>
            <w lemma="það" type="fpheo">það</w>
            <w lemma="sjálfur" type="fbkfn">sjálfir</w>
            <w lemma="," type="pk">,</w>
            <w lemma="jafnt" type="aa">jafnt</w>
            <w lemma="í" type="af">í</w>
            <w lemma="iðnskóli" type="nkeþ">iðnskóla</w>
            <w lemma="sem" type="ct">sem</w>
            <w lemma="í" type="af">í</w>
            <w lemma="annar" type="fokfþ">öðrum</w>
            <w lemma="skóli" type="nkfþ">skólum</w>
            <w lemma="." type="pl">.</w>
          </s>
          <s n="3">
            <w lemma="ég" type="fp1eþ">Mér</w>
            <w lemma="vera" type="sfg3en">er</w>
            <w lemma="segja" type="sþghen">sagt</w>
            <w lemma="," type="pk">,</w>
            <w lemma="að" type="c">að</w>
            <w lemma="í" type="af">í</w>
            <w lemma="iðnskóli" type="nkeþg">iðnskólanum</w>
            <w lemma="vera" type="svg3fn">séu</w>
            <w lemma="um" type="aa">um</w>
            <w lemma="200" type="ta">200</w>
            <w lemma="nemandi" type="nkfn">nemendur</w>
            <w lemma="," type="pk">,</w>
            <w lemma="og" type="c">og</w>
            <w lemma="að" type="c">að</w>
            <w lemma="bók" type="nvfn">bækur</w>
            <w lemma="og" type="c">og</w>
            <w lemma="áhald" type="nhfn">áhöld</w>
            <w lemma="munu" type="svg3fn">muni</w>
            <w lemma="kosta" type="sng">kosta</w>
            <w lemma="um" type="aa">um</w>
            <w lemma="40" type="ta">40</w>
            <w lemma="–" type="ks">–</w>
            <w lemma="50" type="ta">50</w>
            <w lemma="kr." type="ks">kr.</w>
            <w lemma="handa" type="af">handa</w>
            <w lemma="hver" type="fokeþ">hverjum</w>
            <w lemma="það" type="fphfe">þeirra</w>
            <w lemma="." type="pl">.</w>
          </s>
          <s n="4">
            <w lemma="þegar" type="c">Þegar</w>
            <w lemma="þessi" type="fahfþ">þessum</w>
            <w lemma="útgjöld" type="nhfþ">útgjöldum</w>
            <w lemma="vera" type="sfg3en">er</w>
            <w lemma="bæta" type="sþghen">bætt</w>
            <w lemma="á" type="af">á</w>
            <w lemma="fár" type="lkfosf">fáa</w>
            <w lemma="," type="pk">,</w>
            <w lemma="verða" type="sfg3fn">verða</w>
            <w lemma="sá" type="fahfn">þau</w>
            <w lemma="tilfinnanlegur" type="lhfnsf">tilfinnanleg</w>
            <w lemma="," type="pk">,</w>
            <w lemma="sem" type="ct">sem</w>
            <w lemma="það" type="fphfn">þau</w>
            <w lemma="vera" type="sfg3fn">eru</w>
            <w lemma="ekki" type="aa">ekki</w>
            <w lemma="," type="pk">,</w>
            <w lemma="ef" type="c">ef</w>
            <w lemma="hver" type="foken">hver</w>
            <w lemma="einstakur" type="lkensf">einstakur</w>
            <w lemma="greiða" type="sfg3en">greiðir</w>
            <w lemma="fyrir" type="af">fyrir</w>
            <w lemma="sig" type="fpheo">sig</w>
            <w lemma="." type="pl">.</w>
          </s>
          <s n="5">
            <w lemma="það" type="fphee">Þess</w>
            <w lemma="vegna" type="af">vegna</w>
            <w lemma="álíta" type="sfg1en">álít</w>
            <w lemma="ég" type="fp1en">ég</w>
            <w lemma="það" type="fpheo">það</w>
            <w lemma="réttur" type="lveosf">rétta</w>
            <w lemma="leið" type="nveo">leið</w>
            <w lemma="," type="pk">,</w>
            <w lemma="sem" type="ct">sem</w>
            <w lemma="meistari" type="nkfn">meistarar</w>
            <w lemma="vilja" type="sfg3fn">vilja</w>
            <w lemma="fara" type="sng">fara</w>
            <w lemma="." type="pl">.</w>
          </s>
        </p>
      </div1>
    </body>
  </text>
</TEI>
