<?xml version="1.0" encoding="UTF-8"?>
<TEI xmlns="http://www.tei-c.org/ns/1.0" xml:id="R-33-4491523" xml:lang="is">
  <teiHeader>
    <fileDesc>
      <titleStmt>
        <title>
          <title type="main">Bráðabirgðatekjuöflun til ríkissjóðs (192. mál)</title>
        </title>
        <respStmt>
          <resp xml:lang="is">Söfnun og úrvinnsla texta</resp>
          <resp xml:lang="en">Collection and processing of text</resp>
          <name xml:lang="is">Stofnun Árna Magnússonar í íslenskum fræðum</name>
          <name xml:lang="en">The Arni Magnusson Institute for Icelandic Studies</name>
        </respStmt>
      </titleStmt>
      <editionStmt>
        <p xml:lang="is">Málheild: Ræður frá Alþingi Íslendinga (2020.06)</p>
        <p xml:lang="en">Corpus: Speeches from The Parliament of Iceland (2020.06)</p>
      </editionStmt>
      <publicationStmt>
        <distributor xml:lang="is">Stofnun Árna Magnússonar í íslenskum fræðum</distributor>
        <distributor xml:lang="en">The Arni Magnusson Institute for Icelandic Studies</distributor>
        <address>
          <addrLine xml:lang="is">Árnagarður við Suðurgötu, 107 Reykjavík, Íslandi</addrLine>
          <addrLine xml:lang="en">Árnagarður Suðurgata, 107 Reykjavik, Iceland</addrLine>
          <addrLine>
            <email>arnastofnun@arnastofnun.is</email>
          </addrLine>
        </address>
        <idno type="risam">R-33-4491523</idno>
        <availability>
          <p xml:lang="is">Þessi texti er til notkunar í málrannsóknum og máltækniverkefnum um allan heim með CC-BY leyfi</p>
          <p xml:lang="en">This text is available for use in language research and language technology projects world wide with CC-BY licence.</p>
        </availability>
        <date>2020-05-27</date>
      </publicationStmt>
      <sourceDesc>
        <biblStruct>
          <analytic>
            <title>
              <title type="main">Bráðabirgðatekjuöflun til ríkissjóðs (192. mál)</title>
            </title>
            <author>
             <persName>Guðrún Lárusdóttir</persName>
             <note type="gender">F</note>
             <note type="age">55</note>
             <note type="url">http://althingi.is/altext/cv/is/?nfaerslunr=203</note>
             <note type="political_party">Sjálfstæðisflokkur</note>
             <note type="constituency">landskjörinn alþingismaður (LA)</note>
             <note type="role">Alþingismaður</note>
            </author>
            <date when="1935-12-05">05.12. 1935</date>
          </analytic>
          <monogr>
            <title>althingi.is</title>
            <imprint>
              <publisher>Alþingi</publisher>
            </imprint>
            <biblScope>
             <ref>http://althingi.is/altext/raeda/?lthing=49&amp;rnr=2806</ref>
            </biblScope>
          </monogr>
        </biblStruct>
      </sourceDesc>
    </fileDesc>
    <encodingDesc>
      <projectDesc>
        <p xml:lang="is">Sjá lýsingu á verkefninu í rmh2Hdr.xml.</p>
        <p xml:lang="en">See description of project in rmh2Hdr.xml.</p>
      </projectDesc>
      <tagsDecl>
        <namespace name="http://www.tei-c.org/ns/1.0">
          <tagUsage gi="text" occurs="1"/>
          <tagUsage gi="body" occurs="1"/>
          <tagUsage gi="div1" occurs="1"/>
          <tagUsage gi="p" occurs="2"/>
          <tagUsage gi="s" occurs="29"/>
          <tagUsage gi="w" occurs="644"/>
          <tagUsage gi="c" occurs="0"/>
        </namespace>
      </tagsDecl>
    </encodingDesc>
  </teiHeader>
  <text>
    <body>
      <div1>
        <p n="1">
          <s n="1">
            <w lemma="Guðrún" type="nven-s">Guðrún</w>
            <w lemma="Lárusdóttir" type="nven-s">Lárusdóttir</w>
            <w lemma=":" type="pa">:</w>
            <w lemma="Hæstv." type="ks">Hæstv.</w>
            <w lemma="fjmrh." type="kt">fjmrh.</w>
            <w lemma="fara" type="sfg3eþ">fór</w>
            <w lemma="mjög" type="aa">mjög</w>
            <w lemma="hógvær" type="lhfþsf">hógværum</w>
            <w lemma="orð" type="nhfþ">orðum</w>
            <w lemma="um" type="af">um</w>
            <w lemma="brttur" type="nkeo">brtt</w>
            <w lemma="." type="pl">.</w>
          </s>
          <s n="2">
            <w lemma="minn" type="fevfn">mínar</w>
            <w lemma="," type="pk">,</w>
            <w lemma="þó" type="aa">þó</w>
            <w lemma="hann" type="fpken">hann</w>
            <w lemma="vilja" type="sfg3eþ">vildi</w>
            <w lemma="hún" type="fpvfo">þær</w>
            <w lemma="margur" type="lvfose">flestar</w>
            <w lemma="feigur" type="lvfosf">feigar</w>
            <w lemma="," type="pk">,</w>
            <w lemma="eins" type="aa">eins</w>
            <w lemma="og" type="c">og</w>
            <w lemma="ég" type="fp1en">ég</w>
            <w lemma="geta" type="sfg1eþ">gat</w>
            <w lemma="búizt" type="sþmhen">búizt</w>
            <w lemma="við" type="aa">við</w>
            <w lemma="." type="pl">.</w>
          </s>
          <s n="3">
            <w lemma="en" type="c">En</w>
            <w lemma="ég" type="fp1eþ">mér</w>
            <w lemma="finna" type="sfm3eþ">fannst</w>
            <w lemma="," type="pk">,</w>
            <w lemma="að" type="c">að</w>
            <w lemma="það" type="fphen">það</w>
            <w lemma="byggja" type="svg3en">byggi</w>
            <w lemma="í" type="af">í</w>
            <w lemma="orð" type="nhfþ">orðum</w>
            <w lemma="hann" type="fpkee">hans</w>
            <w lemma="hlýr" type="lkensf">hlýr</w>
            <w lemma="hugur" type="nken">hugur</w>
            <w lemma="til" type="af">til</w>
            <w lemma="það" type="fphfe">þeirra</w>
            <w lemma="og" type="c">og</w>
            <w lemma="að" type="c">að</w>
            <w lemma="hann" type="fpken">hann</w>
            <w lemma="hafa" type="svg3eþ">hefði</w>
            <w lemma="enginn" type="foheo">ekkert</w>
            <w lemma="góður" type="lveosf">góða</w>
            <w lemma="samvizka" type="nveo">samvizku</w>
            <w lemma="af" type="af">af</w>
            <w lemma="aukatollur" type="nkeþg">aukatollinum</w>
            <w lemma="," type="pk">,</w>
            <w lemma="sem" type="ct">sem</w>
            <w lemma="nú" type="aa">nú</w>
            <w lemma="eiga" type="sfg3en">á</w>
            <w lemma="að" type="cn">að</w>
            <w lemma="demba" type="sng">demba</w>
            <w lemma="á" type="aa">á</w>
            <w lemma="," type="pk">,</w>
            <w lemma="á" type="af">á</w>
            <w lemma="þessi" type="fahfþ">þessum</w>
            <w lemma="vandræðatími" type="nkfþ">vandræðatímum</w>
            <w lemma="." type="pl">.</w>
          </s>
          <s n="4">
            <w lemma="hann" type="fpken">Hann</w>
            <w lemma="segja" type="sfg3eþ">sagði</w>
            <w lemma="," type="pk">,</w>
            <w lemma="að" type="c">að</w>
            <w lemma="lítill" type="lhensf">lítið</w>
            <w lemma="vera" type="svg3eþ">væri</w>
            <w lemma="kaupa" type="sþghen">keypt</w>
            <w lemma="af" type="af">af</w>
            <w lemma="hreinlætisvara" type="nvfþ">hreinlætisvörum</w>
            <w lemma="," type="pk">,</w>
            <w lemma="en" type="c">en</w>
            <w lemma="ég" type="fp1en">ég</w>
            <w lemma="vilja" type="sfg1en">vil</w>
            <w lemma="ekki" type="aa">ekki</w>
            <w lemma="samþ." type="ks">samþ.</w>
            <w lemma="það" type="fpheo">það</w>
            <w lemma="," type="pk">,</w>
            <w lemma="og" type="c">og</w>
            <w lemma="allur" type="fokfe">allra</w>
            <w lemma="sízt" type="aae">sízt</w>
            <w lemma="," type="pk">,</w>
            <w lemma="að" type="c">að</w>
            <w lemma="lítill" type="lhensf">lítið</w>
            <w lemma="vera" type="svg3en">sé</w>
            <w lemma="kaupa" type="sþghen">keypt</w>
            <w lemma="af" type="af">af</w>
            <w lemma="útlendur" type="lvfþsf">útlendum</w>
            <w lemma="hreinlætisvara" type="nvfþ">hreinlætisvörum</w>
            <w lemma="," type="pk">,</w>
            <w lemma="það" type="fpheþ">því</w>
            <w lemma="hún" type="fpvfn">þær</w>
            <w lemma="bera" type="sfg3fn">bera</w>
            <w lemma="ómótmælanlegur" type="lkfosf">ómótmælanlega</w>
            <w lemma="mikill" type="lheosf">mikið</w>
            <w lemma="af" type="af">af</w>
            <w lemma="sá" type="fakfþ">þeim</w>
            <w lemma="innlendur" type="lkfþvf">innlendu</w>
            <w lemma="," type="pk">,</w>
            <w lemma="og" type="c">og</w>
            <w lemma="allur" type="fokfn">allir</w>
            <w lemma="vilja" type="sfg3fn">vilja</w>
            <w lemma="kaupa" type="sng">kaupa</w>
            <w lemma="sá" type="faveo">þá</w>
            <w lemma="vara" type="nveo">vöru</w>
            <w lemma="," type="pk">,</w>
            <w lemma="sem" type="ct">sem</w>
            <w lemma="hann" type="fpkfn">þeir</w>
            <w lemma="álíta" type="sfg3fn">álíta</w>
            <w lemma="bezta" type="lheove">bezta</w>
            <w lemma="." type="pl">.</w>
          </s>
          <s n="5">
            <w lemma="það" type="fphen">Það</w>
            <w lemma="vera" type="sfg3en">er</w>
            <w lemma="slæmur" type="lhensf">slæmt</w>
            <w lemma="," type="pk">,</w>
            <w lemma="ef" type="c">ef</w>
            <w lemma="beztu" type="lvfnve">beztu</w>
            <w lemma="vara" type="nvfng">vörurnar</w>
            <w lemma="hækka" type="sfg3fn">hækka</w>
            <w lemma="svo" type="aa">svo</w>
            <w lemma="í" type="af">í</w>
            <w lemma="verð" type="nheþ">verði</w>
            <w lemma="," type="pk">,</w>
            <w lemma="að" type="c">að</w>
            <w lemma="fólk" type="nhen">fólk</w>
            <w lemma="geta" type="sfg3en">getur</w>
            <w lemma="ekki" type="aa">ekki</w>
            <w lemma="kaupa" type="sþghen">keypt</w>
            <w lemma="hún" type="fpvfo">þær</w>
            <w lemma="." type="pl">.</w>
          </s>
          <s n="6">
            <w lemma="hann" type="fpken">Hann</w>
            <w lemma="segja" type="sfg3eþ">sagði</w>
            <w lemma="," type="pk">,</w>
            <w lemma="að" type="c">að</w>
            <w lemma="innlendur" type="lhfnsf">innlend</w>
            <w lemma="fæðuefni" type="nhfn">fæðuefni</w>
            <w lemma="geta" type="svg3fþ">gætu</w>
            <w lemma="koma" type="sþghen">komið</w>
            <w lemma="í" type="af">í</w>
            <w lemma="staður" type="nkeog">staðinn</w>
            <w lemma="fyrir" type="af">fyrir</w>
            <w lemma="kaffi" type="nheo">kaffi</w>
            <w lemma="og" type="c">og</w>
            <w lemma="sykur" type="nkeo">sykur</w>
            <w lemma="." type="pl">.</w>
          </s>
          <s n="7">
            <w lemma="ég" type="fp1en">Ég</w>
            <w lemma="gleðja" type="sfm1en">gleðst</w>
            <w lemma="af" type="af">af</w>
            <w lemma="það" type="fpheþ">því</w>
            <w lemma="," type="pk">,</w>
            <w lemma="ef" type="c">ef</w>
            <w lemma="hann" type="fpken">hann</w>
            <w lemma="gera" type="sfg3en">gerir</w>
            <w lemma="mjólk" type="nveog">mjólkina</w>
            <w lemma="," type="pk">,</w>
            <w lemma="með" type="af">með</w>
            <w lemma="sinn" type="fehfþ">sínum</w>
            <w lemma="sykurefni" type="nhfþ">sykurefnum</w>
            <w lemma="," type="pk">,</w>
            <w lemma="svo" type="aa">svo</w>
            <w lemma="ódýr" type="lveosf">ódýra</w>
            <w lemma="," type="pk">,</w>
            <w lemma="að" type="c">að</w>
            <w lemma="almenningur" type="nken">almenningur</w>
            <w lemma="geta" type="svg3en">geti</w>
            <w lemma="veita" type="sþghen">veitt</w>
            <w lemma="sig" type="fpkeþ">sér</w>
            <w lemma="hún" type="fpveo">hana</w>
            <w lemma="." type="pl">.</w>
          </s>
          <s n="8">
            <w lemma="það" type="fpheþ">Því</w>
            <w lemma="lítt" type="aam">miður</w>
            <w lemma="haga" type="sfg3en">hagar</w>
            <w lemma="svo" type="aa">svo</w>
            <w lemma="til" type="aa">til</w>
            <w lemma="hér" type="aa">hér</w>
            <w lemma="í" type="af">í</w>
            <w lemma="Reykjavík" type="nveþ-s">Reykjavík</w>
            <w lemma="," type="pk">,</w>
            <w lemma="að" type="c">að</w>
            <w lemma="mjólk" type="nven">mjólk</w>
            <w lemma="vera" type="sfg3en">er</w>
            <w lemma="allur" type="fohen">allt</w>
            <w lemma="of" type="aa">of</w>
            <w lemma="dýr" type="lvensf">dýr</w>
            <w lemma="til" type="af">til</w>
            <w lemma="það" type="fphee">þess</w>
            <w lemma="að" type="c">að</w>
            <w lemma="fólk" type="nhen">fólk</w>
            <w lemma="geta" type="svg3en">geti</w>
            <w lemma="almennt" type="aa">almennt</w>
            <w lemma="veita" type="sþghen">veitt</w>
            <w lemma="sig" type="fpheþ">sér</w>
            <w lemma="hún" type="fpveo">hana</w>
            <w lemma="í" type="af">í</w>
            <w lemma="staður" type="nkeo">stað</w>
            <w lemma="kaffi" type="nhee">kaffis</w>
            <w lemma="og" type="c">og</w>
            <w lemma="vafalaust" type="aa">vafalaust</w>
            <w lemma="verða" type="sfg3en">verður</w>
            <w lemma="það" type="fphee">þess</w>
            <w lemma="langt" type="aa">langt</w>
            <w lemma="að" type="cn">að</w>
            <w lemma="bíða" type="sng">bíða</w>
            <w lemma="," type="pk">,</w>
            <w lemma="að" type="c">að</w>
            <w lemma="svo" type="aa">svo</w>
            <w lemma="verða" type="svg3en">verði</w>
            <w lemma="." type="pl">.</w>
          </s>
          <s n="9">
            <w lemma="Ráðh." type="kt">Ráðh.</w>
            <w lemma="vera" type="sfg3eþ">var</w>
            <w lemma="þá" type="aa">þá</w>
            <w lemma="ekki" type="aa">ekki</w>
            <w lemma="gjarnan" type="aam">heldur</w>
            <w lemma="alveg" type="aa">alveg</w>
            <w lemma="á" type="af">á</w>
            <w lemma="það" type="fpheþ">því</w>
            <w lemma="að" type="cn">að</w>
            <w lemma="rýmka" type="sng">rýmka</w>
            <w lemma="til" type="aa">til</w>
            <w lemma="um" type="af">um</w>
            <w lemma="tollur" type="nkeog">tollinn</w>
            <w lemma="á" type="af">á</w>
            <w lemma="fatnaður" type="nkeþg">fatnaðinum</w>
            <w lemma="." type="pl">.</w>
          </s>
          <s n="10">
            <w lemma="það" type="fphen">Það</w>
            <w lemma="skulu" type="sfg3en">skal</w>
            <w lemma="játa" type="sþghen">játað</w>
            <w lemma="," type="pk">,</w>
            <w lemma="að" type="c">að</w>
            <w lemma="það" type="fphen">það</w>
            <w lemma="vera" type="sfg3en">er</w>
            <w lemma="leiður" type="lhensf">leitt</w>
            <w lemma="að" type="c">að</w>
            <w lemma="íslenzkur" type="lvenvf">íslenzka</w>
            <w lemma="þjóð" type="nveng">þjóðin</w>
            <w lemma="skulu" type="svg3en">skuli</w>
            <w lemma="ekki" type="aa">ekki</w>
            <w lemma="geta" type="sng">geta</w>
            <w lemma="vinna" type="sþghen">unnið</w>
            <w lemma="í" type="aa">í</w>
            <w lemma="og" type="c">og</w>
            <w lemma="sauma" type="sþghen">saumað</w>
            <w lemma="sjálfur" type="fbven">sjálf</w>
            <w lemma="sá" type="fakeo">þann</w>
            <w lemma="fatnaður" type="nkeo">fatnað</w>
            <w lemma="," type="pk">,</w>
            <w lemma="sem" type="ct">sem</w>
            <w lemma="hún" type="fpven">hún</w>
            <w lemma="þurfa" type="sfg3en">þarf</w>
            <w lemma="að" type="cn">að</w>
            <w lemma="nota" type="sng">nota</w>
            <w lemma="." type="pl">.</w>
          </s>
          <s n="11">
            <w lemma="en" type="c">En</w>
            <w lemma="nú" type="aa">nú</w>
            <w lemma="í" type="af">í</w>
            <w lemma="áratugur" type="nkfo">áratugi</w>
            <w lemma="hafa" type="sfg3en">hefir</w>
            <w lemma="vera" type="sþghen">verið</w>
            <w lemma="flytja" type="sþgken">fluttur</w>
            <w lemma="inn" type="aa">inn</w>
            <w lemma="fatnaður" type="nken">fatnaður</w>
            <w lemma="til" type="af">til</w>
            <w lemma="notkun" type="nvee">notkunar</w>
            <w lemma="inni" type="aae">innst</w>
            <w lemma="sem" type="c">sem</w>
            <w lemma="yzt" type="aae">yzt</w>
            <w lemma="," type="pk">,</w>
            <w lemma="og" type="c">og</w>
            <w lemma="hinn" type="faken">hinn</w>
            <w lemma="létta" type="sfg3eþ">létti</w>
            <w lemma="," type="pk">,</w>
            <w lemma="mjúkur" type="lkenvf">mjúki</w>
            <w lemma="útlendur" type="lkenvf">útlendi</w>
            <w lemma="nærfatnaður" type="nken">nærfatnaður</w>
            <w lemma="hafa" type="sfg3en">hefir</w>
            <w lemma="ná" type="sþghen">náð</w>
            <w lemma="sá" type="favfþ">þeim</w>
            <w lemma="vinsæld" type="nvfþ">vinsældum</w>
            <w lemma="," type="pk">,</w>
            <w lemma="að" type="c">að</w>
            <w lemma="ungur" type="lvenvm">yngri</w>
            <w lemma="kynslóð" type="nveng">kynslóðin</w>
            <w lemma="vera" type="sfg3en">er</w>
            <w lemma="verða" type="sþgven">orðin</w>
            <w lemma="alveg" type="aa">alveg</w>
            <w lemma="afvanur" type="lvensf">afvön</w>
            <w lemma="prjónaföt" type="nhfþg">prjónafötunum</w>
            <w lemma="," type="pk">,</w>
            <w lemma="og" type="c">og</w>
            <w lemma="munu" type="sfg3en">mun</w>
            <w lemma="eflaust" type="aa">eflaust</w>
            <w lemma="eiga" type="sng">eiga</w>
            <w lemma="mjög" type="aa">mjög</w>
            <w lemma="erfiður" type="lheosf">erfitt</w>
            <w lemma="með" type="af">með</w>
            <w lemma="að" type="cn">að</w>
            <w lemma="sætta" type="sng">sætta</w>
            <w lemma="sig" type="fpheo">sig</w>
            <w lemma="við" type="af">við</w>
            <w lemma="það" type="fphfo">þau</w>
            <w lemma="." type="pl">.</w>
          </s>
          <s n="12">
            <w lemma="auk" type="af">Auk</w>
            <w lemma="það" type="fphee">þess</w>
            <w lemma="mega" type="sfg3en">má</w>
            <w lemma="benda" type="sng">benda</w>
            <w lemma="á" type="af">á</w>
            <w lemma="það" type="fpheo">það</w>
            <w lemma="," type="pk">,</w>
            <w lemma="að" type="c">að</w>
            <w lemma="útlendur" type="lkenvf">útlendi</w>
            <w lemma="nærfatnaður" type="nkeng">nærfatnaðurinn</w>
            <w lemma="vera" type="sfg3en">er</w>
            <w lemma="helmingur" type="nkeþ">helmingi</w>
            <w lemma="ódýr" type="lkenvm">ódýrari</w>
            <w lemma="en" type="c">en</w>
            <w lemma="hinn" type="gken">hinn</w>
            <w lemma="innlendur" type="lkenvf">innlendi</w>
            <w lemma="," type="pk">,</w>
            <w lemma="sem" type="ct">sem</w>
            <w lemma="ég" type="fp1en">ég</w>
            <w lemma="skulu" type="sfg1en">skal</w>
            <w lemma="þó" type="aa">þó</w>
            <w lemma="játa" type="sng">játa</w>
            <w lemma="," type="pk">,</w>
            <w lemma="að" type="c">að</w>
            <w lemma="vera" type="sfg3en">er</w>
            <w lemma="mikill" type="lheþsf">miklu</w>
            <w lemma="vænn" type="lkenvm">vænni</w>
            <w lemma="." type="pl">.</w>
          </s>
          <s n="13">
            <w lemma="það" type="fphen">Það</w>
            <w lemma="vera" type="svg3eþ">væri</w>
            <w lemma="æskilegur" type="lhensf">æskilegt</w>
            <w lemma="," type="pk">,</w>
            <w lemma="að" type="c">að</w>
            <w lemma="ég" type="fp1fþ">okkur</w>
            <w lemma="taka" type="svm3eþ">tækist</w>
            <w lemma="að" type="cn">að</w>
            <w lemma="gera" type="sng">gera</w>
            <w lemma="þessi" type="faveo">þessa</w>
            <w lemma="vara" type="nveo">vöru</w>
            <w lemma="samkeppnisfær" type="lveosf">samkeppnisfæra</w>
            <w lemma="," type="pk">,</w>
            <w lemma="en" type="c">en</w>
            <w lemma="eins" type="aa">eins</w>
            <w lemma="og" type="c">og</w>
            <w lemma="standa" type="sfg3en">stendur</w>
            <w lemma="vera" type="sfg3en">er</w>
            <w lemma="hún" type="fpven">hún</w>
            <w lemma="allur" type="fohen">allt</w>
            <w lemma="of" type="aa">of</w>
            <w lemma="dýr" type="lvensf">dýr</w>
            <w lemma="," type="pk">,</w>
            <w lemma="jafnvel" type="aa">jafnvel</w>
            <w lemma="þótt" type="c">þótt</w>
            <w lemma="fólk" type="nhen">fólk</w>
            <w lemma="sæta" type="svg3eþ">sætti</w>
            <w lemma="sig" type="fpheo">sig</w>
            <w lemma="við" type="af">við</w>
            <w lemma="hún" type="fpveo">hana</w>
            <w lemma="að" type="af">að</w>
            <w lemma="annar" type="foheþ">öðru</w>
            <w lemma="leyti" type="nheþ">leyti</w>
            <w lemma="." type="pl">.</w>
          </s>
        </p>
        <p n="2">
          <s n="1">
            <w lemma="um" type="af">Um</w>
            <w lemma="skófatnaður" type="nkeog">skófatnaðinn</w>
            <w lemma="segja" type="sfg3eþ">sagði</w>
            <w lemma="hæstv." type="kt">hæstv.</w>
            <w lemma="ráðh." type="ks">ráðh.</w>
            <w lemma="," type="pk">,</w>
            <w lemma="að" type="c">að</w>
            <w lemma="fátækur" type="lhenvf">fátæka</w>
            <w lemma="fólk" type="nheng">fólkið</w>
            <w lemma="nota" type="svg3eþ">notaði</w>
            <w lemma="nær" type="aa">nær</w>
            <w lemma="eingöngu" type="aa">eingöngu</w>
            <w lemma="gúmmískór" type="nkfo">gúmmískó</w>
            <w lemma="." type="pl">.</w>
          </s>
          <s n="2">
            <w lemma="þessi" type="fahen">Þetta</w>
            <w lemma="vera" type="sfg3en">er</w>
            <w lemma="hinn" type="gven">hin</w>
            <w lemma="mikill" type="lvenve">mesta</w>
            <w lemma="fjarstæða" type="nven">fjarstæða</w>
            <w lemma="," type="pk">,</w>
            <w lemma="sem" type="ct">sem</w>
            <w lemma="vel" type="aam">betur</w>
            <w lemma="fara" type="sfg3en">fer</w>
            <w lemma="," type="pk">,</w>
            <w lemma="það" type="fpheþ">því</w>
            <w lemma="að" type="c">að</w>
            <w lemma="gúmmískófatnaður" type="nken">gúmmískófatnaður</w>
            <w lemma="vera" type="sfg3en">er</w>
            <w lemma="af" type="af">af</w>
            <w lemma="allur" type="fokfþ">öllum</w>
            <w lemma="viðurkenndur" type="lkensf">viðurkenndur</w>
            <w lemma="að" type="cn">að</w>
            <w lemma="vera" type="sng">vera</w>
            <w lemma="óhollur" type="lkense">óhollastur</w>
            <w lemma="af" type="af">af</w>
            <w lemma="allur" type="fokeþ">öllum</w>
            <w lemma="skófatnaður" type="nkeþ">skófatnaði</w>
            <w lemma="." type="pl">.</w>
          </s>
          <s n="3">
            <w lemma="seint" type="aae">Seinast</w>
            <w lemma="í" type="af">í</w>
            <w lemma="dagur" type="nkeo">dag</w>
            <w lemma="koma" type="sfg3eþ">kom</w>
            <w lemma="kona" type="nven">kona</w>
            <w lemma="til" type="af">til</w>
            <w lemma="ég" type="fp1ee">mín</w>
            <w lemma="," type="pk">,</w>
            <w lemma="sem" type="ct">sem</w>
            <w lemma="segja" type="sfg3eþ">sagði</w>
            <w lemma="ég" type="fp1eþ">mér</w>
            <w lemma="," type="pk">,</w>
            <w lemma="að" type="c">að</w>
            <w lemma="barn" type="nheng">barnið</w>
            <w lemma="sinn" type="fehen">sitt</w>
            <w lemma="þola" type="svg3eþ">þyldi</w>
            <w lemma="ekki" type="aa">ekki</w>
            <w lemma="að" type="cn">að</w>
            <w lemma="ganga" type="sng">ganga</w>
            <w lemma="á" type="af">á</w>
            <w lemma="gúmmískór" type="nkfþ">gúmmískóm</w>
            <w lemma="og" type="c">og</w>
            <w lemma="þurfa" type="svg3eþ">þyrfti</w>
            <w lemma="að" type="cn">að</w>
            <w lemma="fá" type="sng">fá</w>
            <w lemma="annar" type="foveo">aðra</w>
            <w lemma="tegund" type="nveo">tegund</w>
            <w lemma="skófatnaður" type="nkee">skófatnaðar</w>
            <w lemma="." type="pl">.</w>
          </s>
          <s n="4">
            <w lemma="læknir" type="nkfn">Læknar</w>
            <w lemma="viðurkenna" type="sfg3fn">viðurkenna</w>
            <w lemma="allur" type="fokfn">allir</w>
            <w lemma="óhollusta" type="nveo">óhollustu</w>
            <w lemma="þessi" type="fakee">þessa</w>
            <w lemma="skófatnaður" type="nkee">skófatnaðar</w>
            <w lemma="," type="pk">,</w>
            <w lemma="og" type="c">og</w>
            <w lemma="sumur" type="fokfn">sumir</w>
            <w lemma="halda" type="sfg3fn">halda</w>
            <w lemma="það" type="fpheþ">því</w>
            <w lemma="jafnvel" type="aa">jafnvel</w>
            <w lemma="fram" type="aa">fram</w>
            <w lemma="," type="pk">,</w>
            <w lemma="að" type="c">að</w>
            <w lemma="notkun" type="nven">notkun</w>
            <w lemma="hann" type="fpkee">hans</w>
            <w lemma="spilla" type="svg3en">spilli</w>
            <w lemma="sjón" type="nveþg">sjóninni</w>
            <w lemma="." type="pl">.</w>
          </s>
          <s n="5">
            <w lemma="þótt" type="c">Þótt</w>
            <w lemma="slíkur" type="fbken">slíkur</w>
            <w lemma="skófatnaður" type="nken">skófatnaður</w>
            <w lemma="geta" type="svg3en">geti</w>
            <w lemma="vera" type="sþghen">verið</w>
            <w lemma="góður" type="lkensf">góður</w>
            <w lemma="á" type="af">á</w>
            <w lemma="votengi" type="nhfþ">votengjum</w>
            <w lemma="," type="pk">,</w>
            <w lemma="vera" type="sfg3en">er</w>
            <w lemma="hættulegur" type="lvensf">hættuleg</w>
            <w lemma="fjarstæða" type="nven">fjarstæða</w>
            <w lemma="að" type="cn">að</w>
            <w lemma="ætla" type="sng">ætla</w>
            <w lemma="að" type="cn">að</w>
            <w lemma="þröngva" type="sng">þröngva</w>
            <w lemma="hann" type="fpkeþ">honum</w>
            <w lemma="upp" type="aa">upp</w>
            <w lemma="á" type="af">á</w>
            <w lemma="fólk" type="nheo">fólk</w>
            <w lemma="til" type="af">til</w>
            <w lemma="daglegur" type="lveesf">daglegrar</w>
            <w lemma="notkun" type="nvee">notkunar</w>
            <w lemma="." type="pl">.</w>
          </s>
          <s n="6">
            <w lemma="þegar" type="c">Þegar</w>
            <w lemma="að" type="af">að</w>
            <w lemma="ávöxtur" type="nkfþg">ávöxtunum</w>
            <w lemma="koma" type="sfg3eþ">kom</w>
            <w lemma="," type="pk">,</w>
            <w lemma="segja" type="sfg3eþ">sagði</w>
            <w lemma="hæstv." type="kt">hæstv.</w>
            <w lemma="ráðh." type="kt">ráðh.</w>
            <w lemma="," type="pk">,</w>
            <w lemma="að" type="c">að</w>
            <w lemma="ég" type="fp1fn">við</w>
            <w lemma="hafa" type="svg1fþ">hefðum</w>
            <w lemma="nógur" type="lkfosf">nóga</w>
            <w lemma="ávöxtur" type="nkfo">ávexti</w>
            <w lemma="." type="pl">.</w>
          </s>
          <s n="7">
            <w lemma="ja" type="au">Ja</w>
            <w lemma="," type="pk">,</w>
            <w lemma="hvaða" type="fskfn">hvaða</w>
            <w lemma="ávöxtur" type="nkfn">ávextir</w>
            <w lemma="vera" type="sfg3fn">eru</w>
            <w lemma="það" type="fphen">það</w>
            <w lemma="nú" type="aa">nú</w>
            <w lemma="eiginlega" type="aa">eiginlega</w>
            <w lemma="?" type="pl">?</w>
          </s>
          <s n="8">
            <w lemma="hver" type="fshen">Hvað</w>
            <w lemma="rækja" type="sfg1fþ">ræktum</w>
            <w lemma="ég" type="fp1fn">við</w>
            <w lemma="t" type="x">t</w>
            <w lemma="." type="pl">.</w>
          </s>
          <s n="9">
            <w lemma="d." type="x">d.</w>
            <w lemma="af" type="af">af</w>
            <w lemma="epli" type="nhfþ">eplum</w>
            <w lemma="?" type="pl">?</w>
          </s>
          <s n="10">
            <w lemma="epli" type="nhfn">Epli</w>
            <w lemma="vera" type="sfg3fn">eru</w>
            <w lemma="af" type="af">af</w>
            <w lemma="læknir" type="nkfþ">læknum</w>
            <w lemma="telja" type="sþghfn">talin</w>
            <w lemma="einhver" type="foken">einhver</w>
            <w lemma="hinn" type="gken">hinn</w>
            <w lemma="allur" type="fokfe">allra</w>
            <w lemma="hollur" type="lkenve">hollasti</w>
            <w lemma="ávöxtur" type="nken">ávöxtur</w>
            <w lemma="," type="pk">,</w>
            <w lemma="og" type="c">og</w>
            <w lemma="hann" type="fpkfn">þeir</w>
            <w lemma="ráðleggja" type="sfg3fn">ráðleggja</w>
            <w lemma="foreldrar" type="nkfþ">foreldrum</w>
            <w lemma="að" type="cn">að</w>
            <w lemma="láta" type="sng">láta</w>
            <w lemma="barn" type="nhfo">börn</w>
            <w lemma="sinn" type="fehfo">sín</w>
            <w lemma="borða" type="sng">borða</w>
            <w lemma="sem" type="aa">sem</w>
            <w lemma="allur" type="fokfe">allra</w>
            <w lemma="mikill" type="lheose">mest</w>
            <w lemma="af" type="af">af</w>
            <w lemma="hann" type="fpkeþ">honum</w>
            <w lemma="." type="pl">.</w>
          </s>
          <s n="11">
            <w lemma="(" type="pa">(</w>
            <w lemma="Fjmrh." type="ks">Fjmrh.</w>
            <w lemma=":" type="pa">:</w>
            <w lemma="ég" type="fp1en">Ég</w>
            <w lemma="hugsa" type="sfg1en">hugsa</w>
            <w lemma="," type="pk">,</w>
            <w lemma="nú" type="aa">nú</w>
            <w lemma="að" type="c">að</w>
            <w lemma="margur" type="lkfnse">flestir</w>
            <w lemma="verða" type="svg3fn">verði</w>
            <w lemma="nú" type="aa">nú</w>
            <w lemma="samt" type="aa">samt</w>
            <w lemma="að" type="cn">að</w>
            <w lemma="vera" type="sng">vera</w>
            <w lemma="án" type="af">án</w>
            <w lemma="það" type="fphee">þess</w>
            <w lemma=")" type="pa">)</w>
            <w lemma="." type="pl">.</w>
          </s>
          <s n="12">
            <w lemma="já" type="au">Já</w>
            <w lemma="," type="pk">,</w>
            <w lemma="en" type="c">en</w>
            <w lemma="af" type="af">af</w>
            <w lemma="hver" type="fsheþ">hverju</w>
            <w lemma="?" type="pl">?</w>
          </s>
          <s n="13">
            <w lemma="af" type="af">Af</w>
            <w lemma="það" type="fpheþ">því</w>
            <w lemma="," type="pk">,</w>
            <w lemma="að" type="c">að</w>
            <w lemma="epli" type="nhfng">eplin</w>
            <w lemma="vera" type="sfg3fn">eru</w>
            <w lemma="alltof" type="aa">alltof</w>
            <w lemma="dýr" type="lhfnsf">dýr</w>
            <w lemma="." type="pl">.</w>
          </s>
          <s n="14">
            <w lemma="enskur" type="lkensf">Enskur</w>
            <w lemma="læknir" type="nken">læknir</w>
            <w lemma="frægur" type="lkensf">frægur</w>
            <w lemma="hafa" type="sfg3en">hefir</w>
            <w lemma="segja" type="sþghen">sagt</w>
            <w lemma="," type="pk">,</w>
            <w lemma="að" type="c">að</w>
            <w lemma="barn" type="nhfng">börnin</w>
            <w lemma="fá" type="svg3fþ">fengju</w>
            <w lemma="sólskin" type="nheo">sólskin</w>
            <w lemma="úr" type="af">úr</w>
            <w lemma="epli" type="nhfþg">eplunum</w>
            <w lemma="," type="pk">,</w>
            <w lemma="og" type="c">og</w>
            <w lemma="margur" type="lvfnsf">margar</w>
            <w lemma="móðir" type="nvfn">mæður</w>
            <w lemma="hafa" type="sfg3fn">hafa</w>
            <w lemma="segja" type="sþghen">sagt</w>
            <w lemma="ég" type="fp1eþ">mér</w>
            <w lemma="," type="pk">,</w>
            <w lemma="að" type="c">að</w>
            <w lemma="kirtlaveikur" type="lhfnsf">kirtlaveik</w>
            <w lemma="barn" type="nhfn">börn</w>
            <w lemma="hann" type="fpkfe">þeirra</w>
            <w lemma="hafa" type="svg3fn">hafi</w>
            <w lemma="taka" type="sþghen">tekið</w>
            <w lemma="mikill" type="lhfþsf">miklum</w>
            <w lemma="stakkaskipti" type="nhfþ">stakkaskiptum</w>
            <w lemma="eftir" type="af">eftir</w>
            <w lemma="að" type="c">að</w>
            <w lemma="það" type="fphfn">þau</w>
            <w lemma="fara" type="sfg3fþ">fóru</w>
            <w lemma="að" type="cn">að</w>
            <w lemma="borða" type="sng">borða</w>
            <w lemma="epli" type="nheo">epli</w>
            <w lemma="." type="pl">.</w>
          </s>
          <s n="15">
            <w lemma="ég" type="fp1fn">Við</w>
            <w lemma="þurfa" type="sfg1fn">þurfum</w>
            <w lemma="að" type="cn">að</w>
            <w lemma="fá" type="sng">fá</w>
            <w lemma="nógur" type="lheosf">nóg</w>
            <w lemma="af" type="af">af</w>
            <w lemma="góður" type="lkfþsf">góðum</w>
            <w lemma="og" type="c">og</w>
            <w lemma="ódýr" type="lkfþsf">ódýrum</w>
            <w lemma="ávöxtur" type="nkfþ">ávöxtum</w>
            <w lemma="." type="pl">.</w>
          </s>
          <s n="16">
            <w lemma="ég" type="fp1fn">Við</w>
            <w lemma="geta" type="sfg1fn">getum</w>
            <w lemma="ekki" type="aa">ekki</w>
            <w lemma="framleiða" type="sþghen">framleitt</w>
            <w lemma="hann" type="fpkfo">þá</w>
            <w lemma="ennþá" type="aa">ennþá</w>
            <w lemma="," type="pk">,</w>
            <w lemma="en" type="c">en</w>
            <w lemma="þegar" type="c">þegar</w>
            <w lemma="það" type="fphen">það</w>
            <w lemma="verða" type="sfg3en">verður</w>
            <w lemma="," type="pk">,</w>
            <w lemma="skulu" type="sfg1en">skal</w>
            <w lemma="ég" type="fp1en">ég</w>
            <w lemma="greiða" type="sng">greiða</w>
            <w lemma="atkv." type="kt">atkv.</w>
            <w lemma="með" type="af">með</w>
            <w lemma="tollur" type="nkeþ">tolli</w>
            <w lemma="hún" type="fpvfþ">þeim</w>
            <w lemma="," type="pk">,</w>
            <w lemma="sem" type="ct">sem</w>
            <w lemma="hæstv." type="kt">hæstv.</w>
            <w lemma="fjmrh." type="kt">fjmrh.</w>
            <w lemma="vilja" type="sfg3en">vill</w>
            <w lemma="leggja" type="sng">leggja</w>
            <w lemma="á" type="af">á</w>
            <w lemma="aðfluttur" type="lkfosf">aðflutta</w>
            <w lemma="ávöxtur" type="nkfo">ávexti</w>
            <w lemma="." type="pl">.</w>
          </s>
        </p>
      </div1>
    </body>
  </text>
</TEI>
