<?xml version="1.0" encoding="UTF-8"?>
<TEI xmlns="http://www.tei-c.org/ns/1.0" xml:id="R-33-4907635" xml:lang="is">
  <teiHeader>
    <fileDesc>
      <titleStmt>
        <title>
          <title type="main">Stjórnarskrárbreyting (1. mál)</title>
        </title>
        <respStmt>
          <resp xml:lang="is">Söfnun og úrvinnsla texta</resp>
          <resp xml:lang="en">Collection and processing of text</resp>
          <name xml:lang="is">Stofnun Árna Magnússonar í íslenskum fræðum</name>
          <name xml:lang="en">The Arni Magnusson Institute for Icelandic Studies</name>
        </respStmt>
      </titleStmt>
      <editionStmt>
        <p xml:lang="is">Málheild: Ræður frá Alþingi Íslendinga (2020.06)</p>
        <p xml:lang="en">Corpus: Speeches from The Parliament of Iceland (2020.06)</p>
      </editionStmt>
      <publicationStmt>
        <distributor xml:lang="is">Stofnun Árna Magnússonar í íslenskum fræðum</distributor>
        <distributor xml:lang="en">The Arni Magnusson Institute for Icelandic Studies</distributor>
        <address>
          <addrLine xml:lang="is">Árnagarður við Suðurgötu, 107 Reykjavík, Íslandi</addrLine>
          <addrLine xml:lang="en">Árnagarður Suðurgata, 107 Reykjavik, Iceland</addrLine>
          <addrLine>
            <email>arnastofnun@arnastofnun.is</email>
          </addrLine>
        </address>
        <idno type="risam">R-33-4907635</idno>
        <availability>
          <p xml:lang="is">Þessi texti er til notkunar í málrannsóknum og máltækniverkefnum um allan heim með CC-BY leyfi</p>
          <p xml:lang="en">This text is available for use in language research and language technology projects world wide with CC-BY licence.</p>
        </availability>
        <date>2020-05-27</date>
      </publicationStmt>
      <sourceDesc>
        <biblStruct>
          <analytic>
            <title>
              <title type="main">Stjórnarskrárbreyting (1. mál)</title>
            </title>
            <author>
             <persName>Jón Þorkelsson</persName>
             <note type="gender">M</note>
             <note type="age">51</note>
             <note type="url">http://althingi.is/altext/cv/is/?nfaerslunr=342</note>
             <note type="political_party">Sjálfstæðisflokkurinn eldri</note>
             <note type="constituency">Reykvíkinga (Rv)</note>
             <note type="role">Alþingismaður</note>
            </author>
            <date when="1911-02-20">20.02. 1911</date>
          </analytic>
          <monogr>
            <title>althingi.is</title>
            <imprint>
              <publisher>Alþingi</publisher>
            </imprint>
            <biblScope>
             <ref>http://althingi.is/altext/raeda/?lthing=22&amp;rnr=1193</ref>
            </biblScope>
          </monogr>
        </biblStruct>
      </sourceDesc>
    </fileDesc>
    <encodingDesc>
      <projectDesc>
        <p xml:lang="is">Sjá lýsingu á verkefninu í rmh2Hdr.xml.</p>
        <p xml:lang="en">See description of project in rmh2Hdr.xml.</p>
      </projectDesc>
      <tagsDecl>
        <namespace name="http://www.tei-c.org/ns/1.0">
          <tagUsage gi="text" occurs="1"/>
          <tagUsage gi="body" occurs="1"/>
          <tagUsage gi="div1" occurs="1"/>
          <tagUsage gi="p" occurs="12"/>
          <tagUsage gi="s" occurs="24"/>
          <tagUsage gi="w" occurs="856"/>
          <tagUsage gi="c" occurs="0"/>
        </namespace>
      </tagsDecl>
    </encodingDesc>
  </teiHeader>
  <text>
    <body>
      <div1>
        <p n="1">
          <s n="1">
            <w lemma="flutningsmaður" type="nken">Flutningsmaður</w>
            <w lemma="(" type="pa">(</w>
            <w lemma="Jón" type="nken-s">Jón</w>
            <w lemma="Þorkelsson" type="nken-s">Þorkelsson</w>
            <w lemma=")" type="pa">)</w>
            <w lemma=":" type="pa">:</w>
          </s>
        </p>
        <p n="2">
          <s n="1">
            <w lemma="svo" type="aa">Svo</w>
            <w lemma="sem" type="c">sem</w>
            <w lemma="maður" type="nkfn">menn</w>
            <w lemma="munu" type="sfg3en">mun</w>
            <w lemma="reka" type="sng">reka</w>
            <w lemma="minni" type="nheo">minni</w>
            <w lemma="til" type="aa">til</w>
            <w lemma="," type="pk">,</w>
            <w lemma="liggja" type="sfg3eþ">lá</w>
            <w lemma="fyrir" type="af">fyrir</w>
            <w lemma="síðari" type="lheþve">síðasta</w>
            <w lemma="alþingi" type="nheþ">alþingi</w>
            <w lemma="frumvarp" type="nhen">frumvarp</w>
            <w lemma="til" type="af">til</w>
            <w lemma="stjórnskipunarlög" type="nhfe">stjórnskipunarlaga</w>
            <w lemma="í" type="af">í</w>
            <w lemma="samband" type="nheþ">sambandi</w>
            <w lemma="við" type="af">við</w>
            <w lemma="sambandslagafrumvarp" type="nheog">sambandslagafrumvarpið</w>
            <w lemma="." type="pl">.</w>
          </s>
          <s n="2">
            <w lemma="nefnd" type="nveng">Nefndin</w>
            <w lemma="í" type="af">í</w>
            <w lemma="sambandsmál" type="nheþg">sambandsmálinu</w>
            <w lemma="hafa" type="sfg3eþ">hafði</w>
            <w lemma="það" type="fpheo">það</w>
            <w lemma="til" type="af">til</w>
            <w lemma="meðferð" type="nvee">meðferðar</w>
            <w lemma="," type="pk">,</w>
            <w lemma="en" type="c">en</w>
            <w lemma="fá" type="sfg3eþ">fékk</w>
            <w lemma="ekki" type="aa">ekki</w>
            <w lemma="afgreiða" type="sþghen">afgreitt</w>
            <w lemma="það" type="fpheo">það</w>
            <w lemma="vegna" type="af">vegna</w>
            <w lemma="það" type="fphee">þess</w>
            <w lemma="," type="pk">,</w>
            <w lemma="að" type="c">að</w>
            <w lemma="tími" type="nken">tími</w>
            <w lemma="vanst" type="n-en">vanst</w>
            <w lemma="ekki" type="aa">ekki</w>
            <w lemma="til" type="aa">til</w>
            <w lemma="." type="pl">.</w>
          </s>
          <s n="3">
            <w lemma="meðal" type="af">Meðal</w>
            <w lemma="breyting" type="nvfe">breytinga</w>
            <w lemma="sá" type="fahfe">þeirra</w>
            <w lemma="," type="pk">,</w>
            <w lemma="sem" type="ct">sem</w>
            <w lemma="fara" type="sþghen">farið</w>
            <w lemma="vera" type="sfg3eþ">var</w>
            <w lemma="fram" type="aa">fram</w>
            <w lemma="á" type="aa">á</w>
            <w lemma="í" type="af">í</w>
            <w lemma="frumv." type="kt">frumv.</w>
            <w lemma="það" type="fpheþ">því</w>
            <w lemma="," type="pk">,</w>
            <w lemma="mega" type="sfg3en">má</w>
            <w lemma="nefna" type="sng">nefna</w>
            <w lemma="sá" type="fahfo">þau</w>
            <w lemma="höfuðatriði" type="nhfo">höfuðatriði</w>
            <w lemma=":" type="pa">:</w>
            <w lemma="að" type="cn">að</w>
            <w lemma="fjölga" type="sng">fjölga</w>
            <w lemma="skulu" type="svg3eþ">skyldi</w>
            <w lemma="ráðherra" type="nkfþ">ráðherrum</w>
            <w lemma="," type="pk">,</w>
            <w lemma="konungkjörinn" type="lkfnsf">konungkjörnir</w>
            <w lemma="þingmaður" type="nkfn">þingmenn</w>
            <w lemma="skulu" type="svg3fþ">skyldu</w>
            <w lemma="hverfa" type="sng">hverfa</w>
            <w lemma="úr" type="af">úr</w>
            <w lemma="saga" type="nveþg">sögunni</w>
            <w lemma="," type="pk">,</w>
            <w lemma="kosningarréttur" type="nken">kosningarréttur</w>
            <w lemma="skulu" type="svg3eþ">skyldi</w>
            <w lemma="rýmka" type="sþgken">rýmkaður</w>
            <w lemma="og" type="c">og</w>
            <w lemma="veita" type="sþgken">veittur</w>
            <w lemma="kona" type="nvfþ">konum</w>
            <w lemma="og" type="c">og</w>
            <w lemma="loks" type="aa">loks</w>
            <w lemma="," type="pk">,</w>
            <w lemma="að" type="c">að</w>
            <w lemma="breyta" type="sng">breyta</w>
            <w lemma="mega" type="svg3eþ">mætti</w>
            <w lemma="samband" type="nheþg">sambandinu</w>
            <w lemma="milli" type="af">milli</w>
            <w lemma="ríki" type="nhee">ríkis</w>
            <w lemma="og" type="c">og</w>
            <w lemma="kirkja" type="nvee">kirkju</w>
            <w lemma="með" type="af">með</w>
            <w lemma="einfaldur" type="lhfþsf">einföldum</w>
            <w lemma="lög" type="nhfþ">lögum</w>
            <w lemma="." type="pl">.</w>
          </s>
          <s n="4">
            <w lemma="frumvarp" type="nheng">Frumvarpið</w>
            <w lemma="verða" type="sfg3eþ">varð</w>
            <w lemma="," type="pk">,</w>
            <w lemma="svo" type="aa">svo</w>
            <w lemma="sem" type="c">sem</w>
            <w lemma="eg" type="fp1en">eg</w>
            <w lemma="hafa" type="sfg1en">hefi</w>
            <w lemma="segja" type="sþghen">sagt</w>
            <w lemma="," type="pk">,</w>
            <w lemma="ekki" type="aa">ekki</w>
            <w lemma="afgreiða" type="sþghen">afgreitt</w>
            <w lemma="frá" type="af">frá</w>
            <w lemma="þing" type="nheþg">þinginu</w>
            <w lemma="," type="pk">,</w>
            <w lemma="en" type="c">en</w>
            <w lemma="hinn" type="fakee">hins</w>
            <w lemma="vegur" type="nkee">vegar</w>
            <w lemma="vera" type="sfg3eþ">var</w>
            <w lemma="stjórn" type="nveþg">stjórninni</w>
            <w lemma="fela" type="sþghen">falið</w>
            <w lemma="með" type="af">með</w>
            <w lemma="þingsályktun" type="nveþ">þingsályktun</w>
            <w lemma="að" type="cn">að</w>
            <w lemma="leggja" type="sng">leggja</w>
            <w lemma="stjórnarskrárfrumvarp" type="nheo">stjórnarskrárfrumvarp</w>
            <w lemma="fyrir" type="af">fyrir</w>
            <w lemma="þessi" type="faheo">þetta</w>
            <w lemma="þing" type="nheo">þing</w>
            <w lemma="." type="pl">.</w>
          </s>
          <s n="5">
            <w lemma="en" type="c">En</w>
            <w lemma="ég" type="fp1fþ">okkur</w>
            <w lemma="flutningsmaður" type="nkfþg">flutningsmönnunum</w>
            <w lemma="vera" type="sfg3eþ">var</w>
            <w lemma="kunnugur" type="lhensf">kunnugt</w>
            <w lemma="um" type="af">um</w>
            <w lemma="," type="pk">,</w>
            <w lemma="að" type="c">að</w>
            <w lemma="slíkur" type="fbhen">slíkt</w>
            <w lemma="frumv." type="kt">frumv.</w>
            <w lemma="vera" type="sfg3eþ">var</w>
            <w lemma="ekki" type="aa">ekki</w>
            <w lemma="tilbúinn" type="lhensf">tilbúið</w>
            <w lemma="frá" type="af">frá</w>
            <w lemma="stjórn" type="nveeg">stjórnarinnar</w>
            <w lemma="hönd" type="nveþ">hendi</w>
            <w lemma="," type="pk">,</w>
            <w lemma="þótt" type="c">þótt</w>
            <w lemma="ráðherra" type="nkeng">ráðherrann</w>
            <w lemma="munu" type="svg3en">muni</w>
            <w lemma="hafa" type="sng">hafa</w>
            <w lemma="hafa" type="sþghen">haft</w>
            <w lemma="í" type="af">í</w>
            <w lemma="hyggja" type="nveþ">hyggju</w>
            <w lemma="að" type="cn">að</w>
            <w lemma="leggja" type="sng">leggja</w>
            <w lemma="það" type="fpheo">það</w>
            <w lemma="fyrir" type="af">fyrir</w>
            <w lemma="þing" type="nheog">þingið</w>
            <w lemma="." type="pl">.</w>
          </s>
        </p>
        <p n="3">
          <s n="1">
            <w lemma="í" type="af">Í</w>
            <w lemma="þingsályktan" type="nveþ">þingsályktan</w>
            <w lemma="síðari" type="lheeve">síðasta</w>
            <w lemma="þing" type="nhee">þings</w>
            <w lemma="vera" type="sfg3eþ">var</w>
            <w lemma="það" type="fphen">það</w>
            <w lemma="einn" type="fohen">eitt</w>
            <w lemma="taka" type="sþghen">tekið</w>
            <w lemma="fram" type="aa">fram</w>
            <w lemma="," type="pk">,</w>
            <w lemma="sem" type="ct">sem</w>
            <w lemma="bráðnauðsynlegur" type="lhense">bráðnauðsynlegast</w>
            <w lemma="þykja" type="sfg3eþ">þótti</w>
            <w lemma="," type="pk">,</w>
            <w lemma="en" type="c">en</w>
            <w lemma="það" type="fphen">það</w>
            <w lemma="þykja" type="sfg3eþ">þótti</w>
            <w lemma="ég" type="fp1fþ">okkur</w>
            <w lemma="," type="pk">,</w>
            <w lemma="flutningsmaður" type="nkfþ">flutningsmönnum</w>
            <w lemma="þessi" type="fahee">þessa</w>
            <w lemma="frumvarp" type="nhee">frumvarps</w>
            <w lemma="," type="pk">,</w>
            <w lemma="ekki" type="aa">ekki</w>
            <w lemma="nógur" type="lhensf">nóg</w>
            <w lemma="," type="pk">,</w>
            <w lemma="heldur" type="c">heldur</w>
            <w lemma="vilja" type="sfg1fþ">vildum</w>
            <w lemma="ég" type="fp1fn">við</w>
            <w lemma="," type="pk">,</w>
            <w lemma="að" type="c">að</w>
            <w lemma="í" type="af">í</w>
            <w lemma="stjórnarskrárfrumvarp" type="nheþ">stjórnarskrárfrumvarpi</w>
            <w lemma="þessi" type="faheþ">þessu</w>
            <w lemma="koma" type="svg3fþ">kæmu</w>
            <w lemma="nokkurnveginn" type="aa">nokkurnveginn</w>
            <w lemma="fram" type="aa">fram</w>
            <w lemma="hinn" type="gvfo">hinar</w>
            <w lemma="fylr" type="lvfnve">fylstu</w>
            <w lemma="réttarkrafa" type="nvfn">réttarkröfur</w>
            <w lemma="vor" type="fevfo">vorar</w>
            <w lemma="," type="pk">,</w>
            <w lemma="sérstaklega" type="aa">sérstaklega</w>
            <w lemma="vegna" type="af">vegna</w>
            <w lemma="það" type="fphee">þess</w>
            <w lemma="," type="pk">,</w>
            <w lemma="að" type="c">að</w>
            <w lemma="tilraun" type="nveng">tilraunin</w>
            <w lemma="til" type="af">til</w>
            <w lemma="það" type="fphee">þess</w>
            <w lemma="að" type="cn">að</w>
            <w lemma="bæta" type="sng">bæta</w>
            <w lemma="samband" type="nheog">sambandið</w>
            <w lemma="milli" type="af">milli</w>
            <w lemma="Ísland" type="nhee-s">Íslands</w>
            <w lemma="og" type="c">og</w>
            <w lemma="Danmörk" type="nvee-s">Danmerkur</w>
            <w lemma="," type="pk">,</w>
            <w lemma="virða" type="sfm3en">virðist</w>
            <w lemma="nú" type="aa">nú</w>
            <w lemma="vera" type="sng">vera</w>
            <w lemma="strandaður" type="lvensf">strönduð</w>
            <w lemma="." type="pl">.</w>
          </s>
        </p>
        <p n="4">
          <s n="1">
            <w lemma="frumvarp" type="nhen">Frumvarp</w>
            <w lemma="vor" type="feheo">vort</w>
            <w lemma="fara" type="sfg3en">fer</w>
            <w lemma="það" type="fpheþ">því</w>
            <w lemma="snemma" type="aae">fyrst</w>
            <w lemma="og" type="c">og</w>
            <w lemma="frammi" type="aae">fremst</w>
            <w lemma="fram" type="aa">fram</w>
            <w lemma="á" type="af">á</w>
            <w lemma="," type="pk">,</w>
            <w lemma="að" type="c">að</w>
            <w lemma="löggjafarvald" type="nheng">löggjafarvaldið</w>
            <w lemma="í" type="af">í</w>
            <w lemma="allur" type="fohfþ">öllum</w>
            <w lemma="málefni" type="nhfþ">málefnum</w>
            <w lemma="land" type="nheeg">landsins</w>
            <w lemma="skulu" type="svg3en">skuli</w>
            <w lemma="eingöngu" type="aa">eingöngu</w>
            <w lemma="vera" type="sng">vera</w>
            <w lemma="hjá" type="af">hjá</w>
            <w lemma="konungur" type="nkeþ">konungi</w>
            <w lemma="og" type="c">og</w>
            <w lemma="alþingi" type="nheþ">alþingi</w>
            <w lemma="," type="pk">,</w>
            <w lemma="og" type="c">og</w>
            <w lemma="vera" type="sfg3en">er</w>
            <w lemma="að" type="af">að</w>
            <w lemma="sá" type="faheþ">því</w>
            <w lemma="leyti" type="nheþ">leyti</w>
            <w lemma="fylgja" type="sþghen">fylgt</w>
            <w lemma="stefnuskrá" type="nven">stefnuskrá</w>
            <w lemma="flokkur" type="nkee">flokks</w>
            <w lemma="vor" type="fekee">vors</w>
            <w lemma="frá" type="af">frá</w>
            <w lemma="1908" type="ta">1908</w>
            <w lemma="." type="pl">.</w>
          </s>
        </p>
        <p n="5">
          <s n="1">
            <w lemma="annar" type="fohen">Annað</w>
            <w lemma="nýmæli" type="nhen">nýmæli</w>
            <w lemma="frumvarp" type="nheeg">frumvarpsins</w>
            <w lemma="vera" type="sfg3en">er</w>
            <w lemma="það" type="fphen">það</w>
            <w lemma="," type="pk">,</w>
            <w lemma="að" type="c">að</w>
            <w lemma="fjölga" type="sng">fjölga</w>
            <w lemma="skulu" type="svg3en">skuli</w>
            <w lemma="ráðherra" type="nkfþ">ráðherrum</w>
            <w lemma=";" type="pk">;</w>
            <w lemma="telja" type="sfg1fn">teljum</w>
            <w lemma="vér" type="fp1fn">vér</w>
            <w lemma="nauðsyn" type="nveo">nauðsyn</w>
            <w lemma="bera" type="sng">bera</w>
            <w lemma="til" type="af">til</w>
            <w lemma="það" type="fphee">þess</w>
            <w lemma="," type="pk">,</w>
            <w lemma="þar" type="aa">þar</w>
            <w lemma="sem" type="c">sem</w>
            <w lemma="þing" type="nhen">þing</w>
            <w lemma="koma" type="sfg3en">kemur</w>
            <w lemma="aðeins" type="aa">aðeins</w>
            <w lemma="saman" type="aa">saman</w>
            <w lemma="annaðhvort" type="c">annaðhvort</w>
            <w lemma="ár" type="nhen">ár</w>
            <w lemma="," type="pk">,</w>
            <w lemma="og" type="c">og</w>
            <w lemma="þar" type="aa">þar</w>
            <w lemma="að" type="aa">að</w>
            <w lemma="auki" type="aa">auki</w>
            <w lemma="hyggja" type="sfg1fþ">hyggjum</w>
            <w lemma="ég" type="fp1fn">við</w>
            <w lemma="," type="pk">,</w>
            <w lemma="að" type="c">að</w>
            <w lemma="á" type="af">á</w>
            <w lemma="sá" type="fakeo">þann</w>
            <w lemma="háttur" type="nkeo">hátt</w>
            <w lemma="verða" type="svg3en">verði</w>
            <w lemma="trygt" type="nhen">trygt</w>
            <w lemma="mikill" type="lhenvm">meira</w>
            <w lemma="jafnvægi" type="nhen">jafnvægi</w>
            <w lemma="og" type="c">og</w>
            <w lemma="fjölhæfur" type="lvenvm">fjölhæfari</w>
            <w lemma="þekking" type="nven">þekking</w>
            <w lemma="í" type="af">í</w>
            <w lemma="stjórn" type="nveþ">stjórn</w>
            <w lemma="land" type="nheeg">landsins</w>
            <w lemma="." type="pl">.</w>
          </s>
          <s n="2">
            <w lemma="þá" type="aa">Þá</w>
            <w lemma="vera" type="sfg3en">er</w>
            <w lemma="og" type="c">og</w>
            <w lemma="ætla" type="sfm3en">ætlast</w>
            <w lemma="til" type="af">til</w>
            <w lemma="," type="pk">,</w>
            <w lemma="að" type="c">að</w>
            <w lemma="eftirlaun" type="nhfn">eftirlaun</w>
            <w lemma="ráðherra" type="nkfe">ráðherra</w>
            <w lemma="verða" type="svg3fn">verði</w>
            <w lemma="afnema" type="sþghfn">afnumin</w>
            <w lemma="," type="pk">,</w>
            <w lemma="enda" type="c">enda</w>
            <w lemma="munu" type="sfg3fn">munu</w>
            <w lemma="og" type="c">og</w>
            <w lemma="margur" type="lkfnse">flestir</w>
            <w lemma="líta" type="sfg3fn">líta</w>
            <w lemma="svo" type="aa">svo</w>
            <w lemma="á" type="aa">á</w>
            <w lemma="," type="pk">,</w>
            <w lemma="sem" type="c">sem</w>
            <w lemma="ófær" type="lhensf">ófært</w>
            <w lemma="vera" type="svg3en">sé</w>
            <w lemma="," type="pk">,</w>
            <w lemma="að" type="c">að</w>
            <w lemma="ráðherra" type="nken">ráðherra</w>
            <w lemma="hafa" type="svg3fn">hafi</w>
            <w lemma="eftirlaun" type="nhfo">eftirlaun</w>
            <w lemma="," type="pk">,</w>
            <w lemma="það" type="fpheþ">því</w>
            <w lemma="að" type="c">að</w>
            <w lemma="ekki" type="aa">ekki</w>
            <w lemma="vera" type="sfg3en">er</w>
            <w lemma="víst" type="aa">víst</w>
            <w lemma="nema" type="c">nema</w>
            <w lemma="ráðherrastóll" type="nkeng">ráðherrastóllinn</w>
            <w lemma="reyna" type="sfm3en">reynist</w>
            <w lemma="valtur" type="lkensf">valtur</w>
            <w lemma="á" type="af">á</w>
            <w lemma="land" type="nheþ">landi</w>
            <w lemma="hér" type="aa">hér</w>
            <w lemma="," type="pk">,</w>
            <w lemma="og" type="c">og</w>
            <w lemma="geta" type="sfg3en">getur</w>
            <w lemma="þá" type="aa">þá</w>
            <w lemma="," type="pk">,</w>
            <w lemma="jafnvel" type="aa">jafnvel</w>
            <w lemma="á" type="af">á</w>
            <w lemma="nokkur" type="fohfe">nokkurra</w>
            <w lemma="ár" type="nhfe">ára</w>
            <w lemma="frestur" type="nkeþ">fresti</w>
            <w lemma="," type="pk">,</w>
            <w lemma="verða" type="sþghen">orðið</w>
            <w lemma="mikill" type="lkensf">mikill</w>
            <w lemma="byrðarauki" type="nken">byrðarauki</w>
            <w lemma="að" type="af">að</w>
            <w lemma="ráðherraeftirlaun" type="nhfþg">ráðherraeftirlaununum</w>
            <w lemma="." type="pl">.</w>
          </s>
        </p>
        <p n="6">
          <s n="1">
            <w lemma="ennfremur" type="aa">Ennfremur</w>
            <w lemma="vera" type="sfg3en">er</w>
            <w lemma="sá" type="fahen">það</w>
            <w lemma="nýmæli" type="nhen">nýmæli</w>
            <w lemma="," type="pk">,</w>
            <w lemma="að" type="c">að</w>
            <w lemma="eftirlaun" type="nhfo">eftirlaun</w>
            <w lemma="embættismaður" type="nkfe">embættismanna</w>
            <w lemma="mega" type="svg3fn">megi</w>
            <w lemma="afnema" type="sng">afnema</w>
            <w lemma="með" type="af">með</w>
            <w lemma="lög" type="nhfþ">lögum</w>
            <w lemma="," type="pk">,</w>
            <w lemma="og" type="c">og</w>
            <w lemma="hyggja" type="sfg1fn">hyggjum</w>
            <w lemma="ég" type="fp1fn">við</w>
            <w lemma="," type="pk">,</w>
            <w lemma="að" type="c">að</w>
            <w lemma="sá" type="fahen">það</w>
            <w lemma="ákvæði" type="nhen">ákvæði</w>
            <w lemma="vera" type="svg3en">sé</w>
            <w lemma="í" type="af">í</w>
            <w lemma="samræmi" type="nheþ">samræmi</w>
            <w lemma="við" type="af">við</w>
            <w lemma="almennur" type="lkeosf">almennan</w>
            <w lemma="þjóðarvilji" type="nkeo">þjóðarvilja</w>
            <w lemma="hér" type="aa">hér</w>
            <w lemma="á" type="af">á</w>
            <w lemma="land" type="nheþ">landi</w>
            <w lemma="." type="pl">.</w>
          </s>
        </p>
        <p n="7">
          <s n="1">
            <w lemma="þá" type="aa">Þá</w>
            <w lemma="vera" type="sfg3en">er</w>
            <w lemma="og" type="c">og</w>
            <w lemma="fara" type="sþghen">farið</w>
            <w lemma="fram" type="aa">fram</w>
            <w lemma="á" type="af">á</w>
            <w lemma="," type="pk">,</w>
            <w lemma="að" type="c">að</w>
            <w lemma="allur" type="fokfn">allir</w>
            <w lemma="alþingismaður" type="nkfn">alþingismenn</w>
            <w lemma="skulu" type="svg3fn">skuli</w>
            <w lemma="þjóðkjörinn" type="lkfnsf">þjóðkjörnir</w>
            <w lemma="," type="pk">,</w>
            <w lemma="en" type="c">en</w>
            <w lemma="ekki" type="aa">ekki</w>
            <w lemma="vera" type="sfg3en">er</w>
            <w lemma="náið" type="aam">nánar</w>
            <w lemma="tiltekinn" type="lhensf">tiltekið</w>
            <w lemma="um" type="aa">um</w>
            <w lemma="," type="pk">,</w>
            <w lemma="hvernig" type="aa">hvernig</w>
            <w lemma="kjósa" type="sng">kjósa</w>
            <w lemma="skulu" type="svg3en">skuli</w>
            <w lemma="til" type="af">til</w>
            <w lemma="deild" type="nvfeg">deildanna</w>
            <w lemma="og" type="c">og</w>
            <w lemma="verða" type="sfg3en">verður</w>
            <w lemma="sá" type="fahen">það</w>
            <w lemma="hlutverk" type="nhen">hlutverk</w>
            <w lemma="nefnd" type="nvee">nefndar</w>
            <w lemma="sá" type="favee">þeirrar</w>
            <w lemma="," type="pk">,</w>
            <w lemma="sem" type="ct">sem</w>
            <w lemma="væntanlega" type="aa">væntanlega</w>
            <w lemma="verða" type="sfg3en">verður</w>
            <w lemma="skipa" type="sþgven">skipuð</w>
            <w lemma="í" type="af">í</w>
            <w lemma="mál" type="nheog">málið</w>
            <w lemma="," type="pk">,</w>
            <w lemma="að" type="cn">að</w>
            <w lemma="gera" type="sng">gera</w>
            <w lemma="náinn" type="lhfovm">nánari</w>
            <w lemma="ákvæði" type="nhfo">ákvæði</w>
            <w lemma="um" type="af">um</w>
            <w lemma="það" type="fpheo">það</w>
            <w lemma=";" type="pk">;</w>
            <w lemma="raunar" type="aa">raunar</w>
            <w lemma="vera" type="sfg3en">er</w>
            <w lemma="það" type="fphen">það</w>
            <w lemma="skoðun" type="nven">skoðun</w>
            <w lemma="margur" type="lkfesf">margra</w>
            <w lemma="-" type="pa">-</w>
            <w lemma="þar" type="aa">þar</w>
            <w lemma="á" type="aa">á</w>
            <w lemma="meðal" type="aa">meðal</w>
            <w lemma="núv." type="kt">núv.</w>
            <w lemma="ráðherra" type="nkeþ">ráðherra</w>
            <w lemma="(" type="pa">(</w>
            <w lemma="Kr." type="ks">Kr.</w>
            <w lemma="J." type="ks">J.</w>
            <w lemma=")" type="pa">)</w>
            <w lemma="-" type="pa">-</w>
            <w lemma="að" type="c">að</w>
            <w lemma="bezt" type="aae">bezt</w>
            <w lemma="færi" type="nhen">færi</w>
            <w lemma="á" type="af">á</w>
            <w lemma="," type="pk">,</w>
            <w lemma="að" type="c">að</w>
            <w lemma="þing" type="nheng">þingið</w>
            <w lemma="vera" type="svg3en">sé</w>
            <w lemma="alt" type="nken">alt</w>
            <w lemma="einn" type="tfven">ein</w>
            <w lemma="deild" type="nven">deild</w>
            <w lemma="." type="pl">.</w>
          </s>
          <s n="2">
            <w lemma="sjálfsagt" type="aa">Sjálfsagt</w>
            <w lemma="þykja" type="sfg3eþ">þótti</w>
            <w lemma="ég" type="fp1fþ">okkur</w>
            <w lemma="að" type="cn">að</w>
            <w lemma="rýmka" type="sng">rýmka</w>
            <w lemma="um" type="af">um</w>
            <w lemma="kosningarréttur" type="nkeog">kosningarréttinn</w>
            <w lemma=";" type="pk">;</w>
            <w lemma="samkvæmt" type="af">samkvæmt</w>
            <w lemma="sá" type="fahfþ">þeim</w>
            <w lemma="ákvæði" type="nhfþ">ákvæðum</w>
            <w lemma="," type="pk">,</w>
            <w lemma="sem" type="ct">sem</w>
            <w lemma="nú" type="aa">nú</w>
            <w lemma="gilda" type="sfg3fn">gilda</w>
            <w lemma="," type="pk">,</w>
            <w lemma="hafa" type="sfg3fn">hafa</w>
            <w lemma="25" type="ta">25</w>
            <w lemma="ár" type="nhfe">ára</w>
            <w lemma="gamall" type="lkfnsf">gamlir</w>
            <w lemma="karlmaður" type="nkfn">karlmenn</w>
            <w lemma="kosningarréttur" type="nkeo">kosningarrétt</w>
            <w lemma="," type="pk">,</w>
            <w lemma="en" type="c">en</w>
            <w lemma="kjörgengi" type="nheo">kjörgengi</w>
            <w lemma="30" type="ta">30</w>
            <w lemma="ár" type="nhfe">ára</w>
            <w lemma="." type="pl">.</w>
          </s>
          <s n="3">
            <w lemma="en" type="c">En</w>
            <w lemma="ég" type="fp1fn">við</w>
            <w lemma="hyggja" type="sfg1fþ">hyggjum</w>
            <w lemma="rétt" type="aa">rétt</w>
            <w lemma="að" type="cn">að</w>
            <w lemma="færa" type="sng">færa</w>
            <w lemma="aldurstakmark" type="nheog">aldurstakmarkið</w>
            <w lemma="niður" type="aa">niður</w>
            <w lemma="til" type="af">til</w>
            <w lemma="21" type="ta">21</w>
            <w lemma="ár" type="nhee">árs</w>
            <w lemma="," type="pk">,</w>
            <w lemma="það" type="fpheþ">því</w>
            <w lemma="að" type="c">að</w>
            <w lemma="á" type="af">á</w>
            <w lemma="sá" type="fakeþ">þeim</w>
            <w lemma="aldur" type="nkeþ">aldri</w>
            <w lemma="hafa" type="sfg3fn">hafa</w>
            <w lemma="margur" type="lkfnse">flestir</w>
            <w lemma="ná" type="sþghen">náð</w>
            <w lemma="sá" type="fakeþ">þeim</w>
            <w lemma="þroski" type="nkeþ">þroska</w>
            <w lemma="og" type="c">og</w>
            <w lemma="dómgreind" type="nveþ">dómgreind</w>
            <w lemma="," type="pk">,</w>
            <w lemma="að" type="c">að</w>
            <w lemma="hann" type="fpkfþ">þeim</w>
            <w lemma="vera" type="sfg3en">er</w>
            <w lemma="vel" type="aa">vel</w>
            <w lemma="trúandi" type="nken">trúandi</w>
            <w lemma="til" type="af">til</w>
            <w lemma="að" type="cn">að</w>
            <w lemma="kjósa" type="sng">kjósa</w>
            <w lemma="til" type="af">til</w>
            <w lemma="alþingi" type="nhee">alþingis</w>
            <w lemma="." type="pl">.</w>
          </s>
          <s n="4">
            <w lemma="Konum" type="n----s">Konum</w>
            <w lemma="vilja" type="sfg1fn">viljum</w>
            <w lemma="ég" type="fp1fn">við</w>
            <w lemma="og" type="c">og</w>
            <w lemma="veita" type="sng">veita</w>
            <w lemma="kosningaréttur" type="nkeo">kosningarétt</w>
            <w lemma="," type="pk">,</w>
            <w lemma="gift" type="nvfþ">giftum</w>
            <w lemma="sem" type="ct">sem</w>
            <w lemma="ógiftur" type="lkeþsf">ógiftum</w>
            <w lemma="," type="pk">,</w>
            <w lemma="ef" type="c">ef</w>
            <w lemma="hún" type="fpvfn">þær</w>
            <w lemma="að" type="af">að</w>
            <w lemma="annar" type="foheþ">öðru</w>
            <w lemma="leyti" type="nheþ">leyti</w>
            <w lemma="fullnægja" type="sng">fullnægja</w>
            <w lemma="lögmæltur" type="lhfþsf">lögmæltum</w>
            <w lemma="skilyrði" type="nhfþ">skilyrðum</w>
            <w lemma=";" type="pk">;</w>
            <w lemma="slíkur" type="fbheo">slíkt</w>
            <w lemma="hinn" type="ghen">hið</w>
            <w lemma="sami" type="fbhen">sama</w>
            <w lemma="," type="pk">,</w>
            <w lemma="að" type="c">að</w>
            <w lemma="veita" type="sng">veita</w>
            <w lemma="mega" type="svg3en">megi</w>
            <w lemma="kona" type="nvfþ">konum</w>
            <w lemma="kjörgengi" type="nheo">kjörgengi</w>
            <w lemma="með" type="af">með</w>
            <w lemma="lög" type="nhfþ">lögum</w>
            <w lemma="," type="pk">,</w>
            <w lemma="ef" type="c">ef</w>
            <w lemma="allur" type="fohfn">öll</w>
            <w lemma="annar" type="fohfn">önnur</w>
            <w lemma="skilyrði" type="nhfn">skilyrði</w>
            <w lemma="vera" type="sfg3fn">eru</w>
            <w lemma="fyrir" type="af">fyrir</w>
            <w lemma="hönd" type="nvfþ">höndum</w>
            <w lemma="." type="pl">.</w>
          </s>
        </p>
        <p n="8">
          <s n="1">
            <w lemma="enn" type="aa">Enn</w>
            <w lemma="vera" type="sfg3en">er</w>
            <w lemma="sá" type="fahen">það</w>
            <w lemma="ákvæði" type="nhen">ákvæði</w>
            <w lemma="," type="pk">,</w>
            <w lemma="að" type="c">að</w>
            <w lemma="allur" type="fokfn">allir</w>
            <w lemma="dómari" type="nkfn">dómarar</w>
            <w lemma="vera" type="sfg3fn">eru</w>
            <w lemma="undanþeginn" type="lkfnsf">undanþegnir</w>
            <w lemma="kjörgengi" type="nheþ">kjörgengi</w>
            <w lemma="." type="pl">.</w>
          </s>
          <s n="2">
            <w lemma="reynsla" type="nven">Reynsla</w>
            <w lemma="hinn" type="ghfe">hinna</w>
            <w lemma="síðari" type="lhfevm">síðari</w>
            <w lemma="ár" type="nhfe">ára</w>
            <w lemma="hafa" type="sfg3en">hefir</w>
            <w lemma="sýndur" type="lheosf">sýnt</w>
            <w lemma="," type="pk">,</w>
            <w lemma="að" type="c">að</w>
            <w lemma="ekki" type="aa">ekki</w>
            <w lemma="fara" type="sfg3en">fer</w>
            <w lemma="vel" type="aa">vel</w>
            <w lemma="á" type="aa">á</w>
            <w lemma="," type="pk">,</w>
            <w lemma="að" type="c">að</w>
            <w lemma="dómari" type="nkfn">dómarar</w>
            <w lemma="vefja" type="svm3fn">vefjist</w>
            <w lemma="mjög" type="aa">mjög</w>
            <w lemma="í" type="af">í</w>
            <w lemma="landsmál" type="nhfþ">landsmálum</w>
            <w lemma=";" type="pk">;</w>
            <w lemma="slíkur" type="fbhen">slíkt</w>
            <w lemma="geta" type="sfg3en">getur</w>
            <w lemma="valda" type="sþghen">valdið</w>
            <w lemma="hlutdrægni" type="nveþ">hlutdrægni</w>
            <w lemma="af" type="af">af</w>
            <w lemma="það" type="fphfe">þeirra</w>
            <w lemma="hálfa" type="nveþ">hálfu</w>
            <w lemma="og" type="c">og</w>
            <w lemma="það" type="fphen">það</w>
            <w lemma="jafnvel" type="aa">jafnvel</w>
            <w lemma="á" type="aa">á</w>
            <w lemma="móti" type="af">móti</w>
            <w lemma="vilji" type="nkeþ">vilja</w>
            <w lemma="sjálfur" type="fbkfe">sjálfra</w>
            <w lemma="hann" type="fpkfe">þeirra</w>
            <w lemma="." type="pl">.</w>
          </s>
        </p>
        <p n="9">
          <s n="1">
            <w lemma="minna" type="snm">Minnast</w>
            <w lemma="verða" type="sfg3en">verður</w>
            <w lemma="og" type="c">og</w>
            <w lemma="sá" type="fahee">þess</w>
            <w lemma="nýmæli" type="nhee">nýmælis</w>
            <w lemma="," type="pk">,</w>
            <w lemma="að" type="cn">að</w>
            <w lemma="skipa" type="sng">skipa</w>
            <w lemma="skulu" type="svg3en">skuli</w>
            <w lemma="fyrirkomulag" type="nheþ">fyrirkomulagi</w>
            <w lemma="kirkja" type="nveeg">kirkjunnar</w>
            <w lemma="með" type="af">með</w>
            <w lemma="einfaldur" type="lhfþsf">einföldum</w>
            <w lemma="lög" type="nhfþ">lögum</w>
            <w lemma="," type="pk">,</w>
            <w lemma="og" type="c">og</w>
            <w lemma="að" type="c">að</w>
            <w lemma="enginn" type="foken">enginn</w>
            <w lemma="skulu" type="svg3en">skuli</w>
            <w lemma="skylda" type="nvfo">skyldur</w>
            <w lemma="að" type="cn">að</w>
            <w lemma="gjalda" type="sng">gjalda</w>
            <w lemma="til" type="af">til</w>
            <w lemma="annar" type="fohee">annars</w>
            <w lemma="kirkjufélag" type="nhee">kirkjufélags</w>
            <w lemma="en" type="c">en</w>
            <w lemma="það" type="fphee">þess</w>
            <w lemma="," type="pk">,</w>
            <w lemma="sem" type="ct">sem</w>
            <w lemma="hann" type="fpken">hann</w>
            <w lemma="tilheyra" type="sfg3en">tilheyrir</w>
            <w lemma="." type="pl">.</w>
          </s>
        </p>
        <p n="10">
          <s n="1">
            <w lemma="afnema" type="nven">Afnema</w>
            <w lemma="vilja" type="sfg1fn">viljum</w>
            <w lemma="ég" type="fp1fn">við</w>
            <w lemma="titill" type="nkfo">titla</w>
            <w lemma="og" type="c">og</w>
            <w lemma="orða" type="nvfo">orður</w>
            <w lemma="," type="pk">,</w>
            <w lemma="enda" type="c">enda</w>
            <w lemma="þykja" type="sfg3fn">þykja</w>
            <w lemma="dæmi" type="nhfng">dæmin</w>
            <w lemma="dagur" type="nkeþg">deginum</w>
            <w lemma="ljós" type="lhfnvm">ljósari</w>
            <w lemma="," type="pk">,</w>
            <w lemma="hversu" type="aa">hversu</w>
            <w lemma="stjórn" type="nvfn">stjórnir</w>
            <w lemma="hafa" type="sfg3fn">hafa</w>
            <w lemma="nota" type="sþghen">notað</w>
            <w lemma="sig" type="fpkfþ">sér</w>
            <w lemma="slíkur" type="fbheo">slíkt</w>
            <w lemma="til" type="af">til</w>
            <w lemma="það" type="fphee">þess</w>
            <w lemma="að" type="cn">að</w>
            <w lemma="afla" type="sng">afla</w>
            <w lemma="sig" type="fphfþ">sér</w>
            <w lemma="hylli" type="nvee">hylli</w>
            <w lemma="og" type="c">og</w>
            <w lemma="fylgi" type="nhee">fylgis</w>
            <w lemma="og" type="c">og</w>
            <w lemma="vera" type="sfg3en">er</w>
            <w lemma="mál" type="nhen">mál</w>
            <w lemma="til" type="aa">til</w>
            <w lemma="koma" type="sþghen">komið</w>
            <w lemma="," type="pk">,</w>
            <w lemma="að" type="c">að</w>
            <w lemma="sá" type="faken">sá</w>
            <w lemma="óvandi" type="nken">óvandi</w>
            <w lemma="vera" type="svg3en">sé</w>
            <w lemma="ger" type="x">ger</w>
            <w lemma="landrækur" type="lkensf">landrækur</w>
            <w lemma="." type="pl">.</w>
          </s>
        </p>
        <p n="11">
          <s n="1">
            <w lemma="loks" type="aa">Loks</w>
            <w lemma="hafa" type="sfg3en">hefir</w>
            <w lemma="því" type="aa">því</w>
            <w lemma="vera" type="sþghen">verið</w>
            <w lemma="skjóta" type="sþghen">skotið</w>
            <w lemma="inn" type="aa">inn</w>
            <w lemma="," type="pk">,</w>
            <w lemma="að" type="c">að</w>
            <w lemma="sambandslög" type="nhfn">sambandslög</w>
            <w lemma="," type="pk">,</w>
            <w lemma="sem" type="ct">sem</w>
            <w lemma="setja" type="sþghfn">sett</w>
            <w lemma="kunna" type="svg3fþ">kynnu</w>
            <w lemma="að" type="cn">að</w>
            <w lemma="verða" type="sng">verða</w>
            <w lemma="milli" type="af">milli</w>
            <w lemma="Ísland" type="nhee-s">Íslands</w>
            <w lemma="og" type="c">og</w>
            <w lemma="Danmörk" type="nvee-s">Danmerkur</w>
            <w lemma="," type="pk">,</w>
            <w lemma="skulu" type="svg3en">skuli</w>
            <w lemma="sæta" type="sng">sæta</w>
            <w lemma="sami" type="fbveþ">sömu</w>
            <w lemma="meðferð" type="nveþ">meðferð</w>
            <w lemma="sem" type="ct">sem</w>
            <w lemma="frumvarp" type="nhfn">frumvörp</w>
            <w lemma="til" type="af">til</w>
            <w lemma="breyting" type="nvfe">breytinga</w>
            <w lemma="á" type="af">á</w>
            <w lemma="stjórnarskrá" type="nveþg">stjórnarskránni</w>
            <w lemma="." type="pl">.</w>
          </s>
          <s n="2">
            <w lemma="þykja" type="sfg3en">Þykir</w>
            <w lemma="maður" type="nkfþ">mönnum</w>
            <w lemma="sem" type="ct">sem</w>
            <w lemma="slíkur" type="fbheþ">slíku</w>
            <w lemma="stórmæli" type="nheþ">stórmæli</w>
            <w lemma="mega" type="svg3en">megi</w>
            <w lemma="ekki" type="aa">ekki</w>
            <w lemma="hrapa" type="sng">hrapa</w>
            <w lemma="af" type="aa">af</w>
            <w lemma="á" type="af">á</w>
            <w lemma="einn" type="tfheþ">einu</w>
            <w lemma="þing" type="nheþ">þingi</w>
            <w lemma="." type="pl">.</w>
          </s>
        </p>
        <p n="12">
          <s n="1">
            <w lemma="að" type="af">Að</w>
            <w lemma="ending" type="nveþ">endingu</w>
            <w lemma="skulu" type="sfg3en">skal</w>
            <w lemma="það" type="fphee">þess</w>
            <w lemma="geta" type="sþghen">getið</w>
            <w lemma="," type="pk">,</w>
            <w lemma="að" type="c">að</w>
            <w lemma="allur" type="fohfn">öll</w>
            <w lemma="nýmæli" type="nhfn">nýmæli</w>
            <w lemma="frumv." type="ks">frumv.</w>
            <w lemma="hafa" type="sfg3fn">hafa</w>
            <w lemma="vera" type="sþghen">verið</w>
            <w lemma="prenta" type="sþghfn">prentuð</w>
            <w lemma="með" type="af">með</w>
            <w lemma="leturbreyting" type="nvfþ">leturbreytingum</w>
            <w lemma=";" type="pk">;</w>
            <w lemma="þó" type="aa">þó</w>
            <w lemma="hafa" type="sfg3fn">hafa</w>
            <w lemma="nokkur" type="fohfn">nokkur</w>
            <w lemma="mistök" type="nhfn">mistök</w>
            <w lemma="verða" type="sþghen">orðið</w>
            <w lemma=":" type="pa">:</w>
            <w lemma="í" type="af">í</w>
            <w lemma="55." type="lveþvf">55.</w>
            <w lemma="gr." type="ks">gr.</w>
            <w lemma="eiga" type="sfg3fn">eiga</w>
            <w lemma="orð" type="nhfng">orðin</w>
            <w lemma="»" type="pg">»</w>
            <w lemma="og" type="c">og</w>
            <w lemma="lögmæltur" type="lkfþsf">lögmæltum</w>
            <w lemma="«" type="pg">«</w>
            <w lemma="að" type="cn">að</w>
            <w lemma="prenta" type="snm">prentast</w>
            <w lemma="með" type="af">með</w>
            <w lemma="skáletur" type="nheþ">skáletri</w>
            <w lemma="," type="pk">,</w>
            <w lemma="en" type="c">en</w>
            <w lemma="í" type="af">í</w>
            <w lemma="38." type="lveþvf">38.</w>
            <w lemma="grein" type="nveþ">grein</w>
            <w lemma="eiga" type="sfg3fn">eiga</w>
            <w lemma="orð" type="nhfng">orðin</w>
            <w lemma=":" type="pa">:</w>
            <w lemma="»" type="pg">»</w>
            <w lemma="er" type="c">er</w>
            <w lemma="hann" type="fpken">hann</w>
            <w lemma="sitja" type="sfg3en">situr</w>
            <w lemma="í" type="af">í</w>
            <w lemma="«" type="pg">«</w>
            <w lemma="," type="pk">,</w>
            <w lemma="að" type="cn">að</w>
            <w lemma="falla" type="sng">falla</w>
            <w lemma="burtu" type="aa">burtu</w>
            <w lemma="." type="pl">.</w>
          </s>
          <s n="2">
            <w lemma="skulu" type="sfg3en">Skal</w>
            <w lemma="nú" type="aa">nú</w>
            <w lemma="ekki" type="aa">ekki</w>
            <w lemma="að" type="af">að</w>
            <w lemma="svo" type="aa">svo</w>
            <w lemma="kominn" type="lheþsf">komnu</w>
            <w lemma="fara" type="sþghen">farið</w>
            <w lemma="margur" type="lhfþvm">fleiri</w>
            <w lemma="orð" type="nhfþ">orðum</w>
            <w lemma="um" type="af">um</w>
            <w lemma="þessi" type="faheo">þetta</w>
            <w lemma="mál" type="nheo">mál</w>
            <w lemma=";" type="pk">;</w>
            <w lemma="það" type="fphen">það</w>
            <w lemma="hafa" type="sfg3en">hefir</w>
            <w lemma="vaka" type="sþghen">vakað</w>
            <w lemma="fyrir" type="af">fyrir</w>
            <w lemma="ég" type="fp1fþ">okkur</w>
            <w lemma="flutningsmaður" type="nkfþg">flutningsmönnunum</w>
            <w lemma="," type="pk">,</w>
            <w lemma="að" type="cn">að</w>
            <w lemma="láta" type="sng">láta</w>
            <w lemma="allur" type="fohfo">öll</w>
            <w lemma="nýmæli" type="nhfo">nýmæli</w>
            <w lemma="frumv." type="ks">frumv.</w>
            <w lemma="vera" type="sng">vera</w>
            <w lemma="svo" type="aa">svo</w>
            <w lemma="gagnger" type="lhfnsf">gagnger</w>
            <w lemma="og" type="c">og</w>
            <w lemma="ákveðinn" type="lhfnsf">ákveðin</w>
            <w lemma="," type="pk">,</w>
            <w lemma="að" type="c">að</w>
            <w lemma="eigi" type="aa">eigi</w>
            <w lemma="þurfa" type="svg3en">þurfi</w>
            <w lemma="bráðlega" type="aa">bráðlega</w>
            <w lemma="að" type="cn">að</w>
            <w lemma="fara" type="sng">fara</w>
            <w lemma="að" type="cn">að</w>
            <w lemma="káka" type="sng">káka</w>
            <w lemma="við" type="af">við</w>
            <w lemma="nýr" type="lvfosf">nýjar</w>
            <w lemma="stjórnarskrárbreyting" type="nvfo">stjórnarskrárbreytingar</w>
            <w lemma="." type="pl">.</w>
          </s>
          <s n="3">
            <w lemma="vona" type="svg1fn">Vonum</w>
            <w lemma="við" type="aa">við</w>
            <w lemma="fastlega" type="aa">fastlega</w>
            <w lemma="," type="pk">,</w>
            <w lemma="að" type="c">að</w>
            <w lemma="nefnd" type="nven">nefnd</w>
            <w lemma="verða" type="svg3fn">verði</w>
            <w lemma="skipa" type="sþgven">skipuð</w>
            <w lemma="í" type="af">í</w>
            <w lemma="mál" type="nheog">málið</w>
            <w lemma="," type="pk">,</w>
            <w lemma="er" type="ct">er</w>
            <w lemma="svo" type="aa">svo</w>
            <w lemma="gera" type="svg3fn">geri</w>
            <w lemma="sá" type="favfo">þær</w>
            <w lemma="umbót" type="nvfo">umbætur</w>
            <w lemma="á" type="af">á</w>
            <w lemma="frumv." type="kt">frumv.</w>
            <w lemma="," type="pk">,</w>
            <w lemma="sem" type="ct">sem</w>
            <w lemma="þurfa" type="sng">þurfa</w>
            <w lemma="þykja" type="sfg3en">þykir</w>
            <w lemma="." type="pl">.</w>
          </s>
        </p>
      </div1>
    </body>
  </text>
</TEI>
