<?xml version="1.0" encoding="UTF-8"?>
<TEI xmlns="http://www.tei-c.org/ns/1.0" xml:id="R-33-4611404" xml:lang="is">
  <teiHeader>
    <fileDesc>
      <titleStmt>
        <title>
          <title type="main">Stjórnarskrárbreyting (1. mál)</title>
        </title>
        <respStmt>
          <resp xml:lang="is">Söfnun og úrvinnsla texta</resp>
          <resp xml:lang="en">Collection and processing of text</resp>
          <name xml:lang="is">Stofnun Árna Magnússonar í íslenskum fræðum</name>
          <name xml:lang="en">The Arni Magnusson Institute for Icelandic Studies</name>
        </respStmt>
      </titleStmt>
      <editionStmt>
        <p xml:lang="is">Málheild: Ræður frá Alþingi Íslendinga (2020.06)</p>
        <p xml:lang="en">Corpus: Speeches from The Parliament of Iceland (2020.06)</p>
      </editionStmt>
      <publicationStmt>
        <distributor xml:lang="is">Stofnun Árna Magnússonar í íslenskum fræðum</distributor>
        <distributor xml:lang="en">The Arni Magnusson Institute for Icelandic Studies</distributor>
        <address>
          <addrLine xml:lang="is">Árnagarður við Suðurgötu, 107 Reykjavík, Íslandi</addrLine>
          <addrLine xml:lang="en">Árnagarður Suðurgata, 107 Reykjavik, Iceland</addrLine>
          <addrLine>
            <email>arnastofnun@arnastofnun.is</email>
          </addrLine>
        </address>
        <idno type="risam">R-33-4611404</idno>
        <availability>
          <p xml:lang="is">Þessi texti er til notkunar í málrannsóknum og máltækniverkefnum um allan heim með CC-BY leyfi</p>
          <p xml:lang="en">This text is available for use in language research and language technology projects world wide with CC-BY licence.</p>
        </availability>
        <date>2020-05-27</date>
      </publicationStmt>
      <sourceDesc>
        <biblStruct>
          <analytic>
            <title>
              <title type="main">Stjórnarskrárbreyting (1. mál)</title>
            </title>
            <author>
             <persName>Skúli Thoroddsen</persName>
             <note type="gender">M</note>
             <note type="age">52</note>
             <note type="url">http://althingi.is/altext/cv/is/?nfaerslunr=534</note>
             <note type="political_party">Sjálfstæðisflokkurinn eldri</note>
             <note type="constituency">Norður-Ísfirðinga (NÍ)</note>
             <note type="role">Alþingismaður</note>
             <note type="role">forseti sþ.</note>
            </author>
            <date when="1911-02-20">20.02. 1911</date>
          </analytic>
          <monogr>
            <title>althingi.is</title>
            <imprint>
              <publisher>Alþingi</publisher>
            </imprint>
            <biblScope>
             <ref>http://althingi.is/altext/raeda/?lthing=22&amp;rnr=1197</ref>
            </biblScope>
          </monogr>
        </biblStruct>
      </sourceDesc>
    </fileDesc>
    <encodingDesc>
      <projectDesc>
        <p xml:lang="is">Sjá lýsingu á verkefninu í rmh2Hdr.xml.</p>
        <p xml:lang="en">See description of project in rmh2Hdr.xml.</p>
      </projectDesc>
      <tagsDecl>
        <namespace name="http://www.tei-c.org/ns/1.0">
          <tagUsage gi="text" occurs="1"/>
          <tagUsage gi="body" occurs="1"/>
          <tagUsage gi="div1" occurs="1"/>
          <tagUsage gi="p" occurs="2"/>
          <tagUsage gi="s" occurs="12"/>
          <tagUsage gi="w" occurs="325"/>
          <tagUsage gi="c" occurs="0"/>
        </namespace>
      </tagsDecl>
    </encodingDesc>
  </teiHeader>
  <text>
    <body>
      <div1>
        <p n="1">
          <s n="1">
            <w lemma="Skúli" type="nken-s">Skúli</w>
            <w lemma="Thoroddsen" type="nken-s">Thoroddsen</w>
            <w lemma=":" type="pa">:</w>
          </s>
        </p>
        <p n="2">
          <s n="1">
            <w lemma="eins" type="aa">Eins</w>
            <w lemma="og" type="c">og</w>
            <w lemma="kunnugur" type="lhensf">kunnugt</w>
            <w lemma="vera" type="sfg3en">er</w>
            <w lemma="samþykt" type="lvenvm">samþykti</w>
            <w lemma="deild" type="nveng">deildin</w>
            <w lemma="1909" type="ta">1909</w>
            <w lemma="áskorun" type="nven">áskorun</w>
            <w lemma="til" type="af">til</w>
            <w lemma="stjórn" type="nveeg">stjórnarinnar</w>
            <w lemma="sá" type="fahee">þess</w>
            <w lemma="efni" type="nhee">efnis</w>
            <w lemma="," type="pk">,</w>
            <w lemma="að" type="c">að</w>
            <w lemma="hún" type="fpven">hún</w>
            <w lemma="leggja" type="svg3eþ">legði</w>
            <w lemma="fyrir" type="af">fyrir</w>
            <w lemma="næstur" type="lheove">næsta</w>
            <w lemma="þing" type="nheo">þing</w>
            <w lemma="frumv." type="kt">frumv.</w>
            <w lemma="um" type="af">um</w>
            <w lemma="breyting" type="nvfo">breytingar</w>
            <w lemma="á" type="af">á</w>
            <w lemma="stjórnarskrá" type="nveþg">stjórnarskránni</w>
            <w lemma="," type="pk">,</w>
            <w lemma="og" type="c">og</w>
            <w lemma="þingmaður" type="nkfn">þingmenn</w>
            <w lemma="vænta" type="sfg3fþ">væntu</w>
            <w lemma="það" type="fphee">þess</w>
            <w lemma="það" type="fpheþ">því</w>
            <w lemma="," type="pk">,</w>
            <w lemma="að" type="c">að</w>
            <w lemma="stjórn" type="nveng">stjórnin</w>
            <w lemma="munu" type="svg3eþ">mundi</w>
            <w lemma="verða" type="sng">verða</w>
            <w lemma="við" type="af">við</w>
            <w lemma="þessi" type="faveþ">þessari</w>
            <w lemma="áskorun" type="nveþ">áskorun</w>
            <w lemma=";" type="pk">;</w>
            <w lemma="en" type="c">en</w>
            <w lemma="þessi" type="fahen">þetta</w>
            <w lemma="bregða" type="sfm3eþ">brást</w>
            <w lemma="," type="pk">,</w>
            <w lemma="sem" type="c">sem</w>
            <w lemma="kunnugur" type="lhensf">kunnugt</w>
            <w lemma="vera" type="sfg3en">er</w>
            <w lemma="." type="pl">.</w>
          </s>
          <s n="2">
            <w lemma="á" type="af">Á</w>
            <w lemma="flokksfundur" type="nkeþ">flokksfundi</w>
            <w lemma="sjálfstæðismaður" type="nkfe">sjálfstæðismanna</w>
            <w lemma="koma" type="sfg3eþ">kom</w>
            <w lemma="það" type="fphen">það</w>
            <w lemma="það" type="fpheþ">því</w>
            <w lemma="til" type="af">til</w>
            <w lemma="tal" type="nhee">tals</w>
            <w lemma="þegar" type="c">þegar</w>
            <w lemma="fyrir" type="af">fyrir</w>
            <w lemma="þingbyrjun" type="nveo">þingbyrjun</w>
            <w lemma="," type="pk">,</w>
            <w lemma="að" type="c">að</w>
            <w lemma="sjálfsagður" type="lhensf">sjálfsagt</w>
            <w lemma="vera" type="svg3eþ">væri</w>
            <w lemma="að" type="cn">að</w>
            <w lemma="koma" type="sng">koma</w>
            <w lemma="sem" type="aa">sem</w>
            <w lemma="snemma" type="aae">fyrst</w>
            <w lemma="fram" type="aa">fram</w>
            <w lemma="með" type="af">með</w>
            <w lemma="frumv." type="kt">frumv.</w>
            <w lemma="til" type="af">til</w>
            <w lemma="stjórnarskrárbreyting" type="nvee">stjórnarskrárbreytingar</w>
            <w lemma="," type="pk">,</w>
            <w lemma="og" type="c">og</w>
            <w lemma="vera" type="sfg3eþ">var</w>
            <w lemma="það" type="fphee">þess</w>
            <w lemma="þá" type="aa">þá</w>
            <w lemma="geta" type="sþghen">getið</w>
            <w lemma="," type="pk">,</w>
            <w lemma="að" type="af">að</w>
            <w lemma="3" type="ta">3</w>
            <w lemma="þingm" type="x">þingm</w>
            <w lemma="." type="pl">.</w>
          </s>
          <s n="3">
            <w lemma="hafa" type="svg3fþ">hefðu</w>
            <w lemma="í" type="af">í</w>
            <w lemma="smíð" type="nvfþ">smíðum</w>
            <w lemma="frumv." type="ks">frumv.</w>
            <w lemma="til" type="af">til</w>
            <w lemma="stjórnarskrárbreyting" type="nvee">stjórnarskrárbreytingar</w>
            <w lemma="," type="pk">,</w>
            <w lemma="og" type="c">og</w>
            <w lemma="vera" type="sfg3fn">eru</w>
            <w lemma="nú" type="aa">nú</w>
            <w lemma="tveir" type="tfkfn">tveir</w>
            <w lemma="þessi" type="fakfe">þessara</w>
            <w lemma="þm." type="ks">þm.</w>
            <w lemma="flutningsmaður" type="nkfn">flutningsmenn</w>
            <w lemma="frv." type="ks">frv.</w>
            <w lemma="þessi" type="fahee">þessa</w>
            <w lemma="," type="pk">,</w>
            <w lemma="sem" type="ct">sem</w>
            <w lemma="hér" type="aa">hér</w>
            <w lemma="liggja" type="sfg3en">liggur</w>
            <w lemma="fyrir" type="aa">fyrir</w>
            <w lemma="." type="pl">.</w>
          </s>
          <s n="4">
            <w lemma="Frumv." type="ks">Frumv.</w>
            <w lemma="þessi" type="fahen">þetta</w>
            <w lemma="vera" type="sfg3en">er</w>
            <w lemma="þannig" type="aa">þannig</w>
            <w lemma="koma" type="sþghen">komið</w>
            <w lemma="fram" type="aa">fram</w>
            <w lemma="sem" type="c">sem</w>
            <w lemma="frumv." type="kt">frumv.</w>
            <w lemma="frá" type="af">frá</w>
            <w lemma="3" type="ta">3</w>
            <w lemma="þingm" type="x">þingm</w>
            <w lemma="." type="pl">.</w>
          </s>
          <s n="5">
            <w lemma="," type="pk">,</w>
            <w lemma="en" type="c">en</w>
            <w lemma="ekki" type="aa">ekki</w>
            <w lemma="sem" type="c">sem</w>
            <w lemma="frumvarp" type="nhen">frumvarp</w>
            <w lemma="frá" type="af">frá</w>
            <w lemma="sjálfstæðisflokkur" type="nkeþg">sjálfstæðisflokknum</w>
            <w lemma="," type="pk">,</w>
            <w lemma="enda" type="c">enda</w>
            <w lemma="hafa" type="sfg3eþ">hafði</w>
            <w lemma="hann" type="fpken">hann</w>
            <w lemma="enginn" type="fohfo">engin</w>
            <w lemma="tak" type="nhfo">tök</w>
            <w lemma="á" type="af">á</w>
            <w lemma="það" type="fpheþ">því</w>
            <w lemma="að" type="cn">að</w>
            <w lemma="íhuga" type="sng">íhuga</w>
            <w lemma="það" type="fpheo">það</w>
            <w lemma="," type="pk">,</w>
            <w lemma="áður" type="aa">áður</w>
            <w lemma="en" type="c">en</w>
            <w lemma="það" type="fphen">það</w>
            <w lemma="vera" type="sfg3eþ">var</w>
            <w lemma="bera" type="sþghen">borið</w>
            <w lemma="fram" type="aa">fram</w>
            <w lemma="," type="pk">,</w>
            <w lemma="og" type="c">og</w>
            <w lemma="hafa" type="sfg3eþ">hafði</w>
            <w lemma="eigi" type="aa">eigi</w>
            <w lemma="sjá" type="sþghen">séð</w>
            <w lemma="það" type="fpheo">það</w>
            <w lemma="." type="pl">.</w>
          </s>
          <s n="6">
            <w lemma="-" type="pa">-</w>
            <w lemma="en" type="c">En</w>
            <w lemma="aðalatriði" type="nheng">aðalatriðið</w>
            <w lemma="vera" type="sfg3en">er</w>
            <w lemma="," type="pk">,</w>
            <w lemma="að" type="c">að</w>
            <w lemma="frumv." type="kt">frumv.</w>
            <w lemma="þessi" type="fahen">þetta</w>
            <w lemma="vera" type="sfg3en">er</w>
            <w lemma="nú" type="aa">nú</w>
            <w lemma="koma" type="sþghen">komið</w>
            <w lemma="inn" type="aa">inn</w>
            <w lemma="á" type="af">á</w>
            <w lemma="þing" type="nheog">þingið</w>
            <w lemma="," type="pk">,</w>
            <w lemma="og" type="c">og</w>
            <w lemma="mega" type="sfg3en">má</w>
            <w lemma="þá" type="aa">þá</w>
            <w lemma="breyta" type="sng">breyta</w>
            <w lemma="sá" type="faheþ">því</w>
            <w lemma="," type="pk">,</w>
            <w lemma="sem" type="ct">sem</w>
            <w lemma="þurfa" type="sng">þurfa</w>
            <w lemma="þykja" type="sfg3en">þykir</w>
            <w lemma="." type="pl">.</w>
          </s>
          <s n="7">
            <w lemma="eg" type="fp1en">Eg</w>
            <w lemma="taka" type="sfg1en">tek</w>
            <w lemma="þessi" type="faheo">þetta</w>
            <w lemma="fram" type="aa">fram</w>
            <w lemma="vegna" type="af">vegna</w>
            <w lemma="það" type="fphee">þess</w>
            <w lemma="," type="pk">,</w>
            <w lemma="að" type="c">að</w>
            <w lemma="eg" type="fp1en">eg</w>
            <w lemma="vera" type="sfg1en">er</w>
            <w lemma="það" type="fpheþ">því</w>
            <w lemma="mótfallinn" type="lkensf">mótfallinn</w>
            <w lemma="," type="pk">,</w>
            <w lemma="að" type="c">að</w>
            <w lemma="blanda" type="sþghen">blandað</w>
            <w lemma="vera" type="sfg3en">er</w>
            <w lemma="saman" type="aa">saman</w>
            <w lemma="í" type="af">í</w>
            <w lemma="frumv." type="kt">frumv.</w>
            <w lemma="stjórnarskrárbreyting" type="nvfþ">stjórnarskrárbreytingum</w>
            <w lemma="og" type="c">og</w>
            <w lemma="sambandslagaákvæði" type="nhfþ">sambandslagaákvæðum</w>
            <w lemma="," type="pk">,</w>
            <w lemma="sem" type="ct">sem</w>
            <w lemma="verða" type="sþghen">orðið</w>
            <w lemma="geta" type="svg3fþ">gætu</w>
            <w lemma="frumv." type="kt">frumv.</w>
            <w lemma="að" type="af">að</w>
            <w lemma="fall" type="nheþ">falli</w>
            <w lemma="," type="pk">,</w>
            <w lemma="er" type="ct">er</w>
            <w lemma="staðfestingar" type="nven">staðfestingar</w>
            <w lemma="skulu" type="sfg3en">skal</w>
            <w lemma="leita" type="sþghen">leitað</w>
            <w lemma="," type="pk">,</w>
            <w lemma="enda" type="c">enda</w>
            <w lemma="telja" type="sfg1en">tel</w>
            <w lemma="eg" type="fp1en">eg</w>
            <w lemma="víst" type="aa">víst</w>
            <w lemma="," type="pk">,</w>
            <w lemma="að" type="c">að</w>
            <w lemma="sá" type="fahen">það</w>
            <w lemma="," type="pk">,</w>
            <w lemma="sem" type="ct">sem</w>
            <w lemma="fyrir" type="af">fyrir</w>
            <w lemma="flutningsmur" type="nkeo">flutningsm</w>
            <w lemma="." type="pl">.</w>
          </s>
          <s n="8">
            <w lemma="frumv." type="kt">frumv.</w>
            <w lemma="hafa" type="sfg3en">hefir</w>
            <w lemma="vaka" type="sþghen">vakað</w>
            <w lemma="," type="pk">,</w>
            <w lemma="hafa" type="svg3en">hafi</w>
            <w lemma="vera" type="sþghen">verið</w>
            <w lemma="það" type="fphen">það</w>
            <w lemma="," type="pk">,</w>
            <w lemma="að" type="c">að</w>
            <w lemma="frumv." type="kt">frumv.</w>
            <w lemma="sýna" type="svg3eþ">sýndi</w>
            <w lemma="stefnuskrá" type="nveo">stefnuskrá</w>
            <w lemma="það" type="fphfe">þeirra</w>
            <w lemma="," type="pk">,</w>
            <w lemma="en" type="c">en</w>
            <w lemma="eiga" type="svg3en">eigi</w>
            <w lemma="hinn" type="faheo">hitt</w>
            <w lemma="," type="pk">,</w>
            <w lemma="að" type="c">að</w>
            <w lemma="hann" type="fpkfn">þeir</w>
            <w lemma="vilja" type="svg3fn">vilji</w>
            <w lemma="á" type="af">á</w>
            <w lemma="neinn" type="fokeo">neinn</w>
            <w lemma="háttur" type="nkeo">hátt</w>
            <w lemma="stuðla" type="sng">stuðla</w>
            <w lemma="að" type="af">að</w>
            <w lemma="það" type="fpheþ">því</w>
            <w lemma="," type="pk">,</w>
            <w lemma="að" type="c">að</w>
            <w lemma="sambandslagaákvæði" type="nhfng">sambandslagaákvæðin</w>
            <w lemma="verða" type="svg3fn">verði</w>
            <w lemma="nauðsynlegur" type="lvfþsf">nauðsynlegum</w>
            <w lemma="breyting" type="nvfþ">breytingum</w>
            <w lemma="á" type="af">á</w>
            <w lemma="stjórnarskrá" type="nveþg">stjórnarskránni</w>
            <w lemma="að" type="af">að</w>
            <w lemma="fall" type="nheþ">falli</w>
            <w lemma="." type="pl">.</w>
          </s>
          <s n="9">
            <w lemma="Háttv." type="kt">Háttv.</w>
            <w lemma="2." type="ta">2.</w>
            <w lemma="þm" type="ks">þm</w>
            <w lemma="." type="pl">.</w>
          </s>
          <s n="10">
            <w lemma="S." type="ks">S.</w>
            <w lemma="-" type="pa">-</w>
            <w lemma="múl" type="nhen">Múl</w>
            <w lemma="." type="pl">.</w>
          </s>
          <s n="11">
            <w lemma="(" type="pa">(</w>
            <w lemma="J." type="x">J.</w>
            <w lemma="Ól." type="ks">Ól.</w>
            <w lemma=")" type="pa">)</w>
            <w lemma="gjarnan" type="aam">heldur</w>
            <w lemma="það" type="fpheþ">því</w>
            <w lemma="fram" type="aa">fram</w>
            <w lemma="," type="pk">,</w>
            <w lemma="að" type="c">að</w>
            <w lemma="vísa" type="sng">vísa</w>
            <w lemma="bera" type="svg3en">beri</w>
            <w lemma="frumv." type="kt">frumv.</w>
            <w lemma="þessi" type="faheþ">þessu</w>
            <w lemma="frá" type="aa">frá</w>
            <w lemma="," type="pk">,</w>
            <w lemma="en" type="c">en</w>
            <w lemma="það" type="fpheþ">því</w>
            <w lemma="geta" type="sfg1en">get</w>
            <w lemma="eg" type="fp1en">eg</w>
            <w lemma="allur" type="fohee">alls</w>
            <w lemma="ekki" type="aa">ekki</w>
            <w lemma="vera" type="sþghen">verið</w>
            <w lemma="samdóma" type="lvenof">samdóma</w>
            <w lemma="," type="pk">,</w>
            <w lemma="þar" type="aa">þar</w>
            <w lemma="sem" type="c">sem</w>
            <w lemma="eg" type="fp1en">eg</w>
            <w lemma="fá" type="sfg1en">fæ</w>
            <w lemma="eigi" type="aa">eigi</w>
            <w lemma="vel" type="aam">betur</w>
            <w lemma="sjá" type="sþghen">séð</w>
            <w lemma="," type="pk">,</w>
            <w lemma="en" type="c">en</w>
            <w lemma="að" type="c">að</w>
            <w lemma="fyrirsögn" type="nven">fyrirsögn</w>
            <w lemma="það" type="fphee">þess</w>
            <w lemma="fullnægja" type="svg3en">fullnægi</w>
            <w lemma="fyllilega" type="aa">fyllilega</w>
            <w lemma="krafa" type="nvfþ">kröfum</w>
            <w lemma="sá" type="favfþ">þeim</w>
            <w lemma="," type="pk">,</w>
            <w lemma="er" type="ct">er</w>
            <w lemma="gera" type="sþgvfn">gerðar</w>
            <w lemma="vera" type="sfg3fn">eru</w>
            <w lemma="í" type="af">í</w>
            <w lemma="þingsköp" type="nhfþg">þingsköpunum</w>
            <w lemma="," type="pk">,</w>
            <w lemma="að" type="af">að</w>
            <w lemma="það" type="fpheþ">því</w>
            <w lemma="er" type="ct">er</w>
            <w lemma="til" type="af">til</w>
            <w lemma="breyting" type="nvfe">breytinga</w>
            <w lemma="á" type="af">á</w>
            <w lemma="stjórnarskrá" type="nveþg">stjórnarskránni</w>
            <w lemma="koma" type="sfg3en">kemur</w>
            <w lemma="." type="pl">.</w>
          </s>
        </p>
      </div1>
    </body>
  </text>
</TEI>
