<?xml version="1.0" encoding="UTF-8"?>
<TEI xmlns="http://www.tei-c.org/ns/1.0" xml:id="R-33-4692813" xml:lang="is">
  <teiHeader>
    <fileDesc>
      <titleStmt>
        <title>
          <title type="main">Breytingar á stjórnarskipunarlögum (17. mál)</title>
        </title>
        <respStmt>
          <resp xml:lang="is">Söfnun og úrvinnsla texta</resp>
          <resp xml:lang="en">Collection and processing of text</resp>
          <name xml:lang="is">Stofnun Árna Magnússonar í íslenskum fræðum</name>
          <name xml:lang="en">The Arni Magnusson Institute for Icelandic Studies</name>
        </respStmt>
      </titleStmt>
      <editionStmt>
        <p xml:lang="is">Málheild: Ræður frá Alþingi Íslendinga (2020.06)</p>
        <p xml:lang="en">Corpus: Speeches from The Parliament of Iceland (2020.06)</p>
      </editionStmt>
      <publicationStmt>
        <distributor xml:lang="is">Stofnun Árna Magnússonar í íslenskum fræðum</distributor>
        <distributor xml:lang="en">The Arni Magnusson Institute for Icelandic Studies</distributor>
        <address>
          <addrLine xml:lang="is">Árnagarður við Suðurgötu, 107 Reykjavík, Íslandi</addrLine>
          <addrLine xml:lang="en">Árnagarður Suðurgata, 107 Reykjavik, Iceland</addrLine>
          <addrLine>
            <email>arnastofnun@arnastofnun.is</email>
          </addrLine>
        </address>
        <idno type="risam">R-33-4692813</idno>
        <availability>
          <p xml:lang="is">Þessi texti er til notkunar í málrannsóknum og máltækniverkefnum um allan heim með CC-BY leyfi</p>
          <p xml:lang="en">This text is available for use in language research and language technology projects world wide with CC-BY licence.</p>
        </availability>
        <date>2020-05-27</date>
      </publicationStmt>
      <sourceDesc>
        <biblStruct>
          <analytic>
            <title>
              <title type="main">Breytingar á stjórnarskipunarlögum (17. mál)</title>
            </title>
            <author>
             <persName>Jón Ólafsson</persName>
             <note type="gender">M</note>
             <note type="age">60</note>
             <note type="url">http://althingi.is/altext/cv/is/?nfaerslunr=327</note>
             <note type="political_party">Heimastjórnarflokkurinn</note>
             <note type="constituency">Suður-Múlasýslu (SM)</note>
             <note type="role">Alþingismaður</note>
             <note type="role">skrifari sþ.</note>
            </author>
            <date when="1911-02-25">25.02. 1911</date>
          </analytic>
          <monogr>
            <title>althingi.is</title>
            <imprint>
              <publisher>Alþingi</publisher>
            </imprint>
            <biblScope>
             <ref>http://althingi.is/altext/raeda/?lthing=22&amp;rnr=1205</ref>
            </biblScope>
          </monogr>
        </biblStruct>
      </sourceDesc>
    </fileDesc>
    <encodingDesc>
      <projectDesc>
        <p xml:lang="is">Sjá lýsingu á verkefninu í rmh2Hdr.xml.</p>
        <p xml:lang="en">See description of project in rmh2Hdr.xml.</p>
      </projectDesc>
      <tagsDecl>
        <namespace name="http://www.tei-c.org/ns/1.0">
          <tagUsage gi="text" occurs="1"/>
          <tagUsage gi="body" occurs="1"/>
          <tagUsage gi="div1" occurs="1"/>
          <tagUsage gi="p" occurs="2"/>
          <tagUsage gi="s" occurs="4"/>
          <tagUsage gi="w" occurs="48"/>
          <tagUsage gi="c" occurs="0"/>
        </namespace>
      </tagsDecl>
    </encodingDesc>
  </teiHeader>
  <text>
    <body>
      <div1>
        <p n="1">
          <s n="1">
            <w lemma="flutningsm" type="nhen">Flutningsm</w>
            <w lemma="." type="pl">.</w>
          </s>
          <s n="2">
            <w lemma="(" type="pa">(</w>
            <w lemma="Jón" type="nken-s">Jón</w>
            <w lemma="Ólafsson" type="nken-s">Ólafsson</w>
            <w lemma=")" type="pa">)</w>
            <w lemma=":" type="pa">:</w>
          </s>
        </p>
        <p n="2">
          <s n="1">
            <w lemma="herra" type="nken">Herra</w>
            <w lemma="forseti" type="nken">forseti</w>
            <w lemma="!" type="pl">!</w>
          </s>
          <s n="2">
            <w lemma="eg" type="fp1en">Eg</w>
            <w lemma="finna" type="sfg1en">finn</w>
            <w lemma="ekki" type="aa">ekki</w>
            <w lemma="ástæða" type="nveo">ástæðu</w>
            <w lemma="til" type="af">til</w>
            <w lemma="það" type="fphee">þess</w>
            <w lemma="," type="pk">,</w>
            <w lemma="að" type="cn">að</w>
            <w lemma="fara" type="sng">fara</w>
            <w lemma="neinn" type="foheo">neitt</w>
            <w lemma="orð" type="nhfþ">orðum</w>
            <w lemma="um" type="af">um</w>
            <w lemma="þessi" type="faheo">þetta</w>
            <w lemma="frv." type="aa">frv.</w>
            <w lemma="núna" type="aa">núna</w>
            <w lemma="," type="pk">,</w>
            <w lemma="heldur" type="c">heldur</w>
            <w lemma="skulu" type="sfg1en">skal</w>
            <w lemma="eg" type="fp1en">eg</w>
            <w lemma="aðeins" type="aa">aðeins</w>
            <w lemma="leggja" type="sng">leggja</w>
            <w lemma="til" type="af">til</w>
            <w lemma="að" type="c">að</w>
            <w lemma="það" type="fpheþ">því</w>
            <w lemma="verða" type="svg3en">verði</w>
            <w lemma="vísa" type="sþghen">vísað</w>
            <w lemma="til" type="af">til</w>
            <w lemma="sá" type="favee">þeirrar</w>
            <w lemma="nefnd" type="nvee">nefndar</w>
            <w lemma="," type="pk">,</w>
            <w lemma="sem" type="ct">sem</w>
            <w lemma="þegar" type="aa">þegar</w>
            <w lemma="hafa" type="sfg3en">hefir</w>
            <w lemma="vera" type="sþghen">verið</w>
            <w lemma="skipa" type="sþgven">skipuð</w>
            <w lemma="í" type="af">í</w>
            <w lemma="stjórnarskrármál" type="nheog">stjórnarskrármálið</w>
            <w lemma="." type="pl">.</w>
          </s>
        </p>
      </div1>
    </body>
  </text>
</TEI>
