<?xml version="1.0" encoding="utf-8"?>
<TEI xmlns="http://www.tei-c.org/ns/1.0">
  <teiHeader>
    <fileDesc>
      <titleStmt>
        <title>
          <title type="main">Komu af stað nokkrum snjóflóðum</title>
        </title>
        <respStmt>
          <resp xml:lang="is">Söfnun og úrvinnsla texta</resp>
          <resp xml:lang="en">Collection and processing of text</resp>
          <name xml:lang="is">Stofnun Árna Magnússonar í íslenskum fræðum</name>
          <name xml:lang="en">The Arni Magnusson Institute for Icelandic Studies</name>
        </respStmt>
      </titleStmt>
      <editionStmt>
        <p xml:lang="is">Íslensk risamálheild (2019)</p>
        <p xml:lang="en">Tagged Icelandic Gigaword Corpus (2019)</p>
      </editionStmt>
      <publicationStmt>
        <distributor xml:lang="is">Stofnun Árna Magnússonar í íslenskum fræðum</distributor>
        <distributor xml:lang="en">The Arni Magnusson Institute for Icelandic Studies</distributor>
        <address>
          <addrLine xml:lang="is">Árnagarður við Suðurgötu, 107 Reykjavík, Íslandi</addrLine>
          <addrLine xml:lang="en">Árnagarður Suðurgata, 107 Reykjavik, Iceland</addrLine>
          <addrLine>
            <email>arnastofnun@arnastofnun.is</email>
          </addrLine>
        </address>
        <idno type="risam">G-25-2547029</idno>
        <availability>
          <p xml:lang="is">Þessi texti er til notkunar í málrannsóknum og máltækniverkefnum um allan heim með sérstöku leyfi, sjá rmh2Hdr.xml</p>
          <p xml:lang="en">This text is available for use in language research and language technology projects world wide with a special license, see rmh2Hdr.xml</p>
        </availability>
        <date>2020-05-26</date>
      </publicationStmt>
      <sourceDesc>
        <biblStruct>
          <analytic>
            <title>
              <title type="main">Komu af stað nokkrum snjóflóðum</title>
            </title>
            <date when="2013-03-22T08:00:00">22.03 2013 kl. 08:00:00</date>
          </analytic>
          <monogr>
            <title>Bylgjan</title>
            <imprint>
              <publisher>365 miðlar hf.</publisher>
              <pubPlace>Reykjavík</pubPlace>
            </imprint>
          </monogr>
        </biblStruct>
      </sourceDesc>
    </fileDesc>
    <encodingDesc>
      <projectDesc>
        <p xml:lang="is">Sjá lýsingu á verkefninu í rmh2Hdr.xml.</p>
        <p xml:lang="en">See description of project in rmh2Hdr.xml.</p>
      </projectDesc>
      <tagsDecl>
        <namespace name="http://www.tei-c.org/ns/1.0">
          <tagUsage gi="text" occurs="1"/>
          <tagUsage gi="body" occurs="1"/>
          <tagUsage gi="div1" occurs="1"/>
          <tagUsage gi="p" occurs="1"/>
          <tagUsage gi="s" occurs="3"/>
          <tagUsage gi="w" occurs="67"/>
          <tagUsage gi="c" occurs="3"/>
        </namespace>
      </tagsDecl>
    </encodingDesc>
    <profileDesc>
     <textClass>
      <keywords scheme="#RMH">
       <list>
        <item>Frétt – almennt</item>
       </list>
      </keywords>
     </textClass>
    </profileDesc>
  </teiHeader>
  <text>
    <body>
      <div1>
        <p n="1">
          <s n="1">
            <w lemma="vélsleðamaður" type="nkfn">Vélsleðamenn</w>
            <w lemma="og" type="c">og</w>
            <w lemma="skíðamaður" type="nkfn">skíðamenn</w>
            <w lemma="koma" type="sfg3fþ">komu</w>
            <w lemma="af" type="af">af</w>
            <w lemma="staður" type="nkeþ">stað</w>
            <w lemma="nokkur" type="fohfþ">nokkrum</w>
            <w lemma="snjóflóð" type="nhfþ">snjóflóðum</w>
            <w lemma="norður" type="aa">norður</w>
            <w lemma="á" type="af">á</w>
            <w lemma="Tröllaskagi" type="nkeo-s">Tröllaskaga</w>
            <w lemma="í" type="aa">í</w>
            <w lemma="gær" type="aa">gær</w>
            <w lemma="og" type="c">og</w>
            <w lemma="fyrradagur" type="nkeo">fyrradag</w>
            <w lemma="að" type="af">að</w>
            <w lemma="sögn" type="nveþ">sögn</w>
            <w lemma="Veðurstofa" type="nveegs">Veðurstofunnar</w>
            <w lemma="sem" type="ct">sem</w>
            <w lemma="ítrekað" type="aa">ítrekað</w>
            <w lemma="hafa" type="sfg3en">hefur</w>
            <w lemma="vara" type="sþghen">varað</w>
            <w lemma="við" type="af">við</w>
            <w lemma="mikill" type="lveþsf">mikilli</w>
            <w lemma="snjóflóðahætta" type="nveþ">snjóflóðahættu</w>
            <w lemma="utan" type="af">utan</w>
            <w lemma="alfaraleið" type="nvfe">alfaraleiða</w>
            <w lemma="á" type="af">á</w>
            <w lemma="svæði" type="nheþg">svæðinu</w>
            <c type="pl">.</c>
          </s>
          <s n="2">
            <w lemma="eftir" type="af">Eftir</w>
            <w lemma="sá" type="faheþ">því</w>
            <w lemma="sem" type="ct">sem</w>
            <w lemma="fréttastofa" type="nven">fréttastofa</w>
            <w lemma="koma" type="sfm3en">kemst</w>
            <w lemma="nærri" type="aae">næst</w>
            <w lemma="sleppa" type="sfg3fþ">sluppu</w>
            <w lemma="viðkomandi" type="lvenof">viðkomandi</w>
            <w lemma="með" type="af">með</w>
            <w lemma="skrekkur" type="nkeog">skrekkinn</w>
            <c type="pl">.</c>
          </s>
          <s n="3">
            <w lemma="veðurstofa" type="nveng">Veðurstofan</w>
            <w lemma="telja" type="sfg3en">telur</w>
            <w lemma="enn" type="aa">enn</w>
            <w lemma="mikill" type="lveosf">mikla</w>
            <w lemma="snjóflóðahætta" type="nveo">snjóflóðahættu</w>
            <w lemma="á" type="af">á</w>
            <w lemma="svæði" type="nheþg">svæðinu</w>
            <w lemma="og" type="c">og</w>
            <w lemma="sömuleiðis" type="aa">sömuleiðis</w>
            <w lemma="á" type="af">á</w>
            <w lemma="Austfirðir" type="nkfþ-s">Austfjörðum</w>
            <w lemma="þar" type="aa">þar</w>
            <w lemma="sem" type="c">sem</w>
            <w lemma="nokkur" type="fohen">nokkuð</w>
            <w lemma="margur" type="lhfnsf">mörg</w>
            <w lemma="flóð" type="nhfn">flóð</w>
            <w lemma="hafa" type="sfg3fn">hafa</w>
            <w lemma="falla" type="sþghen">fallið</w>
            <w lemma="og" type="c">og</w>
            <w lemma="vera" type="sfg3fn">eru</w>
            <w lemma="upptök" type="nhfn">upptök</w>
            <w lemma="sumur" type="fokfe">sumra</w>
            <w lemma="það" type="fphfe">þeirra</w>
            <w lemma="mjög" type="aa">mjög</w>
            <w lemma="breiður" type="lhfnsf">breið</w>
            <w lemma="að" type="af">að</w>
            <w lemma="sögn" type="nveþ">sögn</w>
            <w lemma="Veðurstofa" type="nvee-s">Veðurstofu</w>
            <c type="pl">.</c>
          </s>
        </p>
      </div1>
    </body>
  </text>
</TEI>
