<?xml version="1.0" encoding="utf-8"?>
<TEI xmlns="http://www.tei-c.org/ns/1.0">
  <teiHeader>
    <fileDesc>
      <titleStmt>
        <title>
          <title type="main">Bandaríkin - Ný rannsókn um reykingar</title>
        </title>
        <respStmt>
          <resp xml:lang="is">Söfnun og úrvinnsla texta</resp>
          <resp xml:lang="en">Collection and processing of text</resp>
          <name xml:lang="is">Stofnun Árna Magnússonar í íslenskum fræðum</name>
          <name xml:lang="en">The Arni Magnusson Institute for Icelandic Studies</name>
        </respStmt>
      </titleStmt>
      <editionStmt>
        <p xml:lang="is">Íslensk risamálheild (2019)</p>
        <p xml:lang="en">Tagged Icelandic Gigaword Corpus (2019)</p>
      </editionStmt>
      <publicationStmt>
        <distributor xml:lang="is">Stofnun Árna Magnússonar í íslenskum fræðum</distributor>
        <distributor xml:lang="en">The Arni Magnusson Institute for Icelandic Studies</distributor>
        <address>
          <addrLine xml:lang="is">Árnagarður við Suðurgötu, 107 Reykjavík, Íslandi</addrLine>
          <addrLine xml:lang="en">Árnagarður Suðurgata, 107 Reykjavik, Iceland</addrLine>
          <addrLine>
            <email>arnastofnun@arnastofnun.is</email>
          </addrLine>
        </address>
        <idno type="risam">G-25-2505380</idno>
        <availability>
          <p xml:lang="is">Þessi texti er til notkunar í málrannsóknum og máltækniverkefnum um allan heim með sérstöku leyfi, sjá rmh2Hdr.xml</p>
          <p xml:lang="en">This text is available for use in language research and language technology projects world wide with a special license, see rmh2Hdr.xml</p>
        </availability>
        <date>2020-05-26</date>
      </publicationStmt>
      <sourceDesc>
        <biblStruct>
          <analytic>
            <title>
              <title type="main">Bandaríkin - Ný rannsókn um reykingar</title>
            </title>
            <date when="2013-03-14T08:00:00">14.03 2013 kl. 08:00:00</date>
          </analytic>
          <monogr>
            <title>Bylgjan</title>
            <imprint>
              <publisher>365 miðlar hf.</publisher>
              <pubPlace>Reykjavík</pubPlace>
            </imprint>
          </monogr>
        </biblStruct>
      </sourceDesc>
    </fileDesc>
    <encodingDesc>
      <projectDesc>
        <p xml:lang="is">Sjá lýsingu á verkefninu í rmh2Hdr.xml.</p>
        <p xml:lang="en">See description of project in rmh2Hdr.xml.</p>
      </projectDesc>
      <tagsDecl>
        <namespace name="http://www.tei-c.org/ns/1.0">
          <tagUsage gi="text" occurs="1"/>
          <tagUsage gi="body" occurs="1"/>
          <tagUsage gi="div1" occurs="1"/>
          <tagUsage gi="p" occurs="1"/>
          <tagUsage gi="s" occurs="2"/>
          <tagUsage gi="w" occurs="37"/>
          <tagUsage gi="c" occurs="2"/>
        </namespace>
      </tagsDecl>
    </encodingDesc>
    <profileDesc>
     <textClass>
      <keywords scheme="#RMH">
       <list>
        <item>Frétt – almennt</item>
       </list>
      </keywords>
     </textClass>
    </profileDesc>
  </teiHeader>
  <text>
    <body>
      <div1>
        <p n="1">
          <s n="1">
            <w lemma="að" type="cn">Að</w>
            <w lemma="hætta" type="sng">hætta</w>
            <w lemma="reyking" type="nvfþ">reykingum</w>
            <w lemma="draga" type="sfg3en">dregur</w>
            <w lemma="töluvert" type="aa">töluvert</w>
            <w lemma="úr" type="af">úr</w>
            <w lemma="áhætta" type="nveþg">áhættunni</w>
            <w lemma="á" type="af">á</w>
            <w lemma="hjartasjúkdómur" type="nkfþ">hjartasjúkdómum</w>
            <w lemma="jafnvel" type="aa">jafnvel</w>
            <w lemma="þó" type="aa">þó</w>
            <w lemma="að" type="c">að</w>
            <w lemma="viðkomandi" type="lvenof">viðkomandi</w>
            <w lemma="bæta" type="svg3en">bæti</w>
            <w lemma="við" type="af">við</w>
            <w lemma="þyngd" type="nveo">þyngd</w>
            <w lemma="sinn" type="feveo">sína</w>
            <w lemma="í" type="af">í</w>
            <w lemma="framhald" type="nheþg">framhaldinu</w>
            <c type="pl">.</c>
          </s>
          <s n="2">
            <w lemma="þessi" type="fahen">Þetta</w>
            <w lemma="vera" type="sfg3fn">eru</w>
            <w lemma="niðurstaða" type="nvfn">niðurstöður</w>
            <w lemma="nýr" type="lveesf">nýrrar</w>
            <w lemma="rannsókn" type="nvee">rannsóknar</w>
            <w lemma="á" type="af">á</w>
            <w lemma="vegur" type="nkfþ">vegum</w>
            <w lemma="Harvard" type="n----s">Harvard</w>
            <w lemma="háskóli" type="nkeeg">háskólans</w>
            <w lemma="en" type="c">en</w>
            <w lemma="fjalla" type="sþghen">fjallað</w>
            <w lemma="vera" type="sfg3en">er</w>
            <w lemma="um" type="af">um</w>
            <w lemma="hún" type="fpveo">hana</w>
            <w lemma="í" type="af">í</w>
            <w lemma="tímarit" type="nheþ">tímariti</w>
            <w lemma="læknasamtök" type="nhfe">læknasamtaka</w>
            <w lemma="Bandaríkin" type="nhfegs">Bandaríkjanna</w>
            <c type="pl">.</c>
          </s>
        </p>
      </div1>
    </body>
  </text>
</TEI>
