<?xml version="1.0" encoding="utf-8"?>
<TEI xmlns="http://www.tei-c.org/ns/1.0">
  <teiHeader>
    <fileDesc>
      <titleStmt>
        <title>
          <title type="main">Venesúela - Forsetakosningar 14. apríl</title>
        </title>
        <respStmt>
          <resp xml:lang="is">Söfnun og úrvinnsla texta</resp>
          <resp xml:lang="en">Collection and processing of text</resp>
          <name xml:lang="is">Stofnun Árna Magnússonar í íslenskum fræðum</name>
          <name xml:lang="en">The Arni Magnusson Institute for Icelandic Studies</name>
        </respStmt>
      </titleStmt>
      <editionStmt>
        <p xml:lang="is">Íslensk risamálheild (2019)</p>
        <p xml:lang="en">Tagged Icelandic Gigaword Corpus (2019)</p>
      </editionStmt>
      <publicationStmt>
        <distributor xml:lang="is">Stofnun Árna Magnússonar í íslenskum fræðum</distributor>
        <distributor xml:lang="en">The Arni Magnusson Institute for Icelandic Studies</distributor>
        <address>
          <addrLine xml:lang="is">Árnagarður við Suðurgötu, 107 Reykjavík, Íslandi</addrLine>
          <addrLine xml:lang="en">Árnagarður Suðurgata, 107 Reykjavik, Iceland</addrLine>
          <addrLine>
            <email>arnastofnun@arnastofnun.is</email>
          </addrLine>
        </address>
        <idno type="risam">G-25-2505460</idno>
        <availability>
          <p xml:lang="is">Þessi texti er til notkunar í málrannsóknum og máltækniverkefnum um allan heim með sérstöku leyfi, sjá rmh2Hdr.xml</p>
          <p xml:lang="en">This text is available for use in language research and language technology projects world wide with a special license, see rmh2Hdr.xml</p>
        </availability>
        <date>2020-05-26</date>
      </publicationStmt>
      <sourceDesc>
        <biblStruct>
          <analytic>
            <title>
              <title type="main">Venesúela - Forsetakosningar 14. apríl</title>
            </title>
            <date when="2013-03-11T08:00:00">11.03 2013 kl. 08:00:00</date>
          </analytic>
          <monogr>
            <title>Bylgjan</title>
            <imprint>
              <publisher>365 miðlar hf.</publisher>
              <pubPlace>Reykjavík</pubPlace>
            </imprint>
          </monogr>
        </biblStruct>
      </sourceDesc>
    </fileDesc>
    <encodingDesc>
      <projectDesc>
        <p xml:lang="is">Sjá lýsingu á verkefninu í rmh2Hdr.xml.</p>
        <p xml:lang="en">See description of project in rmh2Hdr.xml.</p>
      </projectDesc>
      <tagsDecl>
        <namespace name="http://www.tei-c.org/ns/1.0">
          <tagUsage gi="text" occurs="1"/>
          <tagUsage gi="body" occurs="1"/>
          <tagUsage gi="div1" occurs="1"/>
          <tagUsage gi="p" occurs="1"/>
          <tagUsage gi="s" occurs="2"/>
          <tagUsage gi="w" occurs="30"/>
          <tagUsage gi="c" occurs="4"/>
        </namespace>
      </tagsDecl>
    </encodingDesc>
    <profileDesc>
     <textClass>
      <keywords scheme="#RMH">
       <list>
        <item>Frétt – almennt</item>
       </list>
      </keywords>
     </textClass>
    </profileDesc>
  </teiHeader>
  <text>
    <body>
      <div1>
        <p n="1">
          <s n="1">
            <w lemma="ákveða" type="sþghen">Ákveðið</w>
            <w lemma="hafa" type="sfg3en">hefur</w>
            <w lemma="vera" type="sþghen">verið</w>
            <w lemma="að" type="cn">að</w>
            <w lemma="ganga" type="sng">ganga</w>
            <w lemma="til" type="af">til</w>
            <w lemma="forsetakosning" type="nvfe">forsetakosninga</w>
            <w lemma="í" type="af">í</w>
            <w lemma="Venesúela" type="nheþ-s">Venesúela</w>
            <w lemma="14." type="ta">14.</w>
            <w lemma="apríl" type="nkeo">apríl</w>
            <c type="pl">.</c>
          </s>
          <s n="2">
            <w lemma="þar" type="aa">Þar</w>
            <w lemma="munu" type="sfg3en">mun</w>
            <w lemma="Nicolas" type="n----s">Nicolas</w>
            <w lemma="Maduro" type="n----s">Maduro</w>
            <c type="pk">,</c>
            <w lemma="varaforseti" type="nken">varaforseti</w>
            <w lemma="land" type="nheeg">landsins</w>
            <w lemma="og" type="c">og</w>
            <w lemma="arftaki" type="nken">arftaki</w>
            <w lemma="Hugo" type="nkee-s">Hugo</w>
            <w lemma="Chavez" type="n----s">Chavez</w>
            <w lemma="etja" type="sng">etja</w>
            <w lemma="kapp" type="nheþ">kappi</w>
            <w lemma="við" type="af">við</w>
            <w lemma="Henrique" type="n----s">Henrique</w>
            <w lemma="Capriles" type="n----s">Capriles</w>
            <c type="pk">,</c>
            <w lemma="leiðtogi" type="nkfo">leiðtoga</w>
            <w lemma="stjórnarandstaða" type="nveeg">stjórnarandstöðunnar</w>
            <w lemma="um" type="af">um</w>
            <w lemma="embætti" type="nheog">embættið</w>
            <c type="pl">.</c>
          </s>
        </p>
      </div1>
    </body>
  </text>
</TEI>
