<?xml version="1.0" encoding="utf-8"?>
<TEI xmlns="http://www.tei-c.org/ns/1.0">
  <teiHeader>
    <fileDesc>
      <titleStmt>
        <title>
          <title type="main">Kóreuskaginn - Lýsti yfir stríðsástandi</title>
        </title>
        <respStmt>
          <resp xml:lang="is">Söfnun og úrvinnsla texta</resp>
          <resp xml:lang="en">Collection and processing of text</resp>
          <name xml:lang="is">Stofnun Árna Magnússonar í íslenskum fræðum</name>
          <name xml:lang="en">The Arni Magnusson Institute for Icelandic Studies</name>
        </respStmt>
      </titleStmt>
      <editionStmt>
        <p xml:lang="is">Íslensk risamálheild (2019)</p>
        <p xml:lang="en">Tagged Icelandic Gigaword Corpus (2019)</p>
      </editionStmt>
      <publicationStmt>
        <distributor xml:lang="is">Stofnun Árna Magnússonar í íslenskum fræðum</distributor>
        <distributor xml:lang="en">The Arni Magnusson Institute for Icelandic Studies</distributor>
        <address>
          <addrLine xml:lang="is">Árnagarður við Suðurgötu, 107 Reykjavík, Íslandi</addrLine>
          <addrLine xml:lang="en">Árnagarður Suðurgata, 107 Reykjavik, Iceland</addrLine>
          <addrLine>
            <email>arnastofnun@arnastofnun.is</email>
          </addrLine>
        </address>
        <idno type="risam">G-25-2546314</idno>
        <availability>
          <p xml:lang="is">Þessi texti er til notkunar í málrannsóknum og máltækniverkefnum um allan heim með sérstöku leyfi, sjá rmh2Hdr.xml</p>
          <p xml:lang="en">This text is available for use in language research and language technology projects world wide with a special license, see rmh2Hdr.xml</p>
        </availability>
        <date>2020-05-26</date>
      </publicationStmt>
      <sourceDesc>
        <biblStruct>
          <analytic>
            <title>
              <title type="main">Kóreuskaginn - Lýsti yfir stríðsástandi</title>
            </title>
            <date when="2013-03-30T12:00:00">30.03 2013 kl. 12:00:00</date>
          </analytic>
          <monogr>
            <title>Bylgjan</title>
            <imprint>
              <publisher>365 miðlar hf.</publisher>
              <pubPlace>Reykjavík</pubPlace>
            </imprint>
          </monogr>
        </biblStruct>
      </sourceDesc>
    </fileDesc>
    <encodingDesc>
      <projectDesc>
        <p xml:lang="is">Sjá lýsingu á verkefninu í rmh2Hdr.xml.</p>
        <p xml:lang="en">See description of project in rmh2Hdr.xml.</p>
      </projectDesc>
      <tagsDecl>
        <namespace name="http://www.tei-c.org/ns/1.0">
          <tagUsage gi="text" occurs="1"/>
          <tagUsage gi="body" occurs="1"/>
          <tagUsage gi="div1" occurs="1"/>
          <tagUsage gi="p" occurs="1"/>
          <tagUsage gi="s" occurs="1"/>
          <tagUsage gi="w" occurs="24"/>
          <tagUsage gi="c" occurs="1"/>
        </namespace>
      </tagsDecl>
    </encodingDesc>
    <profileDesc>
     <textClass>
      <keywords scheme="#RMH">
       <list>
        <item>Frétt – almennt</item>
       </list>
      </keywords>
     </textClass>
    </profileDesc>
  </teiHeader>
  <text>
    <body>
      <div1>
        <p n="1">
          <s n="1">
            <w lemma="stjórnvöld" type="nhfn">Stjórnvöld</w>
            <w lemma="í" type="af">í</w>
            <w lemma="Norður-Kórea" type="nveþ-s">Norður-Kóreu</w>
            <w lemma="hafa" type="sfg3fn">hafa</w>
            <w lemma="lýsa" type="sþghen">lýst</w>
            <w lemma="yfir" type="af">yfir</w>
            <w lemma="stríðsástand" type="nheþ">stríðsástandi</w>
            <w lemma="á" type="af">á</w>
            <w lemma="Kóreuskagi" type="nkeþ-s">Kóreuskaga</w>
            <w lemma="og" type="c">og</w>
            <w lemma="segja" type="sfg3fn">segja</w>
            <w lemma="að" type="c">að</w>
            <w lemma="allur" type="fovfþ">öllum</w>
            <w lemma="ögrun" type="nvfþ">ögrunum</w>
            <w lemma="af" type="af">af</w>
            <w lemma="hálfa" type="nveþ">hálfu</w>
            <w lemma="Bandaríkjamaður" type="nkfe-s">Bandaríkjamanna</w>
            <w lemma="og" type="c">og</w>
            <w lemma="Suður-Kóreumaður" type="nkfe-s">Suður-Kóreumanna</w>
            <w lemma="verða" type="svg3fn">verði</w>
            <w lemma="svara" type="sþghen">svarað</w>
            <w lemma="af" type="af">af</w>
            <w lemma="fullur" type="lveþsf">fullri</w>
            <w lemma="harka" type="nveþ">hörku</w>
            <c type="pl">.</c>
          </s>
        </p>
      </div1>
    </body>
  </text>
</TEI>
