<?xml version="1.0" encoding="utf-8"?>
<TEI xmlns="http://www.tei-c.org/ns/1.0">
  <teiHeader>
    <fileDesc>
      <titleStmt>
        <title>
          <title type="main">Aukin velta á fasteignamarkaði</title>
        </title>
        <respStmt>
          <resp xml:lang="is">Söfnun og úrvinnsla texta</resp>
          <resp xml:lang="en">Collection and processing of text</resp>
          <name xml:lang="is">Stofnun Árna Magnússonar í íslenskum fræðum</name>
          <name xml:lang="en">The Arni Magnusson Institute for Icelandic Studies</name>
        </respStmt>
      </titleStmt>
      <editionStmt>
        <p xml:lang="is">Íslensk risamálheild (2019)</p>
        <p xml:lang="en">Tagged Icelandic Gigaword Corpus (2019)</p>
      </editionStmt>
      <publicationStmt>
        <distributor xml:lang="is">Stofnun Árna Magnússonar í íslenskum fræðum</distributor>
        <distributor xml:lang="en">The Arni Magnusson Institute for Icelandic Studies</distributor>
        <address>
          <addrLine xml:lang="is">Árnagarður við Suðurgötu, 107 Reykjavík, Íslandi</addrLine>
          <addrLine xml:lang="en">Árnagarður Suðurgata, 107 Reykjavik, Iceland</addrLine>
          <addrLine>
            <email>arnastofnun@arnastofnun.is</email>
          </addrLine>
        </address>
        <idno type="risam">G-25-2544713</idno>
        <availability>
          <p xml:lang="is">Þessi texti er til notkunar í málrannsóknum og máltækniverkefnum um allan heim með sérstöku leyfi, sjá rmh2Hdr.xml</p>
          <p xml:lang="en">This text is available for use in language research and language technology projects world wide with a special license, see rmh2Hdr.xml</p>
        </availability>
        <date>2020-05-26</date>
      </publicationStmt>
      <sourceDesc>
        <biblStruct>
          <analytic>
            <title>
              <title type="main">Aukin velta á fasteignamarkaði</title>
            </title>
            <date when="2013-03-08T08:00:00">08.03 2013 kl. 08:00:00</date>
          </analytic>
          <monogr>
            <title>Bylgjan</title>
            <imprint>
              <publisher>365 miðlar hf.</publisher>
              <pubPlace>Reykjavík</pubPlace>
            </imprint>
          </monogr>
        </biblStruct>
      </sourceDesc>
    </fileDesc>
    <encodingDesc>
      <projectDesc>
        <p xml:lang="is">Sjá lýsingu á verkefninu í rmh2Hdr.xml.</p>
        <p xml:lang="en">See description of project in rmh2Hdr.xml.</p>
      </projectDesc>
      <tagsDecl>
        <namespace name="http://www.tei-c.org/ns/1.0">
          <tagUsage gi="text" occurs="1"/>
          <tagUsage gi="body" occurs="1"/>
          <tagUsage gi="div1" occurs="1"/>
          <tagUsage gi="p" occurs="2"/>
          <tagUsage gi="s" occurs="11"/>
          <tagUsage gi="w" occurs="153"/>
          <tagUsage gi="c" occurs="12"/>
        </namespace>
      </tagsDecl>
    </encodingDesc>
    <profileDesc>
     <textClass>
      <keywords scheme="#RMH">
       <list>
        <item>Frétt – almennt</item>
       </list>
      </keywords>
     </textClass>
    </profileDesc>
  </teiHeader>
  <text>
    <body>
      <div1>
        <p n="1">
          <s n="1">
            <w lemma="velta" type="nveng">Veltan</w>
            <w lemma="á" type="af">á</w>
            <w lemma="fasteignamarkaður" type="nkeþg">fasteignamarkaðinum</w>
            <w lemma="hafa" type="sfg3en">hefur</w>
            <w lemma="auka" type="sþmhen">aukist</w>
            <w lemma="töluvert" type="aa">töluvert</w>
            <w lemma="á" type="af">á</w>
            <w lemma="síðari" type="lkfþve">síðustu</w>
            <w lemma="mánuður" type="nkfþ">mánuðum</w>
            <w lemma="en" type="c">en</w>
            <w lemma="á" type="af">á</w>
            <w lemma="sami" type="fbkeþ">sama</w>
            <w lemma="tími" type="nkeþ">tíma</w>
            <w lemma="hafa" type="sfg3en">hefur</w>
            <w lemma="draga" type="sþghen">dregið</w>
            <w lemma="verulega" type="aa">verulega</w>
            <w lemma="úr" type="af">úr</w>
            <w lemma="verðhækkun" type="nvfþ">verðhækkunum</w>
            <w lemma="á" type="af">á</w>
            <w lemma="íbúð" type="nvfþ">íbúðum</w>
            <c type="pl">.</c>
          </s>
        </p>
        <p n="2">
          <s n="1">
            <w lemma="fjalla" type="sþghen">Fjallað</w>
            <w lemma="vera" type="sfg3en">er</w>
            <w lemma="um" type="af">um</w>
            <w lemma="mál" type="nheog">málið</w>
            <w lemma="í" type="af">í</w>
            <w lemma="Morgunkorn" type="nheþ-s">Morgunkorni</w>
            <w lemma="Greining" type="nvee-s">Greiningar</w>
            <w lemma="Íslandsbanki" type="nkee-s">Íslandsbanka</w>
            <c type="pl">.</c>
          </s>
          <s n="2">
            <w lemma="þar" type="aa">Þar</w>
            <w lemma="segja" type="sfg3en">segir</w>
            <w lemma="að" type="c">að</w>
            <w lemma="velta" type="nveng">veltan</w>
            <w lemma="á" type="af">á</w>
            <w lemma="íbúðamarkaður" type="nkeþg">íbúðamarkaðinum</w>
            <w lemma="hafa" type="svg3en">hafi</w>
            <w lemma="auka" type="sþmhen">aukist</w>
            <w lemma="um" type="af">um</w>
            <w lemma="yfir" type="af">yfir</w>
            <w lemma="26%" type="tp">26%</w>
            <w lemma="á" type="af">á</w>
            <w lemma="síðari" type="lkfþve">síðustu</w>
            <w lemma="6" type="ta">6</w>
            <w lemma="mánuður" type="nkfþ">mánuðum</w>
            <w lemma="miða" type="sþghen">miðað</w>
            <w lemma="við" type="af">við</w>
            <w lemma="sami" type="fbheo">sama</w>
            <w lemma="tímabil" type="nheo">tímabil</w>
            <w lemma="fyrir" type="af">fyrir</w>
            <w lemma="ár" type="nheþ">ári</w>
            <w lemma="síðan" type="aa">síðan</w>
            <c type="pl">.</c>
          </s>
          <s n="3">
            <w lemma="hinn" type="fakee">Hins</w>
            <w lemma="vegur" type="nkee">vegar</w>
            <w lemma="hafa" type="sfg3en">hefur</w>
            <w lemma="draga" type="sþghen">dregið</w>
            <w lemma="verulega" type="aa">verulega</w>
            <w lemma="úr" type="af">úr</w>
            <w lemma="verðhækkun" type="nvfþ">verðhækkunum</w>
            <c type="pl">.</c>
          </s>
          <s n="4">
            <w lemma="hún" type="fpvfn">Þær</w>
            <w lemma="vera" type="sfg3fn">eru</w>
            <w lemma="að" type="af">að</w>
            <w lemma="nafnvirði" type="nheþ">nafnvirði</w>
            <w lemma="4,5%" type="tp">4,5%</w>
            <w lemma="á" type="af">á</w>
            <w lemma="síðari" type="lkfþve">síðustu</w>
            <w lemma="12" type="ta">12</w>
            <w lemma="mánuður" type="nkfþ">mánuðum</w>
            <w lemma="en" type="c">en</w>
            <w lemma="vera" type="sfg3fþ">voru</w>
            <w lemma="8,4%" type="tp">8,4%</w>
            <w lemma="á" type="af">á</w>
            <w lemma="sami" type="fbheþ">sama</w>
            <w lemma="tímabil" type="nheþ">tímabili</w>
            <w lemma="fyrir" type="af">fyrir</w>
            <w lemma="ár" type="nheþ">ári</w>
            <w lemma="síðan" type="aa">síðan</w>
            <c type="pl">.</c>
          </s>
          <s n="5">
            <w lemma="þarna" type="aa">Þarna</w>
            <w lemma="muna" type="sfg3en">munar</w>
            <w lemma="narri" type="aam">nær</w>
            <w lemma="helmingur" type="nkeo">helming</w>
            <c type="pl">.</c>
          </s>
          <s n="6">
            <w lemma="í" type="af">Í</w>
            <w lemma="Morgunkornið" type="nheþgs">Morgunkorninu</w>
            <w lemma="segja" type="sfg3en">segir</w>
            <w lemma="að" type="c">að</w>
            <w lemma="tveir" type="tfkfn">tveir</w>
            <w lemma="kraftur" type="nkfn">kraftar</w>
            <w lemma="vera" type="svg3fn">séu</w>
            <w lemma="mjög" type="aa">mjög</w>
            <w lemma="ráðandi" type="lkfnof">ráðandi</w>
            <w lemma="um" type="af">um</w>
            <w lemma="verðþróun" type="nveo">verðþróun</w>
            <w lemma="á" type="af">á</w>
            <w lemma="íbúð" type="nvfþ">íbúðum</w>
            <c type="pk">,</c>
            <w lemma="það" type="fphen">það</w>
            <w lemma="vera" type="sfg3en">er</w>
            <w lemma="þróun" type="nven">þróun</w>
            <w lemma="kaupmáttur" type="nkee">kaupmáttar</w>
            <w lemma="og" type="c">og</w>
            <w lemma="vaxtaþróun" type="nven">vaxtaþróun</w>
            <c type="pl">.</c>
          </s>
          <s n="7">
            <w lemma="undanfar" type="nheng">Undanfarið</w>
            <w lemma="hafa" type="sfg3en">hefur</w>
            <w lemma="draga" type="sþghen">dregið</w>
            <w lemma="úr" type="af">úr</w>
            <w lemma="vöxtur" type="nkeþ">vexti</w>
            <w lemma="kaupmáttur" type="nkee">kaupmáttar</w>
            <w lemma="en" type="c">en</w>
            <w lemma="á" type="af">á</w>
            <w lemma="sami" type="fbkeþ">sama</w>
            <w lemma="tími" type="nkeþ">tíma</w>
            <w lemma="hafa" type="sfg3fn">hafa</w>
            <w lemma="óverðtryggður" type="lkfnsf">óverðtryggðir</w>
            <w lemma="vöxtur" type="nkfn">vextir</w>
            <w lemma="hækka" type="sþghen">hækkað</w>
            <c type="pl">.</c>
          </s>
          <s n="8">
            <w lemma="kaupmáttur" type="nken">Kaupmáttur</w>
            <w lemma="laun" type="nhfe">launa</w>
            <w lemma="hafa" type="sfg3en">hefur</w>
            <w lemma="auka" type="sþmhen">aukist</w>
            <w lemma="um" type="af">um</w>
            <w lemma="aðeins" type="aa">aðeins</w>
            <w lemma="0,8%" type="tp">0,8%</w>
            <w lemma="á" type="af">á</w>
            <w lemma="síðari" type="lkfþve">síðustu</w>
            <w lemma="12" type="ta">12</w>
            <w lemma="mánuður" type="nkfþ">mánuðum</w>
            <w lemma="samanbera" type="sþghen">samanborið</w>
            <w lemma="við" type="af">við</w>
            <w lemma="2,5%" type="tp">2,5%</w>
            <w lemma="fyrir" type="af">fyrir</w>
            <w lemma="ár" type="nheþ">ári</w>
            <w lemma="síðan" type="aa">síðan</w>
            <c type="pl">.</c>
          </s>
          <s n="9">
            <w lemma="vöxtur" type="nkfn">Vextir</w>
            <w lemma="á" type="af">á</w>
            <w lemma="óverðtryggður" type="lhfþsf">óverðtryggðum</w>
            <w lemma="lán" type="nhfþ">lánum</w>
            <w lemma="hafa" type="sfg3fn">hafa</w>
            <w lemma="hækka" type="sþghen">hækkað</w>
            <w lemma="talsvert" type="aa">talsvert</w>
            <c type="pl">.</c>
          </s>
          <s n="10">
            <w lemma="í" type="af">Í</w>
            <w lemma="febrúar" type="nkeþ">febrúar</w>
            <w lemma="í" type="af">í</w>
            <w lemma="fyrri" type="lheovm">fyrra</w>
            <w lemma="vera" type="sfg3fþ">voru</w>
            <w lemma="almennur" type="lkfnsf">almennir</w>
            <w lemma="vöxtur" type="nkfn">vextir</w>
            <w lemma="óverðtryggður" type="lhfesf">óverðtryggðra</w>
            <w lemma="lán" type="nhfe">lána</w>
            <w lemma="hjá" type="af">hjá</w>
            <w lemma="banki" type="nkfþg">bönkunum</w>
            <w lemma="5,4%" type="tp">5,4%</w>
            <w lemma="en" type="c">en</w>
            <w lemma="vera" type="sfg3fn">eru</w>
            <w lemma="koma" type="sþgkfn">komnir</w>
            <w lemma="í" type="af">í</w>
            <w lemma="6,75%" type="tp">6,75%</w>
            <c type="pl">.</c>
          </s>
        </p>
      </div1>
    </body>
  </text>
</TEI>
