<?xml version="1.0" encoding="utf-8"?>
<TEI xmlns="http://www.tei-c.org/ns/1.0">
  <teiHeader>
    <fileDesc>
      <titleStmt>
        <title>
          <title type="main">Staða samningaviðræðna um endurgreiðslu tannlæknakostnaðar</title>
        </title>
        <respStmt>
          <resp xml:lang="is">Söfnun og úrvinnsla texta</resp>
          <resp xml:lang="en">Collection and processing of text</resp>
          <name xml:lang="is">Stofnun Árna Magnússonar í íslenskum fræðum</name>
          <name xml:lang="en">The Arni Magnusson Institute for Icelandic Studies</name>
        </respStmt>
      </titleStmt>
      <editionStmt>
        <p xml:lang="is">Íslensk risamálheild (2019)</p>
        <p xml:lang="en">Tagged Icelandic Gigaword Corpus (2019)</p>
      </editionStmt>
      <publicationStmt>
        <distributor xml:lang="is">Stofnun Árna Magnússonar í íslenskum fræðum</distributor>
        <distributor xml:lang="en">The Arni Magnusson Institute for Icelandic Studies</distributor>
        <address>
          <addrLine xml:lang="is">Árnagarður við Suðurgötu, 107 Reykjavík, Íslandi</addrLine>
          <addrLine xml:lang="en">Árnagarður Suðurgata, 107 Reykjavik, Iceland</addrLine>
          <addrLine>
            <email>arnastofnun@arnastofnun.is</email>
          </addrLine>
        </address>
        <idno type="risam">G-25-2542651</idno>
        <availability>
          <p xml:lang="is">Þessi texti er til notkunar í málrannsóknum og máltækniverkefnum um allan heim með sérstöku leyfi, sjá rmh2Hdr.xml</p>
          <p xml:lang="en">This text is available for use in language research and language technology projects world wide with a special license, see rmh2Hdr.xml</p>
        </availability>
        <date>2020-05-26</date>
      </publicationStmt>
      <sourceDesc>
        <biblStruct>
          <analytic>
            <title>
              <title type="main">Staða samningaviðræðna um endurgreiðslu tannlæknakostnaðar</title>
            </title>
            <date when="2013-03-27T12:00:00">27.03 2013 kl. 12:00:00</date>
          </analytic>
          <monogr>
            <title>Bylgjan</title>
            <imprint>
              <publisher>365 miðlar hf.</publisher>
              <pubPlace>Reykjavík</pubPlace>
            </imprint>
          </monogr>
        </biblStruct>
      </sourceDesc>
    </fileDesc>
    <encodingDesc>
      <projectDesc>
        <p xml:lang="is">Sjá lýsingu á verkefninu í rmh2Hdr.xml.</p>
        <p xml:lang="en">See description of project in rmh2Hdr.xml.</p>
      </projectDesc>
      <tagsDecl>
        <namespace name="http://www.tei-c.org/ns/1.0">
          <tagUsage gi="text" occurs="1"/>
          <tagUsage gi="body" occurs="1"/>
          <tagUsage gi="div1" occurs="1"/>
          <tagUsage gi="p" occurs="8"/>
          <tagUsage gi="s" occurs="21"/>
          <tagUsage gi="w" occurs="354"/>
          <tagUsage gi="c" occurs="32"/>
        </namespace>
      </tagsDecl>
    </encodingDesc>
    <profileDesc>
     <textClass>
      <keywords scheme="#RMH">
       <list>
        <item>Frétt – almennt</item>
       </list>
      </keywords>
     </textClass>
    </profileDesc>
  </teiHeader>
  <text>
    <body>
      <div1>
        <p n="1">
          <s n="1">
            <w lemma="velferðarráðherra" type="nven">Velferðarráðherra</w>
            <w lemma="upplýsa" type="sfg3eþ">upplýsti</w>
            <w lemma="ríkisstjórn" type="nveog">ríkisstjórnina</w>
            <w lemma="um" type="af">um</w>
            <w lemma="staða" type="nveo">stöðu</w>
            <w lemma="samningaviðræður" type="nvfe">samningaviðræðna</w>
            <w lemma="Tannlæknafélag" type="nheegs">Tannlæknafélagsins</w>
            <w lemma="og" type="c">og</w>
            <w lemma="Sjúkratryggingur" type="nkfe-s">Sjúkratrygginga</w>
            <w lemma="Ísland" type="nhee-s">Íslands</w>
            <w lemma="um" type="af">um</w>
            <w lemma="endurgreiðsla" type="nveo">endurgreiðslu</w>
            <w lemma="tannlæknakostnaður" type="nkee">tannlæknakostnaðar</w>
            <w lemma="barn" type="nhfe">barna</w>
            <w lemma="í" type="aa">í</w>
            <w lemma="gær" type="aa">gær</w>
            <c type="pl">.</c>
          </s>
          <s n="2">
            <w lemma="vona" type="sþmhen">Vonast</w>
            <w lemma="vera" type="sfg3en">er</w>
            <w lemma="til" type="af">til</w>
            <w lemma="að" type="c">að</w>
            <w lemma="samningur" type="nkfn">samningar</w>
            <w lemma="ná" type="svm3fn">náist</w>
            <w lemma="á" type="af">á</w>
            <w lemma="næstur" type="lkfþve">næstu</w>
            <w lemma="dagur" type="nkfþ">dögum</w>
            <c type="pl">.</c>
          </s>
          <s n="3">
            <w lemma="formaður" type="nken">Formaður</w>
            <w lemma="Tannlæknafélag" type="nheegs">Tannlæknafélagsins</w>
            <w lemma="segja" type="sfg3en">segir</w>
            <w lemma="að" type="c">að</w>
            <w lemma="samningur" type="nkeng">samningurinn</w>
            <w lemma="skipta" type="svg3en">skipti</w>
            <w lemma="mikill" type="lheþsf">miklu</w>
            <w lemma="mál" type="nheþ">máli</w>
            <w lemma="upp" type="aa">upp</w>
            <w lemma="á" type="af">á</w>
            <w lemma="að" type="cn">að</w>
            <w lemma="bæta" type="sng">bæta</w>
            <w lemma="tannheilsa" type="nveþ">tannheilsu</w>
            <w lemma="íslenskur" type="lhfesf">íslenskra</w>
            <w lemma="barn" type="nhfe">barna</w>
            <w lemma="sem" type="ct">sem</w>
            <w lemma="þykja" type="sfg3en">þykir</w>
            <w lemma="vera" type="sng">vera</w>
            <w lemma="slæmur" type="lvensf">slæm</w>
            <c type="pl">.</c>
          </s>
        </p>
        <p n="2">
          <s n="1">
            <w lemma="samningaviðræður" type="nvfn">Samningaviðræður</w>
            <w lemma="sjúkratrygging" type="nvfe">Sjúkratrygginga</w>
            <w lemma="og" type="c">og</w>
            <w lemma="Tannlæknafélag" type="nheegs">Tannlæknafélagsins</w>
            <w lemma="hefja" type="sfm3fþ">hófust</w>
            <w lemma="í" type="af">í</w>
            <w lemma="nóvember" type="nkeþ">nóvember</w>
            <w lemma="og" type="c">og</w>
            <w lemma="vera" type="sfg3en">er</w>
            <w lemma="nú" type="aa">nú</w>
            <w lemma="sjá" type="sþghen">séð</w>
            <w lemma="fyrir" type="af">fyrir</w>
            <w lemma="endi" type="nkeog">endann</w>
            <w lemma="á" type="af">á</w>
            <w lemma="hann" type="fpkfþ">þeim</w>
            <w lemma="eftir" type="af">eftir</w>
            <w lemma="að" type="c">að</w>
            <w lemma="velferðarráðherra" type="nken">velferðarráðherra</w>
            <w lemma="upplýsa" type="sfg3eþ">upplýsti</w>
            <w lemma="ríkisstjórn" type="nveog">ríkisstjórnina</w>
            <w lemma="um" type="af">um</w>
            <w lemma="staða" type="nveog">stöðuna</w>
            <w lemma="í" type="aa">í</w>
            <w lemma="gær" type="aa">gær</w>
            <c type="pl">.</c>
          </s>
          <s n="2">
            <w lemma="Kristín" type="nven-s">Kristín</w>
            <w lemma="Heimisdóttir" type="nven-s">Heimisdóttir</w>
            <c type="pk">,</c>
            <w lemma="formaður" type="nken">formaður</w>
            <w lemma="Tannlæknafélag" type="nheegs">Tannlæknafélagsins</w>
            <w lemma="segja" type="sfg3en">segir</w>
            <w lemma="samningur" type="nkeog">samninginn</w>
            <w lemma="geta" type="sng">geta</w>
            <w lemma="hafa" type="sþghen">haft</w>
            <w lemma="mikill" type="lveosf">mikla</w>
            <w lemma="þýðing" type="nveo">þýðingu</w>
            <w lemma="fyrir" type="af">fyrir</w>
            <w lemma="tannheilsa" type="nveo">tannheilsu</w>
            <w lemma="íslenskur" type="lhfesf">íslenskra</w>
            <w lemma="barn" type="nhfe">barna</w>
            <c type="pl">.</c>
          </s>
        </p>
        <p n="3">
          <s n="1">
            <w lemma="Kristín" type="nven-s">Kristín</w>
            <w lemma="Heimisdóttir" type="nven-s">Heimisdóttir</w>
            <c type="pk">,</c>
            <w lemma="formaður" type="nken">formaður</w>
            <w lemma="Tannlæknafélag" type="nheegs">Tannlæknafélagsins</w>
            <c type="pa">:</c>
            <w lemma="hann" type="fpken">Hann</w>
            <w lemma="hafa" type="sfg3en">hefur</w>
            <w lemma="bara" type="aa">bara</w>
            <w lemma="sá" type="faveo">þá</w>
            <w lemma="þýðing" type="nveo">þýðingu</w>
            <w lemma="að" type="c">að</w>
            <w lemma="þá" type="aa">þá</w>
            <w lemma="geta" type="sfg3fn">geta</w>
            <w lemma="allur" type="fokfn">allir</w>
            <w lemma="óháð" type="aa">óháð</w>
            <w lemma="efnahagur" type="nkeþ">efnahag</w>
            <w lemma="fara" type="sþghen">farið</w>
            <w lemma="með" type="af">með</w>
            <w lemma="barn" type="nhfog">börnin</w>
            <w lemma="sinn" type="fehfo">sín</w>
            <w lemma="til" type="af">til</w>
            <w lemma="tannlæknir" type="nkee">tannlæknis</w>
            <c type="pl">.</c>
          </s>
          <s n="2">
            <w lemma="þessi" type="fahen">Þetta</w>
            <w lemma="vera" type="svg3eþ">væri</w>
            <w lemma="gríðarlegur" type="lvensf">gríðarleg</w>
            <w lemma="bara" type="aa">bara</w>
            <c type="pk">,</c>
            <w lemma="þessi" type="fahen">þetta</w>
            <w lemma="snúa" type="sfm3en">snýst</w>
            <w lemma="ekki" type="aa">ekki</w>
            <w lemma="um" type="af">um</w>
            <w lemma="hækkun" type="nvfo">hækkanir</w>
            <w lemma="á" type="af">á</w>
            <w lemma="laun" type="nhfþ">launum</w>
            <w lemma="tannlæknir" type="nkfe">tannlækna</w>
            <w lemma="heldur" type="c">heldur</w>
            <w lemma="þessi" type="fahen">þetta</w>
            <w lemma="snúa" type="sfm3en">snýst</w>
            <w lemma="um" type="aa">um</w>
            <w lemma="hver" type="fsken">hver</w>
            <w lemma="borga" type="sfg3en">borgar</w>
            <w lemma="reikningur" type="nkeog">reikninginn</w>
            <c type="pl">.</c>
          </s>
        </p>
        <p n="4">
          <s n="1">
            <w lemma="ef" type="c">Ef</w>
            <w lemma="semja" type="sþghen">samið</w>
            <w lemma="verða" type="sfg3en">verður</w>
            <w lemma="munu" type="sfg3en">mun</w>
            <w lemma="ríki" type="nheng">ríkið</w>
            <w lemma="borga" type="sng">borga</w>
            <w lemma="stór" type="lkeovm">stærri</w>
            <w lemma="hluti" type="nkeo">hluta</w>
            <w lemma="af" type="af">af</w>
            <w lemma="tannlæknakostnaður" type="nkeþ">tannlæknakostnaði</w>
            <w lemma="barn" type="nhfe">barna</w>
            <c type="pl">.</c>
          </s>
          <s n="2">
            <w lemma="Kristín" type="nven-s">Kristín</w>
            <w lemma="segja" type="sfg3en">segir</w>
            <w lemma="þó" type="aa">þó</w>
            <w lemma="ekki" type="aa">ekki</w>
            <w lemma="um" type="af">um</w>
            <w lemma="hár" type="lvfosf">háar</w>
            <w lemma="upphæð" type="nvfo">upphæðir</w>
            <w lemma="að" type="cn">að</w>
            <w lemma="ræða" type="sng">ræða</w>
            <c type="pl">.</c>
          </s>
        </p>
        <p n="5">
          <s n="1">
            <w lemma="Kristín" type="nven-s">Kristín</w>
            <w lemma="Heimisdóttir" type="nven-s">Heimisdóttir</w>
            <c type="pa">:</c>
            <w lemma="ég" type="fp1fn">Við</w>
            <w lemma="vera" type="sfg1fn">erum</w>
            <w lemma="að" type="cn">að</w>
            <w lemma="tala" type="sng">tala</w>
            <w lemma="um" type="aa">um</w>
            <w lemma="sko" type="aa">sko</w>
            <w lemma="kannski" type="aa">kannski</w>
            <w lemma="200" type="ta">200</w>
            <w lemma="-" type="m">-</w>
            <w lemma="300" type="ta">300</w>
            <w lemma="milljón" type="nvfo">milljónir</w>
            <w lemma="sem" type="ct">sem</w>
            <w lemma="þessi" type="faken">þessi</w>
            <w lemma="samningur" type="nken">samningur</w>
            <w lemma="munu" type="svg3eþ">myndi</w>
            <w lemma="hafa" type="sng">hafa</w>
            <w lemma="með" type="af">með</w>
            <w lemma="sig" type="fpkeþ">sér</w>
            <w lemma="í" type="af">í</w>
            <w lemma="kostnaðarauki" type="nkeþ">kostnaðarauka</w>
            <c type="pl">.</c>
          </s>
          <s n="2">
            <w lemma="það" type="fphen">Það</w>
            <w lemma="vera" type="sfg3fn">eru</w>
            <w lemma="tala" type="nvfn">tölur</w>
            <w lemma="sem" type="ct">sem</w>
            <w lemma="ég" type="fp1en">ég</w>
            <w lemma="hafa" type="sfg1en">hef</w>
            <w lemma="heyra" type="sþghen">heyrt</w>
            <c type="pk">,</c>
            <w lemma="það" type="fpheþ">því</w>
            <w lemma="ég" type="fp1en">ég</w>
            <w lemma="náttúrulega" type="aa">náttúrulega</w>
            <w lemma="hafa" type="sfg1en">hef</w>
            <w lemma="þessi" type="faheo">þetta</w>
            <w lemma="ekki" type="aa">ekki</w>
            <w lemma="staðfesta" type="sþghen">staðfest</w>
            <w lemma="af" type="af">af</w>
            <w lemma="það" type="fpheþ">því</w>
            <w lemma="að" type="c">að</w>
            <w lemma="ég" type="fp1en">ég</w>
            <w lemma="vera" type="sfg1en">er</w>
            <w lemma="ekki" type="aa">ekki</w>
            <w lemma="með" type="af">með</w>
            <w lemma="þessi" type="favfo">þessar</w>
            <w lemma="tala" type="nvfo">tölur</w>
            <w lemma="inni" type="aa">inni</w>
            <w lemma="á" type="af">á</w>
            <w lemma="borð" type="nheþ">borði</w>
            <w lemma="hjá" type="af">hjá</w>
            <w lemma="ég" type="fp1eþ">mér</w>
            <w lemma="en" type="c">en</w>
            <w lemma="svo" type="aa">svo</w>
            <w lemma="vera" type="sfg3en">er</w>
            <w lemma="vera" type="sþghen">verið</w>
            <w lemma="að" type="cn">að</w>
            <w lemma="tala" type="sng">tala</w>
            <w lemma="um" type="af">um</w>
            <w lemma="sko" type="aa">sko</w>
            <w lemma="4,7" type="ta">4,7</w>
            <w lemma="milljarður" type="nkfo">milljarða</w>
            <w lemma="í" type="af">í</w>
            <w lemma="niðurfelling" type="nveþ">niðurfellingu</w>
            <w lemma="námslán" type="nhfe">námslána</w>
            <w lemma="eða" type="c">eða</w>
            <c type="pk">,</c>
            <w lemma="eða" type="c">eða</w>
            <w lemma="margur" type="lkfevm">fleiri</w>
            <c type="pk">,</c>
            <w lemma="margur" type="lkfovm">fleiri</w>
            <w lemma="milljarður" type="nkfo">milljarða</w>
            <w lemma="í" type="af">í</w>
            <w lemma="hérna" type="aa">hérna</w>
            <w lemma="almannatrygging" type="nvfe">almannatrygginga</w>
            <c type="pk">,</c>
            <w lemma="breyting" type="nveþ">breytingu</w>
            <w lemma="á" type="af">á</w>
            <w lemma="almannatryggingakerfi" type="nheþ">almannatryggingakerfi</w>
            <c type="pl">.</c>
          </s>
          <s n="3">
            <w lemma="þú" type="fp2en">Þú</w>
            <w lemma="vita" type="sfg2en">veist</w>
            <w lemma="þessi" type="fahen">þetta</w>
            <w lemma="vera" type="sfg3fn">eru</w>
            <w lemma="ekki" type="aa">ekki</w>
            <w lemma="einhver" type="fohen">eitthvað</w>
            <w lemma="svo" type="aa">svo</w>
            <w lemma="lítill" type="lvfnsf">litlar</w>
            <w lemma="upphæð" type="nvfn">upphæðir</w>
            <w lemma="miða" type="sþghen">miðað</w>
            <w lemma="við" type="af">við</w>
            <w lemma="stór" type="lheovf">stóra</w>
            <w lemma="samhengi" type="nheog">samhengið</w>
            <w lemma="finna" type="sfm3en">finnst</w>
            <w lemma="maður" type="nkeþ">manni</w>
            <c type="pl">.</c>
          </s>
          <s n="4">
            <w lemma="miða" type="sþghen">Miðað</w>
            <w lemma="við" type="af">við</w>
            <w lemma="hver" type="fsheo">hvað</w>
            <w lemma="þessi" type="fahen">þetta</w>
            <w lemma="hafa" type="svg3eþ">hefði</w>
            <w lemma="mikill" type="lveosf">mikla</w>
            <w lemma="þýðing" type="nveo">þýðingu</w>
            <w lemma="fyrir" type="af">fyrir</w>
            <w lemma="barnafólk" type="nheo">barnafólk</w>
            <w lemma="í" type="af">í</w>
            <w lemma="land" type="nheþg">landinu</w>
            <c type="pk">,</c>
            <w lemma="fyrir" type="af">fyrir</w>
            <w lemma="fjölskylda" type="nvfo">fjölskyldur</w>
            <c type="pl">.</c>
          </s>
        </p>
        <p n="6">
          <s n="1">
            <w lemma="Kristín" type="nven-s">Kristín</w>
            <w lemma="segja" type="sfg3en">segir</w>
            <w lemma="tannheilsa" type="nveo">tannheilsu</w>
            <w lemma="íslenskur" type="lhfesf">íslenskra</w>
            <w lemma="barn" type="nhfe">barna</w>
            <w lemma="ekki" type="aa">ekki</w>
            <w lemma="góður" type="lveosf">góða</w>
            <c type="pl">.</c>
          </s>
          <s n="2">
            <w lemma="tólf" type="tfhfe">Tólf</w>
            <w lemma="ár" type="nhfe">ára</w>
            <w lemma="íslenskur" type="lhfnsf">íslensk</w>
            <w lemma="barn" type="nhfn">börn</w>
            <w lemma="vera" type="svg3fn">séu</w>
            <w lemma="til" type="af">til</w>
            <w lemma="dæmi" type="nhee">dæmis</w>
            <w lemma="með" type="af">með</w>
            <w lemma="fjórir" type="tfhfþ">fjórum</w>
            <w lemma="sinn" type="nhfþ">sinnum</w>
            <w lemma="margur" type="lvfovm">fleiri</w>
            <w lemma="tannskemmd" type="nvfo">tannskemmdir</w>
            <w lemma="en" type="c">en</w>
            <w lemma="12" type="ta">12</w>
            <w lemma="ár" type="nhfe">ára</w>
            <w lemma="danskur" type="lhfnsf">dönsk</w>
            <w lemma="barn" type="nhfn">börn</w>
            <c type="pl">.</c>
          </s>
          <s n="3">
            <w lemma="en" type="c">En</w>
            <w lemma="þessi" type="fahen">þetta</w>
            <w lemma="vera" type="svg3en">sé</w>
            <w lemma="lítill" type="lkensf">lítill</w>
            <w lemma="hópur" type="nken">hópur</w>
            <w lemma="með" type="af">með</w>
            <w lemma="illa" type="aa">illa</w>
            <w lemma="skemmdur" type="lvfosf">skemmdar</w>
            <w lemma="tönn" type="nvfo">tennur</w>
            <w lemma="sem" type="ct">sem</w>
            <w lemma="draga" type="sfg3en">dregur</w>
            <w lemma="meðaltal" type="nheog">meðaltalið</w>
            <w lemma="niður" type="aa">niður</w>
            <c type="pl">.</c>
          </s>
        </p>
        <p n="7">
          <s n="1">
            <w lemma="Kristín" type="nven-s">Kristín</w>
            <w lemma="Heimisdóttir" type="nven-s">Heimisdóttir</w>
            <c type="pa">:</c>
            <w lemma="það" type="fphen">Það</w>
            <w lemma="vera" type="sfg3en">er</w>
            <w lemma="náttúrulega" type="aa">náttúrulega</w>
            <w lemma="mjög" type="aa">mjög</w>
            <w lemma="mikilvægur" type="lhensf">mikilvægt</w>
            <w lemma="að" type="cn">að</w>
            <w lemma="ná" type="sng">ná</w>
            <w lemma="í" type="af">í</w>
            <w lemma="þessi" type="fakeo">þennan</w>
            <w lemma="hópur" type="nkeo">hóp</w>
            <c type="pl">.</c>
          </s>
          <s n="2">
            <w lemma="en" type="c">En</w>
            <w lemma="það" type="fphen">það</w>
            <w lemma="mega" type="sfg3en">má</w>
            <w lemma="ekki" type="aa">ekki</w>
            <w lemma="gleyma" type="sng">gleyma</w>
            <w lemma="það" type="fpheþ">því</w>
            <w lemma="að" type="c">að</w>
            <w lemma="meirihluti" type="nken">meirihluti</w>
            <w lemma="íslenskur" type="lkfesf">íslenskra</w>
            <w lemma="foreldrar" type="nkfe">foreldra</w>
            <w lemma="hugsa" type="sfg3en">hugsar</w>
            <w lemma="vel" type="aa">vel</w>
            <w lemma="um" type="af">um</w>
            <w lemma="barn" type="nhfog">börnin</w>
            <w lemma="sinn" type="fehfo">sín</w>
            <w lemma="og" type="c">og</w>
            <w lemma="tannheilsa" type="nven">tannheilsa</w>
            <w lemma="sá" type="fahfe">þeirra</w>
            <w lemma="barn" type="nhfe">barna</w>
            <w lemma="vera" type="sfg3en">er</w>
            <w lemma="mjög" type="aa">mjög</w>
            <w lemma="góður" type="lvensf">góð</w>
            <w lemma="og" type="c">og</w>
            <w lemma="vera" type="sfg3en">er</w>
            <w lemma="fínn" type="lvensf">fín</w>
            <c type="pl">.</c>
          </s>
          <s n="3">
            <w lemma="en" type="c">En</w>
            <w lemma="það" type="fphen">það</w>
            <w lemma="vera" type="sfg3en">er</w>
            <w lemma="svo" type="aa">svo</w>
            <w lemma="margur" type="lhensf">margt</w>
            <w lemma="sem" type="ct">sem</w>
            <w lemma="þurfa" type="sfg3en">þarf</w>
            <w lemma="að" type="cn">að</w>
            <w lemma="skoða" type="sng">skoða</w>
            <w lemma="líka" type="aa">líka</w>
            <w lemma="sko" type="aa">sko</w>
            <w lemma="annar" type="foheo">annað</w>
            <w lemma="í" type="af">í</w>
            <w lemma="samband" type="nheþ">sambandi</w>
            <w lemma="við" type="af">við</w>
            <w lemma="tannheilsa" type="nveo">tannheilsu</w>
            <w lemma="barn" type="nhfe">barna</w>
            <c type="pl">.</c>
          </s>
          <s n="4">
            <w lemma="það" type="fphen">Það</w>
            <w lemma="vera" type="sfg3en">er</w>
            <w lemma="líka" type="aa">líka</w>
            <w lemma="mataræði" type="nhen">mataræði</w>
            <w lemma="og" type="c">og</w>
            <w lemma="gosdrykkjaneysla" type="nven">gosdrykkjaneysla</w>
            <w lemma="sem" type="ct">sem</w>
            <w lemma="vera" type="sfg3en">er</w>
            <w lemma="algjörlega" type="aa">algjörlega</w>
            <w lemma="úr" type="af">úr</w>
            <w lemma="hóf" type="nheþ">hófi</w>
            <c type="pl">.</c>
          </s>
        </p>
        <p n="8">
          <s n="1">
            <w lemma="næstur" type="lkenve">Næsti</w>
            <w lemma="samningafundur" type="nken">samningafundur</w>
            <w lemma="Tannlæknafélag" type="nheegs">Tannlæknafélagsins</w>
            <w lemma="og" type="c">og</w>
            <w lemma="Sjúkratrygginga" type="nven-s">Sjúkratrygginga</w>
            <w lemma="verða" type="sfg3en">verður</w>
            <w lemma="9." type="ta">9.</w>
            <w lemma="apríl" type="nkeo">apríl</w>
            <c type="pl">.</c>
          </s>
        </p>
      </div1>
    </body>
  </text>
</TEI>
