<?xml version="1.0" encoding="utf-8"?>
<TEI xmlns="http://www.tei-c.org/ns/1.0">
  <teiHeader>
    <fileDesc>
      <titleStmt>
        <title>
          <title type="main">Loðnuveiði að glæðast</title>
        </title>
        <respStmt>
          <resp xml:lang="is">Söfnun og úrvinnsla texta</resp>
          <resp xml:lang="en">Collection and processing of text</resp>
          <name xml:lang="is">Stofnun Árna Magnússonar í íslenskum fræðum</name>
          <name xml:lang="en">The Arni Magnusson Institute for Icelandic Studies</name>
        </respStmt>
      </titleStmt>
      <editionStmt>
        <p xml:lang="is">Íslensk risamálheild (2019)</p>
        <p xml:lang="en">Tagged Icelandic Gigaword Corpus (2019)</p>
      </editionStmt>
      <publicationStmt>
        <distributor xml:lang="is">Stofnun Árna Magnússonar í íslenskum fræðum</distributor>
        <distributor xml:lang="en">The Arni Magnusson Institute for Icelandic Studies</distributor>
        <address>
          <addrLine xml:lang="is">Árnagarður við Suðurgötu, 107 Reykjavík, Íslandi</addrLine>
          <addrLine xml:lang="en">Árnagarður Suðurgata, 107 Reykjavik, Iceland</addrLine>
          <addrLine>
            <email>arnastofnun@arnastofnun.is</email>
          </addrLine>
        </address>
        <idno type="risam">G-25-2504820</idno>
        <availability>
          <p xml:lang="is">Þessi texti er til notkunar í málrannsóknum og máltækniverkefnum um allan heim með sérstöku leyfi, sjá rmh2Hdr.xml</p>
          <p xml:lang="en">This text is available for use in language research and language technology projects world wide with a special license, see rmh2Hdr.xml</p>
        </availability>
        <date>2020-05-26</date>
      </publicationStmt>
      <sourceDesc>
        <biblStruct>
          <analytic>
            <title>
              <title type="main">Loðnuveiði að glæðast</title>
            </title>
            <date when="2013-03-12T12:00:00">12.03 2013 kl. 12:00:00</date>
          </analytic>
          <monogr>
            <title>Bylgjan</title>
            <imprint>
              <publisher>365 miðlar hf.</publisher>
              <pubPlace>Reykjavík</pubPlace>
            </imprint>
          </monogr>
        </biblStruct>
      </sourceDesc>
    </fileDesc>
    <encodingDesc>
      <projectDesc>
        <p xml:lang="is">Sjá lýsingu á verkefninu í rmh2Hdr.xml.</p>
        <p xml:lang="en">See description of project in rmh2Hdr.xml.</p>
      </projectDesc>
      <tagsDecl>
        <namespace name="http://www.tei-c.org/ns/1.0">
          <tagUsage gi="text" occurs="1"/>
          <tagUsage gi="body" occurs="1"/>
          <tagUsage gi="div1" occurs="1"/>
          <tagUsage gi="p" occurs="2"/>
          <tagUsage gi="s" occurs="8"/>
          <tagUsage gi="w" occurs="194"/>
          <tagUsage gi="c" occurs="13"/>
        </namespace>
      </tagsDecl>
    </encodingDesc>
    <profileDesc>
     <textClass>
      <keywords scheme="#RMH">
       <list>
        <item>Frétt – almennt</item>
       </list>
      </keywords>
     </textClass>
    </profileDesc>
  </teiHeader>
  <text>
    <body>
      <div1>
        <p n="1">
          <s n="1">
            <w lemma="mjög" type="aa">Mjög</w>
            <w lemma="góður" type="lvensf">góð</w>
            <w lemma="loðnuveiði" type="nven">loðnuveiði</w>
            <w lemma="vera" type="sfg3eþ">var</w>
            <w lemma="óvænt" type="aa">óvænt</w>
            <w lemma="á" type="af">á</w>
            <w lemma="Breiðafjörður" type="nkeþ-s">Breiðafirði</w>
            <w lemma="í" type="aa">í</w>
            <w lemma="gær" type="aa">gær</w>
            <w lemma="og" type="c">og</w>
            <w lemma="fram" type="aa">fram</w>
            <w lemma="á" type="af">á</w>
            <w lemma="nótt" type="nveo">nótt</w>
            <w lemma="og" type="c">og</w>
            <w lemma="svo" type="aa">svo</w>
            <w lemma="vera" type="sfg3eþ">var</w>
            <w lemma="aftur" type="aa">aftur</w>
            <w lemma="mokveiði" type="nven">mokveiði</w>
            <w lemma="í" type="af">í</w>
            <w lemma="morgunn" type="nkeo">morgun</w>
            <c type="pl">.</c>
          </s>
          <s n="2">
            <w lemma="þessi" type="fahen">Þetta</w>
            <w lemma="vera" type="sfg3en">er</w>
            <w lemma="langbestur" type="lvenve">langbesta</w>
            <w lemma="veiði" type="nveng">veiðin</w>
            <w lemma="á" type="af">á</w>
            <w lemma="vertíð" type="nveþg">vertíðinni</w>
            <w lemma="til" type="af">til</w>
            <w lemma="þessi" type="fahee">þessa</w>
            <w lemma="en" type="c">en</w>
            <w lemma="fyrir" type="af">fyrir</w>
            <w lemma="helgi" type="nveo">helgi</w>
            <w lemma="óttast" type="sfm3fþ">óttuðust</w>
            <w lemma="sjómaður" type="nkfn">sjómenn</w>
            <w lemma="að" type="c">að</w>
            <w lemma="vertíð" type="nveng">vertíðin</w>
            <w lemma="vera" type="svg3eþ">væri</w>
            <w lemma="um" type="af">um</w>
            <w lemma="sá" type="faheo">það</w>
            <w lemma="bil" type="nheo">bil</w>
            <w lemma="búinn" type="lvensf">búin</w>
            <c type="pl">.</c>
          </s>
        </p>
        <p n="2">
          <s n="1">
            <w lemma="þó" type="aa">Þó</w>
            <w lemma="nokkur" type="fohfn">nokkur</w>
            <w lemma="skip" type="nhfn">skip</w>
            <w lemma="vera" type="sfg3fn">eru</w>
            <w lemma="á" type="af">á</w>
            <w lemma="landleið" type="nveþ">landleið</w>
            <w lemma="með" type="af">með</w>
            <w lemma="fullfermi" type="nheþ">fullfermi</w>
            <c type="pk">,</c>
            <w lemma="sárafár" type="lhfosf">sárafá</w>
            <w lemma="eftir" type="aa">eftir</w>
            <w lemma="á" type="af">á</w>
            <w lemma="mið" type="nhfþg">miðunum</w>
            <w lemma="og" type="c">og</w>
            <w lemma="loðnuvinnsla" type="nven">loðnuvinnsla</w>
            <w lemma="hafa" type="sfm3en">hefst</w>
            <w lemma="að" type="af">að</w>
            <w lemma="líkindi" type="nhfþ">líkindum</w>
            <w lemma="á" type="aa">á</w>
            <w lemma="ný" type="aa">ný</w>
            <w lemma="í" type="af">í</w>
            <w lemma="allur" type="fovfþ">öllum</w>
            <w lemma="loðnuverksmiðja" type="nvfþ">loðnuverksmiðjum</w>
            <w lemma="á" type="af">á</w>
            <w lemma="land" type="nheþg">landinu</w>
            <w lemma="í" type="af">í</w>
            <w lemma="dagur" type="nkeo">dag</w>
            <c type="pl">.</c>
          </s>
          <s n="2">
            <w lemma="líkur" type="nvfn">Líkur</w>
            <w lemma="benda" type="sfg3fn">benda</w>
            <w lemma="til" type="af">til</w>
            <w lemma="að" type="c">að</w>
            <w lemma="þessi" type="fahen">þetta</w>
            <w lemma="vera" type="svg3en">sé</w>
            <w lemma="svonefndur" type="lvensf">svonefnd</w>
            <w lemma="vestanganga" type="nven">vestanganga</w>
            <w lemma="sem" type="ct">sem</w>
            <w lemma="ekki" type="aa">ekki</w>
            <w lemma="fara" type="sfg3en">fer</w>
            <w lemma="hringur" type="nkeog">hringinn</w>
            <w lemma="í" type="aa">í</w>
            <w lemma="kringum" type="af">kringum</w>
            <w lemma="land" type="nheog">landið</w>
            <w lemma="áður" type="aa">áður</w>
            <w lemma="en" type="c">en</w>
            <w lemma="hún" type="fpven">hún</w>
            <w lemma="hrygna" type="sfg3en">hrygnir</w>
            <c type="pl">.</c>
          </s>
          <s n="3">
            <w lemma="slíkur" type="fbhen">Slíkt</w>
            <w lemma="hafa" type="sfg3en">hefur</w>
            <w lemma="ekki" type="aa">ekki</w>
            <w lemma="gera" type="sþmhen">gerst</w>
            <w lemma="í" type="af">í</w>
            <w lemma="margur" type="lhfosf">mörg</w>
            <w lemma="ár" type="nhfo">ár</w>
            <w lemma="og" type="c">og</w>
            <w lemma="bíða" type="sfg3en">bíður</w>
            <w lemma="Hafró" type="n----s">Hafró</w>
            <w lemma="nú" type="aa">nú</w>
            <w lemma="eftir" type="af">eftir</w>
            <w lemma="fyrstur" type="lhfþve">fyrstu</w>
            <w lemma="sýni" type="nhfþg">sýnunum</w>
            <w lemma="úr" type="af">úr</w>
            <w lemma="Breiðafjörður" type="nkeþ-s">Breiðafirði</w>
            <c type="pl">.</c>
          </s>
          <s n="4">
            <w lemma="að" type="af">Að</w>
            <w lemma="sögn" type="nveþ">sögn</w>
            <w lemma="skipstjóri" type="nkeeg">skipstjórans</w>
            <w lemma="á" type="af">á</w>
            <w lemma="Vilhelm" type="nkeþ-s">Vilhelm</w>
            <w lemma="Þorsteinsson" type="nkeþ-s">Þorsteinssyni</w>
            <w lemma="í" type="af">í</w>
            <w lemma="morgunn" type="nkeo">morgun</w>
            <w lemma="vera" type="sfg3eþ">var</w>
            <w lemma="gærdagur" type="nkeng">gærdagurinn</w>
            <w lemma="lang" type="aa">lang</w>
            <w lemma="góður" type="lkenve">besti</w>
            <w lemma="dagur" type="nkeng">dagurinn</w>
            <w lemma="á" type="af">á</w>
            <w lemma="vertíð" type="nveþg">vertíðinni</w>
            <w lemma="til" type="af">til</w>
            <w lemma="þessi" type="fahee">þessa</w>
            <w lemma="og" type="c">og</w>
            <w lemma="algengur" type="lhensf">algengt</w>
            <w lemma="að" type="c">að</w>
            <w lemma="skip" type="nhfng">skipin</w>
            <w lemma="vera" type="svg3fþ">væru</w>
            <w lemma="að" type="cn">að</w>
            <w lemma="fá" type="sng">fá</w>
            <w lemma="5" type="ta">5</w>
            <w lemma="-" type="m">-</w>
            <w lemma="600" type="ta">600</w>
            <w lemma="tonn" type="nhfo">tonn</w>
            <w lemma="í" type="af">í</w>
            <w lemma="kast" type="nheþ">kasti</w>
            <c type="pl">.</c>
          </s>
          <s n="5">
            <w lemma="skipstjóri" type="nkeng">Skipstjórinn</w>
            <w lemma="sem" type="ct">sem</w>
            <w lemma="fréttastofa" type="nven">fréttastofa</w>
            <w lemma="ná" type="sfg3eþ">náði</w>
            <w lemma="í" type="aa">í</w>
            <w lemma="á" type="af">á</w>
            <w lemma="miði" type="nkfþg">miðunum</w>
            <w lemma="í" type="af">í</w>
            <w lemma="morgunn" type="nkeo">morgun</w>
            <w lemma="segja" type="sfg3eþ">sagði</w>
            <w lemma="einfaldlega" type="aa">einfaldlega</w>
            <c type="pk">;</c>
            <c type="pg">&quot;</c>
            <w lemma="loksins" type="aa">loksins</w>
            <c type="pk">,</c>
            <w lemma="loksins" type="aa">loksins</w>
            <c type="pg">&quot;</c>
            <w lemma="og" type="c">og</w>
            <w lemma="mega" type="sfg3eþ">mátti</w>
            <w lemma="ekki" type="aa">ekki</w>
            <w lemma="vera" type="sng">vera</w>
            <w lemma="að" type="af">að</w>
            <w lemma="frekur" type="lheþvm">frekara</w>
            <w lemma="spjall" type="nheþ">spjalli</w>
            <w lemma="það" type="fpheþ">því</w>
            <w lemma="hann" type="fpken">hann</w>
            <w lemma="vera" type="sfg3eþ">var</w>
            <w lemma="að" type="cn">að</w>
            <w lemma="kasta" type="sng">kasta</w>
            <c type="pl">.</c>
          </s>
          <s n="6">
            <w lemma="von" type="nvfn">Vonir</w>
            <w lemma="glæða" type="sfm3fn">glæðast</w>
            <w lemma="nú" type="aa">nú</w>
            <w lemma="aftur" type="aa">aftur</w>
            <w lemma="um" type="af">um</w>
            <w lemma="að" type="c">að</w>
            <w lemma="það" type="fphen">það</w>
            <w lemma="ná" type="svm3en">náist</w>
            <w lemma="að" type="cn">að</w>
            <w lemma="veiða" type="sng">veiða</w>
            <w lemma="allur" type="fokeo">allan</w>
            <w lemma="kvóti" type="nkeog">kvótann</w>
            <w lemma="á" type="af">á</w>
            <w lemma="þessi" type="faveþ">þessari</w>
            <w lemma="vertíð" type="nveþ">vertíð</w>
            <w lemma="en" type="c">en</w>
            <w lemma="fyrir" type="af">fyrir</w>
            <w lemma="nokkur" type="fokfþ">nokkrum</w>
            <w lemma="dagur" type="nkfþ">dögum</w>
            <w lemma="vera" type="sfg3fþ">voru</w>
            <w lemma="sjómaður" type="nkfn">sjómenn</w>
            <w lemma="verða" type="sþgkfn">orðnir</w>
            <w lemma="vondaufur" type="lkfnsf">vondaufir</w>
            <w lemma="um" type="af">um</w>
            <w lemma="það" type="fpheo">það</w>
            <w lemma="enda" type="c">enda</w>
            <w lemma="vera" type="sfg3fþ">voru</w>
            <w lemma="þá" type="aa">þá</w>
            <w lemma="liðlega" type="aa">liðlega</w>
            <w lemma="100" type="to">100</w>
            <w lemma="þúsund" type="tfhfn">þúsund</w>
            <w lemma="tonn" type="nhfn">tonn</w>
            <w lemma="óveiddur" type="lhfnsf">óveidd</w>
            <w lemma="og" type="c">og</w>
            <w lemma="botn" type="nkeng">botninn</w>
            <w lemma="detta" type="sþgken">dottinn</w>
            <w lemma="úr" type="af">úr</w>
            <w lemma="veiði" type="nvfþg">veiðunum</w>
            <c type="pl">.</c>
          </s>
        </p>
      </div1>
    </body>
  </text>
</TEI>
