<?xml version="1.0" encoding="utf-8"?>
<TEI xmlns="http://www.tei-c.org/ns/1.0">
  <teiHeader>
    <fileDesc>
      <titleStmt>
        <title>
          <title type="main">Vitlaust veður</title>
        </title>
        <respStmt>
          <resp xml:lang="is">Söfnun og úrvinnsla texta</resp>
          <resp xml:lang="en">Collection and processing of text</resp>
          <name xml:lang="is">Stofnun Árna Magnússonar í íslenskum fræðum</name>
          <name xml:lang="en">The Arni Magnusson Institute for Icelandic Studies</name>
        </respStmt>
      </titleStmt>
      <editionStmt>
        <p xml:lang="is">Íslensk risamálheild (2019)</p>
        <p xml:lang="en">Tagged Icelandic Gigaword Corpus (2019)</p>
      </editionStmt>
      <publicationStmt>
        <distributor xml:lang="is">Stofnun Árna Magnússonar í íslenskum fræðum</distributor>
        <distributor xml:lang="en">The Arni Magnusson Institute for Icelandic Studies</distributor>
        <address>
          <addrLine xml:lang="is">Árnagarður við Suðurgötu, 107 Reykjavík, Íslandi</addrLine>
          <addrLine xml:lang="en">Árnagarður Suðurgata, 107 Reykjavik, Iceland</addrLine>
          <addrLine>
            <email>arnastofnun@arnastofnun.is</email>
          </addrLine>
        </address>
        <idno type="risam">G-25-2547169</idno>
        <availability>
          <p xml:lang="is">Þessi texti er til notkunar í málrannsóknum og máltækniverkefnum um allan heim með sérstöku leyfi, sjá rmh2Hdr.xml</p>
          <p xml:lang="en">This text is available for use in language research and language technology projects world wide with a special license, see rmh2Hdr.xml</p>
        </availability>
        <date>2020-05-26</date>
      </publicationStmt>
      <sourceDesc>
        <biblStruct>
          <analytic>
            <title>
              <title type="main">Vitlaust veður</title>
            </title>
            <date when="2013-03-04T08:00:00">04.03 2013 kl. 08:00:00</date>
          </analytic>
          <monogr>
            <title>Bylgjan</title>
            <imprint>
              <publisher>365 miðlar hf.</publisher>
              <pubPlace>Reykjavík</pubPlace>
            </imprint>
          </monogr>
        </biblStruct>
      </sourceDesc>
    </fileDesc>
    <encodingDesc>
      <projectDesc>
        <p xml:lang="is">Sjá lýsingu á verkefninu í rmh2Hdr.xml.</p>
        <p xml:lang="en">See description of project in rmh2Hdr.xml.</p>
      </projectDesc>
      <tagsDecl>
        <namespace name="http://www.tei-c.org/ns/1.0">
          <tagUsage gi="text" occurs="1"/>
          <tagUsage gi="body" occurs="1"/>
          <tagUsage gi="div1" occurs="1"/>
          <tagUsage gi="p" occurs="1"/>
          <tagUsage gi="s" occurs="8"/>
          <tagUsage gi="w" occurs="134"/>
          <tagUsage gi="c" occurs="9"/>
        </namespace>
      </tagsDecl>
    </encodingDesc>
    <profileDesc>
     <textClass>
      <keywords scheme="#RMH">
       <list>
        <item>Frétt – almennt</item>
       </list>
      </keywords>
     </textClass>
    </profileDesc>
  </teiHeader>
  <text>
    <body>
      <div1>
        <p n="1">
          <s n="1">
            <w lemma="björgunarsveit" type="nven">Björgunarsveit</w>
            <w lemma="Landsbjörg" type="nvee-s">Landsbjargar</w>
            <w lemma="á" type="af">á</w>
            <w lemma="Hólmavík" type="nveþ-s">Hólmavík</w>
            <w lemma="vera" type="sfg3eþ">var</w>
            <w lemma="kalla" type="sþgven">kölluð</w>
            <w lemma="út" type="aa">út</w>
            <w lemma="í" type="af">í</w>
            <w lemma="gærkvöld" type="nheo">gærkvöld</w>
            <w lemma="til" type="af">til</w>
            <w lemma="að" type="cn">að</w>
            <w lemma="aðstoða" type="sng">aðstoða</w>
            <w lemma="17" type="ta">17</w>
            <w lemma="maður" type="nkee">manns</w>
            <w lemma="í" type="af">í</w>
            <w lemma="þrír" type="tfkfþ">þremur</w>
            <w lemma="bíll" type="nkfþ">bílum</w>
            <w lemma="á" type="af">á</w>
            <w lemma="Steingrímsfjarðarheiði" type="nveþ-s">Steingrímsfjarðarheiði</w>
            <c type="pl">.</c>
          </s>
          <s n="2">
            <w lemma="þar" type="aa">Þar</w>
            <w lemma="vera" type="sfg3eþ">var</w>
            <w lemma="snarvitlaus" type="lhensf">snarvitlaust</w>
            <w lemma="veður" type="nhen">veður</w>
            <w lemma="og" type="c">og</w>
            <w lemma="sjá" type="sfg3eþ">sá</w>
            <w lemma="ekki" type="aa">ekki</w>
            <w lemma="út" type="aa">út</w>
            <w lemma="úr" type="af">úr</w>
            <w lemma="auga" type="nhfþ">augum</w>
            <c type="pl">.</c>
          </s>
          <s n="3">
            <w lemma="ökumaður" type="nkfng">Ökumennirnir</w>
            <w lemma="áræða" type="sfg3fþ">áræddu</w>
            <w lemma="ekki" type="aa">ekki</w>
            <w lemma="að" type="cn">að</w>
            <w lemma="halda" type="sng">halda</w>
            <w lemma="áfram" type="aa">áfram</w>
            <w lemma="þótt" type="c">þótt</w>
            <w lemma="vegur" type="nkeng">vegurinn</w>
            <w lemma="vera" type="svg3eþ">væri</w>
            <w lemma="fær" type="lkensf">fær</w>
            <w lemma="og" type="c">og</w>
            <w lemma="kalla" type="sfg3fþ">kölluðu</w>
            <w lemma="eftir" type="af">eftir</w>
            <w lemma="hjálp" type="nveþ">hjálp</w>
            <c type="pl">.</c>
          </s>
          <s n="4">
            <w lemma="björgunarmaður" type="nkfng">Björgunarmennirnir</w>
            <w lemma="flytja" type="sfg3fþ">fluttu</w>
            <w lemma="fólk" type="nheog">fólkið</w>
            <w lemma="til" type="af">til</w>
            <w lemma="Hólmavík" type="nvee-s">Hólmavíkur</w>
            <w lemma="þar" type="aa">þar</w>
            <w lemma="sem" type="c">sem</w>
            <w lemma="það" type="fphen">það</w>
            <w lemma="dvelja" type="sfg3eþ">dvaldi</w>
            <w lemma="í" type="af">í</w>
            <w lemma="nótt" type="nveo">nótt</w>
            <c type="pl">.</c>
          </s>
          <s n="5">
            <w lemma="víða" type="aa">Víða</w>
            <w lemma="vera" type="sfg3eþ">var</w>
            <w lemma="mjög" type="aa">mjög</w>
            <w lemma="hvasst" type="aa">hvasst</w>
            <w lemma="á" type="af">á</w>
            <w lemma="Vestfirðir" type="nkfþ-s">Vestfjörðum</w>
            <w lemma="í" type="af">í</w>
            <w lemma="gærkvöld" type="nheo">gærkvöld</w>
            <w lemma="og" type="c">og</w>
            <w lemma="fram" type="aa">fram</w>
            <w lemma="á" type="af">á</w>
            <w lemma="nótt" type="nveo">nótt</w>
            <w lemma="en" type="c">en</w>
            <w lemma="heldur" type="foken">heldur</w>
            <w lemma="hafa" type="sfg3en">hefur</w>
            <w lemma="draga" type="sþghen">dregið</w>
            <w lemma="úr" type="af">úr</w>
            <w lemma="vindur" type="nkeþg">vindinum</w>
            <w lemma="þar" type="aa">þar</w>
            <c type="pl">.</c>
          </s>
          <s n="6">
            <w lemma="en" type="c">En</w>
            <w lemma="það" type="fphen">það</w>
            <w lemma="fara" type="sfg3eþ">fór</w>
            <w lemma="hinn" type="fakee">hins</w>
            <w lemma="vegur" type="nkee">vegar</w>
            <w lemma="að" type="cn">að</w>
            <w lemma="bæta" type="sng">bæta</w>
            <w lemma="hressilega" type="aa">hressilega</w>
            <w lemma="í" type="af">í</w>
            <w lemma="vindur" type="nkeo">vind</w>
            <w lemma="og" type="c">og</w>
            <w lemma="snjór" type="nkfo">snjóa</w>
            <w lemma="á" type="af">á</w>
            <w lemma="Norðurland" type="nheþ-s">Norðurlandi</w>
            <w lemma="undir" type="af">undir</w>
            <w lemma="morgunn" type="nkeo">morgun</w>
            <w lemma="og" type="c">og</w>
            <w lemma="hafa" type="sfg3en">hefur</w>
            <w lemma="skólahald" type="nheþ">skólahaldi</w>
            <w lemma="víða" type="aa">víða</w>
            <w lemma="vera" type="sþghen">verið</w>
            <w lemma="aflýsa" type="sþghen">aflýst</w>
            <c type="pl">.</c>
          </s>
          <s n="7">
            <w lemma="veðurstofa" type="nveng">Veðurstofan</w>
            <w lemma="búa" type="sfm3en">býst</w>
            <w lemma="við" type="aa">við</w>
            <w lemma="norðan" type="aa">norðan</w>
            <w lemma="og" type="c">og</w>
            <w lemma="norðaustan" type="aa">norðaustan</w>
            <w lemma="hvassviðri" type="nheo">hvassviðri</w>
            <w lemma="eða" type="c">eða</w>
            <w lemma="storma" type="svg3en">stormi</w>
            <w lemma="víða" type="aa">víða</w>
            <w lemma="um" type="af">um</w>
            <w lemma="land" type="nheo">land</w>
            <w lemma="í" type="af">í</w>
            <w lemma="dagur" type="nkeo">dag</w>
            <w lemma="en" type="c">en</w>
            <w lemma="heldur" type="c">heldur</w>
            <w lemma="hægur" type="lveovm">hægari</w>
            <w lemma="sunnan-" type="kt">sunnan-</w>
            <w lemma="og" type="c">og</w>
            <w lemma="suðaustanlands" type="aa">suðaustanlands</w>
            <c type="pl">.</c>
          </s>
          <s n="8">
            <w lemma="þá" type="aa">Þá</w>
            <w lemma="vera" type="sfg3en">er</w>
            <w lemma="spá" type="sþghen">spáð</w>
            <w lemma="ísing" type="nveþ">ísingu</w>
            <w lemma="á" type="af">á</w>
            <w lemma="grunnslóð" type="nveþ">grunnslóð</w>
            <c type="pk">,</c>
            <w lemma="allur" type="fohen">allt</w>
            <w lemma="frá" type="af">frá</w>
            <w lemma="Látrabjarg" type="nheþ-s">Látrabjargi</w>
            <w lemma="og" type="c">og</w>
            <w lemma="austur" type="aa">austur</w>
            <w lemma="að" type="af">að</w>
            <w lemma="Langanes" type="nheþ-s">Langanesi</w>
            <w lemma="sem" type="ct">sem</w>
            <w lemma="vera" type="sfg3en">er</w>
            <w lemma="fátíður" type="lhensf">fátítt</w>
            <w lemma="að" type="af">að</w>
            <w lemma="sögn" type="nveþ">sögn</w>
            <w lemma="kunnugur" type="lkfesf">kunnugra</w>
            <c type="pl">.</c>
          </s>
        </p>
      </div1>
    </body>
  </text>
</TEI>
