<?xml version="1.0" encoding="utf-8"?>
<TEI xmlns="http://www.tei-c.org/ns/1.0">
  <teiHeader>
    <fileDesc>
      <titleStmt>
        <title>
          <title type="main">Matvælaskortur býður upp á sóknarfæri</title>
        </title>
        <respStmt>
          <resp xml:lang="is">Söfnun og úrvinnsla texta</resp>
          <resp xml:lang="en">Collection and processing of text</resp>
          <name xml:lang="is">Stofnun Árna Magnússonar í íslenskum fræðum</name>
          <name xml:lang="en">The Arni Magnusson Institute for Icelandic Studies</name>
        </respStmt>
      </titleStmt>
      <editionStmt>
        <p xml:lang="is">Íslensk risamálheild (2019)</p>
        <p xml:lang="en">Tagged Icelandic Gigaword Corpus (2019)</p>
      </editionStmt>
      <publicationStmt>
        <distributor xml:lang="is">Stofnun Árna Magnússonar í íslenskum fræðum</distributor>
        <distributor xml:lang="en">The Arni Magnusson Institute for Icelandic Studies</distributor>
        <address>
          <addrLine xml:lang="is">Árnagarður við Suðurgötu, 107 Reykjavík, Íslandi</addrLine>
          <addrLine xml:lang="en">Árnagarður Suðurgata, 107 Reykjavik, Iceland</addrLine>
          <addrLine>
            <email>arnastofnun@arnastofnun.is</email>
          </addrLine>
        </address>
        <idno type="risam">G-25-2543970</idno>
        <availability>
          <p xml:lang="is">Þessi texti er til notkunar í málrannsóknum og máltækniverkefnum um allan heim með sérstöku leyfi, sjá rmh2Hdr.xml</p>
          <p xml:lang="en">This text is available for use in language research and language technology projects world wide with a special license, see rmh2Hdr.xml</p>
        </availability>
        <date>2020-05-26</date>
      </publicationStmt>
      <sourceDesc>
        <biblStruct>
          <analytic>
            <title>
              <title type="main">Matvælaskortur býður upp á sóknarfæri</title>
            </title>
            <date when="2013-03-03T12:00:00">03.03 2013 kl. 12:00:00</date>
          </analytic>
          <monogr>
            <title>Bylgjan</title>
            <imprint>
              <publisher>365 miðlar hf.</publisher>
              <pubPlace>Reykjavík</pubPlace>
            </imprint>
          </monogr>
        </biblStruct>
      </sourceDesc>
    </fileDesc>
    <encodingDesc>
      <projectDesc>
        <p xml:lang="is">Sjá lýsingu á verkefninu í rmh2Hdr.xml.</p>
        <p xml:lang="en">See description of project in rmh2Hdr.xml.</p>
      </projectDesc>
      <tagsDecl>
        <namespace name="http://www.tei-c.org/ns/1.0">
          <tagUsage gi="text" occurs="1"/>
          <tagUsage gi="body" occurs="1"/>
          <tagUsage gi="div1" occurs="1"/>
          <tagUsage gi="p" occurs="7"/>
          <tagUsage gi="s" occurs="14"/>
          <tagUsage gi="w" occurs="302"/>
          <tagUsage gi="c" occurs="24"/>
        </namespace>
      </tagsDecl>
    </encodingDesc>
    <profileDesc>
     <textClass>
      <keywords scheme="#RMH">
       <list>
        <item>Frétt – almennt</item>
       </list>
      </keywords>
     </textClass>
    </profileDesc>
  </teiHeader>
  <text>
    <body>
      <div1>
        <p n="1">
          <s n="1">
            <w lemma="fyrirséður" type="lkensf">Fyrirséður</w>
            <w lemma="matvælaskortur" type="nken">matvælaskortur</w>
            <w lemma="í" type="af">í</w>
            <w lemma="heimur" type="nkeþg">heiminum</w>
            <w lemma="bjóða" type="sfg3en">býður</w>
            <w lemma="upp" type="aa">upp</w>
            <w lemma="á" type="af">á</w>
            <w lemma="sóknafæri" type="nheo">sóknafæri</w>
            <w lemma="fyrir" type="af">fyrir</w>
            <w lemma="Íslendingur" type="nkfo-s">Íslendinga</w>
            <c type="pk">,</c>
            <w lemma="segja" type="sfg3en">segir</w>
            <w lemma="þingmaður" type="nken">þingmaður</w>
            <w lemma="Framsóknarflokkur" type="nkeegs">Framsóknarflokksins</w>
            <c type="pl">.</c>
          </s>
          <s n="2">
            <w lemma="þingflokkur" type="nken">Þingflokkur</w>
            <w lemma="hann" type="fpkee">hans</w>
            <w lemma="leggja" type="sfg3en">leggur</w>
            <w lemma="á" type="af">á</w>
            <w lemma="morgunn" type="nkeo">morgun</w>
            <w lemma="fram" type="aa">fram</w>
            <w lemma="þingsályktunartillaga" type="nveo">þingsályktunartillögu</w>
            <w lemma="um" type="af">um</w>
            <w lemma="aukinn" type="lveosf">aukna</w>
            <w lemma="matvælaframleiðsla" type="nveo">matvælaframleiðslu</w>
            <w lemma="á" type="af">á</w>
            <w lemma="Ísland" type="nheþ-s">Íslandi</w>
            <c type="pl">.</c>
          </s>
        </p>
        <p n="2">
          <s n="1">
            <w lemma="í" type="af">Í</w>
            <w lemma="greinargerð" type="nveþ">greinargerð</w>
            <w lemma="með" type="af">með</w>
            <w lemma="tillaga" type="nveþg">tillögunni</w>
            <w lemma="segja" type="sfg3en">segir</w>
            <w lemma="að" type="c">að</w>
            <w lemma="jarðabú" type="nhfþ">jarðabúum</w>
            <w lemma="fjölga" type="svg3en">fjölgi</w>
            <w lemma="um" type="aa">um</w>
            <w lemma="tveir" type="to">tvö</w>
            <w lemma="hundruð" type="to">hundruð</w>
            <w lemma="þúsund" type="tfvfo">þúsund</w>
            <w lemma="á" type="af">á</w>
            <w lemma="hver" type="fokeþ">hverjum</w>
            <w lemma="dagur" type="nkeþ">degi</w>
            <c type="pl">.</c>
          </s>
          <s n="2">
            <w lemma="matvælaþarf" type="nhfn">Matvælaþörf</w>
            <w lemma="heimur" type="nkeeg">heimsins</w>
            <w lemma="verða" type="svg3en">verði</w>
            <w lemma="70%" type="tp">70%</w>
            <w lemma="mikill" type="lhfnvm">meiri</w>
            <w lemma="ár" type="nheog">árið</w>
            <w lemma="2050" type="ta">2050</w>
            <w lemma="gjarnan" type="aam">heldur</w>
            <w lemma="en" type="c">en</w>
            <w lemma="hún" type="fpven">hún</w>
            <w lemma="vera" type="sfg3en">er</w>
            <w lemma="í" type="af">í</w>
            <w lemma="dagur" type="nkeo">dag</w>
            <w lemma="og" type="c">og</w>
            <w lemma="sem" type="c">sem</w>
            <w lemma="dæmi" type="nhen">dæmi</w>
            <w lemma="mega" type="svg3en">megi</w>
            <w lemma="nefna" type="sng">nefna</w>
            <w lemma="að" type="c">að</w>
            <w lemma="þá" type="aa">þá</w>
            <w lemma="munu" type="svg3en">muni</w>
            <w lemma="vanta" type="sng">vanta</w>
            <w lemma="mjólk" type="nveo">mjólk</w>
            <w lemma="á" type="af">á</w>
            <w lemma="kínverskur" type="lkeosf">kínverskan</w>
            <w lemma="markaður" type="nkeo">markað</w>
            <w lemma="sem" type="ct">sem</w>
            <w lemma="nema" type="svg3en">nemi</w>
            <w lemma="heildarframleiðsla" type="nveo">heildarframleiðslu</w>
            <w lemma="Frakkland" type="nhee-s">Frakklands</w>
            <c type="pk">,</c>
            <w lemma="Rússland" type="nhee-s">Rússlands</w>
            <w lemma="og" type="c">og</w>
            <w lemma="Bandaríkin" type="nhfegs">Bandaríkjanna</w>
            <c type="pl">.</c>
          </s>
          <s n="3">
            <w lemma="Ásmundur" type="nken-s">Ásmundur</w>
            <w lemma="Einar" type="nken-s">Einar</w>
            <w lemma="Daðason" type="nken-s">Daðason</w>
            <w lemma="vera" type="sfg3en">er</w>
            <w lemma="þingmaður" type="nken">þingmaður</w>
            <w lemma="Framsóknarflokkur" type="nkeegs">Framsóknarflokksins</w>
            <c type="pl">.</c>
          </s>
        </p>
        <p n="3">
          <s n="1">
            <w lemma="Ásmundur" type="nken-s">Ásmundur</w>
            <w lemma="Einar" type="nken-s">Einar</w>
            <w lemma="Daðason" type="nken-s">Daðason</w>
            <c type="pk">,</c>
            <w lemma="þingmaður" type="nken">þingmaður</w>
            <w lemma="Framsóknarflokkur" type="nkeegs">Framsóknarflokksins</w>
            <c type="pa">:</c>
            <w lemma="ég" type="fp1fe">Okkar</w>
            <w lemma="tillaga" type="nvfn">tillögur</w>
            <w lemma="sem" type="ct">sem</w>
            <w lemma="að" type="c">að</w>
            <w lemma="ég" type="fp1fn">við</w>
            <w lemma="vera" type="sfg1fn">erum</w>
            <w lemma="núna" type="aa">núna</w>
            <w lemma="að" type="cn">að</w>
            <w lemma="leggja" type="sng">leggja</w>
            <w lemma="fram" type="aa">fram</w>
            <c type="pk">,</c>
            <w lemma="vera" type="sfg3fn">eru</w>
            <w lemma="að" type="c">að</w>
            <w lemma="maður" type="nkfn">menn</w>
            <w lemma="fara" type="svg3fn">fari</w>
            <w lemma="að" type="cn">að</w>
            <w lemma="undirbúa" type="sng">undirbúa</w>
            <w lemma="það" type="fpheo">það</w>
            <w lemma="að" type="cn">að</w>
            <w lemma="auka" type="sng">auka</w>
            <w lemma="hér" type="aa">hér</w>
            <w lemma="matvælaframleiðsla" type="nveo">matvælaframleiðslu</w>
            <w lemma="vegna" type="af">vegna</w>
            <w lemma="það" type="fphee">þess</w>
            <w lemma="að" type="c">að</w>
            <w lemma="það" type="fphen">það</w>
            <w lemma="vera" type="svg3en">sé</w>
            <w lemma="ljós" type="lhensf">ljóst</w>
            <w lemma="að" type="c">að</w>
            <w lemma="á" type="af">á</w>
            <w lemma="21." type="lveþvf">21.</w>
            <w lemma="öld" type="nveþg">öldinni</w>
            <w lemma="þá" type="aa">þá</w>
            <w lemma="verða" type="svg3en">verði</w>
            <w lemma="eftirspurn" type="nven">eftirspurn</w>
            <w lemma="eftir" type="af">eftir</w>
            <w lemma="matvæli" type="nhfþ">matvælum</w>
            <w lemma="mikill" type="lheþsf">miklu</w>
            <w lemma="mikill" type="lvenvm">meiri</w>
            <w lemma="og" type="c">og</w>
            <w lemma="ég" type="fp1fn">við</w>
            <w lemma="vera" type="sfg1fn">erum</w>
            <w lemma="þegar" type="aa">þegar</w>
            <w lemma="byrja" type="sþghfn">byrjuð</w>
            <w lemma="að" type="cn">að</w>
            <w lemma="sjá" type="sng">sjá</w>
            <w lemma="þessi" type="faheo">þetta</w>
            <c type="pl">.</c>
          </s>
        </p>
        <p n="4">
          <s n="1">
            <w lemma="hann" type="fpken">Hann</w>
            <w lemma="benda" type="sfg3en">bendir</w>
            <w lemma="á" type="af">á</w>
            <w lemma="aukinn" type="lkeosf">aukinn</w>
            <w lemma="áhugi" type="nkeo">áhuga</w>
            <w lemma="á" type="af">á</w>
            <w lemma="íslenskur" type="lhfþsf">íslenskum</w>
            <w lemma="matvæli" type="nhfþ">matvælum</w>
            <c type="pk">,</c>
            <w lemma="bæði" type="c">bæði</w>
            <w lemma="í" type="af">í</w>
            <w lemma="Asía" type="nveþ-s">Asíu</w>
            <c type="pk">,</c>
            <w lemma="Evrópa" type="nveþ-s">Evrópu</w>
            <w lemma="og" type="c">og</w>
            <w lemma="Bandaríkin" type="nhfþgs">Bandaríkjunum</w>
            <c type="pl">.</c>
          </s>
          <s n="2">
            <w lemma="útflutningstekjur" type="nvfn">Útflutningstekjur</w>
            <w lemma="af" type="af">af</w>
            <w lemma="landbúnaður" type="nkeþ">landbúnaði</w>
            <w lemma="vera" type="sfg3fþ">voru</w>
            <w lemma="11,4" type="ta">11,4</w>
            <w lemma="milljarður" type="nkfn">milljarðar</w>
            <w lemma="króna" type="nvfe">króna</w>
            <w lemma="ár" type="nheog">árið</w>
            <w lemma="2012" type="ta">2012</w>
            <c type="pl">.</c>
          </s>
          <s n="3">
            <w lemma="Framsóknarmaður" type="nkfn-s">Framsóknarmenn</w>
            <w lemma="segja" type="sfg3fn">segja</w>
            <w lemma="að" type="c">að</w>
            <w lemma="með" type="af">með</w>
            <w lemma="mikill" type="lveþvm">meiri</w>
            <w lemma="framleiðsla" type="nveþ">framleiðslu</w>
            <w lemma="og" type="c">og</w>
            <w lemma="aukinn" type="lveþsf">aukinni</w>
            <w lemma="hagræðing" type="nveþ">hagræðingu</w>
            <c type="pk">,</c>
            <w lemma="vera" type="svg3en">sé</w>
            <w lemma="mögulegur" type="lhensf">mögulegt</w>
            <w lemma="að" type="cn">að</w>
            <w lemma="stórauka" type="sng">stórauka</w>
            <w lemma="bæði" type="c">bæði</w>
            <w lemma="framleiðsluverðmæti" type="nhfo">framleiðsluverðmæti</w>
            <w lemma="landbúnaður" type="nkeeg">landbúnaðarins</w>
            <w lemma="og" type="c">og</w>
            <w lemma="útflutningstekjur" type="nvfo">útflutningstekjur</w>
            <w lemma="þjóð" type="nveeg">þjóðarinnar</w>
            <w lemma="á" type="af">á</w>
            <w lemma="næstur" type="lhfþve">næstu</w>
            <w lemma="ár" type="nhfþ">árum</w>
            <c type="pl">.</c>
          </s>
        </p>
        <p n="5">
          <s n="1">
            <w lemma="Ásmundur" type="nken-s">Ásmundur</w>
            <w lemma="Einar" type="nken-s">Einar</w>
            <w lemma="Daðason" type="nken-s">Daðason</w>
            <c type="pa">:</c>
            <w lemma="og" type="c">Og</w>
            <w lemma="ég" type="fp1fn">við</w>
            <w lemma="vilja" type="sfg1fn">viljum</w>
            <w lemma="að" type="c">að</w>
            <w lemma="maður" type="nkfn">menn</w>
            <w lemma="fara" type="svg3fn">fari</w>
            <w lemma="strax" type="aa">strax</w>
            <w lemma="að" type="cn">að</w>
            <w lemma="byrja" type="sng">byrja</w>
            <w lemma="að" type="cn">að</w>
            <w lemma="undirbúa" type="sng">undirbúa</w>
            <w lemma="það" type="fpheo">það</w>
            <c type="pl">.</c>
          </s>
          <s n="2">
            <w lemma="fara" type="sng">Fara</w>
            <w lemma="að" type="cn">að</w>
            <w lemma="setja" type="snm">setjast</w>
            <w lemma="niður" type="aa">niður</w>
            <w lemma="og" type="c">og</w>
            <w lemma="ræða" type="sng">ræða</w>
            <w lemma="það" type="fpheo">það</w>
            <w lemma="og" type="c">og</w>
            <w lemma="undirbúa" type="sng">undirbúa</w>
            <w lemma="hvernig" type="aa">hvernig</w>
            <w lemma="Ísland" type="nhen-s">Ísland</w>
            <w lemma="ætla" type="sfg3en">ætlar</w>
            <w lemma="að" type="cn">að</w>
            <w lemma="bregða" type="snm">bregðast</w>
            <w lemma="við" type="aa">við</w>
            <w lemma="og" type="c">og</w>
            <w lemma="auka" type="sng">auka</w>
            <w lemma="sinn" type="feveo">sína</w>
            <w lemma="matvælaframleiðsla" type="nveo">matvælaframleiðslu</w>
            <w lemma="og" type="c">og</w>
            <w lemma="nýta" type="sng">nýta</w>
            <w lemma="þessi" type="favfo">þessar</w>
            <w lemma="auðlind" type="nvfo">auðlindir</w>
            <w lemma="sem" type="ct">sem</w>
            <w lemma="ég" type="fp1fn">við</w>
            <w lemma="eiga" type="sfg1fn">eigum</w>
            <c type="pl">.</c>
          </s>
          <s n="3">
            <w lemma="það" type="fpheþ">Því</w>
            <w lemma="að" type="c">að</w>
            <w lemma="ég" type="fp1fn">við</w>
            <w lemma="eiga" type="svg1fn">eigum</w>
            <w lemma="gríðarlega" type="aa">gríðarlega</w>
            <w lemma="mikill" type="lheosf">mikið</w>
            <w lemma="ræktunarland" type="nheo">ræktunarland</w>
            <w lemma="og" type="c">og</w>
            <w lemma="ég" type="fp1fn">við</w>
            <w lemma="eiga" type="sfg1fn">eigum</w>
            <w lemma="líka" type="aa">líka</w>
            <w lemma="mjög" type="aa">mjög</w>
            <w lemma="mikill" type="lheosf">mikið</w>
            <w lemma="af" type="af">af</w>
            <w lemma="vatn" type="nheþ">vatni</w>
            <w lemma="sem" type="ct">sem</w>
            <w lemma="verða" type="sfg3en">verður</w>
            <w lemma="takmarkandi" type="lkenof">takmarkandi</w>
            <w lemma="þáttur" type="nken">þáttur</w>
            <w lemma="í" type="af">í</w>
            <w lemma="matvælaframleiðsla" type="nveþ">matvælaframleiðslu</w>
            <w lemma="á" type="af">á</w>
            <w lemma="21." type="ta">21.</w>
            <w lemma="öld" type="nveþg">öldinni</w>
            <c type="pl">.</c>
          </s>
        </p>
        <p n="6">
          <s n="1">
            <w lemma="Framsóknarflokkur" type="nkengs">Framsóknarflokkurinn</w>
            <w lemma="leggja" type="sfg3en">leggur</w>
            <w lemma="að" type="af">að</w>
            <w lemma="svo" type="aa">svo</w>
            <w lemma="kominn" type="lheþsf">komnu</w>
            <w lemma="ekki" type="aa">ekki</w>
            <w lemma="fram" type="aa">fram</w>
            <w lemma="tillaga" type="nvfo">tillögur</w>
            <w lemma="um" type="aa">um</w>
            <w lemma="hvernig" type="aa">hvernig</w>
            <w lemma="skulu" type="svg3en">skuli</w>
            <w lemma="auka" type="sng">auka</w>
            <w lemma="framleiðsla" type="nveog">framleiðsluna</w>
            <c type="pl">.</c>
          </s>
        </p>
        <p n="7">
          <s n="1">
            <w lemma="Ásmundur" type="nken-s">Ásmundur</w>
            <w lemma="Einar" type="nken-s">Einar</w>
            <w lemma="Daðason" type="nken-s">Daðason</w>
            <c type="pa">:</c>
            <w lemma="sá" type="fahen">Það</w>
            <w lemma="sem" type="ct">sem</w>
            <w lemma="að" type="c">að</w>
            <w lemma="ég" type="fp1fn">við</w>
            <w lemma="leggja" type="sfg1fn">leggjum</w>
            <w lemma="til" type="aa">til</w>
            <w lemma="vera" type="sfg3en">er</w>
            <w lemma="að" type="c">að</w>
            <w lemma="það" type="fphen">það</w>
            <w lemma="verða" type="svg3en">verði</w>
            <w lemma="skipa" type="sþgken">skipaður</w>
            <w lemma="starfshópur" type="nken">starfshópur</w>
            <w lemma="allur" type="fokfe">allra</w>
            <w lemma="stjórnmálaflokkur" type="nkfe">stjórnmálaflokka</w>
            <w lemma="og" type="c">og</w>
            <w lemma="allur" type="fokfe">allra</w>
            <w lemma="hagsmunaaðili" type="nkfe">hagsmunaaðila</w>
            <w lemma="í" type="af">í</w>
            <w lemma="matvælaframleiðsla" type="nveþ">matvælaframleiðslu</w>
            <w lemma="og" type="c">og</w>
            <w lemma="sá" type="faken">sá</w>
            <w lemma="starfshópur" type="nken">starfshópur</w>
            <w lemma="fara" type="svg3en">fari</w>
            <w lemma="yfir" type="aa">yfir</w>
            <w lemma="með" type="af">með</w>
            <w lemma="hvaða" type="fsvfþ">hvaða</w>
            <w lemma="aðferð" type="nvfþ">aðferðum</w>
            <w lemma="vera" type="svg3en">sé</w>
            <w lemma="mögulegur" type="lhensf">mögulegt</w>
            <w lemma="að" type="cn">að</w>
            <w lemma="efla" type="sng">efla</w>
            <w lemma="og" type="c">og</w>
            <w lemma="auka" type="sng">auka</w>
            <w lemma="matvælaframleiðsla" type="nveo">matvælaframleiðslu</w>
            <w lemma="hérna" type="aa">hérna</w>
            <w lemma="á" type="af">á</w>
            <w lemma="Ísland" type="nheþ-s">Íslandi</w>
            <w lemma="og" type="c">og</w>
            <w lemma="sá" type="faken">sá</w>
            <w lemma="starfshópur" type="nken">starfshópur</w>
            <w lemma="eiga" type="svg3eþ">ætti</w>
            <w lemma="skila" type="sng">skila</w>
            <w lemma="af" type="af">af</w>
            <w lemma="sig" type="fpkeþ">sér</w>
            <w lemma="útfærður" type="lvfþsf">útfærðum</w>
            <w lemma="tillaga" type="nvfþ">tillögum</w>
            <c type="pl">.</c>
          </s>
        </p>
      </div1>
    </body>
  </text>
</TEI>
