<?xml version="1.0" encoding="utf-8"?>
<TEI xmlns="http://www.tei-c.org/ns/1.0">
  <teiHeader>
    <fileDesc>
      <titleStmt>
        <title>
          <title type="main">Snjóflóðahætta</title>
        </title>
        <respStmt>
          <resp xml:lang="is">Söfnun og úrvinnsla texta</resp>
          <resp xml:lang="en">Collection and processing of text</resp>
          <name xml:lang="is">Stofnun Árna Magnússonar í íslenskum fræðum</name>
          <name xml:lang="en">The Arni Magnusson Institute for Icelandic Studies</name>
        </respStmt>
      </titleStmt>
      <editionStmt>
        <p xml:lang="is">Íslensk risamálheild (2019)</p>
        <p xml:lang="en">Tagged Icelandic Gigaword Corpus (2019)</p>
      </editionStmt>
      <publicationStmt>
        <distributor xml:lang="is">Stofnun Árna Magnússonar í íslenskum fræðum</distributor>
        <distributor xml:lang="en">The Arni Magnusson Institute for Icelandic Studies</distributor>
        <address>
          <addrLine xml:lang="is">Árnagarður við Suðurgötu, 107 Reykjavík, Íslandi</addrLine>
          <addrLine xml:lang="en">Árnagarður Suðurgata, 107 Reykjavik, Iceland</addrLine>
          <addrLine>
            <email>arnastofnun@arnastofnun.is</email>
          </addrLine>
        </address>
        <idno type="risam">G-25-2503784</idno>
        <availability>
          <p xml:lang="is">Þessi texti er til notkunar í málrannsóknum og máltækniverkefnum um allan heim með sérstöku leyfi, sjá rmh2Hdr.xml</p>
          <p xml:lang="en">This text is available for use in language research and language technology projects world wide with a special license, see rmh2Hdr.xml</p>
        </availability>
        <date>2020-05-26</date>
      </publicationStmt>
      <sourceDesc>
        <biblStruct>
          <analytic>
            <title>
              <title type="main">Snjóflóðahætta</title>
            </title>
            <date when="2013-03-19T12:00:00">19.03 2013 kl. 12:00:00</date>
          </analytic>
          <monogr>
            <title>Bylgjan</title>
            <imprint>
              <publisher>365 miðlar hf.</publisher>
              <pubPlace>Reykjavík</pubPlace>
            </imprint>
          </monogr>
        </biblStruct>
      </sourceDesc>
    </fileDesc>
    <encodingDesc>
      <projectDesc>
        <p xml:lang="is">Sjá lýsingu á verkefninu í rmh2Hdr.xml.</p>
        <p xml:lang="en">See description of project in rmh2Hdr.xml.</p>
      </projectDesc>
      <tagsDecl>
        <namespace name="http://www.tei-c.org/ns/1.0">
          <tagUsage gi="text" occurs="1"/>
          <tagUsage gi="body" occurs="1"/>
          <tagUsage gi="div1" occurs="1"/>
          <tagUsage gi="p" occurs="2"/>
          <tagUsage gi="s" occurs="6"/>
          <tagUsage gi="w" occurs="156"/>
          <tagUsage gi="c" occurs="8"/>
        </namespace>
      </tagsDecl>
    </encodingDesc>
    <profileDesc>
     <textClass>
      <keywords scheme="#RMH">
       <list>
        <item>Frétt – almennt</item>
       </list>
      </keywords>
     </textClass>
    </profileDesc>
  </teiHeader>
  <text>
    <body>
      <div1>
        <p n="1">
          <s n="1">
            <w lemma="mikill" type="lvensf">Mikil</w>
            <w lemma="og" type="c">og</w>
            <w lemma="vaxandi" type="lvenof">vaxandi</w>
            <w lemma="snjóflóðahætta" type="nven">snjóflóðahætta</w>
            <w lemma="vera" type="sfg3en">er</w>
            <w lemma="á" type="af">á</w>
            <w lemma="utanverður" type="lkeþsf">utanverðum</w>
            <w lemma="Tröllaskagi" type="nkeþ-s">Tröllaskaga</w>
            <w lemma="eða" type="c">eða</w>
            <w lemma="í" type="af">í</w>
            <w lemma="Fjallabyggð" type="nveþ-s">Fjallabyggð</w>
            <w lemma="að" type="af">að</w>
            <w lemma="mat" type="nheþ">mati</w>
            <w lemma="Veðurstofa" type="nveegs">Veðurstofunnar</w>
            <w lemma="og" type="c">og</w>
            <w lemma="hafa" type="sfg3fn">hafa</w>
            <w lemma="nokkur" type="fohfo">nokkur</w>
            <w lemma="flóð" type="nhfo">flóð</w>
            <w lemma="þegar" type="aa">þegar</w>
            <w lemma="falla" type="sþghen">fallið</w>
            <w lemma="þar" type="aa">þar</w>
            <w lemma="en" type="c">en</w>
            <w lemma="allur" type="foven">öll</w>
            <w lemma="fjarri" type="af">fjarri</w>
            <w lemma="byggð" type="nveo">byggð</w>
            <c type="pl">.</c>
          </s>
        </p>
        <p n="2">
          <s n="1">
            <w lemma="aukinn" type="lkensf">Aukinn</w>
            <w lemma="hiti" type="nken">hiti</w>
            <w lemma="í" type="af">í</w>
            <w lemma="efri" type="lhfþve">efstu</w>
            <w lemma="snjóalög" type="nhfþ">snjóalögum</w>
            <w lemma="gera" type="sfg3en">gerir</w>
            <w lemma="það" type="fphen">það</w>
            <w lemma="að" type="af">að</w>
            <w lemma="verk" type="nhfþ">verkum</w>
            <w lemma="að" type="c">að</w>
            <w lemma="veikur" type="lhfnsf">veik</w>
            <w lemma="lög" type="nhfn">lög</w>
            <w lemma="sem" type="ct">sem</w>
            <w lemma="vera" type="sfg3fþ">voru</w>
            <w lemma="fyrir" type="aa">fyrir</w>
            <w lemma="kunna" type="sfg3eþ">kunni</w>
            <w lemma="að" type="cn">að</w>
            <w lemma="hafa" type="sng">hafa</w>
            <w lemma="veikja" type="sþmhen">veikst</w>
            <w lemma="enn" type="aa">enn</w>
            <w lemma="frekar" type="aam">frekar</w>
            <w lemma="sem" type="ct">sem</w>
            <w lemma="auka" type="sfg3en">eykur</w>
            <w lemma="á" type="af">á</w>
            <w lemma="hætta" type="nveog">hættuna</w>
            <c type="pl">.</c>
          </s>
          <s n="2">
            <w lemma="þá" type="aa">Þá</w>
            <w lemma="vera" type="sfg3en">er</w>
            <w lemma="spá" type="sþghen">spáð</w>
            <w lemma="norðan" type="af">norðan</w>
            <w lemma="hríðarveður" type="nheþ">hríðarveðri</w>
            <w lemma="á" type="af">á</w>
            <w lemma="svæði" type="nheþg">svæðinu</w>
            <w lemma="í" type="af">í</w>
            <w lemma="dagur" type="nkeo">dag</w>
            <w lemma="og" type="c">og</w>
            <w lemma="því" type="aa">því</w>
            <w lemma="líklegur" type="lhensf">líklegt</w>
            <w lemma="að" type="c">að</w>
            <w lemma="snjóflóðahætta" type="nven">snjóflóðahætta</w>
            <w lemma="auka" type="svm3en">aukist</w>
            <w lemma="ef" type="c">ef</w>
            <w lemma="snjóhengja" type="nvfn">snjóhengjur</w>
            <w lemma="ná" type="sfg3fn">ná</w>
            <w lemma="að" type="cn">að</w>
            <w lemma="byggja" type="snm">byggjast</w>
            <w lemma="upp" type="aa">upp</w>
            <w lemma="í" type="af">í</w>
            <w lemma="skafrenningur" type="nkeþ">skafrenningi</w>
            <c type="pl">.</c>
          </s>
          <s n="3">
            <w lemma="enginn" type="foven">Engin</w>
            <w lemma="hætta" type="nven">hætta</w>
            <w lemma="vera" type="sfg3en">er</w>
            <w lemma="segja" type="sþgven">sögð</w>
            <w lemma="í" type="af">í</w>
            <w lemma="þéttbýli" type="nheþg">þéttbýlinu</w>
            <w lemma="í" type="af">í</w>
            <w lemma="Ólafsfjörður" type="nkeþ-s">Ólafsfirði</w>
            <w lemma="og" type="c">og</w>
            <w lemma="á" type="af">á</w>
            <w lemma="Siglufjörður" type="nkeþ-s">Siglufirði</w>
            <w lemma="heldur" type="c">heldur</w>
            <w lemma="vera" type="sfg3en">er</w>
            <w lemma="hætta" type="nveng">hættan</w>
            <w lemma="utan" type="af">utan</w>
            <w lemma="alfaraleið" type="nvfe">alfaraleiða</w>
            <w lemma="og" type="c">og</w>
            <w lemma="því" type="aa">því</w>
            <w lemma="hafa" type="svg3fn">hafi</w>
            <w lemma="almannavarnir" type="nvfn">almannavarnir</w>
            <w lemma="ekki" type="aa">ekki</w>
            <w lemma="gefa" type="sþghen">gefið</w>
            <w lemma="út" type="aa">út</w>
            <w lemma="sérstakur" type="lvfosf">sérstakar</w>
            <w lemma="viðvörun" type="nvfo">viðvaranir</w>
            <w lemma="þótt" type="c">þótt</w>
            <w lemma="hugtak" type="nheng">hugtakið</w>
            <c type="pg">&quot;</c>
            <w lemma="mikill" type="lvensf">mikil</w>
            <w lemma="hætta" type="nven">hætta</w>
            <c type="pg">&quot;</c>
            <w lemma="vera" type="svg3en">sé</w>
            <w lemma="nærri" type="aae">næst</w>
            <w lemma="efri" type="lhenve">efsta</w>
            <w lemma="hættustig" type="nhen">hættustig</w>
            <w lemma="Veðurstofa" type="nveegs">Veðurstofunnar</w>
            <c type="pl">.</c>
          </s>
          <s n="4">
            <w lemma="það" type="fphen">Það</w>
            <w lemma="byrja" type="sfg3eþ">byrjaði</w>
            <w lemma="að" type="cn">að</w>
            <w lemma="snjóa" type="sng">snjóa</w>
            <w lemma="á" type="af">á</w>
            <w lemma="svæði" type="nheþg">svæðinu</w>
            <w lemma="strax" type="aa">strax</w>
            <w lemma="í" type="af">í</w>
            <w lemma="nótt" type="nveo">nótt</w>
            <w lemma="og" type="c">og</w>
            <w lemma="spáð" type="aa">spáð</w>
            <w lemma="vera" type="sfg3en">er</w>
            <w lemma="norðaustan" type="aa">norðaustan</w>
            <w lemma="15" type="ta">15</w>
            <w lemma="-" type="m">-</w>
            <w lemma="23" type="ta">23</w>
            <w lemma="metri" type="nkfþ">metrum</w>
            <w lemma="á" type="af">á</w>
            <w lemma="sekúnda" type="nveþ">sekúndu</w>
            <w lemma="í" type="af">í</w>
            <w lemma="kvöld" type="nheo">kvöld</w>
            <w lemma="með" type="af">með</w>
            <w lemma="aukinn" type="lveþsf">aukinni</w>
            <w lemma="snjókoma" type="nveþ">snjókomu</w>
            <c type="pl">.</c>
          </s>
          <s n="5">
            <w lemma="það" type="fphen">Það</w>
            <w lemma="vera" type="sfg3en">er</w>
            <w lemma="líka" type="aa">líka</w>
            <w lemma="nokkur" type="foven">nokkur</w>
            <w lemma="hætta" type="nven">hætta</w>
            <w lemma="á" type="af">á</w>
            <w lemma="norðanverður" type="lkfþsf">norðanverðum</w>
            <w lemma="Vestfirðir" type="nkfþ-s">Vestfjörðum</w>
            <w lemma="og" type="c">og</w>
            <w lemma="hættur" type="lhensf">hætt</w>
            <w lemma="við" type="af">við</w>
            <w lemma="að" type="c">að</w>
            <w lemma="hún" type="fpven">hún</w>
            <w lemma="auka" type="svm3en">aukist</w>
            <w lemma="í" type="af">í</w>
            <w lemma="dagur" type="nkeo">dag</w>
            <w lemma="það" type="fpheþ">því</w>
            <w lemma="spá" type="sþghen">spáð</w>
            <w lemma="vera" type="sfg3en">er</w>
            <w lemma="norðaustan" type="aa">norðaustan</w>
            <w lemma="stormur" type="nkeþ">stormi</w>
            <w lemma="og" type="c">og</w>
            <w lemma="hríðarveður" type="nheþ">hríðarveðri</w>
            <w lemma="á" type="af">á</w>
            <w lemma="svæði" type="nheþg">svæðinu</w>
            <c type="pl">.</c>
          </s>
        </p>
      </div1>
    </body>
  </text>
</TEI>
