<?xml version="1.0" encoding="utf-8"?>
<TEI xmlns="http://www.tei-c.org/ns/1.0">
  <teiHeader>
    <fileDesc>
      <titleStmt>
        <title>
          <title type="main">Halldór Gunnarsson í Holti segir sig úr Sjálfstæðisflokknum</title>
        </title>
        <respStmt>
          <resp xml:lang="is">Söfnun og úrvinnsla texta</resp>
          <resp xml:lang="en">Collection and processing of text</resp>
          <name xml:lang="is">Stofnun Árna Magnússonar í íslenskum fræðum</name>
          <name xml:lang="en">The Arni Magnusson Institute for Icelandic Studies</name>
        </respStmt>
      </titleStmt>
      <editionStmt>
        <p xml:lang="is">Íslensk risamálheild (2019)</p>
        <p xml:lang="en">Tagged Icelandic Gigaword Corpus (2019)</p>
      </editionStmt>
      <publicationStmt>
        <distributor xml:lang="is">Stofnun Árna Magnússonar í íslenskum fræðum</distributor>
        <distributor xml:lang="en">The Arni Magnusson Institute for Icelandic Studies</distributor>
        <address>
          <addrLine xml:lang="is">Árnagarður við Suðurgötu, 107 Reykjavík, Íslandi</addrLine>
          <addrLine xml:lang="en">Árnagarður Suðurgata, 107 Reykjavik, Iceland</addrLine>
          <addrLine>
            <email>arnastofnun@arnastofnun.is</email>
          </addrLine>
        </address>
        <idno type="risam">G-25-2539255</idno>
        <availability>
          <p xml:lang="is">Þessi texti er til notkunar í málrannsóknum og máltækniverkefnum um allan heim með sérstöku leyfi, sjá rmh2Hdr.xml</p>
          <p xml:lang="en">This text is available for use in language research and language technology projects world wide with a special license, see rmh2Hdr.xml</p>
        </availability>
        <date>2020-05-26</date>
      </publicationStmt>
      <sourceDesc>
        <biblStruct>
          <analytic>
            <title>
              <title type="main">Halldór Gunnarsson í Holti segir sig úr Sjálfstæðisflokknum</title>
            </title>
            <date when="2013-03-05T12:00:00">05.03 2013 kl. 12:00:00</date>
          </analytic>
          <monogr>
            <title>Bylgjan</title>
            <imprint>
              <publisher>365 miðlar hf.</publisher>
              <pubPlace>Reykjavík</pubPlace>
            </imprint>
          </monogr>
        </biblStruct>
      </sourceDesc>
    </fileDesc>
    <encodingDesc>
      <projectDesc>
        <p xml:lang="is">Sjá lýsingu á verkefninu í rmh2Hdr.xml.</p>
        <p xml:lang="en">See description of project in rmh2Hdr.xml.</p>
      </projectDesc>
      <tagsDecl>
        <namespace name="http://www.tei-c.org/ns/1.0">
          <tagUsage gi="text" occurs="1"/>
          <tagUsage gi="body" occurs="1"/>
          <tagUsage gi="div1" occurs="1"/>
          <tagUsage gi="p" occurs="11"/>
          <tagUsage gi="s" occurs="16"/>
          <tagUsage gi="w" occurs="356"/>
          <tagUsage gi="c" occurs="31"/>
        </namespace>
      </tagsDecl>
    </encodingDesc>
    <profileDesc>
     <textClass>
      <keywords scheme="#RMH">
       <list>
        <item>Frétt – almennt</item>
       </list>
      </keywords>
     </textClass>
    </profileDesc>
  </teiHeader>
  <text>
    <body>
      <div1>
        <p n="1">
          <s n="1">
            <w lemma="Halldór" type="nken-s">Halldór</w>
            <w lemma="Gunnarsson" type="nken-s">Gunnarsson</w>
            <w lemma="í" type="af">í</w>
            <w lemma="Holt" type="nheþ-s">Holti</w>
            <c type="pk">,</c>
            <w lemma="sem" type="ct">sem</w>
            <w lemma="vera" type="sþghen">verið</w>
            <w lemma="hafa" type="sfg3en">hefur</w>
            <w lemma="formaður" type="nken">formaður</w>
            <w lemma="fulltrúaráð" type="nhee">fulltrúaráðs</w>
            <w lemma="Sjálfstæðisfélag" type="nhfegs">Sjálfstæðisfélaganna</w>
            <w lemma="í" type="af">í</w>
            <w lemma="Rangárvallasýsla" type="nveþ-s">Rangárvallasýslu</w>
            <c type="pk">,</c>
            <w lemma="hafa" type="sfg3en">hefur</w>
            <w lemma="segja" type="sþghen">sagt</w>
            <w lemma="sig" type="fpkeo">sig</w>
            <w lemma="úr" type="af">úr</w>
            <w lemma="Sjálfstæðisflokkur" type="nkeþgs">Sjálfstæðisflokknum</w>
            <c type="pl">.</c>
          </s>
          <s n="2">
            <w lemma="Halldór" type="nken-s">Halldór</w>
            <w lemma="segja" type="sfg3en">segir</w>
            <w lemma="flokkur" type="nkeog">flokkinn</w>
            <w lemma="hafa" type="sng">hafa</w>
            <w lemma="bregða" type="sþmhen">brugðist</w>
            <w lemma="og" type="c">og</w>
            <w lemma="hann" type="fpken">hann</w>
            <w lemma="hafa" type="svg3en">hafi</w>
            <w lemma="ganga" type="sþghen">gengið</w>
            <w lemma="hryggur" type="lkensf">hryggur</w>
            <w lemma="af" type="af">af</w>
            <w lemma="síðari" type="lkeþve">síðasta</w>
            <w lemma="landsfundur" type="nkeþ">landsfundi</w>
            <c type="pl">.</c>
          </s>
          <s n="3">
            <w lemma="flokkur" type="nkeng">Flokkurinn</w>
            <w lemma="vera" type="svg3en">sé</w>
            <w lemma="ekki" type="aa">ekki</w>
            <w lemma="reiðubúinn" type="lkensf">reiðubúinn</w>
            <w lemma="að" type="cn">að</w>
            <w lemma="koma" type="sng">koma</w>
            <w lemma="til" type="af">til</w>
            <w lemma="mót" type="nhee">móts</w>
            <w lemma="við" type="af">við</w>
            <w lemma="heimili" type="nhfog">heimilin</w>
            <w lemma="í" type="af">í</w>
            <w lemma="land" type="nheþg">landinu</w>
            <w lemma="sem" type="ct">sem</w>
            <w lemma="verða" type="sþghen">orðið</w>
            <w lemma="hafa" type="svg3en">hafi</w>
            <w lemma="fyrir" type="af">fyrir</w>
            <w lemma="mikill" type="lheþsf">miklu</w>
            <w lemma="eignatjón" type="nheþ">eignatjóni</w>
            <w lemma="eftir" type="af">eftir</w>
            <w lemma="hrun" type="nheo">hrun</w>
            <c type="pl">.</c>
          </s>
        </p>
        <p n="2">
          <s n="1">
            <w lemma="Halldór" type="nken-s">Halldór</w>
            <w lemma="Gunnarsson" type="nken-s">Gunnarsson</w>
            <w lemma="tilkynna" type="sfg3eþ">tilkynnti</w>
            <w lemma="úrsögn" type="nveo">úrsögn</w>
            <w lemma="sinn" type="feveo">sína</w>
            <w lemma="úr" type="af">úr</w>
            <w lemma="Sjálfstæðisflokkur" type="nkeþgs">Sjálfstæðisflokknum</w>
            <w lemma="á" type="af">á</w>
            <w lemma="stjórnarfundur" type="nkeþ">stjórnarfundi</w>
            <w lemma="fulltrúaráð" type="nheeg">fulltrúaráðsins</w>
            <w lemma="í" type="aa">í</w>
            <w lemma="gær" type="aa">gær</w>
            <w lemma="og" type="c">og</w>
            <w lemma="segja" type="sfg3eþ">sagði</w>
            <w lemma="af" type="af">af</w>
            <w lemma="sig" type="fpkeþ">sér</w>
            <w lemma="allur" type="fohfþ">öllum</w>
            <w lemma="trúnaðarstarf" type="nhfþ">trúnaðarstörfum</w>
            <w lemma="fyrir" type="af">fyrir</w>
            <w lemma="flokkur" type="nkeog">flokkinn</w>
            <c type="pl">.</c>
          </s>
          <s n="2">
            <w lemma="Halldór" type="nken-s">Halldór</w>
            <w lemma="vera" type="sfg3en">er</w>
            <w lemma="fyrrverandi" type="lkenof">fyrrverandi</w>
            <w lemma="sóknarprestur" type="nken">sóknarprestur</w>
            <w lemma="í" type="af">í</w>
            <w lemma="Holt" type="nheþ-s">Holti</w>
            <w lemma="og" type="c">og</w>
            <w lemma="tilkynna" type="sfg3eþ">tilkynnti</w>
            <w lemma="í" type="af">í</w>
            <w lemma="október" type="nkeþ">október</w>
            <w lemma="síðastliðinn" type="lkeþsf">síðastliðnum</w>
            <w lemma="að" type="c">að</w>
            <w lemma="hann" type="fpken">hann</w>
            <w lemma="hyggja" type="svm3eþ">hygðist</w>
            <w lemma="bjóða" type="sng">bjóða</w>
            <w lemma="sig" type="fpkeo">sig</w>
            <w lemma="fram" type="aa">fram</w>
            <w lemma="til" type="af">til</w>
            <w lemma="þingmennska" type="nvee">þingmennsku</w>
            <w lemma="í" type="af">í</w>
            <w lemma="Suðurkjördæmi" type="nheþ-s">Suðurkjördæmi</w>
            <c type="pl">.</c>
          </s>
          <s n="3">
            <w lemma="Halldór" type="nken-s">Halldór</w>
            <w lemma="vekja" type="sfg3eþ">vakti</w>
            <w lemma="mikill" type="lveosf">mikla</w>
            <w lemma="athygli" type="nveo">athygli</w>
            <w lemma="á" type="af">á</w>
            <w lemma="nýafstaðinn" type="lkeþsf">nýafstöðnum</w>
            <w lemma="landsfundur" type="nkeþ">landsfundi</w>
            <w lemma="Sjálfstæðisflokkur" type="nkeegs">Sjálfstæðisflokksins</w>
            <w lemma="þegar" type="c">þegar</w>
            <w lemma="hann" type="fpken">hann</w>
            <w lemma="bjóða" type="sfg3eþ">bauð</w>
            <w lemma="sig" type="fpkeo">sig</w>
            <w lemma="fram" type="aa">fram</w>
            <w lemma="til" type="af">til</w>
            <w lemma="formaður" type="nkee">formanns</w>
            <w lemma="gegn" type="af">gegn</w>
            <w lemma="Bjarni" type="nkeþ-s">Bjarna</w>
            <w lemma="Benediktsson" type="nkeþ-s">Benediktssyni</w>
            <w lemma="en" type="c">en</w>
            <w lemma="hætta" type="sfg3eþ">hætti</w>
            <w lemma="svo" type="aa">svo</w>
            <w lemma="við" type="af">við</w>
            <w lemma="það" type="fpheo">það</w>
            <c type="pl">.</c>
          </s>
        </p>
        <p n="3">
          <s n="1">
            <w lemma="Halldór" type="nken-s">Halldór</w>
            <w lemma="Gunnarsson" type="nken-s">Gunnarsson</w>
            <w lemma="í" type="af">í</w>
            <w lemma="Holt" type="nheþ-s">Holti</w>
            <c type="pk">,</c>
            <w lemma="fyrrverandi" type="lkenof">fyrrverandi</w>
            <w lemma="formaður" type="nken">formaður</w>
            <w lemma="fulltrúaráð" type="nhee">fulltrúaráðs</w>
            <w lemma="Sjálfstæðisfélag" type="nhfegs">Sjálfstæðisfélaganna</w>
            <w lemma="í" type="af">í</w>
            <w lemma="Rangárvallasýsla" type="nveþ-s">Rangárvallasýslu</w>
            <c type="pa">:</c>
            <w lemma="eftir" type="af">Eftir</w>
            <w lemma="ræða" type="nveo">ræðu</w>
            <w lemma="Hanna" type="nvee-s">Hönnu</w>
            <w lemma="Birna" type="nvee-s">Birnu</w>
            <w lemma="þá" type="aa">þá</w>
            <w lemma="skora" type="sfg1en">skora</w>
            <w lemma="ég" type="fp1en">ég</w>
            <w lemma="á" type="af">á</w>
            <w lemma="landsfundarfulltrúi" type="nkeo">landsfundarfulltrúa</w>
            <w lemma="án" type="af">án</w>
            <w lemma="það" type="fphee">þess</w>
            <w lemma="að" type="c">að</w>
            <w lemma="hún" type="fpven">hún</w>
            <w lemma="hafa" type="svg3en">hafi</w>
            <w lemma="bjóða" type="sþghen">boðið</w>
            <w lemma="sig" type="fpveo">sig</w>
            <w lemma="fram" type="aa">fram</w>
            <w lemma="að" type="cn">að</w>
            <w lemma="kjósa" type="sng">kjósa</w>
            <w lemma="hún" type="fpveo">hana</w>
            <c type="pl">.</c>
          </s>
        </p>
        <p n="4">
          <s n="1">
            <w lemma="Bjarni" type="nken-s">Bjarni</w>
            <w lemma="Benediktsson" type="nken-s">Benediktsson</w>
            <w lemma="taka" type="sfg3eþ">tók</w>
            <w lemma="útspil" type="nheþ">útspili</w>
            <w lemma="Halldór" type="nkee-s">Halldórs</w>
            <w lemma="með" type="af">með</w>
            <w lemma="jafnaðargeð" type="nheþ">jafnaðargeði</w>
            <w lemma="og" type="c">og</w>
            <w lemma="segja" type="sfg3eþ">sagði</w>
            <w lemma="styrkur" type="nkeþ">styrk</w>
            <w lemma="flokkur" type="nkeeg">flokksins</w>
            <w lemma="fela" type="snm">felast</w>
            <w lemma="í" type="af">í</w>
            <w lemma="það" type="fpheþ">því</w>
            <w lemma="að" type="c">að</w>
            <w lemma="maður" type="nkfn">menn</w>
            <w lemma="geta" type="svg3fþ">gætu</w>
            <w lemma="hafa" type="sþghen">haft</w>
            <w lemma="ólíkur" type="lvfosf">ólíkar</w>
            <w lemma="skoðun" type="nvfo">skoðanir</w>
            <c type="pl">.</c>
          </s>
        </p>
        <p n="5">
          <s n="1">
            <w lemma="Bjarni" type="nken-s">Bjarni</w>
            <w lemma="Benediktsson" type="nken-s">Benediktsson</w>
            <c type="pk">,</c>
            <w lemma="formaður" type="nken">formaður</w>
            <w lemma="Sjálfstæðisflokkur" type="nkeegs">Sjálfstæðisflokksins</w>
            <c type="pa">:</c>
            <w lemma="styrkur" type="nkeng">Styrkurinn</w>
            <w lemma="liggja" type="sfg3en">liggur</w>
            <w lemma="einmitt" type="aa">einmitt</w>
            <w lemma="í" type="af">í</w>
            <w lemma="fjölbreytni" type="nveþg">fjölbreytninni</w>
            <w lemma="og" type="c">og</w>
            <w lemma="það" type="fphee">þess</w>
            <w lemma="vegna" type="af">vegna</w>
            <w lemma="segja" type="sfg1en">segi</w>
            <w lemma="ég" type="fp1en">ég</w>
            <w lemma="við" type="af">við</w>
            <w lemma="vinur" type="nkeo">vin</w>
            <w lemma="minn" type="fekeo">minn</w>
            <w lemma="Halldór" type="nkeo-s">Halldór</w>
            <w lemma="Gunnarsson" type="nkeo-s">Gunnarsson</w>
            <c type="pa">:</c>
            <w lemma="ég" type="fp1eþ">Mér</w>
            <w lemma="þykja" type="sfg3en">þykir</w>
            <w lemma="mjög" type="aa">mjög</w>
            <w lemma="vænn" type="lhensf">vænt</w>
            <w lemma="um" type="af">um</w>
            <w lemma="þú" type="fp2eo">þig</w>
            <c type="pk">,</c>
            <w lemma="Halldór" type="nken-s">Halldór</w>
            <w lemma="minn" type="feken">minn</w>
            <c type="pl">.</c>
          </s>
        </p>
        <p n="6">
          <s n="1">
            <w lemma="en" type="c">En</w>
            <w lemma="Halldór" type="nken-s">Halldór</w>
            <w lemma="vera" type="sfg3en">er</w>
            <w lemma="ósáttur" type="lkensf">ósáttur</w>
            <w lemma="og" type="c">og</w>
            <w lemma="hafa" type="sfg3en">hefur</w>
            <w lemma="nú" type="aa">nú</w>
            <w lemma="segja" type="sþghen">sagt</w>
            <w lemma="sig" type="fpkeo">sig</w>
            <w lemma="úr" type="af">úr</w>
            <w lemma="flokkur" type="nkeþg">flokknum</w>
            <c type="pl">.</c>
          </s>
        </p>
        <p n="7">
          <s n="1">
            <w lemma="Halldór" type="nken-s">Halldór</w>
            <w lemma="Gunnarsson" type="nken-s">Gunnarsson</w>
            <w lemma="í" type="af">í</w>
            <w lemma="Holt" type="nheþ-s">Holti</w>
            <c type="pa">:</c>
            <w lemma="á" type="af">Á</w>
            <w lemma="landsfundur" type="nkeþg">landsfundinum</w>
            <w lemma="koma" type="sfg3eþ">kom</w>
            <w lemma="í" type="af">í</w>
            <w lemma="ljós" type="nheo">ljós</w>
            <w lemma="að" type="af">að</w>
            <w lemma="minn" type="feheþ">mínu</w>
            <w lemma="mat" type="nheþ">mati</w>
            <w lemma="að" type="c">að</w>
            <w lemma="flokkur" type="nkeng">flokkurinn</w>
            <w lemma="vera" type="sfg3en">er</w>
            <w lemma="ekki" type="aa">ekki</w>
            <w lemma="tilbúinn" type="lvensf">tilbúin</w>
            <w lemma="til" type="af">til</w>
            <w lemma="það" type="fphee">þess</w>
            <w lemma="að" type="cn">að</w>
            <w lemma="koma" type="snm">komast</w>
            <w lemma="til" type="af">til</w>
            <w lemma="mót" type="nhee">móts</w>
            <w lemma="við" type="af">við</w>
            <w lemma="heimili" type="nhfog">heimilin</w>
            <w lemma="og" type="c">og</w>
            <w lemma="það" type="fphee">þess</w>
            <w lemma="vegna" type="af">vegna</w>
            <w lemma="fara" type="sfg1eþ">fór</w>
            <w lemma="ég" type="fp1en">ég</w>
            <w lemma="heim" type="aa">heim</w>
            <w lemma="svo" type="aa">svo</w>
            <w lemma="hryggur" type="lkensf">hryggur</w>
            <w lemma="að" type="c">að</w>
            <w lemma="ég" type="fp1eþ">mér</w>
            <w lemma="finna" type="sfm3eþ">fannst</w>
            <w lemma="það" type="fphen">það</w>
            <w lemma="vera" type="sng">vera</w>
            <w lemma="háður" type="lhensf">háð</w>
            <w lemma="sem" type="ct">sem</w>
            <w lemma="vera" type="sfg3eþ">var</w>
            <w lemma="yfirskrift" type="nven">yfirskrift</w>
            <w lemma="landsfundur" type="nkeeg">landsfundarins</w>
            <c type="pg">&quot;</c>
            <w lemma="í" type="af">í</w>
            <w lemma="þága" type="nveþ">þágu</w>
            <w lemma="heimili" type="nhfeg">heimilanna</w>
            <c type="pg">&quot;</c>
            <c type="pl">.</c>
          </s>
        </p>
        <p n="8">
          <s n="1">
            <w lemma="Halldór" type="nken-s">Halldór</w>
            <w lemma="telja" type="sfg3en">telur</w>
            <w lemma="að" type="c">að</w>
            <w lemma="á" type="af">á</w>
            <w lemma="landsfundur" type="nkeþg">landsfundinum</w>
            <w lemma="hafa" type="svg3eþ">hefði</w>
            <w lemma="þurfa" type="sþghen">þurft</w>
            <w lemma="að" type="cn">að</w>
            <w lemma="koma" type="sng">koma</w>
            <w lemma="fram" type="aa">fram</w>
            <w lemma="skýr" type="lkensf">skýr</w>
            <w lemma="vilji" type="nken">vilji</w>
            <w lemma="flokkur" type="nkeeg">flokksins</w>
            <w lemma="til" type="af">til</w>
            <w lemma="að" type="cn">að</w>
            <w lemma="breyta" type="sng">breyta</w>
            <w lemma="verðtrygging" type="nveþg">verðtryggingunni</w>
            <w lemma="sem" type="ct">sem</w>
            <w lemma="hafa" type="svg3en">hafi</w>
            <w lemma="hirða" type="sþghen">hirt</w>
            <w lemma="allur" type="foveo">alla</w>
            <w lemma="eignamyndun" type="nveo">eignamyndun</w>
            <w lemma="fólk" type="nhee">fólks</w>
            <w lemma="eftir" type="af">eftir</w>
            <w lemma="hrun" type="nheo">hrun</w>
            <c type="pl">.</c>
          </s>
        </p>
        <p n="9">
          <s n="1">
            <w lemma="Halldór" type="nken-s">Halldór</w>
            <w lemma="Gunnarsson" type="nken-s">Gunnarsson</w>
            <w lemma="í" type="af">í</w>
            <w lemma="Holt" type="nheþ-s">Holti</w>
            <c type="pa">:</c>
            <w lemma="á" type="af">Á</w>
            <w lemma="þessi" type="fahfþ">þessum</w>
            <w lemma="tímamót" type="nhfþ">tímamótum</w>
            <w lemma="sem" type="ct">sem</w>
            <w lemma="heimili" type="nhfng">heimilin</w>
            <w lemma="vera" type="sfg3fn">eru</w>
            <w lemma="í" type="af">í</w>
            <w lemma="dagur" type="nkeo">dag</w>
            <c type="pk">,</c>
            <w lemma="sem" type="ct">sem</w>
            <w lemma="hafa" type="sfg3fn">hafa</w>
            <w lemma="missa" type="sþghen">misst</w>
            <w lemma="allur" type="foheo">allt</w>
            <w lemma="sinn" type="feheo">sitt</w>
            <w lemma="og" type="c">og</w>
            <w lemma="ungur" type="lheovf">unga</w>
            <w lemma="fólk" type="nheog">fólkið</w>
            <c type="pk">,</c>
            <w lemma="það" type="fphen">það</w>
            <w lemma="verða" type="sfg3en">verður</w>
            <w lemma="að" type="cn">að</w>
            <w lemma="koma" type="sng">koma</w>
            <w lemma="fram" type="aa">fram</w>
            <w lemma="með" type="af">með</w>
            <w lemma="það" type="fpheo">það</w>
            <w lemma="á" type="af">á</w>
            <w lemma="skýr" type="lkeosf">skýran</w>
            <w lemma="háttur" type="nkeo">hátt</w>
            <c type="pl">.</c>
          </s>
          <s n="2">
            <w lemma="ég" type="fp1eþ">Mér</w>
            <w lemma="finna" type="sfm3en">finnst</w>
            <w lemma="hann" type="fpken">hann</w>
            <w lemma="hafa" type="sng">hafa</w>
            <w lemma="bregða" type="sþmhen">brugðist</w>
            <w lemma="og" type="c">og</w>
            <w lemma="ekki" type="aa">ekki</w>
            <w lemma="vera" type="sng">vera</w>
            <w lemma="sá" type="faken">sá</w>
            <w lemma="flokkur" type="nken">flokkur</w>
            <w lemma="sem" type="ct">sem</w>
            <w lemma="ég" type="fp1en">ég</w>
            <w lemma="ganga" type="sfg1eþ">gekk</w>
            <w lemma="í" type="af">í</w>
            <w lemma="fyrir" type="af">fyrir</w>
            <w lemma="50" type="ta">50</w>
            <w lemma="ár" type="nhfþ">árum</w>
            <c type="pl">.</c>
          </s>
        </p>
        <p n="10">
          <s n="1">
            <w lemma="Halldór" type="nken-s">Halldór</w>
            <w lemma="hafa" type="sfg3en">hefur</w>
            <w lemma="ekki" type="aa">ekki</w>
            <w lemma="gera" type="sþghen">gert</w>
            <w lemma="upp" type="aa">upp</w>
            <w lemma="sinn" type="fekeo">sinn</w>
            <w lemma="hugur" type="nkeo">hug</w>
            <w lemma="hvort" type="c">hvort</w>
            <w lemma="hann" type="fpken">hann</w>
            <w lemma="fara" type="svg3en">fari</w>
            <w lemma="í" type="af">í</w>
            <w lemma="annar" type="fokeo">annan</w>
            <w lemma="flokkur" type="nkeo">flokk</w>
            <c type="pl">.</c>
          </s>
        </p>
        <p n="11">
          <s n="1">
            <w lemma="Halldór" type="nken-s">Halldór</w>
            <w lemma="Gunnarsson" type="nken-s">Gunnarsson</w>
            <w lemma="í" type="af">í</w>
            <w lemma="Holt" type="nheþ-s">Holti</w>
            <c type="pa">:</c>
            <w lemma="ég" type="fp1en">Ég</w>
            <w lemma="vera" type="sfg1en">er</w>
            <w lemma="hryggur" type="lkensf">hryggur</w>
            <w lemma="en" type="c">en</w>
            <w lemma="ég" type="fp1en">ég</w>
            <w lemma="vera" type="sfg1en">er</w>
            <w lemma="ekki" type="aa">ekki</w>
            <w lemma="í" type="af">í</w>
            <w lemma="sá" type="faveþ">þeirri</w>
            <w lemma="staða" type="nveþ">stöðu</w>
            <w lemma="að" type="cn">að</w>
            <w lemma="vera" type="sng">vera</w>
            <w lemma="hætta" type="sþgken">hættur</w>
            <w lemma="sá" type="faveþ">þeirri</w>
            <w lemma="barátta" type="nveþ">baráttu</w>
            <w lemma="sem" type="ct">sem</w>
            <w lemma="ég" type="fp1en">ég</w>
            <w lemma="vilja" type="sfg1en">vil</w>
            <w lemma="berja" type="snm">berjast</w>
            <c type="pl">.</c>
          </s>
        </p>
      </div1>
    </body>
  </text>
</TEI>
