<?xml version="1.0" encoding="utf-8"?>
<TEI xmlns="http://www.tei-c.org/ns/1.0">
  <teiHeader>
    <fileDesc>
      <titleStmt>
        <title>
          <title type="main">Grænland - Viðræður um stjórnarmyndun</title>
        </title>
        <respStmt>
          <resp xml:lang="is">Söfnun og úrvinnsla texta</resp>
          <resp xml:lang="en">Collection and processing of text</resp>
          <name xml:lang="is">Stofnun Árna Magnússonar í íslenskum fræðum</name>
          <name xml:lang="en">The Arni Magnusson Institute for Icelandic Studies</name>
        </respStmt>
      </titleStmt>
      <editionStmt>
        <p xml:lang="is">Íslensk risamálheild (2019)</p>
        <p xml:lang="en">Tagged Icelandic Gigaword Corpus (2019)</p>
      </editionStmt>
      <publicationStmt>
        <distributor xml:lang="is">Stofnun Árna Magnússonar í íslenskum fræðum</distributor>
        <distributor xml:lang="en">The Arni Magnusson Institute for Icelandic Studies</distributor>
        <address>
          <addrLine xml:lang="is">Árnagarður við Suðurgötu, 107 Reykjavík, Íslandi</addrLine>
          <addrLine xml:lang="en">Árnagarður Suðurgata, 107 Reykjavik, Iceland</addrLine>
          <addrLine>
            <email>arnastofnun@arnastofnun.is</email>
          </addrLine>
        </address>
        <idno type="risam">G-25-2548052</idno>
        <availability>
          <p xml:lang="is">Þessi texti er til notkunar í málrannsóknum og máltækniverkefnum um allan heim með sérstöku leyfi, sjá rmh2Hdr.xml</p>
          <p xml:lang="en">This text is available for use in language research and language technology projects world wide with a special license, see rmh2Hdr.xml</p>
        </availability>
        <date>2020-05-26</date>
      </publicationStmt>
      <sourceDesc>
        <biblStruct>
          <analytic>
            <title>
              <title type="main">Grænland - Viðræður um stjórnarmyndun</title>
            </title>
            <date when="2013-03-14T08:00:00">14.03 2013 kl. 08:00:00</date>
          </analytic>
          <monogr>
            <title>Bylgjan</title>
            <imprint>
              <publisher>365 miðlar hf.</publisher>
              <pubPlace>Reykjavík</pubPlace>
            </imprint>
          </monogr>
        </biblStruct>
      </sourceDesc>
    </fileDesc>
    <encodingDesc>
      <projectDesc>
        <p xml:lang="is">Sjá lýsingu á verkefninu í rmh2Hdr.xml.</p>
        <p xml:lang="en">See description of project in rmh2Hdr.xml.</p>
      </projectDesc>
      <tagsDecl>
        <namespace name="http://www.tei-c.org/ns/1.0">
          <tagUsage gi="text" occurs="1"/>
          <tagUsage gi="body" occurs="1"/>
          <tagUsage gi="div1" occurs="1"/>
          <tagUsage gi="p" occurs="1"/>
          <tagUsage gi="s" occurs="2"/>
          <tagUsage gi="w" occurs="35"/>
          <tagUsage gi="c" occurs="5"/>
        </namespace>
      </tagsDecl>
    </encodingDesc>
    <profileDesc>
     <textClass>
      <keywords scheme="#RMH">
       <list>
        <item>Frétt – almennt</item>
       </list>
      </keywords>
     </textClass>
    </profileDesc>
  </teiHeader>
  <text>
    <body>
      <div1>
        <p n="1">
          <s n="1">
            <w lemma="viðræða" type="nvfn">Viðræður</w>
            <w lemma="um" type="af">um</w>
            <w lemma="nýr" type="lveosf">nýja</w>
            <w lemma="stjórn" type="nveo">stjórn</w>
            <w lemma="á" type="af">á</w>
            <w lemma="Grænland" type="nheþ-s">Grænlandi</w>
            <w lemma="hefja" type="sfm3fn">hefjast</w>
            <w lemma="í" type="af">í</w>
            <w lemma="dagur" type="nkeo">dag</w>
            <c type="pl">.</c>
          </s>
          <s n="2">
            <w lemma="Aleqa" type="n----s">Aleqa</w>
            <w lemma="Hammond" type="n----s">Hammond</w>
            <c type="pk">,</c>
            <w lemma="leiðtogi" type="nken">leiðtogi</w>
            <w lemma="Siumutflokk" type="nheegs">Siumutflokksins</w>
            <w lemma="sem" type="ct">sem</w>
            <w lemma="vera" type="sfg3eþ">var</w>
            <w lemma="sigurvegari" type="nken">sigurvegari</w>
            <w lemma="þingkosning" type="nvfeg">þingkosninganna</w>
            <w lemma="í" type="af">í</w>
            <w lemma="vika" type="nveþg">vikunni</w>
            <c type="pk">,</c>
            <w lemma="munu" type="sfg3en">mun</w>
            <w lemma="kalla" type="sng">kalla</w>
            <w lemma="leiðtogi" type="nkfo">leiðtoga</w>
            <w lemma="hinn" type="fakfe">hinna</w>
            <w lemma="flokkur" type="nkfeg">flokkanna</w>
            <w lemma="á" type="af">á</w>
            <w lemma="sin" type="nveo">sin</w>
            <w lemma="fundur" type="nkeo">fund</w>
            <w lemma="þar" type="aa">þar</w>
            <w lemma="á" type="aa">á</w>
            <w lemma="meðal" type="af">meðal</w>
            <w lemma="Kuupik" type="n----s">Kuupik</w>
            <w lemma="Kleist" type="n----s">Kleist</w>
            <c type="pk">,</c>
            <w lemma="fráfarandi" type="lkeoof">fráfarandi</w>
            <w lemma="formaður" type="nkeo">formann</w>
            <w lemma="heimastjórn" type="nveeg">heimastjórnarinnar</w>
            <c type="pl">.</c>
          </s>
        </p>
      </div1>
    </body>
  </text>
</TEI>
