<?xml version="1.0" encoding="utf-8"?>
<TEI xmlns="http://www.tei-c.org/ns/1.0">
  <teiHeader>
    <fileDesc>
      <titleStmt>
        <title>
          <title type="main">Eignir kyrrsettar</title>
        </title>
        <respStmt>
          <resp xml:lang="is">Söfnun og úrvinnsla texta</resp>
          <resp xml:lang="en">Collection and processing of text</resp>
          <name xml:lang="is">Stofnun Árna Magnússonar í íslenskum fræðum</name>
          <name xml:lang="en">The Arni Magnusson Institute for Icelandic Studies</name>
        </respStmt>
      </titleStmt>
      <editionStmt>
        <p xml:lang="is">Íslensk risamálheild (2019)</p>
        <p xml:lang="en">Tagged Icelandic Gigaword Corpus (2019)</p>
      </editionStmt>
      <publicationStmt>
        <distributor xml:lang="is">Stofnun Árna Magnússonar í íslenskum fræðum</distributor>
        <distributor xml:lang="en">The Arni Magnusson Institute for Icelandic Studies</distributor>
        <address>
          <addrLine xml:lang="is">Árnagarður við Suðurgötu, 107 Reykjavík, Íslandi</addrLine>
          <addrLine xml:lang="en">Árnagarður Suðurgata, 107 Reykjavik, Iceland</addrLine>
          <addrLine>
            <email>arnastofnun@arnastofnun.is</email>
          </addrLine>
        </address>
        <idno type="risam">G-25-2546442</idno>
        <availability>
          <p xml:lang="is">Þessi texti er til notkunar í málrannsóknum og máltækniverkefnum um allan heim með sérstöku leyfi, sjá rmh2Hdr.xml</p>
          <p xml:lang="en">This text is available for use in language research and language technology projects world wide with a special license, see rmh2Hdr.xml</p>
        </availability>
        <date>2020-05-26</date>
      </publicationStmt>
      <sourceDesc>
        <biblStruct>
          <analytic>
            <title>
              <title type="main">Eignir kyrrsettar</title>
            </title>
            <date when="2013-03-31T12:00:00">31.03 2013 kl. 12:00:00</date>
          </analytic>
          <monogr>
            <title>Bylgjan</title>
            <imprint>
              <publisher>365 miðlar hf.</publisher>
              <pubPlace>Reykjavík</pubPlace>
            </imprint>
          </monogr>
        </biblStruct>
      </sourceDesc>
    </fileDesc>
    <encodingDesc>
      <projectDesc>
        <p xml:lang="is">Sjá lýsingu á verkefninu í rmh2Hdr.xml.</p>
        <p xml:lang="en">See description of project in rmh2Hdr.xml.</p>
      </projectDesc>
      <tagsDecl>
        <namespace name="http://www.tei-c.org/ns/1.0">
          <tagUsage gi="text" occurs="1"/>
          <tagUsage gi="body" occurs="1"/>
          <tagUsage gi="div1" occurs="1"/>
          <tagUsage gi="p" occurs="2"/>
          <tagUsage gi="s" occurs="12"/>
          <tagUsage gi="w" occurs="214"/>
          <tagUsage gi="c" occurs="18"/>
        </namespace>
      </tagsDecl>
    </encodingDesc>
    <profileDesc>
     <textClass>
      <keywords scheme="#RMH">
       <list>
        <item>Frétt – almennt</item>
       </list>
      </keywords>
     </textClass>
    </profileDesc>
  </teiHeader>
  <text>
    <body>
      <div1>
        <p n="1">
          <s n="1">
            <w lemma="sérstakur" type="lkensf">Sérstakur</w>
            <w lemma="saksóknari" type="nken">saksóknari</w>
            <w lemma="hafa" type="sfg3en">hefur</w>
            <w lemma="kyrrsetja" type="sþghen">kyrrsett</w>
            <w lemma="margur" type="lvfesf">margra</w>
            <w lemma="milljón" type="nvfe">milljóna</w>
            <w lemma="króna" type="nvfe">króna</w>
            <w lemma="eign" type="nvfo">eignir</w>
            <w lemma="fjórmenningur" type="nkfeg">fjórmenninganna</w>
            <w lemma="sem" type="ct">sem</w>
            <w lemma="grunaður" type="lkfnsf">grunaðir</w>
            <w lemma="vera" type="sfg3fn">eru</w>
            <w lemma="um" type="af">um</w>
            <w lemma="brot" type="nheo">brot</w>
            <w lemma="á" type="af">á</w>
            <w lemma="gjaldeyrislög" type="nhfþ">gjaldeyrislögum</w>
            <c type="pl">.</c>
          </s>
          <s n="2">
            <w lemma="þar" type="aa">Þar</w>
            <w lemma="vera" type="sfg3en">er</w>
            <w lemma="einkum" type="aa">einkum</w>
            <w lemma="um" type="af">um</w>
            <w lemma="að" type="cn">að</w>
            <w lemma="ræða" type="sng">ræða</w>
            <w lemma="fasteign" type="nvfo">fasteignir</w>
            <c type="pk">,</c>
            <w lemma="skuldabréf" type="nhfo">skuldabréf</w>
            <w lemma="og" type="c">og</w>
            <w lemma="hlutabréf" type="nhfo">hlutabréf</w>
            <c type="pl">.</c>
          </s>
        </p>
        <p n="2">
          <s n="1">
            <w lemma="sérstakur" type="lkensf">Sérstakur</w>
            <w lemma="saksóknari" type="nken">saksóknari</w>
            <w lemma="hafa" type="sfg3en">hefur</w>
            <w lemma="ákæra" type="sþghen">ákært</w>
            <w lemma="fjórir" type="tfkfo">fjóra</w>
            <w lemma="maður" type="nkfo">menn</w>
            <w lemma="fyrir" type="af">fyrir</w>
            <w lemma="brot" type="nhfo">brot</w>
            <w lemma="á" type="af">á</w>
            <w lemma="gjaldeyrislög" type="nhfþ">gjaldeyrislögum</w>
            <w lemma="en" type="c">en</w>
            <w lemma="brot" type="nhfng">brotin</w>
            <w lemma="vera" type="sfg3fþ">voru</w>
            <w lemma="fremja" type="sþghfn">framin</w>
            <w lemma="á" type="af">á</w>
            <w lemma="átta" type="tfkfe">átta</w>
            <w lemma="mánuður" type="nkfe">mánaða</w>
            <w lemma="tímabil" type="nheþ">tímabili</w>
            <w lemma="á" type="af">á</w>
            <w lemma="ár" type="nheþg">árinu</w>
            <w lemma="2009" type="ta">2009</w>
            <c type="pl">.</c>
          </s>
          <s n="2">
            <w lemma="hinn" type="gkfn">Hinir</w>
            <w lemma="ákærður" type="lkfnvf">ákærðu</w>
            <w lemma="vera" type="sfg3fn">eru</w>
            <w lemma="Markús" type="nken-s">Markús</w>
            <w lemma="Máni" type="nken-s">Máni</w>
            <w lemma="Mikaelsson" type="nken-s">Mikaelsson</w>
            <c type="pk">,</c>
            <w lemma="Karl" type="nken-s">Karl</w>
            <w lemma="Löwe" type="n----s">Löwe</w>
            <w lemma="Jóhannsson" type="nken-s">Jóhannsson</w>
            <c type="pk">,</c>
            <w lemma="Gísli" type="nken-s">Gísli</w>
            <w lemma="Reynisson" type="nken-s">Reynisson</w>
            <w lemma="og" type="c">og</w>
            <w lemma="Ólafur" type="nken-s">Ólafur</w>
            <w lemma="Sigmundsson" type="nken-s">Sigmundsson</w>
            <c type="pk">,</c>
            <w lemma="eins" type="aa">eins</w>
            <w lemma="og" type="c">og</w>
            <w lemma="fram" type="aa">fram</w>
            <w lemma="koma" type="sfg3eþ">kom</w>
            <w lemma="í" type="af">í</w>
            <w lemma="frétt" type="nvfþ">fréttum</w>
            <w lemma="Stöð" type="nvee-s">Stöðvar</w>
            <w lemma="2" type="ta">2</w>
            <w lemma="í" type="aa">í</w>
            <w lemma="gær" type="aa">gær</w>
            <c type="pl">.</c>
          </s>
          <s n="3">
            <w lemma="í" type="af">Í</w>
            <w lemma="ákæra" type="nveþg">ákærunni</w>
            <w lemma="koma" type="sfg3en">kemur</w>
            <w lemma="fram" type="aa">fram</w>
            <w lemma="að" type="c">að</w>
            <w lemma="heildarávinningur" type="nken">heildarávinningur</w>
            <w lemma="maður" type="nkfeg">mannanna</w>
            <w lemma="að" type="af">að</w>
            <w lemma="brot" type="nhfþg">brotunum</w>
            <w lemma="hafa" type="svg3en">hafi</w>
            <w lemma="nema" type="sþghen">numið</w>
            <w lemma="tæpur" type="lvfþsf">tæpum</w>
            <w lemma="660" type="ta">660</w>
            <w lemma="milljón" type="nvfþ">milljónum</w>
            <w lemma="króna" type="nvfe">króna</w>
            <c type="pl">.</c>
          </s>
          <s n="4">
            <w lemma="þar" type="aa">Þar</w>
            <w lemma="segja" type="sfg3en">segir</w>
            <w lemma="ennfremur" type="aa">ennfremur</w>
            <w lemma="að" type="c">að</w>
            <w lemma="maður" type="nkfng">mennirnir</w>
            <w lemma="hafa" type="svg3fn">hafi</w>
            <w lemma="gera" type="sþghen">gert</w>
            <w lemma="ráðstöfun" type="nvfo">ráðstafanir</w>
            <w lemma="til" type="af">til</w>
            <w lemma="það" type="fphee">þess</w>
            <w lemma="að" type="cn">að</w>
            <w lemma="færa" type="sng">færa</w>
            <w lemma="peningur" type="nkfog">peningana</w>
            <w lemma="inn" type="aa">inn</w>
            <w lemma="á" type="af">á</w>
            <w lemma="reikningur" type="nkfo">reikninga</w>
            <w lemma="aflandsfélag" type="nhfe">aflandsfélaga</w>
            <c type="pl">.</c>
          </s>
          <s n="5">
            <w lemma="hann" type="fpkfn">Þeir</w>
            <w lemma="hafa" type="svg3fn">hafi</w>
            <w lemma="meðal" type="af">meðal</w>
            <w lemma="annar" type="fohee">annars</w>
            <w lemma="stofna" type="sþghen">stofnað</w>
            <w lemma="aflandsfélag" type="nheo">aflandsfélag</w>
            <w lemma="á" type="af">á</w>
            <w lemma="Kýpur" type="nveþ-s">Kýpur</w>
            <w lemma="í" type="af">í</w>
            <w lemma="þessi" type="faheþ">þessu</w>
            <w lemma="skyn" type="nheþ">skyni</w>
            <c type="pl">.</c>
          </s>
          <s n="6">
            <w lemma="sérstakur" type="lkensf">Sérstakur</w>
            <w lemma="saksóknari" type="nken">saksóknari</w>
            <w lemma="hafa" type="sfg3en">hefur</w>
            <w lemma="kyrrsetja" type="sþghen">kyrrsett</w>
            <w lemma="eiga" type="nvfo">eigur</w>
            <w lemma="sem" type="ct">sem</w>
            <w lemma="skrá" type="sþgvfn">skráðar</w>
            <w lemma="vera" type="sfg3fn">eru</w>
            <w lemma="á" type="af">á</w>
            <w lemma="hinn" type="gkfo">hina</w>
            <w lemma="ákærður" type="lkfovf">ákærðu</w>
            <w lemma="hér" type="aa">hér</w>
            <w lemma="á" type="af">á</w>
            <w lemma="land" type="nheþ">landi</w>
            <w lemma="og" type="c">og</w>
            <w lemma="krefja" type="sfm3en">krefst</w>
            <w lemma="það" type="fphee">þess</w>
            <w lemma="að" type="c">að</w>
            <w lemma="hún" type="fpvfn">þær</w>
            <w lemma="verða" type="svg3fn">verði</w>
            <w lemma="gera" type="sþgvfn">gerðar</w>
            <w lemma="upptækur" type="lvfnsf">upptækar</w>
            <w lemma="með" type="af">með</w>
            <w lemma="dómur" type="nkeþ">dómi</w>
            <c type="pl">.</c>
          </s>
          <s n="7">
            <w lemma="í" type="af">Í</w>
            <w lemma="tilfelli" type="nheþ">tilfelli</w>
            <w lemma="Markús" type="nkee-s">Markúsar</w>
            <w lemma="vera" type="sfg3en">er</w>
            <w lemma="meðal" type="af">meðal</w>
            <w lemma="annar" type="fohee">annars</w>
            <w lemma="um" type="af">um</w>
            <w lemma="að" type="cn">að</w>
            <w lemma="ræða" type="sng">ræða</w>
            <w lemma="helmingshlutur" type="nkeo">helmingshlut</w>
            <w lemma="í" type="af">í</w>
            <w lemma="fasteign" type="nveþ">fasteign</w>
            <w lemma="að" type="af">að</w>
            <w lemma="Skerplugata" type="nveþ-s">Skerplugötu</w>
            <w lemma="í" type="af">í</w>
            <w lemma="Reykjavík" type="nveþ-s">Reykjavík</w>
            <c type="pk">,</c>
            <w lemma="hlutabréf" type="nhfo">hlutabréf</w>
            <w lemma="í" type="af">í</w>
            <w lemma="Hagar" type="nkfþ-s">Högum</w>
            <w lemma="og" type="c">og</w>
            <w lemma="Icelandair" type="n----s">Icelandair</w>
            <w lemma="Group" type="e">Group</w>
            <c type="pk">,</c>
            <w lemma="ríkisskuldabréf" type="nhfo">ríkisskuldabréf</w>
            <w lemma="og" type="c">og</w>
            <w lemma="hlutdeildarskírteini" type="nhfo">hlutdeildarskírteini</w>
            <w lemma="í" type="af">í</w>
            <w lemma="verðbréfasjóður" type="nkfþ">verðbréfasjóðum</w>
            <c type="pl">.</c>
          </s>
          <s n="8">
            <w lemma="í" type="af">Í</w>
            <w lemma="tilfelli" type="nheþ">tilfelli</w>
            <w lemma="Karl" type="nkee-s">Karls</w>
            <w lemma="vera" type="sfg3en">er</w>
            <w lemma="um" type="af">um</w>
            <w lemma="að" type="cn">að</w>
            <w lemma="ræða" type="sng">ræða</w>
            <w lemma="helmingshlutur" type="nkeo">helmingshlut</w>
            <w lemma="í" type="af">í</w>
            <w lemma="fasteign" type="nveþ">fasteign</w>
            <w lemma="í" type="af">í</w>
            <w lemma="Goðatún" type="nheþ-s">Goðatúni</w>
            <w lemma="í" type="af">í</w>
            <w lemma="Reykjavík" type="nveþ-s">Reykjavík</w>
            <w lemma="og" type="c">og</w>
            <w lemma="4,4" type="ta">4,4</w>
            <w lemma="milljón" type="nvfo">milljónir</w>
            <w lemma="króna" type="nvfe">króna</w>
            <w lemma="á" type="af">á</w>
            <w lemma="bankareikningur" type="nkeþ">bankareikningi</w>
            <w lemma="hjá" type="af">hjá</w>
            <w lemma="Íslandsbanki" type="nkee-s">Íslandsbanka</w>
            <c type="pl">.</c>
          </s>
          <s n="9">
            <w lemma="í" type="af">Í</w>
            <w lemma="tilfelli" type="nheþ">tilfelli</w>
            <w lemma="Gísli" type="nkee-s">Gísla</w>
            <w lemma="vera" type="sfg3en">er</w>
            <w lemma="um" type="af">um</w>
            <w lemma="að" type="cn">að</w>
            <w lemma="ræða" type="sng">ræða</w>
            <w lemma="helmingseignarhlutur" type="nkeo">helmingseignarhlut</w>
            <w lemma="í" type="af">í</w>
            <w lemma="fasteign" type="nveþ">fasteign</w>
            <w lemma="að" type="af">að</w>
            <w lemma="Holtabyggð" type="nveþ-s">Holtabyggð</w>
            <w lemma="í" type="af">í</w>
            <w lemma="Hrunamannahreppur" type="nkeþ-s">Hrunamannahreppi</w>
            <c type="pl">.</c>
          </s>
          <s n="10">
            <w lemma="eign" type="nvfn">Eignir</w>
            <w lemma="Ólafur" type="nkee-s">Ólafs</w>
            <w lemma="vera" type="sfg3fþ">voru</w>
            <w lemma="hinn" type="fakee">hins</w>
            <w lemma="vegur" type="nkee">vegar</w>
            <w lemma="ekki" type="aa">ekki</w>
            <w lemma="kyrrsetja" type="sþgvfn">kyrrsettar</w>
            <w lemma="né" type="c">né</w>
            <w lemma="gjarnan" type="aam">heldur</w>
            <w lemma="krefja" type="sþmhen">krafist</w>
            <w lemma="upptaka" type="nveo">upptöku</w>
            <w lemma="á" type="af">á</w>
            <w lemma="hún" type="fpvfþ">þeim</w>
            <c type="pl">.</c>
          </s>
        </p>
      </div1>
    </body>
  </text>
</TEI>
