<?xml version="1.0" encoding="utf-8"?>
<TEI xmlns="http://www.tei-c.org/ns/1.0">
  <teiHeader>
    <fileDesc>
      <titleStmt>
        <title>
          <title type="main">Stórt snjóflóð féll norðan við Dalvík </title>
        </title>
        <respStmt>
          <resp xml:lang="is">Söfnun og úrvinnsla texta</resp>
          <resp xml:lang="en">Collection and processing of text</resp>
          <name xml:lang="is">Stofnun Árna Magnússonar í íslenskum fræðum</name>
          <name xml:lang="en">The Arni Magnusson Institute for Icelandic Studies</name>
        </respStmt>
      </titleStmt>
      <editionStmt>
        <p xml:lang="is">Íslensk risamálheild (2019)</p>
        <p xml:lang="en">Tagged Icelandic Gigaword Corpus (2019)</p>
      </editionStmt>
      <publicationStmt>
        <distributor xml:lang="is">Stofnun Árna Magnússonar í íslenskum fræðum</distributor>
        <distributor xml:lang="en">The Arni Magnusson Institute for Icelandic Studies</distributor>
        <address>
          <addrLine xml:lang="is">Árnagarður við Suðurgötu, 107 Reykjavík, Íslandi</addrLine>
          <addrLine xml:lang="en">Árnagarður Suðurgata, 107 Reykjavik, Iceland</addrLine>
          <addrLine>
            <email>arnastofnun@arnastofnun.is</email>
          </addrLine>
        </address>
        <idno type="risam">G-25-2539227</idno>
        <availability>
          <p xml:lang="is">Þessi texti er til notkunar í málrannsóknum og máltækniverkefnum um allan heim með sérstöku leyfi, sjá rmh2Hdr.xml</p>
          <p xml:lang="en">This text is available for use in language research and language technology projects world wide with a special license, see rmh2Hdr.xml</p>
        </availability>
        <date>2020-05-26</date>
      </publicationStmt>
      <sourceDesc>
        <biblStruct>
          <analytic>
            <title>
              <title type="main">Stórt snjóflóð féll norðan við Dalvík </title>
            </title>
            <date when="2013-03-05T08:00:00">05.03 2013 kl. 08:00:00</date>
          </analytic>
          <monogr>
            <title>Bylgjan</title>
            <imprint>
              <publisher>365 miðlar hf.</publisher>
              <pubPlace>Reykjavík</pubPlace>
            </imprint>
          </monogr>
        </biblStruct>
      </sourceDesc>
    </fileDesc>
    <encodingDesc>
      <projectDesc>
        <p xml:lang="is">Sjá lýsingu á verkefninu í rmh2Hdr.xml.</p>
        <p xml:lang="en">See description of project in rmh2Hdr.xml.</p>
      </projectDesc>
      <tagsDecl>
        <namespace name="http://www.tei-c.org/ns/1.0">
          <tagUsage gi="text" occurs="1"/>
          <tagUsage gi="body" occurs="1"/>
          <tagUsage gi="div1" occurs="1"/>
          <tagUsage gi="p" occurs="1"/>
          <tagUsage gi="s" occurs="6"/>
          <tagUsage gi="w" occurs="99"/>
          <tagUsage gi="c" occurs="7"/>
        </namespace>
      </tagsDecl>
    </encodingDesc>
    <profileDesc>
     <textClass>
      <keywords scheme="#RMH">
       <list>
        <item>Frétt – almennt</item>
       </list>
      </keywords>
     </textClass>
    </profileDesc>
  </teiHeader>
  <text>
    <body>
      <div1>
        <p n="1">
          <s n="1">
            <w lemma="stór" type="lhensf">Stórt</w>
            <w lemma="snjóflóð" type="nhen">snjóflóð</w>
            <w lemma="falla" type="sfg3eþ">féll</w>
            <w lemma="í" type="af">í</w>
            <w lemma="Merkjagil" type="nheþ-s">Merkjagili</w>
            <w lemma="norðan" type="aa">norðan</w>
            <w lemma="við" type="af">við</w>
            <w lemma="Dalvík" type="nveo-s">Dalvík</w>
            <c type="pk">,</c>
            <w lemma="líklega" type="aa">líklega</w>
            <w lemma="síðdegis" type="aa">síðdegis</w>
            <w lemma="í" type="aa">í</w>
            <w lemma="gær" type="aa">gær</w>
            <w lemma="en" type="c">en</w>
            <w lemma="þar" type="aa">þar</w>
            <w lemma="vera" type="sfg3en">er</w>
            <w lemma="enginn" type="foven">engin</w>
            <w lemma="byggð" type="nven">byggð</w>
            <c type="pl">.</c>
          </s>
          <s n="2">
            <w lemma="flóð" type="nheng">Flóðið</w>
            <w lemma="vera" type="sfg3en">er</w>
            <w lemma="meta" type="sþghen">metið</w>
            <w lemma="upp" type="aa">upp</w>
            <w lemma="á" type="af">á</w>
            <w lemma="3" type="ta">3</w>
            <w lemma="stig" type="nhfo">stig</w>
            <w lemma="en" type="c">en</w>
            <w lemma="ég" type="fp1fn">við</w>
            <w lemma="slíkur" type="fbkeo">slíkan</w>
            <w lemma="styrkur" type="nkeo">styrk</w>
            <w lemma="vera" type="sfg3en">er</w>
            <w lemma="mannvirki" type="nhfþ">mannvirkjum</w>
            <w lemma="og" type="c">og</w>
            <w lemma="fólk" type="nheþ">fólki</w>
            <w lemma="hætta" type="nven">hætta</w>
            <w lemma="búinn" type="lvensf">búin</w>
            <c type="pl">.</c>
          </s>
          <s n="3">
            <w lemma="veðurstofa" type="nveng">Veðurstofan</w>
            <w lemma="telja" type="sfg3en">telur</w>
            <w lemma="að" type="c">að</w>
            <w lemma="mikill" type="lvensf">mikil</w>
            <w lemma="snjóflóðahætta" type="nven">snjóflóðahætta</w>
            <w lemma="vera" type="svg3en">sé</w>
            <w lemma="á" type="af">á</w>
            <w lemma="norðanverður" type="lkfþsf">norðanverðum</w>
            <w lemma="Vestfirðir" type="nkfþ-s">Vestfjörðum</w>
            <w lemma="og" type="c">og</w>
            <w lemma="á" type="af">á</w>
            <w lemma="Tröllaskagi" type="nkeþ-s">Tröllaskaga</w>
            <w lemma="eða" type="c">eða</w>
            <w lemma="í" type="af">í</w>
            <w lemma="Fjallabyggð" type="nveþ-s">Fjallabyggð</w>
            <w lemma="og" type="c">og</w>
            <w lemma="töluverður" type="lhensf">töluvert</w>
            <w lemma="hætta" type="nven">hætta</w>
            <w lemma="á" type="af">á</w>
            <w lemma="Austfirðir" type="nkfþ-s">Austfjörðum</w>
            <c type="pl">.</c>
          </s>
          <s n="4">
            <w lemma="það" type="fphen">Það</w>
            <w lemma="skýra" type="sfm3en">skýrist</w>
            <w lemma="af" type="af">af</w>
            <w lemma="það" type="fpheþ">því</w>
            <w lemma="að" type="c">að</w>
            <w lemma="nýr" type="lkenvf">nýi</w>
            <w lemma="snjór" type="nkeng">snjórinn</w>
            <w lemma="bind" type="sþmhen">bindst</w>
            <w lemma="illa" type="aa">illa</w>
            <w lemma="við" type="af">við</w>
            <w lemma="snjór" type="nkeog">snjóinn</w>
            <w lemma="sem" type="ct">sem</w>
            <w lemma="vera" type="sfg3eþ">var</w>
            <w lemma="fyrir" type="aa">fyrir</w>
            <c type="pl">.</c>
          </s>
          <s n="5">
            <w lemma="ekki" type="aa">Ekki</w>
            <w lemma="vera" type="sfg3en">er</w>
            <w lemma="þó" type="aa">þó</w>
            <w lemma="hætta" type="nven">hætta</w>
            <w lemma="í" type="af">í</w>
            <w lemma="byggð" type="nveþ">byggð</w>
            <w lemma="þannig" type="aa">þannig</w>
            <w lemma="að" type="c">að</w>
            <w lemma="Almannavarnir" type="nvfn-s">Almannavarnir</w>
            <w lemma="hafa" type="sfg3fn">hafa</w>
            <w lemma="ekki" type="aa">ekki</w>
            <w lemma="gefa" type="sþghen">gefið</w>
            <w lemma="út" type="aa">út</w>
            <w lemma="viðvörun" type="nveo">viðvörun</w>
            <c type="pl">.</c>
          </s>
          <s n="6">
            <w lemma="telja" type="sþghen">Talið</w>
            <w lemma="vera" type="sfg3en">er</w>
            <w lemma="hugsanlegur" type="lhensf">hugsanlegt</w>
            <w lemma="að" type="c">að</w>
            <w lemma="snjóflóð" type="nhen">snjóflóð</w>
            <w lemma="hafa" type="svg3fn">hafi</w>
            <w lemma="falla" type="sþghen">fallið</w>
            <w lemma="víða" type="aa">víða</w>
            <w lemma="í" type="aa">í</w>
            <w lemma="gær" type="aa">gær</w>
            <w lemma="en" type="c">en</w>
            <w lemma="ekki" type="aa">ekki</w>
            <w lemma="viðra" type="sfg3eþ">viðraði</w>
            <w lemma="til" type="af">til</w>
            <w lemma="að" type="cn">að</w>
            <w lemma="athuga" type="sng">athuga</w>
            <w lemma="það" type="fpheo">það</w>
            <c type="pl">.</c>
          </s>
        </p>
      </div1>
    </body>
  </text>
</TEI>
