<?xml version="1.0" encoding="utf-8"?>
<TEI xmlns="http://www.tei-c.org/ns/1.0">
  <teiHeader>
    <fileDesc>
      <titleStmt>
        <title>
          <title type="main">Tilraunaverkefni til að leysa mengunarvanda</title>
        </title>
        <respStmt>
          <resp xml:lang="is">Söfnun og úrvinnsla texta</resp>
          <resp xml:lang="en">Collection and processing of text</resp>
          <name xml:lang="is">Stofnun Árna Magnússonar í íslenskum fræðum</name>
          <name xml:lang="en">The Arni Magnusson Institute for Icelandic Studies</name>
        </respStmt>
      </titleStmt>
      <editionStmt>
        <p xml:lang="is">Íslensk risamálheild (2019)</p>
        <p xml:lang="en">Tagged Icelandic Gigaword Corpus (2019)</p>
      </editionStmt>
      <publicationStmt>
        <distributor xml:lang="is">Stofnun Árna Magnússonar í íslenskum fræðum</distributor>
        <distributor xml:lang="en">The Arni Magnusson Institute for Icelandic Studies</distributor>
        <address>
          <addrLine xml:lang="is">Árnagarður við Suðurgötu, 107 Reykjavík, Íslandi</addrLine>
          <addrLine xml:lang="en">Árnagarður Suðurgata, 107 Reykjavik, Iceland</addrLine>
          <addrLine>
            <email>arnastofnun@arnastofnun.is</email>
          </addrLine>
        </address>
        <idno type="risam">G-25-2544618</idno>
        <availability>
          <p xml:lang="is">Þessi texti er til notkunar í málrannsóknum og máltækniverkefnum um allan heim með sérstöku leyfi, sjá rmh2Hdr.xml</p>
          <p xml:lang="en">This text is available for use in language research and language technology projects world wide with a special license, see rmh2Hdr.xml</p>
        </availability>
        <date>2020-05-26</date>
      </publicationStmt>
      <sourceDesc>
        <biblStruct>
          <analytic>
            <title>
              <title type="main">Tilraunaverkefni til að leysa mengunarvanda</title>
            </title>
            <date when="2013-03-27T12:00:00">27.03 2013 kl. 12:00:00</date>
          </analytic>
          <monogr>
            <title>Bylgjan</title>
            <imprint>
              <publisher>365 miðlar hf.</publisher>
              <pubPlace>Reykjavík</pubPlace>
            </imprint>
          </monogr>
        </biblStruct>
      </sourceDesc>
    </fileDesc>
    <encodingDesc>
      <projectDesc>
        <p xml:lang="is">Sjá lýsingu á verkefninu í rmh2Hdr.xml.</p>
        <p xml:lang="en">See description of project in rmh2Hdr.xml.</p>
      </projectDesc>
      <tagsDecl>
        <namespace name="http://www.tei-c.org/ns/1.0">
          <tagUsage gi="text" occurs="1"/>
          <tagUsage gi="body" occurs="1"/>
          <tagUsage gi="div1" occurs="1"/>
          <tagUsage gi="p" occurs="5"/>
          <tagUsage gi="s" occurs="10"/>
          <tagUsage gi="w" occurs="239"/>
          <tagUsage gi="c" occurs="19"/>
        </namespace>
      </tagsDecl>
    </encodingDesc>
    <profileDesc>
     <textClass>
      <keywords scheme="#RMH">
       <list>
        <item>Frétt – almennt</item>
       </list>
      </keywords>
     </textClass>
    </profileDesc>
  </teiHeader>
  <text>
    <body>
      <div1>
        <p n="1">
          <s n="1">
            <w lemma="Orkuveita" type="nven-s">Orkuveita</w>
            <w lemma="Reykjavík" type="nvee-s">Reykjavíkur</w>
            <w lemma="reisa" type="sfg3en">reisir</w>
            <w lemma="ekki" type="aa">ekki</w>
            <w lemma="margur" type="lvfovm">fleiri</w>
            <w lemma="virkjun" type="nvfo">virkjanir</w>
            <w lemma="á" type="af">á</w>
            <w lemma="Hengilssvæðið" type="nheþgs">Hengilssvæðinu</w>
            <w lemma="snemma" type="aam">fyrr</w>
            <w lemma="en" type="c">en</w>
            <w lemma="lausn" type="nven">lausn</w>
            <w lemma="hafa" type="sfg3en">hefur</w>
            <w lemma="finna" type="sþmhen">fundist</w>
            <w lemma="á" type="af">á</w>
            <w lemma="mengunarvandi" type="nkeþ">mengunarvanda</w>
            <w lemma="á" type="af">á</w>
            <w lemma="svæði" type="nheþg">svæðinu</w>
            <c type="pl">.</c>
          </s>
          <s n="2">
            <w lemma="hertur" type="lhfnsf">Hert</w>
            <w lemma="skilyrði" type="nhen">skilyrði</w>
            <w lemma="um" type="af">um</w>
            <w lemma="útblástur" type="nkeo">útblástur</w>
            <w lemma="brennisteinsvetni" type="nhee">brennisteinsvetnis</w>
            <w lemma="eiga" type="sfg3fn">eiga</w>
            <w lemma="að" type="cn">að</w>
            <w lemma="taka" type="sng">taka</w>
            <w lemma="gildi" type="nheo">gildi</w>
            <w lemma="1." type="ta">1.</w>
            <w lemma="júlí" type="nkeo">júlí</w>
            <w lemma="á" type="af">á</w>
            <w lemma="næstur" type="lheþve">næsta</w>
            <w lemma="ár" type="nheþ">ári</w>
            <w lemma="en" type="c">en</w>
            <w lemma="sækja" type="sþghen">sótt</w>
            <w lemma="hafa" type="sfg3en">hefur</w>
            <w lemma="vera" type="sþghen">verið</w>
            <w lemma="um" type="af">um</w>
            <w lemma="undanþága" type="nveo">undanþágu</w>
            <w lemma="til" type="af">til</w>
            <w lemma="ár" type="nheeg">ársins</w>
            <w lemma="2020" type="ta">2020</w>
            <c type="pl">.</c>
          </s>
        </p>
        <p n="2">
          <s n="1">
            <w lemma="Eiríkur" type="nken-s">Eiríkur</w>
            <w lemma="Hjálmarsson" type="nken-s">Hjálmarsson</w>
            <c type="pk">,</c>
            <w lemma="upplýsingafulltrúi" type="nken">upplýsingafulltrúi</w>
            <w lemma="Orkuveitan" type="nveegs">Orkuveitunnar</w>
            <w lemma="segja" type="sfg3en">segir</w>
            <w lemma="að" type="c">að</w>
            <w lemma="í" type="af">í</w>
            <w lemma="fyrravor" type="nheo">fyrravor</w>
            <w lemma="hafa" type="svg3en">hafi</w>
            <w lemma="orkufyrirtæki" type="nhfng">orkufyrirtækin</w>
            <w lemma="þrír" type="tfhfo">þrjú</w>
            <w lemma="sem" type="ct">sem</w>
            <w lemma="reka" type="svg3fn">reki</w>
            <w lemma="jarðvarmavirkjun" type="nvfo">jarðvarmavirkjanir</w>
            <w lemma="hér" type="aa">hér</w>
            <w lemma="á" type="af">á</w>
            <w lemma="land" type="nheþ">landi</w>
            <c type="pk">,</c>
            <w lemma="Landsvirkjun" type="nven-s">Landsvirkjun</w>
            <c type="pk">,</c>
            <w lemma="Orkuveitan" type="nvengs">Orkuveitan</w>
            <w lemma="og" type="c">og</w>
            <w lemma="HS-Orka" type="n----s">HS-Orka</w>
            <w lemma="ráða" type="svm3en">ráðist</w>
            <w lemma="í" type="af">í</w>
            <w lemma="tilraunaverkefni" type="nheo">tilraunaverkefni</w>
            <w lemma="til" type="af">til</w>
            <w lemma="það" type="fphee">þess</w>
            <w lemma="að" type="cn">að</w>
            <w lemma="finna" type="sng">finna</w>
            <w lemma="lausn" type="nveo">lausn</w>
            <w lemma="og" type="c">og</w>
            <w lemma="draga" type="sng">draga</w>
            <w lemma="úr" type="af">úr</w>
            <w lemma="útblástur" type="nkeþ">útblæstri</w>
            <w lemma="brennisteinsvetni" type="nhee">brennisteinsvetnis</w>
            <w lemma="frá" type="af">frá</w>
            <w lemma="virkjun" type="nvfþ">virkjunum</w>
            <c type="pl">.</c>
          </s>
        </p>
        <p n="3">
          <s n="1">
            <w lemma="Eiríkur" type="nken-s">Eiríkur</w>
            <w lemma="Hjálmarsson" type="nken-s">Hjálmarsson</w>
            <c type="pk">,</c>
            <w lemma="upplýsingafulltrúi" type="nken">upplýsingafulltrúi</w>
            <w lemma="Orkuveitan" type="nveegs">Orkuveitunnar</w>
            <c type="pl">.</c>
          </s>
          <s n="2">
            <w lemma="þegar" type="c">Þegar</w>
            <w lemma="setja" type="sþmhen">sest</w>
            <w lemma="vera" type="sfg3eþ">var</w>
            <w lemma="yfir" type="af">yfir</w>
            <w lemma="mál" type="nheog">málið</w>
            <w lemma="þá" type="aa">þá</w>
            <w lemma="vera" type="sfg3eþ">var</w>
            <w lemma="ljós" type="lhensf">ljóst</w>
            <w lemma="að" type="c">að</w>
            <w lemma="það" type="fphen">það</w>
            <w lemma="þurfa" type="sfg3eþ">þurfti</w>
            <w lemma="að" type="c">að</w>
            <c type="pk">,</c>
            <w lemma="að" type="c">að</w>
            <w lemma="það" type="fphen">það</w>
            <w lemma="þurfa" type="sfg3eþ">þurfti</w>
            <w lemma="mikill" type="lkeovm">meiri</w>
            <w lemma="tími" type="nkeo">tíma</w>
            <w lemma="en" type="c">en</w>
            <w lemma="reglugerð" type="nveng">reglugerðin</w>
            <w lemma="frá" type="af">frá</w>
            <w lemma="2010" type="ta">2010</w>
            <w lemma="gera" type="sfg3en">gerir</w>
            <w lemma="ráð" type="nheo">ráð</w>
            <w lemma="fyrir" type="aa">fyrir</w>
            <w lemma="til" type="af">til</w>
            <w lemma="það" type="fphee">þess</w>
            <w lemma="að" type="cn">að</w>
            <w lemma="finna" type="sng">finna</w>
            <w lemma="þessi" type="faveo">þessa</w>
            <w lemma="lausn" type="nveo">lausn</w>
            <w lemma="og" type="c">og</w>
            <w lemma="það" type="fphee">þess</w>
            <w lemma="vegna" type="af">vegna</w>
            <w lemma="vera" type="sfg3eþ">var</w>
            <w lemma="fara" type="sþghen">farið</w>
            <w lemma="það" type="fphee">þess</w>
            <w lemma="á" type="af">á</w>
            <w lemma="leit" type="nveo">leit</w>
            <w lemma="við" type="aa">við</w>
            <c type="pk">,</c>
            <w lemma="vera" type="sfg3eþ">var</w>
            <w lemma="það" type="fphee">þess</w>
            <w lemma="fara" type="sþghen">farið</w>
            <w lemma="á" type="af">á</w>
            <w lemma="leit" type="nveo">leit</w>
            <w lemma="við" type="af">við</w>
            <w lemma="umhverfisráðherra" type="nkeo">umhverfisráðherra</w>
            <w lemma="að" type="cn">að</w>
            <w lemma="fresta" type="sng">fresta</w>
            <w lemma="gildistaka" type="nveo">gildistöku</w>
            <w lemma="hertur" type="lhfesf">hertra</w>
            <w lemma="ákvæði" type="nhfe">ákvæða</w>
            <w lemma="reglugerð" type="nveeg">reglugerðarinnar</w>
            <c type="pl">.</c>
          </s>
        </p>
        <p n="4">
          <s n="1">
            <w lemma="Eiríkur" type="nken-s">Eiríkur</w>
            <w lemma="segja" type="sfg3en">segir</w>
            <w lemma="umsögn" type="nven">umsögn</w>
            <w lemma="Umhverfisstofnun" type="nvee-s">Umhverfisstofnunar</w>
            <w lemma="um" type="af">um</w>
            <w lemma="beiðni" type="nveog">beiðnina</w>
            <w lemma="hafa" type="sng">hafa</w>
            <w lemma="vera" type="sþghen">verið</w>
            <w lemma="jákvæður" type="lvenvf">jákvæða</w>
            <w lemma="en" type="c">en</w>
            <w lemma="mál" type="nheng">málið</w>
            <w lemma="vera" type="sfg3en">er</w>
            <w lemma="nú" type="aa">nú</w>
            <w lemma="á" type="af">á</w>
            <w lemma="borð" type="nheþ">borði</w>
            <w lemma="umhverfisráðherra" type="nkee">umhverfisráðherra</w>
            <c type="pl">.</c>
          </s>
          <s n="2">
            <w lemma="í" type="af">Í</w>
            <w lemma="Fréttablaðið" type="nheþgs">Fréttablaðinu</w>
            <w lemma="í" type="af">í</w>
            <w lemma="dagur" type="nkeo">dag</w>
            <w lemma="segja" type="sfg3en">segir</w>
            <w lemma="Bjarni" type="nken-s">Bjarni</w>
            <w lemma="Bjarnason" type="nken-s">Bjarnason</w>
            <c type="pk">,</c>
            <w lemma="forstjóri" type="nken">forstjóri</w>
            <w lemma="Orkuveitan" type="nveegs">Orkuveitunnar</w>
            <w lemma="að" type="c">að</w>
            <w lemma="aðeins" type="aa">aðeins</w>
            <w lemma="einn" type="tfven">ein</w>
            <w lemma="nýr" type="lvensf">ný</w>
            <w lemma="virkjun" type="nven">virkjun</w>
            <w lemma="á" type="af">á</w>
            <w lemma="Hellisheiði" type="nveþ-s">Hellisheiði</w>
            <w lemma="vera" type="svg3en">sé</w>
            <w lemma="í" type="af">í</w>
            <w lemma="skoðun" type="nveþ">skoðun</w>
            <w lemma="en" type="c">en</w>
            <w lemma="það" type="fphen">það</w>
            <w lemma="vera" type="sfg3en">er</w>
            <w lemma="Hverahlíðarvirkjun" type="nven-s">Hverahlíðarvirkjun</w>
            <c type="pl">.</c>
          </s>
          <s n="3">
            <w lemma="Eiríkur" type="nken-s">Eiríkur</w>
            <w lemma="segja" type="sfg3en">segir</w>
            <w lemma="margur" type="lkfosf">marga</w>
            <w lemma="óvissuþáttur" type="nkfo">óvissuþætti</w>
            <w lemma="til" type="af">til</w>
            <w lemma="staður" type="nkee">staðar</w>
            <w lemma="í" type="aa">í</w>
            <w lemma="kringum" type="af">kringum</w>
            <w lemma="bygging" type="nveo">byggingu</w>
            <w lemma="hún" type="fpvee">hennar</w>
            <w lemma="en" type="c">en</w>
            <w lemma="Hverahlíðarvirkjun" type="nven-s">Hverahlíðarvirkjun</w>
            <w lemma="á" type="aa">á</w>
            <w lemma="meðal" type="af">meðal</w>
            <w lemma="annar" type="fokfe">annarra</w>
            <w lemma="að" type="cn">að</w>
            <w lemma="sjá" type="sng">sjá</w>
            <w lemma="væntanlegur" type="lheþsf">væntanlegu</w>
            <w lemma="álver" type="nheþ">álveri</w>
            <w lemma="í" type="af">í</w>
            <w lemma="Helguvík" type="nveo-s">Helguvík</w>
            <w lemma="fyrir" type="af">fyrir</w>
            <w lemma="orka" type="nveo">orku</w>
            <c type="pl">.</c>
          </s>
        </p>
        <p n="5">
          <s n="1">
            <w lemma="Eiríkur" type="nken-s">Eiríkur</w>
            <w lemma="Hjálmarsson" type="nken-s">Hjálmarsson</w>
            <c type="pa">:</c>
            <w lemma="það" type="fphen">Það</w>
            <w lemma="vera" type="sfg3fþ">voru</w>
            <w lemma="gera" type="sþgkfn">gerðir</w>
            <w lemma="samningur" type="nkfn">samningar</w>
            <w lemma="ár" type="nheog">árið</w>
            <w lemma="2008" type="ta">2008</w>
            <w lemma="um" type="af">um</w>
            <w lemma="afhending" type="nveo">afhendingu</w>
            <w lemma="raforka" type="nvee">raforku</w>
            <w lemma="frá" type="af">frá</w>
            <w lemma="Hverahlíðarvirkjun" type="nveþ-s">Hverahlíðarvirkjun</w>
            <w lemma="til" type="af">til</w>
            <w lemma="álver" type="nhee">álvers</w>
            <w lemma="í" type="af">í</w>
            <c type="pk">,</c>
            <w lemma="í" type="af">í</w>
            <w lemma="Helguvík" type="nveþ-s">Helguvík</w>
            <c type="pl">.</c>
          </s>
          <s n="2">
            <w lemma="síðan" type="aa">Síðan</w>
            <w lemma="hafa" type="sfg3fn">hafa</w>
            <w lemma="nú" type="aa">nú</w>
            <w lemma="vera" type="sþghen">verið</w>
            <w lemma="gerðardómsmál" type="nhfn">gerðardómsmál</w>
            <w lemma="út" type="aa">út</w>
            <w lemma="af" type="af">af</w>
            <w lemma="gildi" type="nheþ">gildi</w>
            <w lemma="sá" type="fakfe">þeirra</w>
            <w lemma="samningur" type="nkfe">samninga</w>
            <w lemma="og" type="c">og</w>
            <w lemma="hafa" type="sfg3fn">hafa</w>
            <w lemma="standa" type="sþghen">staðið</w>
            <w lemma="yfir" type="af">yfir</w>
            <w lemma="viðræða" type="nvfo">viðræður</w>
            <w lemma="síðari" type="lhfove">síðustu</w>
            <w lemma="misseri" type="nhfo">misseri</w>
            <w lemma="og" type="c">og</w>
            <w lemma="það" type="fphen">það</w>
            <w lemma="vera" type="sfg3en">er</w>
            <w lemma="ekki" type="aa">ekki</w>
            <w lemma="búinn" type="lhensf">búið</w>
            <w lemma="að" type="cn">að</w>
            <w lemma="leiða" type="sng">leiða</w>
            <w lemma="hún" type="fpvfo">þær</w>
            <w lemma="til" type="af">til</w>
            <w lemma="lykt" type="nvfe">lykta</w>
            <c type="pl">.</c>
          </s>
        </p>
      </div1>
    </body>
  </text>
</TEI>
