<?xml version="1.0" encoding="utf-8"?>
<TEI xmlns="http://www.tei-c.org/ns/1.0">
  <teiHeader>
    <fileDesc>
      <titleStmt>
        <title>
          <title type="main">Samgöngur í ólestri</title>
        </title>
        <respStmt>
          <resp xml:lang="is">Söfnun og úrvinnsla texta</resp>
          <resp xml:lang="en">Collection and processing of text</resp>
          <name xml:lang="is">Stofnun Árna Magnússonar í íslenskum fræðum</name>
          <name xml:lang="en">The Arni Magnusson Institute for Icelandic Studies</name>
        </respStmt>
      </titleStmt>
      <editionStmt>
        <p xml:lang="is">Íslensk risamálheild (2019)</p>
        <p xml:lang="en">Tagged Icelandic Gigaword Corpus (2019)</p>
      </editionStmt>
      <publicationStmt>
        <distributor xml:lang="is">Stofnun Árna Magnússonar í íslenskum fræðum</distributor>
        <distributor xml:lang="en">The Arni Magnusson Institute for Icelandic Studies</distributor>
        <address>
          <addrLine xml:lang="is">Árnagarður við Suðurgötu, 107 Reykjavík, Íslandi</addrLine>
          <addrLine xml:lang="en">Árnagarður Suðurgata, 107 Reykjavik, Iceland</addrLine>
          <addrLine>
            <email>arnastofnun@arnastofnun.is</email>
          </addrLine>
        </address>
        <idno type="risam">G-25-2547449</idno>
        <availability>
          <p xml:lang="is">Þessi texti er til notkunar í málrannsóknum og máltækniverkefnum um allan heim með sérstöku leyfi, sjá rmh2Hdr.xml</p>
          <p xml:lang="en">This text is available for use in language research and language technology projects world wide with a special license, see rmh2Hdr.xml</p>
        </availability>
        <date>2020-05-26</date>
      </publicationStmt>
      <sourceDesc>
        <biblStruct>
          <analytic>
            <title>
              <title type="main">Samgöngur í ólestri</title>
            </title>
            <date when="2013-03-06T12:00:00">06.03 2013 kl. 12:00:00</date>
          </analytic>
          <monogr>
            <title>Bylgjan</title>
            <imprint>
              <publisher>365 miðlar hf.</publisher>
              <pubPlace>Reykjavík</pubPlace>
            </imprint>
          </monogr>
        </biblStruct>
      </sourceDesc>
    </fileDesc>
    <encodingDesc>
      <projectDesc>
        <p xml:lang="is">Sjá lýsingu á verkefninu í rmh2Hdr.xml.</p>
        <p xml:lang="en">See description of project in rmh2Hdr.xml.</p>
      </projectDesc>
      <tagsDecl>
        <namespace name="http://www.tei-c.org/ns/1.0">
          <tagUsage gi="text" occurs="1"/>
          <tagUsage gi="body" occurs="1"/>
          <tagUsage gi="div1" occurs="1"/>
          <tagUsage gi="p" occurs="1"/>
          <tagUsage gi="s" occurs="6"/>
          <tagUsage gi="w" occurs="102"/>
          <tagUsage gi="c" occurs="6"/>
        </namespace>
      </tagsDecl>
    </encodingDesc>
    <profileDesc>
     <textClass>
      <keywords scheme="#RMH">
       <list>
        <item>Frétt – almennt</item>
       </list>
      </keywords>
     </textClass>
    </profileDesc>
  </teiHeader>
  <text>
    <body>
      <div1>
        <p n="1">
          <s n="1">
            <w lemma="Strætó" type="nken-s">Strætó</w>
            <w lemma="neyða" type="sfm3eþ">neyddist</w>
            <w lemma="til" type="af">til</w>
            <w lemma="að" type="cn">að</w>
            <w lemma="hætta" type="sng">hætta</w>
            <w lemma="akstur" type="nkeþ">akstri</w>
            <w lemma="á" type="af">á</w>
            <w lemma="höfuðborgarsvæði" type="nheþg">höfuðborgarsvæðinu</w>
            <w lemma="á" type="af">á</w>
            <w lemma="ellefti" type="lkeþvf">ellefta</w>
            <w lemma="tími" type="nkeþg">tímanum</w>
            <w lemma="og" type="c">og</w>
            <w lemma="óvís" type="lhensf">óvíst</w>
            <w lemma="vera" type="sfg3en">er</w>
            <w lemma="hvenær" type="aa">hvenær</w>
            <w lemma="akstur" type="nken">akstur</w>
            <w lemma="hafa" type="sfm3en">hefst</w>
            <w lemma="aftur" type="aa">aftur</w>
            <c type="pl">.</c>
          </s>
          <s n="2">
            <w lemma="ferðaþjónusta" type="nven">Ferðaþjónusta</w>
            <w lemma="fatlaður" type="lkfesf">fatlaðra</w>
            <w lemma="liggja" type="sfg3en">liggur</w>
            <w lemma="niðri" type="aa">niðri</w>
            <c type="pl">.</c>
          </s>
          <s n="3">
            <w lemma="ferð" type="nven">Ferð</w>
            <w lemma="Baldur" type="nkee-s">Baldurs</w>
            <w lemma="yfir" type="af">yfir</w>
            <w lemma="Breiðafjörður" type="nkeo-s">Breiðafjörð</w>
            <w lemma="falla" type="sfg3en">fellur</w>
            <w lemma="niður" type="aa">niður</w>
            <w lemma="í" type="af">í</w>
            <w lemma="dagur" type="nkeo">dag</w>
            <w lemma="vegna" type="af">vegna</w>
            <w lemma="óveður" type="nhee">óveðurs</w>
            <c type="pl">.</c>
          </s>
          <s n="4">
            <w lemma="morgunferð" type="nven">Morgunferð</w>
            <w lemma="Vestmannaeyjaferjan" type="nveegs">Vestmannaeyjaferjunnar</w>
            <w lemma="Herjólfur" type="nkee-s">Herjólfs</w>
            <w lemma="vera" type="sfg3eþ">var</w>
            <w lemma="fella" type="sþgven">felld</w>
            <w lemma="niður" type="aa">niður</w>
            <w lemma="og" type="c">og</w>
            <w lemma="óvís" type="lhensf">óvíst</w>
            <w lemma="vera" type="sfg3en">er</w>
            <w lemma="hvort" type="c">hvort</w>
            <w lemma="síðari" type="lvenvm">síðari</w>
            <w lemma="ferð" type="nveng">ferðin</w>
            <w lemma="verða" type="sfg3en">verður</w>
            <w lemma="fara" type="sþgven">farin</w>
            <c type="pl">.</c>
          </s>
          <s n="5">
            <w lemma="allur" type="fohen">Allt</w>
            <w lemma="innanlandsflug" type="nhen">innanlandsflug</w>
            <w lemma="Flugfélag" type="nhee-s">Flugfélags</w>
            <w lemma="Ísland" type="nhee-s">Íslands</w>
            <w lemma="og" type="c">og</w>
            <w lemma="Arna" type="nven-s">Arna</w>
            <w lemma="hafa" type="sfg3en">hefur</w>
            <w lemma="liggja" type="sþghen">legið</w>
            <w lemma="niðri" type="aa">niðri</w>
            <w lemma="í" type="af">í</w>
            <w lemma="morgunn" type="nkeo">morgun</w>
            <w lemma="og" type="c">og</w>
            <w lemma="óvís" type="lhensf">óvíst</w>
            <w lemma="hvort" type="c">hvort</w>
            <w lemma="nokkur" type="fohen">nokkuð</w>
            <w lemma="verða" type="sfg3en">verður</w>
            <w lemma="fljúga" type="sþghen">flogið</w>
            <w lemma="eftir" type="af">eftir</w>
            <w lemma="hádegi" type="nheo">hádegi</w>
            <c type="pl">.</c>
          </s>
          <s n="6">
            <w lemma="millilandaflug" type="nven">Millilandaflug</w>
            <w lemma="hafa" type="sfg3en">hefur</w>
            <w lemma="nokkur" type="fokeo">nokkurn</w>
            <w lemma="vegur" type="nkeog">veginn</w>
            <w lemma="ganga" type="sþghen">gengið</w>
            <w lemma="samkvæmt" type="af">samkvæmt</w>
            <w lemma="áætlun" type="nveþ">áætlun</w>
            <w lemma="en" type="c">en</w>
            <w lemma="allur" type="foveþ">allri</w>
            <w lemma="umferð" type="nveþ">umferð</w>
            <w lemma="farþegi" type="nkfe">farþega</w>
            <w lemma="inn" type="aa">inn</w>
            <w lemma="og" type="c">og</w>
            <w lemma="út" type="aa">út</w>
            <w lemma="úr" type="af">úr</w>
            <w lemma="flugstöð" type="nveþg">flugstöðinni</w>
            <w lemma="á" type="af">á</w>
            <w lemma="Keflavíkurflugvöllur" type="nkeþ-s">Keflavíkurflugvelli</w>
            <w lemma="vera" type="sfg3en">er</w>
            <w lemma="beina" type="sþghen">beint</w>
            <w lemma="um" type="af">um</w>
            <w lemma="inngangur" type="nkeo">inngang</w>
            <w lemma="í" type="af">í</w>
            <w lemma="innritunarsalur" type="nkeþ">innritunarsal</w>
            <w lemma="á" type="af">á</w>
            <w lemma="vesturhl" type="nheog">vesturhlið</w>
            <w lemma="hús" type="nheeg">hússins</w>
            <w lemma="en" type="c">en</w>
            <w lemma="dyr" type="nvfþ">dyrum</w>
            <w lemma="komusöl" type="nvee">komusalar</w>
            <w lemma="á" type="af">á</w>
            <w lemma="austurhlið" type="nheo">austurhlið</w>
            <w lemma="á" type="aa">á</w>
            <w lemma="meðan" type="c">meðan</w>
            <w lemma="óveður" type="nheng">óveðrið</w>
            <w lemma="ganga" type="sfg3en">gengur</w>
            <w lemma="yfir" type="aa">yfir</w>
            <c type="pl">.</c>
          </s>
        </p>
      </div1>
    </body>
  </text>
</TEI>
