<?xml version="1.0" encoding="utf-8"?>
<TEI xmlns="http://www.tei-c.org/ns/1.0">
  <teiHeader>
    <fileDesc>
      <titleStmt>
        <title>
          <title type="main">Vinna við frumvarp hafin</title>
        </title>
        <respStmt>
          <resp xml:lang="is">Söfnun og úrvinnsla texta</resp>
          <resp xml:lang="en">Collection and processing of text</resp>
          <name xml:lang="is">Stofnun Árna Magnússonar í íslenskum fræðum</name>
          <name xml:lang="en">The Arni Magnusson Institute for Icelandic Studies</name>
        </respStmt>
      </titleStmt>
      <editionStmt>
        <p xml:lang="is">Íslensk risamálheild (2019)</p>
        <p xml:lang="en">Tagged Icelandic Gigaword Corpus (2019)</p>
      </editionStmt>
      <publicationStmt>
        <distributor xml:lang="is">Stofnun Árna Magnússonar í íslenskum fræðum</distributor>
        <distributor xml:lang="en">The Arni Magnusson Institute for Icelandic Studies</distributor>
        <address>
          <addrLine xml:lang="is">Árnagarður við Suðurgötu, 107 Reykjavík, Íslandi</addrLine>
          <addrLine xml:lang="en">Árnagarður Suðurgata, 107 Reykjavik, Iceland</addrLine>
          <addrLine>
            <email>arnastofnun@arnastofnun.is</email>
          </addrLine>
        </address>
        <idno type="risam">G-25-2542635</idno>
        <availability>
          <p xml:lang="is">Þessi texti er til notkunar í málrannsóknum og máltækniverkefnum um allan heim með sérstöku leyfi, sjá rmh2Hdr.xml</p>
          <p xml:lang="en">This text is available for use in language research and language technology projects world wide with a special license, see rmh2Hdr.xml</p>
        </availability>
        <date>2020-05-26</date>
      </publicationStmt>
      <sourceDesc>
        <biblStruct>
          <analytic>
            <title>
              <title type="main">Vinna við frumvarp hafin</title>
            </title>
            <date when="2013-03-26T12:00:00">26.03 2013 kl. 12:00:00</date>
          </analytic>
          <monogr>
            <title>Bylgjan</title>
            <imprint>
              <publisher>365 miðlar hf.</publisher>
              <pubPlace>Reykjavík</pubPlace>
            </imprint>
          </monogr>
        </biblStruct>
      </sourceDesc>
    </fileDesc>
    <encodingDesc>
      <projectDesc>
        <p xml:lang="is">Sjá lýsingu á verkefninu í rmh2Hdr.xml.</p>
        <p xml:lang="en">See description of project in rmh2Hdr.xml.</p>
      </projectDesc>
      <tagsDecl>
        <namespace name="http://www.tei-c.org/ns/1.0">
          <tagUsage gi="text" occurs="1"/>
          <tagUsage gi="body" occurs="1"/>
          <tagUsage gi="div1" occurs="1"/>
          <tagUsage gi="p" occurs="7"/>
          <tagUsage gi="s" occurs="14"/>
          <tagUsage gi="w" occurs="259"/>
          <tagUsage gi="c" occurs="25"/>
        </namespace>
      </tagsDecl>
    </encodingDesc>
    <profileDesc>
     <textClass>
      <keywords scheme="#RMH">
       <list>
        <item>Frétt – almennt</item>
       </list>
      </keywords>
     </textClass>
    </profileDesc>
  </teiHeader>
  <text>
    <body>
      <div1>
        <p n="1">
          <s n="1">
            <w lemma="vinna" type="nven">Vinna</w>
            <w lemma="við" type="af">við</w>
            <w lemma="frumvarp" type="nheo">frumvarp</w>
            <w lemma="sem" type="ct">sem</w>
            <w lemma="heimila" type="sfg3en">heimilar</w>
            <w lemma="endurupptaka" type="nveo">endurupptöku</w>
            <w lemma="mál" type="nhfe">mála</w>
            <w lemma="látinn" type="lkfesf">látinna</w>
            <w lemma="einstaklingur" type="nkfe">einstaklinga</w>
            <w lemma="vera" type="sfg3en">er</w>
            <w lemma="þegar" type="c">þegar</w>
            <w lemma="hefja" type="sþgven">hafin</w>
            <w lemma="segja" type="sfg3en">segir</w>
            <w lemma="formaður" type="nken">formaður</w>
            <w lemma="allsherjarnefnd" type="nvee">allsherjarnefndar</w>
            <w lemma="Alþingi" type="nhee-s">Alþingis</w>
            <c type="pk">,</c>
            <w lemma="Björgvin" type="nken-s">Björgvin</w>
            <w lemma="G." type="ks">G.</w>
            <w lemma="Sigurðsson" type="nken-s">Sigurðsson</w>
            <c type="pl">.</c>
          </s>
          <s n="2">
            <w lemma="mál" type="nheng">Málið</w>
            <w lemma="vera" type="svg3en">sé</w>
            <w lemma="fordómalaust" type="aa">fordómalaust</w>
            <w lemma="og" type="c">og</w>
            <w lemma="kalla" type="svg3en">kalli</w>
            <w lemma="á" type="af">á</w>
            <w lemma="fordómalaus" type="lhfosf">fordómalaus</w>
            <w lemma="viðbragð" type="nhfo">viðbrögð</w>
            <w lemma="Alþingi" type="nhee-s">Alþingis</w>
            <c type="pl">.</c>
          </s>
        </p>
        <p n="2">
          <s n="1">
            <w lemma="Allsherjar-" type="kt">Allsherjar-</w>
            <w lemma="og" type="c">og</w>
            <w lemma="menntamálanefnd" type="nven">menntamálanefnd</w>
            <w lemma="funda" type="sfg3eþ">fundaði</w>
            <w lemma="með" type="af">með</w>
            <w lemma="starfshópur" type="nkeo">starfshóp</w>
            <w lemma="innanríkisráðuneyti" type="nheeg">innanríkisráðuneytisins</w>
            <w lemma="í" type="af">í</w>
            <w lemma="morgunn" type="nkeo">morgun</w>
            <w lemma="þar" type="aa">þar</w>
            <w lemma="sem" type="c">sem</w>
            <w lemma="skýrsla" type="nveng">skýrslan</w>
            <w lemma="um" type="af">um</w>
            <w lemma="Guðmundar-" type="kt">Guðmundar-</w>
            <w lemma="og" type="c">og</w>
            <w lemma="Geirfinnsmál" type="nheogs">Geirfinnsmálið</w>
            <w lemma="vera" type="sfg3eþ">var</w>
            <w lemma="til" type="af">til</w>
            <w lemma="umfjöllun" type="nvee">umfjöllunar</w>
            <c type="pl">.</c>
          </s>
          <s n="2">
            <w lemma="Björgvin" type="nken-s">Björgvin</w>
            <w lemma="G." type="ks">G.</w>
            <w lemma="Sigurðsson" type="nken-s">Sigurðsson</w>
            <w lemma="vera" type="sfg3en">er</w>
            <w lemma="formaður" type="nken">formaður</w>
            <w lemma="nefnd" type="nveeg">nefndarinnar</w>
            <c type="pl">.</c>
          </s>
        </p>
        <p n="3">
          <s n="1">
            <w lemma="Björgvin" type="nken-s">Björgvin</w>
            <w lemma="G." type="ks">G.</w>
            <w lemma="Sigurðsson" type="nken-s">Sigurðsson</w>
            <c type="pk">,</c>
            <w lemma="formaður" type="nken">formaður</w>
            <w lemma="allsherjar-" type="kt">allsherjar-</w>
            <w lemma="og" type="c">og</w>
            <w lemma="menntamálanefnd" type="nvee">menntamálanefndar</w>
            <c type="pa">:</c>
            <w lemma="ég" type="fp1fn">Við</w>
            <w lemma="vera" type="sfg1fþ">vorum</w>
            <w lemma="að" type="cn">að</w>
            <w lemma="fara" type="sng">fara</w>
            <w lemma="yfir" type="af">yfir</w>
            <w lemma="það" type="fpheo">það</w>
            <w lemma="með" type="af">með</w>
            <w lemma="hópur" type="nkeþg">hópnum</w>
            <w lemma="í" type="af">í</w>
            <w lemma="morgunn" type="nkeo">morgun</w>
            <w lemma="í" type="af">í</w>
            <w lemma="fyrstur" type="lheþve">fyrsta</w>
            <w lemma="lag" type="nheþ">lagi</w>
            <w lemma="hver" type="fshen">hvað</w>
            <c type="pk">,</c>
            <w lemma="hver" type="fsvfn">hverjar</w>
            <w lemma="vera" type="svg3fþ">væru</w>
            <w lemma="megin" type="aa">megin</w>
            <w lemma="niðurstaða" type="nvfng">niðurstöðurnar</w>
            <c type="pk">,</c>
            <w lemma="hver" type="fshen">hvað</w>
            <w lemma="liggja" type="svg3eþ">lægi</w>
            <w lemma="það" type="fphfþ">þeim</w>
            <w lemma="að" type="af">að</w>
            <w lemma="bak" type="nheþ">baki</w>
            <w lemma="og" type="c">og</w>
            <w lemma="ég" type="fp1fn">við</w>
            <w lemma="vera" type="sfg1fn">erum</w>
            <w lemma="að" type="cn">að</w>
            <w lemma="meta" type="sng">meta</w>
            <w lemma="og" type="c">og</w>
            <w lemma="kortleggja" type="sng">kortleggja</w>
            <w lemma="hver" type="fohfn">hver</w>
            <w lemma="viðbragð" type="nhfn">viðbrögð</w>
            <w lemma="Alþingi" type="nhee-s">Alþingis</w>
            <w lemma="þurfa" type="sfg3fn">þurfa</w>
            <w lemma="að" type="cn">að</w>
            <w lemma="vera" type="sng">vera</w>
            <c type="pl">.</c>
          </s>
          <s n="2">
            <w lemma="þessi" type="fahen">Þetta</w>
            <w lemma="vera" type="sfg3en">er</w>
            <w lemma="mál" type="nhen">mál</w>
            <w lemma="á" type="af">á</w>
            <w lemma="fordæmi" type="nhfe">fordæma</w>
            <w lemma="og" type="c">og</w>
            <w lemma="réttlæta" type="sfg3en">réttlætir</w>
            <w lemma="viðbragð" type="nhfo">viðbrögð</w>
            <w lemma="án" type="af">án</w>
            <w lemma="fordæmi" type="nhfe">fordæma</w>
            <w lemma="að" type="af">að</w>
            <w lemma="minn" type="feheþ">mínu</w>
            <w lemma="mat" type="nheþ">mati</w>
            <c type="pl">.</c>
          </s>
        </p>
        <p n="4">
          <s n="1">
            <w lemma="starfshópur" type="nkeng">Starfshópurinn</w>
            <w lemma="leggja" type="sfg3eþ">lagði</w>
            <w lemma="til" type="aa">til</w>
            <w lemma="í" type="af">í</w>
            <w lemma="skýrsla" type="nveþ">skýrslu</w>
            <w lemma="sinn" type="feveþ">sinni</w>
            <w lemma="að" type="c">að</w>
            <w lemma="dómstóll" type="nkfn">dómstólar</w>
            <w lemma="taka" type="svg3fn">taki</w>
            <w lemma="mál" type="nheog">málið</w>
            <w lemma="fyrir" type="aa">fyrir</w>
            <w lemma="á" type="aa">á</w>
            <w lemma="ný" type="aa">ný</w>
            <c type="pk">,</c>
            <w lemma="af" type="af">af</w>
            <w lemma="sá" type="fakfþ">þeim</w>
            <w lemma="sex" type="tfkfþ">sex</w>
            <w lemma="aðili" type="nkfþ">aðilum</w>
            <w lemma="sem" type="ct">sem</w>
            <w lemma="vera" type="sfg3fþ">voru</w>
            <w lemma="dæma" type="sþgkfn">dæmdir</w>
            <w lemma="fyrir" type="af">fyrir</w>
            <w lemma="aðild" type="nveo">aðild</w>
            <w lemma="sinn" type="feveo">sína</w>
            <w lemma="að" type="af">að</w>
            <w lemma="mál" type="nheþg">málinu</w>
            <w lemma="vera" type="sfg3fn">eru</w>
            <w lemma="tveir" type="tfkfn">tveir</w>
            <w lemma="láta" type="sþgkfn">látnir</w>
            <w lemma="hann" type="fpkfn">þeir</w>
            <w lemma="Sævar" type="nken-s">Sævar</w>
            <w lemma="Ciesielski" type="nken-s">Ciesielski</w>
            <w lemma="og" type="c">og</w>
            <w lemma="Tryggvi" type="nken-s">Tryggvi</w>
            <w lemma="Rúnar" type="nken-s">Rúnar</w>
            <w lemma="Leifsson" type="nken-s">Leifsson</w>
            <c type="pl">.</c>
          </s>
          <s n="2">
            <w lemma="íslenskur" type="lhfnsf">Íslensk</w>
            <w lemma="lög" type="nhfn">lög</w>
            <w lemma="heimila" type="sfg3fn">heimila</w>
            <w lemma="ekki" type="aa">ekki</w>
            <w lemma="endurupptaka" type="nveo">endurupptöku</w>
            <w lemma="mál" type="nhfe">mála</w>
            <w lemma="látinn" type="lkfesf">látinna</w>
            <w lemma="einstaklingur" type="nkfe">einstaklinga</w>
            <w lemma="en" type="c">en</w>
            <w lemma="Björgvin" type="nken-s">Björgvin</w>
            <w lemma="segja" type="sfg3en">segir</w>
            <w lemma="að" type="c">að</w>
            <w lemma="von" type="nven">von</w>
            <w lemma="vera" type="svg3en">sé</w>
            <w lemma="á" type="af">á</w>
            <w lemma="úrbót" type="nvfþ">úrbótum</w>
            <w lemma="í" type="af">í</w>
            <w lemma="sá" type="fahfþ">þeim</w>
            <w lemma="efni" type="nhfþ">efnum</w>
            <c type="pl">.</c>
          </s>
        </p>
        <p n="5">
          <s n="1">
            <w lemma="Björgvin" type="nken-s">Björgvin</w>
            <w lemma="G." type="ks">G.</w>
            <w lemma="Sigurðsson" type="nken-s">Sigurðsson</w>
            <c type="pa">:</c>
            <w lemma="ég" type="fp1fn">Við</w>
            <w lemma="þurfa" type="sfg1fn">þurfum</w>
            <w lemma="í" type="af">í</w>
            <w lemma="fyrstur" type="lheþve">fyrsta</w>
            <w lemma="lag" type="nheþ">lagi</w>
            <w lemma="að" type="cn">að</w>
            <w lemma="breyta" type="sng">breyta</w>
            <w lemma="lög" type="nhfþ">lögum</w>
            <w lemma="sem" type="ct">sem</w>
            <w lemma="heimila" type="sfg3fn">heimila</w>
            <w lemma="endurupptaka" type="nveo">endurupptöku</w>
            <w lemma="mál" type="nhfe">mála</w>
            <w lemma="látinn" type="lkfesf">látinna</w>
            <w lemma="einstaklingur" type="nkfe">einstaklinga</w>
            <c type="pl">.</c>
          </s>
        </p>
        <p n="6">
          <s n="1">
            <w lemma="Hjörtur" type="nken-s">Hjörtur</w>
            <w lemma="Hjartarson" type="nken-s">Hjartarson</w>
            <c type="pa">:</c>
            <w lemma="hvenær" type="aa">Hvenær</w>
            <w lemma="reikna" type="sfg2fn">reiknið</w>
            <w lemma="þú" type="fp2fn">þið</w>
            <w lemma="með" type="af">með</w>
            <w lemma="að" type="cn">að</w>
            <w lemma="fara" type="sng">fara</w>
            <w lemma="í" type="af">í</w>
            <w lemma="sá" type="faveo">þá</w>
            <w lemma="vinna" type="nveo">vinnu</w>
            <c type="pl">?</c>
          </s>
        </p>
        <p n="7">
          <s n="1">
            <w lemma="Björgvin" type="nken-s">Björgvin</w>
            <w lemma="G." type="ks">G.</w>
            <w lemma="Sigurðsson" type="nken-s">Sigurðsson</w>
            <c type="pa">:</c>
            <w lemma="ja" type="au">Ja</w>
            <c type="pk">,</c>
            <w lemma="ég" type="fp1en">ég</w>
            <w lemma="munu" type="sfg1en">mun</w>
            <w lemma="fyrir" type="af">fyrir</w>
            <w lemma="miður" type="lheosf">mitt</w>
            <w lemma="leyti" type="nheo">leyti</w>
            <w lemma="sem" type="ct">sem</w>
            <w lemma="formaður" type="nken">formaður</w>
            <w lemma="nefnd" type="nveeg">nefndarinnar</w>
            <w lemma="setja" type="sng">setja</w>
            <w lemma="undirbúningur" type="nkeo">undirbúning</w>
            <w lemma="það" type="fphee">þess</w>
            <w lemma="strax" type="aa">strax</w>
            <w lemma="af" type="af">af</w>
            <w lemma="staður" type="nkeþ">stað</w>
            <c type="pl">.</c>
          </s>
          <s n="2">
            <w lemma="það" type="fphen">Það</w>
            <w lemma="munu" type="sfg3en">mun</w>
            <w lemma="hinn" type="fakee">hins</w>
            <w lemma="vegur" type="nkee">vegar</w>
            <w lemma="auðvitað" type="aa">auðvitað</w>
            <w lemma="bíða" type="sng">bíða</w>
            <w lemma="vorþing" type="nhee">vorþings</w>
            <w lemma="að" type="c">að</w>
            <c type="pk">,</c>
            <w lemma="að" type="cn">að</w>
            <w lemma="klára" type="sng">klára</w>
            <w lemma="mál" type="nheog">málið</w>
            <c type="pl">.</c>
          </s>
          <s n="3">
            <w lemma="ég" type="fp1fn">Við</w>
            <w lemma="vera" type="sfg1fn">erum</w>
            <w lemma="náttúrulega" type="aa">náttúrulega</w>
            <w lemma="núna" type="aa">núna</w>
            <w lemma="á" type="af">á</w>
            <w lemma="lokametri" type="nkfþg">lokametrunum</w>
            <w lemma="á" type="af">á</w>
            <w lemma="kjörtímabil" type="nheþ">kjörtímabili</w>
            <c type="pl">.</c>
          </s>
          <s n="4">
            <w lemma="en" type="c">En</w>
            <w lemma="þessi" type="fahen">þetta</w>
            <w lemma="vera" type="sfg3en">er</w>
            <w lemma="mál" type="nhen">mál</w>
            <w lemma="sem" type="ct">sem</w>
            <w lemma="að" type="c">að</w>
            <w lemma="ég" type="fp1en">ég</w>
            <w lemma="halda" type="sfg1en">held</w>
            <w lemma="að" type="c">að</w>
            <w lemma="þverpólitískur" type="lvensf">þverpólitísk</w>
            <w lemma="samstaða" type="nven">samstaða</w>
            <w lemma="um" type="aa">um</w>
            <w lemma="og" type="c">og</w>
            <w lemma="ég" type="fp1fn">við</w>
            <w lemma="verða" type="sfg1fn">verðum</w>
            <w lemma="að" type="cn">að</w>
            <w lemma="treysta" type="sng">treysta</w>
            <w lemma="næstur" type="lheþve">næsta</w>
            <w lemma="þing" type="nheþ">þingi</w>
            <w lemma="til" type="af">til</w>
            <w lemma="að" type="cn">að</w>
            <w lemma="ljúka" type="sng">ljúka</w>
            <w lemma="það" type="fpheþ">því</w>
            <w lemma="en" type="c">en</w>
            <w lemma="vinna" type="nveog">vinnuna</w>
            <w lemma="munu" type="sfg1en">mun</w>
            <w lemma="ég" type="fp1en">ég</w>
            <w lemma="setja" type="sng">setja</w>
            <w lemma="af" type="af">af</w>
            <w lemma="staður" type="nkeþ">stað</w>
            <w lemma="strax" type="aa">strax</w>
            <c type="pl">.</c>
          </s>
        </p>
      </div1>
    </body>
  </text>
</TEI>
