<?xml version="1.0" encoding="utf-8"?>
<TEI xmlns="http://www.tei-c.org/ns/1.0">
  <teiHeader>
    <fileDesc>
      <titleStmt>
        <title>
          <title type="main">Enn er stormur við suðurströndina</title>
        </title>
        <respStmt>
          <resp xml:lang="is">Söfnun og úrvinnsla texta</resp>
          <resp xml:lang="en">Collection and processing of text</resp>
          <name xml:lang="is">Stofnun Árna Magnússonar í íslenskum fræðum</name>
          <name xml:lang="en">The Arni Magnusson Institute for Icelandic Studies</name>
        </respStmt>
      </titleStmt>
      <editionStmt>
        <p xml:lang="is">Íslensk risamálheild (2019)</p>
        <p xml:lang="en">Tagged Icelandic Gigaword Corpus (2019)</p>
      </editionStmt>
      <publicationStmt>
        <distributor xml:lang="is">Stofnun Árna Magnússonar í íslenskum fræðum</distributor>
        <distributor xml:lang="en">The Arni Magnusson Institute for Icelandic Studies</distributor>
        <address>
          <addrLine xml:lang="is">Árnagarður við Suðurgötu, 107 Reykjavík, Íslandi</addrLine>
          <addrLine xml:lang="en">Árnagarður Suðurgata, 107 Reykjavik, Iceland</addrLine>
          <addrLine>
            <email>arnastofnun@arnastofnun.is</email>
          </addrLine>
        </address>
        <idno type="risam">G-25-2545146</idno>
        <availability>
          <p xml:lang="is">Þessi texti er til notkunar í málrannsóknum og máltækniverkefnum um allan heim með sérstöku leyfi, sjá rmh2Hdr.xml</p>
          <p xml:lang="en">This text is available for use in language research and language technology projects world wide with a special license, see rmh2Hdr.xml</p>
        </availability>
        <date>2020-05-26</date>
      </publicationStmt>
      <sourceDesc>
        <biblStruct>
          <analytic>
            <title>
              <title type="main">Enn er stormur við suðurströndina</title>
            </title>
            <date when="2013-03-08T08:00:00">08.03 2013 kl. 08:00:00</date>
          </analytic>
          <monogr>
            <title>Bylgjan</title>
            <imprint>
              <publisher>365 miðlar hf.</publisher>
              <pubPlace>Reykjavík</pubPlace>
            </imprint>
          </monogr>
        </biblStruct>
      </sourceDesc>
    </fileDesc>
    <encodingDesc>
      <projectDesc>
        <p xml:lang="is">Sjá lýsingu á verkefninu í rmh2Hdr.xml.</p>
        <p xml:lang="en">See description of project in rmh2Hdr.xml.</p>
      </projectDesc>
      <tagsDecl>
        <namespace name="http://www.tei-c.org/ns/1.0">
          <tagUsage gi="text" occurs="1"/>
          <tagUsage gi="body" occurs="1"/>
          <tagUsage gi="div1" occurs="1"/>
          <tagUsage gi="p" occurs="1"/>
          <tagUsage gi="s" occurs="5"/>
          <tagUsage gi="w" occurs="135"/>
          <tagUsage gi="c" occurs="5"/>
        </namespace>
      </tagsDecl>
    </encodingDesc>
    <profileDesc>
     <textClass>
      <keywords scheme="#RMH">
       <list>
        <item>Frétt – almennt</item>
       </list>
      </keywords>
     </textClass>
    </profileDesc>
  </teiHeader>
  <text>
    <body>
      <div1>
        <p n="1">
          <s n="1">
            <w lemma="enn" type="aa">Enn</w>
            <w lemma="vera" type="sfg3en">er</w>
            <w lemma="stormur" type="nken">stormur</w>
            <w lemma="við" type="af">við</w>
            <w lemma="suðurströnd" type="nveog">suðurströndina</w>
            <w lemma="og" type="c">og</w>
            <w lemma="vera" type="sfg3en">er</w>
            <w lemma="spá" type="sþghen">spáð</w>
            <w lemma="að" type="c">að</w>
            <w lemma="svo" type="aa">svo</w>
            <w lemma="verða" type="svg3en">verði</w>
            <w lemma="í" type="af">í</w>
            <w lemma="dagur" type="nkeo">dag</w>
            <c type="pl">.</c>
          </s>
          <s n="2">
            <w lemma="tveir" type="tfhfn">Tvö</w>
            <w lemma="flutningaskip" type="nhfn">flutningaskip</w>
            <w lemma="sem" type="ct">sem</w>
            <w lemma="fara" type="sfg3fþ">fóru</w>
            <w lemma="fyrir" type="af">fyrir</w>
            <w lemma="Reykjanes" type="nheogs">Reykjanesið</w>
            <w lemma="í" type="af">í</w>
            <w lemma="nótt" type="nveþ">nótt</w>
            <w lemma="sigla" type="sfg3fn">sigla</w>
            <w lemma="nú" type="aa">nú</w>
            <w lemma="á" type="aa">á</w>
            <w lemma="móti" type="af">móti</w>
            <w lemma="veður" type="nheþg">veðrinu</w>
            <w lemma="á" type="af">á</w>
            <w lemma="aðeins" type="aa">aðeins</w>
            <w lemma="tveir" type="tfkfe">tveggja</w>
            <w lemma="hnútur" type="nkfe">hnúta</w>
            <w lemma="hraði" type="nkee">hraða</w>
            <w lemma="en" type="c">en</w>
            <w lemma="vera" type="svg3fþ">væru</w>
            <w lemma="á" type="af">á</w>
            <w lemma="11" type="ta">11</w>
            <w lemma="-" type="m">-</w>
            <w lemma="12" type="ta">12</w>
            <w lemma="hnútur" type="nkfe">hnúta</w>
            <w lemma="hraði" type="nkeo">hraða</w>
            <w lemma="við" type="af">við</w>
            <w lemma="eðlilegur" type="lvfosf">eðlilegar</w>
            <w lemma="aðstæður" type="nvfo">aðstæður</w>
            <c type="pl">.</c>
          </s>
          <s n="3">
            <w lemma="skip" type="nhfn">Skip</w>
            <w lemma="sem" type="ct">sem</w>
            <w lemma="vera" type="sfg3fn">eru</w>
            <w lemma="að" type="cn">að</w>
            <w lemma="koma" type="sng">koma</w>
            <w lemma="að" type="aa">að</w>
            <w lemma="austan" type="aa">austan</w>
            <w lemma="vera" type="sfg3fn">eru</w>
            <w lemma="hinn" type="fakee">hins</w>
            <w lemma="vegur" type="nkee">vegar</w>
            <w lemma="á" type="af">á</w>
            <w lemma="blússandi" type="lveoof">blússandi</w>
            <w lemma="sigling" type="nveþ">siglingu</w>
            <w lemma="undan" type="af">undan</w>
            <w lemma="veður" type="nheþg">veðrinu</w>
            <c type="pl">.</c>
          </s>
          <s n="4">
            <w lemma="klukka" type="nveng">Klukkan</w>
            <w lemma="3" type="ta">3</w>
            <w lemma="í" type="af">í</w>
            <w lemma="nótt" type="nveþ">nótt</w>
            <w lemma="mæla" type="sfm3fþ">mældust</w>
            <w lemma="austan" type="aa">austan</w>
            <w lemma="32" type="ta">32</w>
            <w lemma="metri" type="nkfn">metrar</w>
            <w lemma="á" type="af">á</w>
            <w lemma="sekúnda" type="nveþ">sekúndu</w>
            <w lemma="á" type="af">á</w>
            <w lemma="Stórhöfði" type="nkeþ-s">Stórhöfða</w>
            <w lemma="og" type="c">og</w>
            <w lemma="upp" type="aa">upp</w>
            <w lemma="í" type="af">í</w>
            <w lemma="39" type="ta">39</w>
            <w lemma="í" type="af">í</w>
            <w lemma="hviða" type="nvfþ">hviðum</w>
            <w lemma="þannig" type="aa">þannig</w>
            <w lemma="að" type="c">að</w>
            <w lemma="óljós" type="lhensf">óljóst</w>
            <w lemma="vera" type="sfg3eþ">var</w>
            <w lemma="í" type="af">í</w>
            <w lemma="fyrstur" type="lveþve">fyrstu</w>
            <w lemma="hvort" type="c">hvort</w>
            <w lemma="Herjólfur" type="nken-s">Herjólfur</w>
            <w lemma="koma" type="svm3eþ">kæmist</w>
            <w lemma="í" type="af">í</w>
            <w lemma="fyrstur" type="lveove">fyrstu</w>
            <w lemma="ferð" type="nveog">ferðina</w>
            <w lemma="en" type="c">en</w>
            <w lemma="nú" type="aa">nú</w>
            <w lemma="vera" type="sfg3en">er</w>
            <w lemma="það" type="fphen">það</w>
            <w lemma="ljós" type="lhensf">ljóst</w>
            <w lemma="að" type="c">að</w>
            <w lemma="skip" type="nheng">skipið</w>
            <w lemma="fara" type="sfg3en">fer</w>
            <w lemma="núna" type="aa">núna</w>
            <c type="pl">.</c>
          </s>
          <s n="5">
            <w lemma="en" type="c">En</w>
            <w lemma="þá" type="aa">þá</w>
            <w lemma="hafa" type="sfg3eþ">hafði</w>
            <w lemma="það" type="fphen">það</w>
            <w lemma="ekki" type="aa">ekki</w>
            <w lemma="sigla" type="sþghen">siglt</w>
            <w lemma="í" type="af">í</w>
            <w lemma="2" type="ta">2</w>
            <w lemma="dagur" type="nkfo">daga</w>
            <w lemma="og" type="c">og</w>
            <w lemma="gámaskip" type="nheo">gámaskip</w>
            <w lemma="Eimskip" type="nhee-s">Eimskips</w>
            <w lemma="og" type="c">og</w>
            <w lemma="Samskip" type="nhfe-s">Samskipa</w>
            <w lemma="sem" type="ct">sem</w>
            <w lemma="hafa" type="sfg3fn">hafa</w>
            <w lemma="gjarnan" type="aa">gjarnan</w>
            <w lemma="viðkoma" type="nveo">viðkomu</w>
            <w lemma="í" type="af">í</w>
            <w lemma="Eyjar" type="nvfþ-s">Eyjum</w>
            <w lemma="hafa" type="sfg3fn">hafa</w>
            <w lemma="ekki" type="aa">ekki</w>
            <w lemma="gjarnan" type="aam">heldur</w>
            <w lemma="koma" type="sþmhen">komist</w>
            <w lemma="inn" type="aa">inn</w>
            <w lemma="þannig" type="aa">þannig</w>
            <w lemma="að" type="c">að</w>
            <w lemma="fara" type="sþghen">farið</w>
            <w lemma="vera" type="sfg3eþ">var</w>
            <w lemma="að" type="cn">að</w>
            <w lemma="bera" type="sng">bera</w>
            <w lemma="á" type="af">á</w>
            <w lemma="vöruskortur" type="nkeþ">vöruskorti</w>
            <w lemma="í" type="af">í</w>
            <w lemma="matvöruverslun" type="nvfþ">matvöruverslunum</w>
            <w lemma="í" type="af">í</w>
            <w lemma="Eyjar" type="nvfþ-s">Eyjum</w>
            <w lemma="í" type="aa">í</w>
            <w lemma="gær" type="aa">gær</w>
            <c type="pl">.</c>
          </s>
        </p>
      </div1>
    </body>
  </text>
</TEI>
