<?xml version="1.0" encoding="utf-8"?>
<TEI xmlns="http://www.tei-c.org/ns/1.0">
  <teiHeader>
    <fileDesc>
      <titleStmt>
        <title>
          <title type="main">Segir söluna ekki eiga að koma á óvart</title>
        </title>
        <respStmt>
          <resp xml:lang="is">Söfnun og úrvinnsla texta</resp>
          <resp xml:lang="en">Collection and processing of text</resp>
          <name xml:lang="is">Stofnun Árna Magnússonar í íslenskum fræðum</name>
          <name xml:lang="en">The Arni Magnusson Institute for Icelandic Studies</name>
        </respStmt>
      </titleStmt>
      <editionStmt>
        <p xml:lang="is">Íslensk risamálheild (2019)</p>
        <p xml:lang="en">Tagged Icelandic Gigaword Corpus (2019)</p>
      </editionStmt>
      <publicationStmt>
        <distributor xml:lang="is">Stofnun Árna Magnússonar í íslenskum fræðum</distributor>
        <distributor xml:lang="en">The Arni Magnusson Institute for Icelandic Studies</distributor>
        <address>
          <addrLine xml:lang="is">Árnagarður við Suðurgötu, 107 Reykjavík, Íslandi</addrLine>
          <addrLine xml:lang="en">Árnagarður Suðurgata, 107 Reykjavik, Iceland</addrLine>
          <addrLine>
            <email>arnastofnun@arnastofnun.is</email>
          </addrLine>
        </address>
        <idno type="risam">G-25-2542739</idno>
        <availability>
          <p xml:lang="is">Þessi texti er til notkunar í málrannsóknum og máltækniverkefnum um allan heim með sérstöku leyfi, sjá rmh2Hdr.xml</p>
          <p xml:lang="en">This text is available for use in language research and language technology projects world wide with a special license, see rmh2Hdr.xml</p>
        </availability>
        <date>2020-05-26</date>
      </publicationStmt>
      <sourceDesc>
        <biblStruct>
          <analytic>
            <title>
              <title type="main">Segir söluna ekki eiga að koma á óvart</title>
            </title>
            <date when="2013-03-29T12:00:00">29.03 2013 kl. 12:00:00</date>
          </analytic>
          <monogr>
            <title>Bylgjan</title>
            <imprint>
              <publisher>365 miðlar hf.</publisher>
              <pubPlace>Reykjavík</pubPlace>
            </imprint>
          </monogr>
        </biblStruct>
      </sourceDesc>
    </fileDesc>
    <encodingDesc>
      <projectDesc>
        <p xml:lang="is">Sjá lýsingu á verkefninu í rmh2Hdr.xml.</p>
        <p xml:lang="en">See description of project in rmh2Hdr.xml.</p>
      </projectDesc>
      <tagsDecl>
        <namespace name="http://www.tei-c.org/ns/1.0">
          <tagUsage gi="text" occurs="1"/>
          <tagUsage gi="body" occurs="1"/>
          <tagUsage gi="div1" occurs="1"/>
          <tagUsage gi="p" occurs="7"/>
          <tagUsage gi="s" occurs="15"/>
          <tagUsage gi="w" occurs="362"/>
          <tagUsage gi="c" occurs="29"/>
        </namespace>
      </tagsDecl>
    </encodingDesc>
    <profileDesc>
     <textClass>
      <keywords scheme="#RMH">
       <list>
        <item>Frétt – almennt</item>
       </list>
      </keywords>
     </textClass>
    </profileDesc>
  </teiHeader>
  <text>
    <body>
      <div1>
        <p n="1">
          <s n="1">
            <w lemma="ég" type="fp1fn">Við</w>
            <w lemma="byrja" type="sfg1fn">byrjum</w>
            <w lemma="í" type="af">í</w>
            <w lemma="pólitík" type="nveþg">pólitíkinni</w>
            <c type="pl">.</c>
          </s>
          <s n="2">
            <w lemma="formaður" type="nken">Formaður</w>
            <w lemma="fjárlaganefnd" type="nvee">fjárlaganefndar</w>
            <w lemma="Alþingi" type="nhee-s">Alþingis</w>
            <w lemma="segja" type="sfg3en">segir</w>
            <w lemma="að" type="c">að</w>
            <w lemma="viðræða" type="nvfn">viðræður</w>
            <w lemma="um" type="af">um</w>
            <w lemma="sala" type="nveo">sölu</w>
            <w lemma="á" type="af">á</w>
            <w lemma="eignarhlutur" type="nkfþ">eignarhlutum</w>
            <w lemma="ríki" type="nheeg">ríkisins</w>
            <w lemma="í" type="af">í</w>
            <w lemma="banki" type="nkfþg">bönkunum</w>
            <w lemma="eiga" type="svg3fn">eigi</w>
            <w lemma="ekki" type="aa">ekki</w>
            <w lemma="að" type="cn">að</w>
            <w lemma="koma" type="sng">koma</w>
            <w lemma="stjórnarandstaða" type="nveþg">stjórnarandstöðunni</w>
            <w lemma="á" type="af">á</w>
            <w lemma="óvar" type="lheosf">óvart</w>
            <c type="pl">.</c>
          </s>
          <s n="3">
            <w lemma="ítarlega" type="aa">Ítarlega</w>
            <w lemma="hafa" type="svg3en">hafi</w>
            <w lemma="vera" type="sþghen">verið</w>
            <w lemma="fjalla" type="sþghen">fjallað</w>
            <w lemma="um" type="af">um</w>
            <w lemma="mál" type="nheog">málið</w>
            <w lemma="á" type="af">á</w>
            <w lemma="Alþingi" type="nheþ-s">Alþingi</w>
            <w lemma="á" type="af">á</w>
            <w lemma="undanfarinn" type="lkfþsf">undanförnum</w>
            <w lemma="mánuður" type="nkfþ">mánuðum</w>
            <c type="pl">.</c>
          </s>
        </p>
        <p n="2">
          <s n="1">
            <w lemma="óformlegur" type="lvfnsf">Óformlegar</w>
            <w lemma="viðræða" type="nvfn">viðræður</w>
            <w lemma="vera" type="sfg3fn">eru</w>
            <w lemma="nú" type="aa">nú</w>
            <w lemma="í" type="af">í</w>
            <w lemma="gangur" type="nkeþ">gangi</w>
            <w lemma="milli" type="af">milli</w>
            <w lemma="lífeyrissjóður" type="nkfeg">lífeyrissjóðanna</w>
            <c type="pk">,</c>
            <w lemma="erlendur" type="lkfesf">erlendra</w>
            <w lemma="kröfuhafi" type="nkfe">kröfuhafa</w>
            <w lemma="og" type="c">og</w>
            <w lemma="stjórnvöld" type="nhfe">stjórnvalda</w>
            <w lemma="um" type="af">um</w>
            <w lemma="sala" type="nveo">sölu</w>
            <w lemma="á" type="af">á</w>
            <w lemma="hlutur" type="nkeþ">hlut</w>
            <w lemma="ríki" type="nheeg">ríkisins</w>
            <w lemma="í" type="af">í</w>
            <w lemma="banki" type="nkfþg">bönkunum</w>
            <c type="pl">.</c>
          </s>
          <s n="2">
            <w lemma="þingmaður" type="nkfn">Þingmenn</w>
            <w lemma="Framsókn" type="nvee-s">Framsóknar</w>
            <w lemma="og" type="c">og</w>
            <w lemma="Sjálfstæðisflokkur" type="nkee-s">Sjálfstæðisflokks</w>
            <w lemma="hafa" type="sfg3fn">hafa</w>
            <w lemma="saka" type="sþghen">sakað</w>
            <w lemma="ríkisstjórn" type="nveog">ríkisstjórnina</w>
            <w lemma="um" type="af">um</w>
            <w lemma="leynimakk" type="nheo">leynimakk</w>
            <w lemma="og" type="c">og</w>
            <w lemma="hafa" type="sfg3fn">hafa</w>
            <w lemma="óska" type="sþghen">óskað</w>
            <w lemma="eftir" type="af">eftir</w>
            <w lemma="fundur" type="nkeþ">fundi</w>
            <w lemma="í" type="af">í</w>
            <w lemma="efnahags-" type="kt">efnahags-</w>
            <w lemma="og" type="c">og</w>
            <w lemma="viðskiptanefnd" type="nveþ">viðskiptanefnd</w>
            <w lemma="til" type="af">til</w>
            <w lemma="að" type="cn">að</w>
            <w lemma="ræða" type="sng">ræða</w>
            <w lemma="mál" type="nheog">málið</w>
            <c type="pl">.</c>
          </s>
          <s n="3">
            <w lemma="Björn" type="nken-s">Björn</w>
            <w lemma="Valur" type="nken-s">Valur</w>
            <w lemma="Gíslason" type="nken-s">Gíslason</w>
            <c type="pk">,</c>
            <w lemma="formaður" type="nken">formaður</w>
            <w lemma="fjárlaganefnd" type="nvee">fjárlaganefndar</w>
            <w lemma="Alþingi" type="nhee-s">Alþingis</w>
            <c type="pk">,</c>
            <w lemma="segja" type="sfg3en">segir</w>
            <w lemma="að" type="c">að</w>
            <w lemma="þessi" type="fahen">þetta</w>
            <w lemma="eiga" type="svg3en">eigi</w>
            <w lemma="ekki" type="aa">ekki</w>
            <w lemma="að" type="cn">að</w>
            <w lemma="koma" type="sng">koma</w>
            <w lemma="stjórnarandstaða" type="nveþg">stjórnarandstöðunni</w>
            <w lemma="á" type="af">á</w>
            <w lemma="óvar" type="lheosf">óvart</w>
            <c type="pl">.</c>
          </s>
        </p>
        <p n="3">
          <s n="1">
            <w lemma="Björn" type="nken-s">Björn</w>
            <w lemma="Valur" type="nken-s">Valur</w>
            <w lemma="Gíslason" type="nken-s">Gíslason</w>
            <c type="pk">,</c>
            <w lemma="formaður" type="nken">formaður</w>
            <w lemma="fjárlaganefnd" type="nvee">fjárlaganefndar</w>
            <w lemma="Alþingi" type="nhee-s">Alþingis</w>
            <c type="pa">:</c>
            <w lemma="þessi" type="fahen">Þetta</w>
            <w lemma="mál" type="nhen">mál</w>
            <w lemma="eiga" type="sfg3en">á</w>
            <w lemma="ekki" type="aa">ekki</w>
            <w lemma="að" type="cn">að</w>
            <w lemma="koma" type="sng">koma</w>
            <w lemma="nokkur" type="fokeþ">nokkrum</w>
            <w lemma="Íslendingur" type="nkeþ-s">Íslendingi</w>
            <w lemma="á" type="af">á</w>
            <w lemma="óvar" type="lheosf">óvart</w>
            <c type="pl">.</c>
          </s>
          <s n="2">
            <w lemma="þessi" type="fahen">Þetta</w>
            <w lemma="vera" type="sfg3en">er</w>
            <w lemma="búinn" type="lhensf">búið</w>
            <w lemma="að" type="cn">að</w>
            <w lemma="vera" type="sng">vera</w>
            <w lemma="til" type="af">til</w>
            <w lemma="umræða" type="nvee">umræðu</w>
            <w lemma="mjög" type="aam">meira</w>
            <w lemma="og" type="c">og</w>
            <w lemma="minna" type="sng">minna</w>
            <w lemma="síðan" type="aa">síðan</w>
            <w lemma="ja" type="af">ja</w>
            <w lemma="undanfarinn" type="lheosf">undanfarið</w>
            <w lemma="ár" type="nheo">ár</w>
            <c type="pl">.</c>
          </s>
          <s n="3">
            <w lemma="snemma" type="aae">Fyrst</w>
            <w lemma="þegar" type="c">þegar</w>
            <w lemma="þessi" type="fahen">þetta</w>
            <w lemma="vera" type="sfg3eþ">var</w>
            <w lemma="kynna" type="sþghen">kynnt</w>
            <w lemma="í" type="af">í</w>
            <w lemma="tengsl" type="nhfþ">tengslum</w>
            <w lemma="við" type="af">við</w>
            <w lemma="fjárfestingaráætlun" type="nveo">fjárfestingaráætlun</w>
            <w lemma="stjórnvöld" type="nhfe">stjórnvalda</w>
            <w lemma="sem" type="ct">sem</w>
            <w lemma="að" type="cn">að</w>
            <w lemma="grundvalla" type="snm">grundvallast</w>
            <w lemma="af" type="af">af</w>
            <w lemma="talsverður" type="lkeþsf">talsverðum</w>
            <w lemma="hluti" type="nkeþ">hluta</w>
            <w lemma="af" type="af">af</w>
            <w lemma="það" type="fpheþ">því</w>
            <w lemma="að" type="cn">að</w>
            <w lemma="selja" type="sng">selja</w>
            <w lemma="eignarhlutur" type="nkeo">eignarhlut</w>
            <w lemma="ríki" type="nheeg">ríkisins</w>
            <w lemma="í" type="af">í</w>
            <w lemma="fjármálafyrirtæki" type="nhfþ">fjármálafyrirtækjum</w>
            <w lemma="til" type="af">til</w>
            <w lemma="að" type="cn">að</w>
            <w lemma="fjármagna" type="sng">fjármagna</w>
            <w lemma="sá" type="faveo">þá</w>
            <w lemma="áætlun" type="nveo">áætlun</w>
            <c type="pl">.</c>
          </s>
          <s n="4">
            <w lemma="síðan" type="aa">Síðan</w>
            <w lemma="vera" type="sfg3eþ">var</w>
            <w lemma="þessi" type="fahen">þetta</w>
            <w lemma="mikið" type="aa">mikið</w>
            <w lemma="til" type="af">til</w>
            <w lemma="umræða" type="nvee">umræðu</w>
            <w lemma="síðar" type="aae">síðast</w>
            <w lemma="í" type="af">í</w>
            <w lemma="haust" type="nheo">haust</w>
            <w lemma="í" type="af">í</w>
            <w lemma="tengsl" type="nhfþ">tengslum</w>
            <w lemma="við" type="af">við</w>
            <w lemma="fjárlagagerð" type="nveo">fjárlagagerð</w>
            <w lemma="yfirstandandi" type="lheeof">yfirstandandi</w>
            <w lemma="ár" type="nhee">árs</w>
            <c type="pl">.</c>
          </s>
          <s n="5">
            <w lemma="fjárlaganefnd" type="nven">Fjárlaganefnd</w>
            <w lemma="kalla" type="sfg3eþ">kallaði</w>
            <w lemma="til" type="af">til</w>
            <w lemma="sig" type="fpvee">sín</w>
            <w lemma="bankastjóri" type="nkfo">bankastjóra</w>
            <c type="pk">,</c>
            <w lemma="Bankasýsla" type="nveogs">Bankasýsluna</w>
            <w lemma="sem" type="ct">sem</w>
            <w lemma="fara" type="sfg3en">fer</w>
            <w lemma="með" type="af">með</w>
            <w lemma="einka" type="aa">einka</w>
            <c type="pk">,</c>
            <w lemma="eignarhlutur" type="nkeog">eignarhlutinn</w>
            <c type="pk">,</c>
            <w lemma="ráðherra" type="nken">ráðherra</w>
            <w lemma="fjármál" type="nhfe">fjármála</w>
            <w lemma="ásamt" type="af">ásamt</w>
            <w lemma="embættismaður" type="nkfþ">embættismönnum</w>
            <w lemma="til" type="af">til</w>
            <w lemma="að" type="cn">að</w>
            <w lemma="fara" type="sng">fara</w>
            <w lemma="yfir" type="af">yfir</w>
            <w lemma="þessi" type="faheo">þetta</w>
            <c type="pl">.</c>
          </s>
        </p>
        <p n="4">
          <s n="1">
            <w lemma="Alþingi" type="nhen-s">Alþingi</w>
            <w lemma="hafa" type="svg3fn">hafi</w>
            <w lemma="svo" type="aa">svo</w>
            <w lemma="setja" type="sþghen">sett</w>
            <w lemma="sérstakur" type="lhfosf">sérstök</w>
            <w lemma="lög" type="nhfo">lög</w>
            <w lemma="á" type="af">á</w>
            <w lemma="síðari" type="lheþve">síðasta</w>
            <w lemma="ár" type="nheþ">ári</w>
            <w lemma="um" type="af">um</w>
            <w lemma="sölumeðferð" type="nveo">sölumeðferð</w>
            <w lemma="fjármálafyrirtæki" type="nhfe">fjármálafyrirtækja</w>
            <w lemma="til" type="af">til</w>
            <w lemma="að" type="cn">að</w>
            <w lemma="tryggja" type="sng">tryggja</w>
            <w lemma="gagnsæi" type="nheo">gagnsæi</w>
            <c type="pl">.</c>
          </s>
        </p>
        <p n="5">
          <s n="1">
            <w lemma="Björn" type="nken-s">Björn</w>
            <w lemma="Valur" type="nken-s">Valur</w>
            <w lemma="Gíslason" type="nken-s">Gíslason</w>
            <c type="pa">:</c>
            <w lemma="sá" type="fahfn">Þau</w>
            <w lemma="lög" type="nhfn">lög</w>
            <w lemma="vera" type="sfg3fþ">voru</w>
            <w lemma="samþykkja" type="sþghfn">samþykkt</w>
            <w lemma="í" type="aa">í</w>
            <w lemma="eftir" type="aa">eftir</w>
            <w lemma="mikill" type="lveosf">mikla</w>
            <w lemma="og" type="c">og</w>
            <w lemma="harður" type="lveosf">harða</w>
            <w lemma="umræða" type="nveo">umræðu</w>
            <w lemma="við" type="af">við</w>
            <w lemma="stjórnarandstaða" type="nveog">stjórnarandstöðuna</w>
            <w lemma="sem" type="ct">sem</w>
            <w lemma="leggja" type="sfm3eþ">lagðist</w>
            <w lemma="gegn" type="af">gegn</w>
            <w lemma="lagasetning" type="nveþg">lagasetningunni</w>
            <w lemma="þannig" type="aa">þannig</w>
            <w lemma="að" type="c">að</w>
            <w lemma="ég" type="fp1en">ég</w>
            <w lemma="halda" type="sfg1en">held</w>
            <w lemma="að" type="c">að</w>
            <w lemma="þessi" type="fahen">þetta</w>
            <w lemma="mál" type="nhen">mál</w>
            <w lemma="hafa" type="svg3en">hafi</w>
            <w lemma="vera" type="sþghen">verið</w>
            <w lemma="ágætlega" type="aa">ágætlega</w>
            <w lemma="ræða" type="sþghen">rætt</w>
            <w lemma="í" type="af">í</w>
            <w lemma="þing" type="nheþg">þinginu</w>
            <w lemma="og" type="c">og</w>
            <w lemma="þingnefnd" type="nvfþ">þingnefndum</w>
            <w lemma="og" type="c">og</w>
            <w lemma="eiga" type="svg3en">eigi</w>
            <w lemma="ekki" type="aa">ekki</w>
            <w lemma="að" type="cn">að</w>
            <w lemma="koma" type="sng">koma</w>
            <w lemma="nokkur" type="fokeþ">nokkrum</w>
            <w lemma="maður" type="nkeþ">manni</w>
            <w lemma="á" type="af">á</w>
            <w lemma="óvar" type="lheosf">óvart</w>
            <w lemma="og" type="c">og</w>
            <w lemma="ég" type="fp1en">ég</w>
            <w lemma="eiginlega" type="aa">eiginlega</w>
            <w lemma="undra" type="snm">undrast</w>
            <w lemma="það" type="fpheo">það</w>
            <w lemma="að" type="c">að</w>
            <w lemma="maður" type="nkfn">menn</w>
            <w lemma="vera" type="svg3fn">séu</w>
            <w lemma="að" type="aa">að</w>
            <c type="pk">,</c>
            <w lemma="láta" type="svg3fn">láti</w>
            <w lemma="nú" type="aa">nú</w>
            <w lemma="í" type="af">í</w>
            <w lemma="dagur" type="nkeo">dag</w>
            <w lemma="eins" type="aa">eins</w>
            <w lemma="og" type="c">og</w>
            <w lemma="þessi" type="fahen">þetta</w>
            <w lemma="vera" type="svg3en">sé</w>
            <w lemma="einhver" type="fohen">eitthvað</w>
            <w lemma="nýr" type="lhensf">nýtt</w>
            <w lemma="sem" type="c">sem</w>
            <w lemma="að" type="c">að</w>
            <w lemma="hafa" type="svg3en">hafi</w>
            <w lemma="bara" type="aa">bara</w>
            <w lemma="dúkka" type="sþghen">dúkkað</w>
            <w lemma="upp" type="aa">upp</w>
            <w lemma="á" type="af">á</w>
            <w lemma="síðari" type="lkfþve">síðustu</w>
            <w lemma="dagur" type="nkfþ">dögum</w>
            <c type="pl">.</c>
          </s>
        </p>
        <p n="6">
          <s n="1">
            <w lemma="Björn" type="nken-s">Björn</w>
            <w lemma="segja" type="sfg3en">segir</w>
            <w lemma="að" type="c">að</w>
            <w lemma="samkvæmt" type="af">samkvæmt</w>
            <w lemma="þessi" type="faheþ">þessu</w>
            <w lemma="geta" type="svg3en">geti</w>
            <w lemma="stjórnvöld" type="nhfn">stjórnvöld</w>
            <w lemma="ekki" type="aa">ekki</w>
            <w lemma="selja" type="sþghen">selt</w>
            <w lemma="banki" type="nkfog">bankana</w>
            <w lemma="án" type="af">án</w>
            <w lemma="það" type="fphee">þess</w>
            <w lemma="að" type="c">að</w>
            <w lemma="fyrir" type="aa">fyrir</w>
            <w lemma="liggja" type="svg3en">liggi</w>
            <w lemma="samþykki" type="nhen">samþykki</w>
            <w lemma="Alþingi" type="nhee-s">Alþingis</w>
            <c type="pl">.</c>
          </s>
        </p>
        <p n="7">
          <s n="1">
            <w lemma="Björn" type="nken-s">Björn</w>
            <w lemma="Valur" type="nken-s">Valur</w>
            <w lemma="Gíslason" type="nken-s">Gíslason</w>
            <c type="pa">:</c>
            <w lemma="sá" type="fakfn">Þeir</w>
            <w lemma="tími" type="nkfn">tímar</w>
            <w lemma="vera" type="sfg3fn">eru</w>
            <w lemma="langur" type="lheþsf">löngu</w>
            <w lemma="líða" type="sþgkfn">liðnir</w>
            <w lemma="að" type="aa">að</w>
            <w lemma="tveir" type="tfkfn">tveir</w>
            <w lemma="maður" type="nkfn">menn</w>
            <w lemma="ráðstafi" type="nken">ráðstafi</w>
            <w lemma="eign" type="nvfþ">eignum</w>
            <w lemma="ríki" type="nheeg">ríkisins</w>
            <w lemma="eins" type="aa">eins</w>
            <w lemma="og" type="c">og</w>
            <w lemma="gera" type="sþghen">gert</w>
            <w lemma="vera" type="sfg3eþ">var</w>
            <w lemma="hér" type="aa">hér</w>
            <w lemma="fyrir" type="af">fyrir</w>
            <w lemma="10" type="ta">10</w>
            <w lemma="ár" type="nhfþ">árum</w>
            <w lemma="þegar" type="c">þegar</w>
            <w lemma="að" type="aa">að</w>
            <c type="pk">,</c>
            <w lemma="þegar" type="c">þegar</w>
            <w lemma="að" type="c">að</w>
            <w lemma="íslenskur" type="lkfnvf">íslensku</w>
            <w lemma="ríkisbanki" type="nkfng">ríkisbankarnir</w>
            <w lemma="vera" type="sfg3fþ">voru</w>
            <w lemma="afhenda" type="sþgkfn">afhentir</w>
            <w lemma="einkavinur" type="nkfþ">einkavinum</w>
            <w lemma="Framsóknarflokkur" type="nkeegs">Framsóknarflokksins</w>
            <w lemma="og" type="c">og</w>
            <w lemma="Sjálfstæðisflokkur" type="nkeegs">Sjálfstæðisflokksins</w>
            <w lemma="og" type="c">og</w>
            <w lemma="það" type="fphen">það</w>
            <w lemma="vera" type="sfg3en">er</w>
            <w lemma="nú" type="aa">nú</w>
            <w lemma="bara" type="aa">bara</w>
            <w lemma="einn" type="tfhen">eitt</w>
            <w lemma="og" type="c">og</w>
            <w lemma="sjá" type="sfg3en">sér</w>
            <w lemma="nægilegur" type="lvensf">nægileg</w>
            <w lemma="ástæða" type="nven">ástæða</w>
            <w lemma="til" type="af">til</w>
            <w lemma="það" type="fphee">þess</w>
            <w lemma="að" type="c">að</w>
            <w lemma="hvorki" type="c">hvorki</w>
            <w lemma="ég" type="fp1en">ég</w>
            <w lemma="né" type="c">né</w>
            <w lemma="stjórnvöld" type="nhfo">stjórnvöld</w>
            <c type="pk">,</c>
            <w lemma="meirihluti" type="nkeng">meirihlutinn</w>
            <w lemma="á" type="af">á</w>
            <w lemma="Alþingi" type="nheþ-s">Alþingi</w>
            <c type="pk">,</c>
            <w lemma="munu" type="sfg3en">mun</w>
            <w lemma="leita" type="sng">leita</w>
            <w lemma="ráð" type="nhfe">ráða</w>
            <w lemma="hjá" type="af">hjá</w>
            <w lemma="þessi" type="fakfþ">þessum</w>
            <w lemma="tveir" type="tfkfþ">tveim</w>
            <w lemma="flokkur" type="nkfþ">flokkum</w>
            <w lemma="um" type="af">um</w>
            <w lemma="það" type="fpheo">það</w>
            <w lemma="hvernig" type="aa">hvernig</w>
            <w lemma="eiga" type="sfg3en">á</w>
            <w lemma="að" type="cn">að</w>
            <w lemma="ganga" type="sng">ganga</w>
            <w lemma="frá" type="af">frá</w>
            <w lemma="mál" type="nhfþ">málum</w>
            <w lemma="af" type="af">af</w>
            <w lemma="þessi" type="faheþ">þessu</w>
            <w lemma="tag" type="nheþ">tagi</w>
            <c type="pl">.</c>
          </s>
        </p>
      </div1>
    </body>
  </text>
</TEI>
