<?xml version="1.0" encoding="utf-8"?>
<TEI xmlns="http://www.tei-c.org/ns/1.0">
  <teiHeader>
    <fileDesc>
      <titleStmt>
        <title>
          <title type="main">Hera vann </title>
        </title>
        <respStmt>
          <resp xml:lang="is">Söfnun og úrvinnsla texta</resp>
          <resp xml:lang="en">Collection and processing of text</resp>
          <name xml:lang="is">Stofnun Árna Magnússonar í íslenskum fræðum</name>
          <name xml:lang="en">The Arni Magnusson Institute for Icelandic Studies</name>
        </respStmt>
      </titleStmt>
      <editionStmt>
        <p xml:lang="is">Íslensk risamálheild (2019)</p>
        <p xml:lang="en">Tagged Icelandic Gigaword Corpus (2019)</p>
      </editionStmt>
      <publicationStmt>
        <distributor xml:lang="is">Stofnun Árna Magnússonar í íslenskum fræðum</distributor>
        <distributor xml:lang="en">The Arni Magnusson Institute for Icelandic Studies</distributor>
        <address>
          <addrLine xml:lang="is">Árnagarður við Suðurgötu, 107 Reykjavík, Íslandi</addrLine>
          <addrLine xml:lang="en">Árnagarður Suðurgata, 107 Reykjavik, Iceland</addrLine>
          <addrLine>
            <email>arnastofnun@arnastofnun.is</email>
          </addrLine>
        </address>
        <idno type="risam">G-25-2545989</idno>
        <availability>
          <p xml:lang="is">Þessi texti er til notkunar í málrannsóknum og máltækniverkefnum um allan heim með sérstöku leyfi, sjá rmh2Hdr.xml</p>
          <p xml:lang="en">This text is available for use in language research and language technology projects world wide with a special license, see rmh2Hdr.xml</p>
        </availability>
        <date>2020-05-26</date>
      </publicationStmt>
      <sourceDesc>
        <biblStruct>
          <analytic>
            <title>
              <title type="main">Hera vann </title>
            </title>
            <date when="2013-03-01T08:00:00">01.03 2013 kl. 08:00:00</date>
          </analytic>
          <monogr>
            <title>Bylgjan</title>
            <imprint>
              <publisher>365 miðlar hf.</publisher>
              <pubPlace>Reykjavík</pubPlace>
            </imprint>
          </monogr>
        </biblStruct>
      </sourceDesc>
    </fileDesc>
    <encodingDesc>
      <projectDesc>
        <p xml:lang="is">Sjá lýsingu á verkefninu í rmh2Hdr.xml.</p>
        <p xml:lang="en">See description of project in rmh2Hdr.xml.</p>
      </projectDesc>
      <tagsDecl>
        <namespace name="http://www.tei-c.org/ns/1.0">
          <tagUsage gi="text" occurs="1"/>
          <tagUsage gi="body" occurs="1"/>
          <tagUsage gi="div1" occurs="1"/>
          <tagUsage gi="p" occurs="1"/>
          <tagUsage gi="s" occurs="5"/>
          <tagUsage gi="w" occurs="72"/>
          <tagUsage gi="c" occurs="6"/>
        </namespace>
      </tagsDecl>
    </encodingDesc>
    <profileDesc>
     <textClass>
      <keywords scheme="#RMH">
       <list>
        <item>Frétt – almennt</item>
       </list>
      </keywords>
     </textClass>
    </profileDesc>
  </teiHeader>
  <text>
    <body>
      <div1>
        <p n="1">
          <s n="1">
            <w lemma="Hera" type="nven-s">Hera</w>
            <w lemma="Björk" type="nven-s">Björk</w>
            <w lemma="Þórhallsdóttir" type="nven-s">Þórhallsdóttir</w>
            <w lemma="vinna" type="sfg3eþ">vann</w>
            <w lemma="í" type="af">í</w>
            <w lemma="gærkvöld" type="nheþ">gærkvöldi</w>
            <w lemma="verðlaun" type="nhfog">verðlaunin</w>
            <w lemma="lag" type="nheo">Lag</w>
            <w lemma="ár" type="nheeg">ársins</w>
            <w lemma="í" type="af">í</w>
            <w lemma="Vina" type="n----s">Vina</w>
            <w lemma="del" type="e">del</w>
            <w lemma="Mar" type="nkeþ-s">Mar</w>
            <w lemma="söngvakeppni" type="nveþg">söngvakeppninni</w>
            <w lemma="í" type="af">í</w>
            <w lemma="Chile" type="nheþ-s">Chile</w>
            <w lemma="en" type="c">en</w>
            <w lemma="það" type="fphen">það</w>
            <w lemma="vera" type="sfg3fn">eru</w>
            <w lemma="stór" type="lhfnve">stærstu</w>
            <w lemma="verðlaun" type="nhfn">verðlaun</w>
            <w lemma="keppni" type="nveeg">keppninnar</w>
            <c type="pl">.</c>
          </s>
          <s n="2">
            <w lemma="hún" type="fpven">Hún</w>
            <w lemma="hljóta" type="sfg3eþ">hlaut</w>
            <w lemma="35" type="to">35</w>
            <w lemma="þúsund" type="tfkfo">þúsund</w>
            <w lemma="dollari" type="nkfo">dollara</w>
            <w lemma="í" type="af">í</w>
            <w lemma="verðlaun" type="nhfo">verðlaun</w>
            <w lemma="auk" type="af">auk</w>
            <w lemma="verulegur" type="lveesf">verulegrar</w>
            <c type="pk">,</c>
            <w lemma="veglegur" type="lveesf">veglegrar</w>
            <w lemma="stytta" type="nvee">styttu</w>
            <c type="pl">.</c>
          </s>
          <s n="3">
            <w lemma="Hera" type="nven-s">Hera</w>
            <w lemma="munu" type="sfg3en">mun</w>
            <w lemma="syngja" type="sng">syngja</w>
            <w lemma="aftur" type="aa">aftur</w>
            <w lemma="á" type="af">á</w>
            <w lemma="morgunn" type="nkeo">morgun</w>
            <w lemma="á" type="af">á</w>
            <w lemma="hátíð" type="nveþg">hátíðinni</w>
            <w lemma="í" type="af">í</w>
            <w lemma="beinn" type="lveþsf">beinni</w>
            <w lemma="útsending" type="nveþ">útsendingu</w>
            <w lemma="í" type="af">í</w>
            <w lemma="sjónvarp" type="nheþ">sjónvarpi</w>
            <w lemma="fyrir" type="af">fyrir</w>
            <w lemma="100" type="ta">100</w>
            <w lemma="milljón" type="nveo">milljón</w>
            <w lemma="áhorfandi" type="nkfo">áhorfendur</w>
            <w lemma="og" type="c">og</w>
            <w lemma="í" type="af">í</w>
            <w lemma="fyrstur" type="lheove">fyrsta</w>
            <w lemma="skipti" type="nheo">skipti</w>
            <w lemma="án" type="af">án</w>
            <w lemma="dómnefnd" type="nvee">dómnefndar</w>
            <c type="pl">.</c>
          </s>
          <s n="4">
            <w lemma="Hera" type="nven-s">Hera</w>
            <w lemma="munu" type="sfg3en">mun</w>
            <w lemma="koma" type="sng">koma</w>
            <w lemma="til" type="af">til</w>
            <w lemma="land" type="nheeg">landsins</w>
            <w lemma="aðfaranótt" type="nveo">aðfaranótt</w>
            <w lemma="mánudagur" type="nkee">mánudags</w>
            <c type="pl">.</c>
          </s>
          <s n="5">
            <w lemma="hún" type="fpven">Hún</w>
            <w lemma="segja" type="sfg3en">segir</w>
            <w lemma="að" type="c">að</w>
            <w lemma="síðari" type="lvfove">síðustu</w>
            <w lemma="tveir" type="tfvfo">tvær</w>
            <w lemma="vika" type="nvfo">vikur</w>
            <w lemma="hafa" type="svg3en">hafi</w>
            <w lemma="vera" type="sþghen">verið</w>
            <w lemma="stórkostlegur" type="lvfnsf">stórkostlegar</w>
            <c type="pl">.</c>
          </s>
        </p>
      </div1>
    </body>
  </text>
</TEI>
