<?xml version="1.0" encoding="utf-8"?>
<TEI xmlns="http://www.tei-c.org/ns/1.0">
  <teiHeader>
    <fileDesc>
      <titleStmt>
        <title>
          <title type="main">Skuldastaðan orðin viðráðanleg</title>
        </title>
        <respStmt>
          <resp xml:lang="is">Söfnun og úrvinnsla texta</resp>
          <resp xml:lang="en">Collection and processing of text</resp>
          <name xml:lang="is">Stofnun Árna Magnússonar í íslenskum fræðum</name>
          <name xml:lang="en">The Arni Magnusson Institute for Icelandic Studies</name>
        </respStmt>
      </titleStmt>
      <editionStmt>
        <p xml:lang="is">Íslensk risamálheild (2019)</p>
        <p xml:lang="en">Tagged Icelandic Gigaword Corpus (2019)</p>
      </editionStmt>
      <publicationStmt>
        <distributor xml:lang="is">Stofnun Árna Magnússonar í íslenskum fræðum</distributor>
        <distributor xml:lang="en">The Arni Magnusson Institute for Icelandic Studies</distributor>
        <address>
          <addrLine xml:lang="is">Árnagarður við Suðurgötu, 107 Reykjavík, Íslandi</addrLine>
          <addrLine xml:lang="en">Árnagarður Suðurgata, 107 Reykjavik, Iceland</addrLine>
          <addrLine>
            <email>arnastofnun@arnastofnun.is</email>
          </addrLine>
        </address>
        <idno type="risam">G-25-2505292</idno>
        <availability>
          <p xml:lang="is">Þessi texti er til notkunar í málrannsóknum og máltækniverkefnum um allan heim með sérstöku leyfi, sjá rmh2Hdr.xml</p>
          <p xml:lang="en">This text is available for use in language research and language technology projects world wide with a special license, see rmh2Hdr.xml</p>
        </availability>
        <date>2020-05-26</date>
      </publicationStmt>
      <sourceDesc>
        <biblStruct>
          <analytic>
            <title>
              <title type="main">Skuldastaðan orðin viðráðanleg</title>
            </title>
            <date when="2013-03-17T12:00:00">17.03 2013 kl. 12:00:00</date>
          </analytic>
          <monogr>
            <title>Bylgjan</title>
            <imprint>
              <publisher>365 miðlar hf.</publisher>
              <pubPlace>Reykjavík</pubPlace>
            </imprint>
          </monogr>
        </biblStruct>
      </sourceDesc>
    </fileDesc>
    <encodingDesc>
      <projectDesc>
        <p xml:lang="is">Sjá lýsingu á verkefninu í rmh2Hdr.xml.</p>
        <p xml:lang="en">See description of project in rmh2Hdr.xml.</p>
      </projectDesc>
      <tagsDecl>
        <namespace name="http://www.tei-c.org/ns/1.0">
          <tagUsage gi="text" occurs="1"/>
          <tagUsage gi="body" occurs="1"/>
          <tagUsage gi="div1" occurs="1"/>
          <tagUsage gi="p" occurs="1"/>
          <tagUsage gi="s" occurs="5"/>
          <tagUsage gi="w" occurs="91"/>
          <tagUsage gi="c" occurs="8"/>
        </namespace>
      </tagsDecl>
    </encodingDesc>
    <profileDesc>
     <textClass>
      <keywords scheme="#RMH">
       <list>
        <item>Frétt – almennt</item>
       </list>
      </keywords>
     </textClass>
    </profileDesc>
  </teiHeader>
  <text>
    <body>
      <div1>
        <p n="1">
          <s n="1">
            <w lemma="íslenskur" type="lhenvf">Íslenska</w>
            <w lemma="ríki" type="nheng">ríkið</w>
            <w lemma="standa" type="sfg3en">stendur</w>
            <w lemma="ekki" type="aa">ekki</w>
            <w lemma="lengi" type="aam">lengur</w>
            <w lemma="frammi" type="aa">frammi</w>
            <w lemma="fyrir" type="af">fyrir</w>
            <w lemma="skuldavandi" type="nkeo">skuldavanda</w>
            <w lemma="og" type="c">og</w>
            <w lemma="erlendur" type="lvensf">erlend</w>
            <w lemma="skuldastaður" type="nkfe">skuldastaða</w>
            <w lemma="ríki" type="nheeg">ríkisins</w>
            <w lemma="vera" type="sfg3en">er</w>
            <w lemma="verða" type="sþgven">orðin</w>
            <w lemma="viðráðanlegur" type="lvensf">viðráðanleg</w>
            <w lemma="og" type="c">og</w>
            <w lemma="sjálfbær" type="lvensf">sjálfbær</w>
            <c type="pl">.</c>
          </s>
          <s n="2">
            <w lemma="heldri" type="lhenve">Helsta</w>
            <w lemma="vandamál" type="nheng">vandamálið</w>
            <w lemma="vera" type="sfg3en">er</w>
            <w lemma="gjaldeyrisójöfnuður" type="nken">gjaldeyrisójöfnuður</w>
            <c type="pk">,</c>
            <w lemma="það" type="fphen">það</w>
            <w lemma="vera" type="sfg3en">er</w>
            <w lemma="að" type="c">að</w>
            <w lemma="land" type="nheng">landið</w>
            <w lemma="skulda" type="sfg3en">skuldar</w>
            <w lemma="mikill" type="lheovm">meira</w>
            <w lemma="í" type="af">í</w>
            <w lemma="erlendur" type="lkeþsf">erlendum</w>
            <w lemma="gjaldeyrir" type="nkeþ">gjaldeyri</w>
            <w lemma="en" type="c">en</w>
            <w lemma="það" type="fphen">það</w>
            <w lemma="afla" type="sfg3en">aflar</w>
            <w lemma="og" type="c">og</w>
            <w lemma="erlendur" type="lvensf">erlend</w>
            <w lemma="skuldastaða" type="nven">skuldastaða</w>
            <w lemma="einkaaðili" type="nkfe">einkaaðila</w>
            <c type="pl">.</c>
          </s>
          <s n="3">
            <w lemma="þessi" type="fahen">Þetta</w>
            <w lemma="koma" type="sfg3eþ">kom</w>
            <w lemma="fram" type="aa">fram</w>
            <w lemma="í" type="af">í</w>
            <w lemma="erindi" type="nheo">erindi</w>
            <w lemma="Már" type="nkee-s">Más</w>
            <w lemma="Guðmundsson" type="nkee-s">Guðmundssonar</w>
            <c type="pk">,</c>
            <w lemma="seðlabankastjóri" type="nkee">seðlabankastjóra</w>
            <c type="pk">,</c>
            <w lemma="á" type="af">á</w>
            <w lemma="ráðstefna" type="nveþ">ráðstefnu</w>
            <w lemma="í" type="af">í</w>
            <w lemma="Lundúnir" type="nvfþ-s">Lundúnum</w>
            <w lemma="nú" type="aa">nú</w>
            <w lemma="fyrir" type="af">fyrir</w>
            <w lemma="helgi" type="nveo">helgi</w>
            <c type="pl">.</c>
          </s>
          <s n="4">
            <w lemma="þar" type="aa">Þar</w>
            <w lemma="segja" type="sfg3eþ">sagði</w>
            <w lemma="Már" type="nken-s">Már</w>
            <w lemma="að" type="c">að</w>
            <w lemma="tekjuafgangur" type="nken">tekjuafgangur</w>
            <w lemma="vera" type="svg3eþ">væri</w>
            <w lemma="nú" type="aa">nú</w>
            <w lemma="hjá" type="af">hjá</w>
            <w lemma="ríkissjóður" type="nkeþ">ríkissjóði</w>
            <w lemma="og" type="c">og</w>
            <w lemma="að" type="c">að</w>
            <w lemma="fjárlagahalli" type="nkeng">fjárlagahallinn</w>
            <w lemma="vera" type="svg3eþ">væri</w>
            <w lemma="aðeins" type="aa">aðeins</w>
            <w lemma="1" type="ta">1</w>
            <w lemma="-" type="m">-</w>
            <w lemma="2%" type="tp">2%</w>
            <w lemma="af" type="af">af</w>
            <w lemma="áætlaður" type="lveþsf">áætlaðri</w>
            <w lemma="landsframleiðsla" type="nveþ">landsframleiðslu</w>
            <w lemma="Ísland" type="nhee-s">Íslands</w>
            <w lemma="á" type="af">á</w>
            <w lemma="ár" type="nheþg">árinu</w>
            <w lemma="2013" type="ta">2013</w>
            <c type="pl">.</c>
          </s>
          <s n="5">
            <w lemma="Már" type="nken-s">Már</w>
            <w lemma="segja" type="sfg3eþ">sagði</w>
            <w lemma="að" type="c">að</w>
            <w lemma="heldri" type="lhenve">helsta</w>
            <w lemma="verkefni" type="nheng">verkefnið</w>
            <w lemma="núna" type="aa">núna</w>
            <w lemma="vera" type="svg3eþ">væri</w>
            <w lemma="afnám" type="nhen">afnám</w>
            <w lemma="fjármagnshaftur" type="nkfeg">fjármagnshaftanna</w>
            <w lemma="og" type="c">og</w>
            <w lemma="það" type="fphen">það</w>
            <w lemma="vera" type="svg3eþ">væri</w>
            <w lemma="mjög" type="aa">mjög</w>
            <w lemma="krefjandi" type="lhenof">krefjandi</w>
            <w lemma="verkefni" type="nhen">verkefni</w>
            <c type="pl">.</c>
          </s>
        </p>
      </div1>
    </body>
  </text>
</TEI>
