<?xml version="1.0" encoding="utf-8"?>
<TEI xmlns="http://www.tei-c.org/ns/1.0">
  <teiHeader>
    <fileDesc>
      <titleStmt>
        <title>
          <title type="main">Erlent - Frans I</title>
        </title>
        <respStmt>
          <resp xml:lang="is">Söfnun og úrvinnsla texta</resp>
          <resp xml:lang="en">Collection and processing of text</resp>
          <name xml:lang="is">Stofnun Árna Magnússonar í íslenskum fræðum</name>
          <name xml:lang="en">The Arni Magnusson Institute for Icelandic Studies</name>
        </respStmt>
      </titleStmt>
      <editionStmt>
        <p xml:lang="is">Íslensk risamálheild (2019)</p>
        <p xml:lang="en">Tagged Icelandic Gigaword Corpus (2019)</p>
      </editionStmt>
      <publicationStmt>
        <distributor xml:lang="is">Stofnun Árna Magnússonar í íslenskum fræðum</distributor>
        <distributor xml:lang="en">The Arni Magnusson Institute for Icelandic Studies</distributor>
        <address>
          <addrLine xml:lang="is">Árnagarður við Suðurgötu, 107 Reykjavík, Íslandi</addrLine>
          <addrLine xml:lang="en">Árnagarður Suðurgata, 107 Reykjavik, Iceland</addrLine>
          <addrLine>
            <email>arnastofnun@arnastofnun.is</email>
          </addrLine>
        </address>
        <idno type="risam">G-25-2545553</idno>
        <availability>
          <p xml:lang="is">Þessi texti er til notkunar í málrannsóknum og máltækniverkefnum um allan heim með sérstöku leyfi, sjá rmh2Hdr.xml</p>
          <p xml:lang="en">This text is available for use in language research and language technology projects world wide with a special license, see rmh2Hdr.xml</p>
        </availability>
        <date>2020-05-26</date>
      </publicationStmt>
      <sourceDesc>
        <biblStruct>
          <analytic>
            <title>
              <title type="main">Erlent - Frans I</title>
            </title>
            <date when="2013-03-14T08:00:00">14.03 2013 kl. 08:00:00</date>
          </analytic>
          <monogr>
            <title>Bylgjan</title>
            <imprint>
              <publisher>365 miðlar hf.</publisher>
              <pubPlace>Reykjavík</pubPlace>
            </imprint>
          </monogr>
        </biblStruct>
      </sourceDesc>
    </fileDesc>
    <encodingDesc>
      <projectDesc>
        <p xml:lang="is">Sjá lýsingu á verkefninu í rmh2Hdr.xml.</p>
        <p xml:lang="en">See description of project in rmh2Hdr.xml.</p>
      </projectDesc>
      <tagsDecl>
        <namespace name="http://www.tei-c.org/ns/1.0">
          <tagUsage gi="text" occurs="1"/>
          <tagUsage gi="body" occurs="1"/>
          <tagUsage gi="div1" occurs="1"/>
          <tagUsage gi="p" occurs="1"/>
          <tagUsage gi="s" occurs="1"/>
          <tagUsage gi="w" occurs="26"/>
          <tagUsage gi="c" occurs="2"/>
        </namespace>
      </tagsDecl>
    </encodingDesc>
    <profileDesc>
     <textClass>
      <keywords scheme="#RMH">
       <list>
        <item>Frétt – almennt</item>
       </list>
      </keywords>
     </textClass>
    </profileDesc>
  </teiHeader>
  <text>
    <body>
      <div1>
        <p n="1">
          <s n="1">
            <w lemma="almennur" type="lvensf">Almenn</w>
            <w lemma="ánægja" type="nven">ánægja</w>
            <w lemma="ríkja" type="sfg3en">ríkir</w>
            <w lemma="meðal" type="af">meðal</w>
            <w lemma="leiðtogi" type="nkfe">leiðtoga</w>
            <w lemma="heimur" type="nkeeg">heimsins</w>
            <w lemma="með" type="af">með</w>
            <w lemma="kjör" type="nheog">kjörið</w>
            <w lemma="á" type="af">á</w>
            <w lemma="hinn" type="gkeþ">hinum</w>
            <w lemma="nýr" type="lkeþvf">nýja</w>
            <w lemma="páfi" type="nkeþ">páfa</w>
            <c type="pk">,</c>
            <w lemma="argentínskur" type="lkeþvf">argentínska</w>
            <w lemma="kardínáli" type="nkeþg">kardínálanum</w>
            <w lemma="Jorge" type="n----s">Jorge</w>
            <w lemma="Mario" type="n----s">Mario</w>
            <w lemma="Bergoglio" type="n----s">Bergoglio</w>
            <w lemma="eða" type="c">eða</w>
            <w lemma="Frans" type="nkeo-s">Frans</w>
            <w lemma="i" type="ta">I</w>
            <w lemma="eins" type="aa">eins</w>
            <w lemma="og" type="c">og</w>
            <w lemma="hann" type="fpken">hann</w>
            <w lemma="vilja" type="sfg3en">vill</w>
            <w lemma="nefna" type="sng">nefna</w>
            <w lemma="sig" type="fpkeo">sig</w>
            <c type="pl">.</c>
          </s>
        </p>
      </div1>
    </body>
  </text>
</TEI>
