<?xml version="1.0" encoding="utf-8"?>
<TEI xmlns="http://www.tei-c.org/ns/1.0">
  <teiHeader>
    <fileDesc>
      <titleStmt>
        <title>
          <title type="main">Nefndarálit meirihlutans afgreitt</title>
        </title>
        <respStmt>
          <resp xml:lang="is">Söfnun og úrvinnsla texta</resp>
          <resp xml:lang="en">Collection and processing of text</resp>
          <name xml:lang="is">Stofnun Árna Magnússonar í íslenskum fræðum</name>
          <name xml:lang="en">The Arni Magnusson Institute for Icelandic Studies</name>
        </respStmt>
      </titleStmt>
      <editionStmt>
        <p xml:lang="is">Íslensk risamálheild (2019)</p>
        <p xml:lang="en">Tagged Icelandic Gigaword Corpus (2019)</p>
      </editionStmt>
      <publicationStmt>
        <distributor xml:lang="is">Stofnun Árna Magnússonar í íslenskum fræðum</distributor>
        <distributor xml:lang="en">The Arni Magnusson Institute for Icelandic Studies</distributor>
        <address>
          <addrLine xml:lang="is">Árnagarður við Suðurgötu, 107 Reykjavík, Íslandi</addrLine>
          <addrLine xml:lang="en">Árnagarður Suðurgata, 107 Reykjavik, Iceland</addrLine>
          <addrLine>
            <email>arnastofnun@arnastofnun.is</email>
          </addrLine>
        </address>
        <idno type="risam">G-25-2543266</idno>
        <availability>
          <p xml:lang="is">Þessi texti er til notkunar í málrannsóknum og máltækniverkefnum um allan heim með sérstöku leyfi, sjá rmh2Hdr.xml</p>
          <p xml:lang="en">This text is available for use in language research and language technology projects world wide with a special license, see rmh2Hdr.xml</p>
        </availability>
        <date>2020-05-26</date>
      </publicationStmt>
      <sourceDesc>
        <biblStruct>
          <analytic>
            <title>
              <title type="main">Nefndarálit meirihlutans afgreitt</title>
            </title>
            <date when="2013-03-01T08:00:00">01.03 2013 kl. 08:00:00</date>
          </analytic>
          <monogr>
            <title>Bylgjan</title>
            <imprint>
              <publisher>365 miðlar hf.</publisher>
              <pubPlace>Reykjavík</pubPlace>
            </imprint>
          </monogr>
        </biblStruct>
      </sourceDesc>
    </fileDesc>
    <encodingDesc>
      <projectDesc>
        <p xml:lang="is">Sjá lýsingu á verkefninu í rmh2Hdr.xml.</p>
        <p xml:lang="en">See description of project in rmh2Hdr.xml.</p>
      </projectDesc>
      <tagsDecl>
        <namespace name="http://www.tei-c.org/ns/1.0">
          <tagUsage gi="text" occurs="1"/>
          <tagUsage gi="body" occurs="1"/>
          <tagUsage gi="div1" occurs="1"/>
          <tagUsage gi="p" occurs="1"/>
          <tagUsage gi="s" occurs="3"/>
          <tagUsage gi="w" occurs="61"/>
          <tagUsage gi="c" occurs="4"/>
        </namespace>
      </tagsDecl>
    </encodingDesc>
    <profileDesc>
     <textClass>
      <keywords scheme="#RMH">
       <list>
        <item>Frétt – almennt</item>
       </list>
      </keywords>
     </textClass>
    </profileDesc>
  </teiHeader>
  <text>
    <body>
      <div1>
        <p n="1">
          <s n="1">
            <w lemma="Stjórnskipunar-" type="kt">Stjórnskipunar-</w>
            <w lemma="og" type="c">og</w>
            <w lemma="efnahagsnefnd" type="nven">efnahagsnefnd</w>
            <w lemma="Alþingi" type="nhee-s">Alþingis</w>
            <w lemma="afgreiða" type="sfg3eþ">afgreiddi</w>
            <w lemma="nefndarálit" type="nheo">nefndarálit</w>
            <w lemma="meirihluti" type="nkeeg">meirihlutans</w>
            <w lemma="um" type="af">um</w>
            <w lemma="nýr" type="lheosf">nýtt</w>
            <w lemma="stjórnarskrárfrumvarp" type="nheo">stjórnarskrárfrumvarp</w>
            <w lemma="í" type="af">í</w>
            <w lemma="gærkvöld" type="nheþ">gærkvöldi</w>
            <w lemma="eftir" type="af">eftir</w>
            <w lemma="að" type="c">að</w>
            <w lemma="margur" type="lvfnsf">margar</w>
            <w lemma="orðalagsbreyting" type="nvfn">orðalagsbreytingar</w>
            <w lemma="vera" type="sfg3fþ">voru</w>
            <w lemma="gera" type="sþgvfn">gerðar</w>
            <w lemma="á" type="af">á</w>
            <w lemma="það" type="fpheþ">því</w>
            <c type="pl">.</c>
          </s>
          <s n="2">
            <w lemma="það" type="fphen">Það</w>
            <w lemma="vera" type="sfg3en">er</w>
            <w lemma="því" type="aa">því</w>
            <w lemma="tilbúinn" type="lhensf">tilbúið</w>
            <w lemma="til" type="af">til</w>
            <w lemma="það" type="fphee">þess</w>
            <w lemma="að" type="cn">að</w>
            <w lemma="koma" type="snm">komast</w>
            <w lemma="á" type="af">á</w>
            <w lemma="dagskrá" type="nveo">dagskrá</w>
            <w lemma="þing" type="nheeg">þingsins</w>
            <c type="pl">.</c>
          </s>
          <s n="3">
            <w lemma="Valgerður" type="nven-s">Valgerður</w>
            <w lemma="Bjarnadóttir" type="nven-s">Bjarnadóttir</w>
            <c type="pk">,</c>
            <w lemma="formaður" type="nken">formaður</w>
            <w lemma="nefnd" type="nveeg">nefndarinnar</w>
            <w lemma="ætla" type="sfg3en">ætlar</w>
            <w lemma="að" type="cn">að</w>
            <w lemma="óska" type="sng">óska</w>
            <w lemma="eftir" type="af">eftir</w>
            <w lemma="að" type="c">að</w>
            <w lemma="þingfundur" type="nkfn">þingfundir</w>
            <w lemma="verða" type="svg3fn">verði</w>
            <w lemma="um" type="af">um</w>
            <w lemma="mál" type="nheog">málið</w>
            <w lemma="strax" type="aa">strax</w>
            <w lemma="eftir" type="af">eftir</w>
            <w lemma="helgi" type="nveo">helgi</w>
            <w lemma="og" type="c">og</w>
            <w lemma="að" type="c">að</w>
            <w lemma="fyrirhugaður" type="lkfþsf">fyrirhuguðum</w>
            <w lemma="nefndardagur" type="nkfþ">nefndardögum</w>
            <w lemma="verða" type="svg3en">verði</w>
            <w lemma="í" type="af">í</w>
            <w lemma="staður" type="nkeog">staðinn</w>
            <w lemma="fresta" type="sþghen">frestað</w>
            <w lemma="til" type="af">til</w>
            <w lemma="það" type="fphee">þess</w>
            <w lemma="að" type="c">að</w>
            <w lemma="svo" type="aa">svo</w>
            <w lemma="mega" type="svg3en">megi</w>
            <w lemma="verða" type="sng">verða</w>
            <c type="pl">.</c>
          </s>
        </p>
      </div1>
    </body>
  </text>
</TEI>
