<?xml version="1.0" encoding="utf-8"?>
<TEI xmlns="http://www.tei-c.org/ns/1.0">
  <teiHeader>
    <fileDesc>
      <titleStmt>
        <title>
          <title type="main">Grásleppvertíðin</title>
        </title>
        <respStmt>
          <resp xml:lang="is">Söfnun og úrvinnsla texta</resp>
          <resp xml:lang="en">Collection and processing of text</resp>
          <name xml:lang="is">Stofnun Árna Magnússonar í íslenskum fræðum</name>
          <name xml:lang="en">The Arni Magnusson Institute for Icelandic Studies</name>
        </respStmt>
      </titleStmt>
      <editionStmt>
        <p xml:lang="is">Íslensk risamálheild (2019)</p>
        <p xml:lang="en">Tagged Icelandic Gigaword Corpus (2019)</p>
      </editionStmt>
      <publicationStmt>
        <distributor xml:lang="is">Stofnun Árna Magnússonar í íslenskum fræðum</distributor>
        <distributor xml:lang="en">The Arni Magnusson Institute for Icelandic Studies</distributor>
        <address>
          <addrLine xml:lang="is">Árnagarður við Suðurgötu, 107 Reykjavík, Íslandi</addrLine>
          <addrLine xml:lang="en">Árnagarður Suðurgata, 107 Reykjavik, Iceland</addrLine>
          <addrLine>
            <email>arnastofnun@arnastofnun.is</email>
          </addrLine>
        </address>
        <idno type="risam">G-25-2505396</idno>
        <availability>
          <p xml:lang="is">Þessi texti er til notkunar í málrannsóknum og máltækniverkefnum um allan heim með sérstöku leyfi, sjá rmh2Hdr.xml</p>
          <p xml:lang="en">This text is available for use in language research and language technology projects world wide with a special license, see rmh2Hdr.xml</p>
        </availability>
        <date>2020-05-26</date>
      </publicationStmt>
      <sourceDesc>
        <biblStruct>
          <analytic>
            <title>
              <title type="main">Grásleppvertíðin</title>
            </title>
            <date when="2013-03-15T12:00:00">15.03 2013 kl. 12:00:00</date>
          </analytic>
          <monogr>
            <title>Bylgjan</title>
            <imprint>
              <publisher>365 miðlar hf.</publisher>
              <pubPlace>Reykjavík</pubPlace>
            </imprint>
          </monogr>
        </biblStruct>
      </sourceDesc>
    </fileDesc>
    <encodingDesc>
      <projectDesc>
        <p xml:lang="is">Sjá lýsingu á verkefninu í rmh2Hdr.xml.</p>
        <p xml:lang="en">See description of project in rmh2Hdr.xml.</p>
      </projectDesc>
      <tagsDecl>
        <namespace name="http://www.tei-c.org/ns/1.0">
          <tagUsage gi="text" occurs="1"/>
          <tagUsage gi="body" occurs="1"/>
          <tagUsage gi="div1" occurs="1"/>
          <tagUsage gi="p" occurs="2"/>
          <tagUsage gi="s" occurs="6"/>
          <tagUsage gi="w" occurs="159"/>
          <tagUsage gi="c" occurs="8"/>
        </namespace>
      </tagsDecl>
    </encodingDesc>
    <profileDesc>
     <textClass>
      <keywords scheme="#RMH">
       <list>
        <item>Frétt – almennt</item>
       </list>
      </keywords>
     </textClass>
    </profileDesc>
  </teiHeader>
  <text>
    <body>
      <div1>
        <p n="1">
          <s n="1">
            <w lemma="svo" type="aa">Svo</w>
            <w lemma="kunna" type="sfg3en">kann</w>
            <w lemma="að" type="cn">að</w>
            <w lemma="fara" type="sng">fara</w>
            <w lemma="að" type="aa">að</w>
            <w lemma="lítið" type="aa">lítið</w>
            <w lemma="eða" type="c">eða</w>
            <w lemma="enginn" type="fohen">ekkert</w>
            <w lemma="verða" type="svg3en">verði</w>
            <w lemma="úr" type="af">úr</w>
            <w lemma="grásleppuvertíð" type="nveþg">grásleppuvertíðinni</w>
            <w lemma="sem" type="ct">sem</w>
            <w lemma="eiga" type="sfg3en">á</w>
            <w lemma="að" type="cn">að</w>
            <w lemma="hefja" type="snm">hefjast</w>
            <w lemma="eftir" type="af">eftir</w>
            <w lemma="5" type="ta">5</w>
            <w lemma="dagur" type="nkfo">daga</w>
            <w lemma="þar" type="aa">þar</w>
            <w lemma="sem" type="c">sem</w>
            <w lemma="kaupandi" type="nkfn">kaupendur</w>
            <w lemma="afurð" type="nvfeg">afurðanna</w>
            <w lemma="sýna" type="sfg3fn">sýna</w>
            <w lemma="hann" type="fpkfþ">þeim</w>
            <w lemma="enginn" type="fokeo">engan</w>
            <w lemma="áhugi" type="nkeo">áhuga</w>
            <c type="pl">.</c>
          </s>
        </p>
        <p n="2">
          <s n="1">
            <w lemma="að" type="af">Að</w>
            <w lemma="sögn" type="nveþ">sögn</w>
            <w lemma="Örn" type="nkee-s">Arnar</w>
            <w lemma="Pálsson" type="nkee-s">Pálssonar</w>
            <c type="pk">,</c>
            <w lemma="framkvæmdastjóri" type="nkee">framkvæmdastjóra</w>
            <w lemma="Landssamband" type="nhee-s">Landssambands</w>
            <w lemma="smábátaeigandi" type="nkfe">smábátaeigenda</w>
            <c type="pk">,</c>
            <w lemma="hafa" type="sfg3fn">hafa</w>
            <w lemma="hrognakaupandi" type="nkfng">hrognakaupendurnir</w>
            <w lemma="ekki" type="aa">ekki</w>
            <w lemma="einn" type="foheþ">einu</w>
            <w lemma="sinn" type="nheþ">sinni</w>
            <w lemma="viðra" type="sþghen">viðrað</w>
            <w lemma="neinn" type="foheo">neitt</w>
            <w lemma="verð" type="nheo">verð</w>
            <w lemma="fyrir" type="af">fyrir</w>
            <w lemma="hrogn" type="nhfog">hrognin</w>
            <w lemma="sem" type="ct">sem</w>
            <w lemma="vera" type="sfg3en">er</w>
            <w lemma="óvenjulegur" type="lhensf">óvenjulegt</w>
            <w lemma="við" type="af">við</w>
            <w lemma="upphaf" type="nheo">upphaf</w>
            <w lemma="vertíð" type="nvee">vertíðar</w>
            <c type="pl">.</c>
          </s>
          <s n="2">
            <w lemma="þá" type="aa">Þá</w>
            <w lemma="vera" type="sfg3fn">eru</w>
            <w lemma="1.500" type="ta">1.500</w>
            <w lemma="tunna" type="nvfn">tunnur</w>
            <w lemma="af" type="af">af</w>
            <w lemma="rúmlega" type="aa">rúmlega</w>
            <w lemma="12" type="to">12</w>
            <w lemma="þúsund" type="tfvfþ">þúsund</w>
            <w lemma="tunna" type="nvfþ">tunnum</w>
            <w lemma="sem" type="ct">sem</w>
            <w lemma="fá" type="sfm3fþ">fengust</w>
            <w lemma="í" type="af">í</w>
            <w lemma="fyrri" type="lheovm">fyrra</w>
            <w lemma="enn" type="aa">enn</w>
            <w lemma="óseldur" type="lvfnsf">óseldar</w>
            <w lemma="og" type="c">og</w>
            <w lemma="sá" type="fahen">það</w>
            <w lemma="lítill" type="lhenvf">litla</w>
            <w lemma="sem" type="ct">sem</w>
            <w lemma="selja" type="sþmhen">selst</w>
            <w lemma="vera" type="sfg3en">er</w>
            <w lemma="á" type="af">á</w>
            <w lemma="mikill" type="lheþvm">meira</w>
            <w lemma="en" type="c">en</w>
            <w lemma="helmingur" type="nkeþ">helmingi</w>
            <w lemma="lágur" type="lhenvm">lægra</w>
            <w lemma="verða" type="svg3en">verði</w>
            <w lemma="en" type="c">en</w>
            <w lemma="fá" type="sfm3eþ">fékkst</w>
            <w lemma="í" type="af">í</w>
            <w lemma="fyrri" type="lheovm">fyrra</w>
            <c type="pl">.</c>
          </s>
          <s n="3">
            <w lemma="auk" type="af">Auk</w>
            <w lemma="þessi" type="fahee">þessa</w>
            <w lemma="hafa" type="sfg3en">hefur</w>
            <w lemma="veiðidagur" type="nkfþ">veiðidögum</w>
            <w lemma="vera" type="sþghen">verið</w>
            <w lemma="fækka" type="sþghen">fækkað</w>
            <w lemma="úr" type="af">úr</w>
            <w lemma="50" type="ta">50</w>
            <w lemma="í" type="af">í</w>
            <w lemma="fyrri" type="lheovm">fyrra</w>
            <w lemma="niður" type="aa">niður</w>
            <w lemma="í" type="af">í</w>
            <w lemma="20" type="ta">20</w>
            <w lemma="núna" type="aa">núna</w>
            <w lemma="þótt" type="c">þótt</w>
            <w lemma="hann" type="fpkfþ">þeim</w>
            <w lemma="kunna" type="svg3en">kunni</w>
            <w lemma="að" type="cn">að</w>
            <w lemma="verða" type="sng">verða</w>
            <w lemma="einhver" type="fohen">eitthvað</w>
            <w lemma="aðeins" type="aa">aðeins</w>
            <w lemma="fjölga" type="sþghen">fjölgað</w>
            <w lemma="og" type="c">og</w>
            <w lemma="svo" type="aa">svo</w>
            <w lemma="hafa" type="sfg3en">hefur</w>
            <w lemma="netafjöldi" type="nkeng">netafjöldinn</w>
            <w lemma="á" type="af">á</w>
            <w lemma="hver" type="fokeo">hvern</w>
            <w lemma="bátur" type="nkeo">bát</w>
            <w lemma="vera" type="sþghen">verið</w>
            <w lemma="lækka" type="sþgken">lækkaður</w>
            <w lemma="úr" type="af">úr</w>
            <w lemma="300" type="ta">300</w>
            <w lemma="net" type="nhfþ">netum</w>
            <w lemma="niður" type="aa">niður</w>
            <w lemma="í" type="af">í</w>
            <w lemma="200" type="ta">200</w>
            <c type="pl">.</c>
          </s>
          <s n="4">
            <w lemma="margur" type="lkfnsf">Margir</w>
            <w lemma="grásleppusjómaður" type="nkfn">grásleppusjómenn</w>
            <w lemma="segja" type="sfg3fn">segja</w>
            <w lemma="þessi" type="faheo">þetta</w>
            <w lemma="of" type="aa">of</w>
            <w lemma="margur" type="lkfosf">marga</w>
            <w lemma="óvissuþáttur" type="nkfo">óvissuþætti</w>
            <w lemma="til" type="af">til</w>
            <w lemma="að" type="c">að</w>
            <w lemma="réttlætanlegur" type="lhensf">réttlætanlegt</w>
            <w lemma="vera" type="svg3en">sé</w>
            <w lemma="að" type="cn">að</w>
            <w lemma="hefja" type="sng">hefja</w>
            <w lemma="veiði" type="nvfo">veiðar</w>
            <c type="pl">.</c>
          </s>
          <s n="5">
            <w lemma="loks" type="aa">Loks</w>
            <w lemma="bera" type="sfm3fn">berast</w>
            <w lemma="sá" type="favfn">þær</w>
            <w lemma="frétt" type="nvfn">fréttir</w>
            <w lemma="frá" type="af">frá</w>
            <w lemma="Noregur" type="nkeþ-s">Noregi</w>
            <w lemma="þar" type="aa">þar</w>
            <w lemma="sem" type="c">sem</w>
            <w lemma="verð" type="nheng">verðið</w>
            <w lemma="vera" type="sfg3en">er</w>
            <w lemma="ákveða" type="sþghen">ákveðið</w>
            <w lemma="fyrirfram" type="aa">fyrirfram</w>
            <w lemma="af" type="af">af</w>
            <w lemma="hinn" type="gheþ">hinu</w>
            <w lemma="opinber" type="lheþvf">opinbera</w>
            <w lemma="að" type="c">að</w>
            <w lemma="verð" type="nheng">verðið</w>
            <w lemma="fyrir" type="af">fyrir</w>
            <w lemma="næstur" type="lveove">næstu</w>
            <w lemma="vertíð" type="nveþ">vertíð</w>
            <w lemma="verða" type="svg3en">verði</w>
            <w lemma="munur" type="nkeþ">mun</w>
            <w lemma="lágur" type="lhenvm">lægra</w>
            <w lemma="en" type="c">en</w>
            <w lemma="á" type="af">á</w>
            <w lemma="vertíð" type="nveþg">vertíðinni</w>
            <w lemma="í" type="af">í</w>
            <w lemma="fyrri" type="lheovm">fyrra</w>
            <c type="pl">.</c>
          </s>
        </p>
      </div1>
    </body>
  </text>
</TEI>
