<?xml version="1.0" encoding="utf-8"?>
<TEI xmlns="http://www.tei-c.org/ns/1.0">
  <teiHeader>
    <fileDesc>
      <titleStmt>
        <title>
          <title type="main">Davíð spurði sölukonu hvort flytja mætti steininn úr landi</title>
        </title>
        <respStmt>
          <resp xml:lang="is">Söfnun og úrvinnsla texta</resp>
          <resp xml:lang="en">Collection and processing of text</resp>
          <name xml:lang="is">Stofnun Árna Magnússonar í íslenskum fræðum</name>
          <name xml:lang="en">The Arni Magnusson Institute for Icelandic Studies</name>
        </respStmt>
      </titleStmt>
      <editionStmt>
        <p xml:lang="is">Íslensk risamálheild (2019)</p>
        <p xml:lang="en">Tagged Icelandic Gigaword Corpus (2019)</p>
      </editionStmt>
      <publicationStmt>
        <distributor xml:lang="is">Stofnun Árna Magnússonar í íslenskum fræðum</distributor>
        <distributor xml:lang="en">The Arni Magnusson Institute for Icelandic Studies</distributor>
        <address>
          <addrLine xml:lang="is">Árnagarður við Suðurgötu, 107 Reykjavík, Íslandi</addrLine>
          <addrLine xml:lang="en">Árnagarður Suðurgata, 107 Reykjavik, Iceland</addrLine>
          <addrLine>
            <email>arnastofnun@arnastofnun.is</email>
          </addrLine>
        </address>
        <idno type="risam">G-25-2547400</idno>
        <availability>
          <p xml:lang="is">Þessi texti er til notkunar í málrannsóknum og máltækniverkefnum um allan heim með sérstöku leyfi, sjá rmh2Hdr.xml</p>
          <p xml:lang="en">This text is available for use in language research and language technology projects world wide with a special license, see rmh2Hdr.xml</p>
        </availability>
        <date>2020-05-26</date>
      </publicationStmt>
      <sourceDesc>
        <biblStruct>
          <analytic>
            <title>
              <title type="main">Davíð spurði sölukonu hvort flytja mætti steininn úr landi</title>
            </title>
            <date when="2013-03-13T12:00:00">13.03 2013 kl. 12:00:00</date>
          </analytic>
          <monogr>
            <title>Bylgjan</title>
            <imprint>
              <publisher>365 miðlar hf.</publisher>
              <pubPlace>Reykjavík</pubPlace>
            </imprint>
          </monogr>
        </biblStruct>
      </sourceDesc>
    </fileDesc>
    <encodingDesc>
      <projectDesc>
        <p xml:lang="is">Sjá lýsingu á verkefninu í rmh2Hdr.xml.</p>
        <p xml:lang="en">See description of project in rmh2Hdr.xml.</p>
      </projectDesc>
      <tagsDecl>
        <namespace name="http://www.tei-c.org/ns/1.0">
          <tagUsage gi="text" occurs="1"/>
          <tagUsage gi="body" occurs="1"/>
          <tagUsage gi="div1" occurs="1"/>
          <tagUsage gi="p" occurs="2"/>
          <tagUsage gi="s" occurs="12"/>
          <tagUsage gi="w" occurs="232"/>
          <tagUsage gi="c" occurs="16"/>
        </namespace>
      </tagsDecl>
    </encodingDesc>
    <profileDesc>
     <textClass>
      <keywords scheme="#RMH">
       <list>
        <item>Frétt – almennt</item>
       </list>
      </keywords>
     </textClass>
    </profileDesc>
  </teiHeader>
  <text>
    <body>
      <div1>
        <p n="1">
          <s n="1">
            <w lemma="Davíð" type="nken-s">Davíð</w>
            <w lemma="Örn" type="nken-s">Örn</w>
            <w lemma="Bjarnason" type="nken-s">Bjarnason</w>
            <w lemma="sem" type="ct">sem</w>
            <w lemma="sitja" type="sfg3en">situr</w>
            <w lemma="í" type="af">í</w>
            <w lemma="fangelsi" type="nheþ">fangelsi</w>
            <w lemma="í" type="af">í</w>
            <w lemma="Tyrkland" type="nheþ-s">Tyrklandi</w>
            <w lemma="gruna" type="sþgken">grunaður</w>
            <w lemma="um" type="af">um</w>
            <w lemma="smygl" type="nheo">smygl</w>
            <w lemma="á" type="af">á</w>
            <w lemma="fornminjar" type="nvfþ">fornminjum</w>
            <w lemma="segja" type="sfm3en">segist</w>
            <w lemma="aldrei" type="aa">aldrei</w>
            <w lemma="hafa" type="svg3eþ">hefði</w>
            <w lemma="kaupa" type="sþghen">keypt</w>
            <w lemma="skrautsteinn" type="nkeog">skrautsteininn</w>
            <w lemma="ef" type="c">ef</w>
            <w lemma="hann" type="fpken">hann</w>
            <w lemma="hafa" type="svg3eþ">hefði</w>
            <w lemma="vita" type="sþghen">vitað</w>
            <w lemma="að" type="c">að</w>
            <w lemma="það" type="fphen">það</w>
            <w lemma="vera" type="svg3eþ">væri</w>
            <w lemma="ólöglegur" type="lhensf">ólöglegt</w>
            <w lemma="að" type="cn">að</w>
            <w lemma="flytja" type="sng">flytja</w>
            <w lemma="hann" type="fpkeo">hann</w>
            <w lemma="úr" type="af">úr</w>
            <w lemma="land" type="nheþ">landi</w>
            <c type="pl">.</c>
          </s>
          <s n="2">
            <w lemma="þessi" type="fahen">Þetta</w>
            <w lemma="koma" type="sfg3en">kemur</w>
            <w lemma="fram" type="aa">fram</w>
            <w lemma="í" type="af">í</w>
            <w lemma="skýrsla" type="nveo">skýrslu</w>
            <w lemma="sem" type="ct">sem</w>
            <w lemma="fréttastofa" type="nven">fréttastofa</w>
            <w lemma="hafa" type="sfg3en">hefur</w>
            <w lemma="undir" type="af">undir</w>
            <w lemma="hönd" type="nvfþ">höndum</w>
            <c type="pl">.</c>
          </s>
        </p>
        <p n="2">
          <s n="1">
            <w lemma="aðalræðismaður" type="nken">Aðalræðismaður</w>
            <w lemma="Ísland" type="nhee-s">Íslands</w>
            <w lemma="í" type="af">í</w>
            <w lemma="Ankara" type="n-eþ-s">Ankara</w>
            <w lemma="senda" type="sfg3eþ">sendi</w>
            <w lemma="fréttastofa" type="nveo">fréttastofu</w>
            <w lemma="í" type="af">í</w>
            <w lemma="morgunn" type="nkeo">morgun</w>
            <w lemma="skriflegur" type="lheosf">skriflegt</w>
            <w lemma="afrit" type="nheo">afrit</w>
            <w lemma="af" type="af">af</w>
            <w lemma="framburður" type="nkeþ">framburði</w>
            <w lemma="Davíð" type="nkee-s">Davíðs</w>
            <w lemma="eftir" type="af">eftir</w>
            <w lemma="að" type="c">að</w>
            <w lemma="hann" type="fpken">hann</w>
            <w lemma="vera" type="sfg3eþ">var</w>
            <w lemma="handtaka" type="sþgken">handtekinn</w>
            <w lemma="og" type="c">og</w>
            <w lemma="yfirheyra" type="sþgken">yfirheyrður</w>
            <w lemma="um" type="af">um</w>
            <w lemma="kaup" type="nhfog">kaupin</w>
            <c type="pl">.</c>
          </s>
          <s n="2">
            <w lemma="þar" type="aa">Þar</w>
            <w lemma="segja" type="sfg3en">segir</w>
            <w lemma="hann" type="fpken">hann</w>
            <w lemma="leiðsögumaður" type="nkeo">leiðsögumann</w>
            <w lemma="ekki" type="aa">ekki</w>
            <w lemma="hafa" type="sng">hafa</w>
            <w lemma="vara" type="sþghen">varað</w>
            <w lemma="við" type="af">við</w>
            <w lemma="það" type="fpheþ">því</w>
            <w lemma="að" type="cn">að</w>
            <w lemma="kaupa" type="sng">kaupa</w>
            <w lemma="steinn" type="nkfo">steina</w>
            <w lemma="á" type="af">á</w>
            <w lemma="markaður" type="nkfþ">mörkuðum</w>
            <c type="pl">.</c>
          </s>
          <s n="3">
            <w lemma="steini" type="nkeng">Steininn</w>
            <w lemma="kaupa" type="sfg3eþ">keypti</w>
            <w lemma="Davíð" type="nkeo-s">Davíð</w>
            <w lemma="á" type="af">á</w>
            <w lemma="markaður" type="nkeþ">markaði</w>
            <w lemma="utan" type="aa">utan</w>
            <w lemma="við" type="af">við</w>
            <w lemma="Aspendos" type="n----s">Aspendos</w>
            <w lemma="fyrir" type="af">fyrir</w>
            <w lemma="30" type="ta">30</w>
            <w lemma="evra" type="nvfo">evrur</w>
            <c type="pl">.</c>
          </s>
          <s n="4">
            <w lemma="hann" type="fpken">Hann</w>
            <w lemma="segja" type="sfm3en">segist</w>
            <w lemma="sérstaklega" type="aa">sérstaklega</w>
            <w lemma="hafa" type="sng">hafa</w>
            <w lemma="spyrja" type="sþghen">spurt</w>
            <w lemma="sölukona" type="nveog">sölukonuna</w>
            <w lemma="hvort" type="c">hvort</w>
            <w lemma="löglegur" type="lhensf">löglegt</w>
            <w lemma="vera" type="svg3eþ">væri</w>
            <w lemma="að" type="cn">að</w>
            <w lemma="flytja" type="sng">flytja</w>
            <w lemma="hann" type="fpkeo">hann</w>
            <w lemma="úr" type="af">úr</w>
            <w lemma="land" type="nheþ">landi</w>
            <w lemma="og" type="c">og</w>
            <w lemma="hún" type="fpven">hún</w>
            <w lemma="hafa" type="svg3en">hafi</w>
            <w lemma="segja" type="sþghen">sagt</w>
            <w lemma="svo" type="aa">svo</w>
            <w lemma="vera" type="sng">vera</w>
            <c type="pl">.</c>
          </s>
          <s n="5">
            <w lemma="í" type="af">Í</w>
            <w lemma="skýrsla" type="nveþg">skýrslunni</w>
            <w lemma="koma" type="sfg3en">kemur</w>
            <w lemma="fram" type="aa">fram</w>
            <w lemma="að" type="c">að</w>
            <w lemma="Davíð" type="nken-s">Davíð</w>
            <w lemma="hafa" type="svg3en">hafi</w>
            <w lemma="sýna" type="sþghen">sýnt</w>
            <w lemma="marmarasteinn" type="nkeþg">marmarasteininum</w>
            <w lemma="sérstakur" type="lkeosf">sérstakan</w>
            <w lemma="áhugi" type="nkeo">áhuga</w>
            <w lemma="það" type="fpheþ">því</w>
            <w lemma="hann" type="fpken">hann</w>
            <w lemma="hafa" type="svg3en">hafi</w>
            <w lemma="vinna" type="sþghen">unnið</w>
            <w lemma="að" type="af">að</w>
            <w lemma="húsaskreytingur" type="nkfþ">húsaskreytingum</w>
            <w lemma="og" type="c">og</w>
            <w lemma="að" type="c">að</w>
            <w lemma="steinn" type="nkeng">steinninn</w>
            <w lemma="geta" type="svg3eþ">gæti</w>
            <w lemma="henta" type="sþghen">hentað</w>
            <w lemma="vel" type="aa">vel</w>
            <w lemma="til" type="af">til</w>
            <w lemma="það" type="fphee">þess</w>
            <c type="pl">.</c>
          </s>
          <s n="6">
            <w lemma="Davíð" type="nken-s">Davíð</w>
            <w lemma="hafa" type="sfg3en">hefur</w>
            <w lemma="fara" type="sþghen">farið</w>
            <w lemma="fram" type="aa">fram</w>
            <w lemma="á" type="af">á</w>
            <w lemma="að" type="cn">að</w>
            <w lemma="fá" type="sng">fá</w>
            <w lemma="að" type="cn">að</w>
            <w lemma="hringja" type="sng">hringja</w>
            <w lemma="í" type="af">í</w>
            <w lemma="kona" type="nveo">konu</w>
            <w lemma="sinn" type="feveo">sína</w>
            <w lemma="og" type="c">og</w>
            <w lemma="barn" type="nhfo">börn</w>
            <w lemma="úr" type="af">úr</w>
            <w lemma="fangelsi" type="nheþg">fangelsinu</w>
            <c type="pk">,</c>
            <w lemma="enn" type="aa">enn</w>
            <w lemma="hafa" type="sfg3en">hefur</w>
            <w lemma="hinn" type="fakee">hins</w>
            <w lemma="vegur" type="nkee">vegar</w>
            <w lemma="ekki" type="aa">ekki</w>
            <w lemma="verða" type="sþghen">orðið</w>
            <w lemma="af" type="af">af</w>
            <w lemma="það" type="fpheþ">því</w>
            <c type="pl">.</c>
          </s>
          <s n="7">
            <w lemma="aðstoðarkona" type="nven">Aðstoðarkona</w>
            <w lemma="ræðismaður" type="nkeeg">ræðismannsins</w>
            <w lemma="heimsækja" type="sfg3eþ">heimsótti</w>
            <w lemma="Davíð" type="nkeþ-s">Davíð</w>
            <w lemma="í" type="af">í</w>
            <w lemma="fangelsi" type="nheog">fangelsið</w>
            <c type="pk">,</c>
            <w lemma="hann" type="fpken">hann</w>
            <w lemma="deila" type="sfg3en">deilir</w>
            <w lemma="klefi" type="nkeþ">klefa</w>
            <w lemma="með" type="af">með</w>
            <w lemma="tveir" type="tfkfþ">tveimur</w>
            <w lemma="Þjóðverji" type="nkfþ-s">Þjóðverjum</w>
            <w lemma="sem" type="ct">sem</w>
            <w lemma="hafa" type="sfg3fn">hafa</w>
            <w lemma="vera" type="sþghen">verið</w>
            <w lemma="hann" type="fpkeþ">honum</w>
            <w lemma="innan" type="af">innan</w>
            <w lemma="hönd" type="nvee">handar</w>
            <w lemma="og" type="c">og</w>
            <w lemma="m.a." type="ks">m.a.</w>
            <w lemma="útvega" type="sþghen">útvegað</w>
            <w lemma="hann" type="fpkeþ">honum</w>
            <w lemma="föt" type="nhfo">föt</w>
            <c type="pl">.</c>
          </s>
          <s n="8">
            <w lemma="Davíð" type="nken-s">Davíð</w>
            <w lemma="glíma" type="sfg3en">glímir</w>
            <w lemma="ekki" type="aa">ekki</w>
            <w lemma="við" type="af">við</w>
            <w lemma="heilsufarsvandamál" type="nheo">heilsufarsvandamál</w>
            <w lemma="utan" type="af">utan</w>
            <w lemma="magaverkur" type="nkfe">magaverkja</w>
            <w lemma="vegna" type="af">vegna</w>
            <w lemma="matur" type="nkeeg">matarins</w>
            <w lemma="í" type="af">í</w>
            <w lemma="fangelsi" type="nheþg">fangelsinu</w>
            <c type="pl">.</c>
          </s>
          <s n="9">
            <w lemma="starfsmaður" type="nken">Starfsmaður</w>
            <w lemma="íslenskur" type="lheevf">íslenska</w>
            <w lemma="utanríkisráðuneyti" type="nheeg">utanríkisráðuneytisins</w>
            <w lemma="fara" type="sfg3eþ">fór</w>
            <w lemma="utan" type="aa">utan</w>
            <w lemma="í" type="af">í</w>
            <w lemma="morgunn" type="nkeo">morgun</w>
            <w lemma="til" type="af">til</w>
            <w lemma="að" type="cn">að</w>
            <w lemma="aðstoða" type="sng">aðstoða</w>
            <w lemma="Davíð" type="nkeo-s">Davíð</w>
            <c type="pk">,</c>
            <w lemma="enn" type="aa">enn</w>
            <w lemma="hafa" type="sfg3en">hefur</w>
            <w lemma="ekki" type="aa">ekki</w>
            <w lemma="vera" type="sþghen">verið</w>
            <w lemma="ákveða" type="sþghen">ákveðið</w>
            <w lemma="hvenær" type="aa">hvenær</w>
            <w lemma="hann" type="fpken">hann</w>
            <w lemma="verða" type="sfg3en">verður</w>
            <w lemma="leiða" type="sþgken">leiddur</w>
            <w lemma="fyrir" type="af">fyrir</w>
            <w lemma="dómari" type="nkeþ">dómara</w>
            <c type="pl">.</c>
          </s>
          <s n="10">
            <w lemma="það" type="fphee">Þess</w>
            <w lemma="mega" type="sfg3en">má</w>
            <w lemma="geta" type="sng">geta</w>
            <w lemma="að" type="c">að</w>
            <w lemma="stofna" type="sþgken">stofnaður</w>
            <w lemma="hafa" type="sfg3en">hefur</w>
            <w lemma="vera" type="sþghen">verið</w>
            <w lemma="styrktarreikningur" type="nken">styrktarreikningur</w>
            <w lemma="fyrir" type="af">fyrir</w>
            <w lemma="Davíð" type="nkeo-s">Davíð</w>
            <w lemma="og" type="c">og</w>
            <w lemma="fjölskylda" type="nveo">fjölskyldu</w>
            <w lemma="hann" type="fpkee">hans</w>
            <c type="pk">,</c>
            <w lemma="reikningsnúmer" type="nheog">reikningsnúmerið</w>
            <w lemma="mega" type="sfg3en">má</w>
            <w lemma="finna" type="sng">finna</w>
            <w lemma="á" type="af">á</w>
            <w lemma="Vís" type="nkeþ-s">Vísi</w>
            <c type="pl">.</c>
          </s>
        </p>
      </div1>
    </body>
  </text>
</TEI>
