<?xml version="1.0" encoding="utf-8"?>
<TEI xmlns="http://www.tei-c.org/ns/1.0">
  <teiHeader>
    <fileDesc>
      <titleStmt>
        <title>
          <title type="main">Heitavatnslögn sprakk</title>
        </title>
        <respStmt>
          <resp xml:lang="is">Söfnun og úrvinnsla texta</resp>
          <resp xml:lang="en">Collection and processing of text</resp>
          <name xml:lang="is">Stofnun Árna Magnússonar í íslenskum fræðum</name>
          <name xml:lang="en">The Arni Magnusson Institute for Icelandic Studies</name>
        </respStmt>
      </titleStmt>
      <editionStmt>
        <p xml:lang="is">Íslensk risamálheild (2019)</p>
        <p xml:lang="en">Tagged Icelandic Gigaword Corpus (2019)</p>
      </editionStmt>
      <publicationStmt>
        <distributor xml:lang="is">Stofnun Árna Magnússonar í íslenskum fræðum</distributor>
        <distributor xml:lang="en">The Arni Magnusson Institute for Icelandic Studies</distributor>
        <address>
          <addrLine xml:lang="is">Árnagarður við Suðurgötu, 107 Reykjavík, Íslandi</addrLine>
          <addrLine xml:lang="en">Árnagarður Suðurgata, 107 Reykjavik, Iceland</addrLine>
          <addrLine>
            <email>arnastofnun@arnastofnun.is</email>
          </addrLine>
        </address>
        <idno type="risam">G-25-2546419</idno>
        <availability>
          <p xml:lang="is">Þessi texti er til notkunar í málrannsóknum og máltækniverkefnum um allan heim með sérstöku leyfi, sjá rmh2Hdr.xml</p>
          <p xml:lang="en">This text is available for use in language research and language technology projects world wide with a special license, see rmh2Hdr.xml</p>
        </availability>
        <date>2020-05-26</date>
      </publicationStmt>
      <sourceDesc>
        <biblStruct>
          <analytic>
            <title>
              <title type="main">Heitavatnslögn sprakk</title>
            </title>
            <date when="2013-03-21T08:00:00">21.03 2013 kl. 08:00:00</date>
          </analytic>
          <monogr>
            <title>Bylgjan</title>
            <imprint>
              <publisher>365 miðlar hf.</publisher>
              <pubPlace>Reykjavík</pubPlace>
            </imprint>
          </monogr>
        </biblStruct>
      </sourceDesc>
    </fileDesc>
    <encodingDesc>
      <projectDesc>
        <p xml:lang="is">Sjá lýsingu á verkefninu í rmh2Hdr.xml.</p>
        <p xml:lang="en">See description of project in rmh2Hdr.xml.</p>
      </projectDesc>
      <tagsDecl>
        <namespace name="http://www.tei-c.org/ns/1.0">
          <tagUsage gi="text" occurs="1"/>
          <tagUsage gi="body" occurs="1"/>
          <tagUsage gi="div1" occurs="1"/>
          <tagUsage gi="p" occurs="1"/>
          <tagUsage gi="s" occurs="3"/>
          <tagUsage gi="w" occurs="63"/>
          <tagUsage gi="c" occurs="3"/>
        </namespace>
      </tagsDecl>
    </encodingDesc>
    <profileDesc>
     <textClass>
      <keywords scheme="#RMH">
       <list>
        <item>Frétt – almennt</item>
       </list>
      </keywords>
     </textClass>
    </profileDesc>
  </teiHeader>
  <text>
    <body>
      <div1>
        <p n="1">
          <s n="1">
            <w lemma="heitavatnslögn" type="nven">Heitavatnslögn</w>
            <w lemma="springa" type="sfg3eþ">sprakk</w>
            <w lemma="í" type="af">í</w>
            <w lemma="eldhús" type="nheþ">eldhúsi</w>
            <w lemma="íbúð" type="nvee">íbúðar</w>
            <w lemma="í" type="af">í</w>
            <w lemma="fjölbýlishús" type="nheþ">fjölbýlishúsi</w>
            <w lemma="við" type="af">við</w>
            <w lemma="Álftamýri" type="nveo-s">Álftamýri</w>
            <w lemma="í" type="af">í</w>
            <w lemma="Reykjavík" type="nveþ-s">Reykjavík</w>
            <w lemma="á" type="af">á</w>
            <w lemma="fjórði" type="lkeþvf">fjórða</w>
            <w lemma="tími" type="nkeþg">tímanum</w>
            <w lemma="í" type="af">í</w>
            <w lemma="nótt" type="nveo">nótt</w>
            <w lemma="og" type="c">og</w>
            <w lemma="fara" type="sfg3eþ">fór</w>
            <w lemma="heitur" type="lhensf">heitt</w>
            <w lemma="vatn" type="nhen">vatn</w>
            <w lemma="að" type="cn">að</w>
            <w lemma="flæða" type="sng">flæða</w>
            <w lemma="út" type="aa">út</w>
            <c type="pl">.</c>
          </s>
          <s n="2">
            <w lemma="svo" type="aa">Svo</w>
            <w lemma="vel" type="aa">vel</w>
            <w lemma="vilja" type="sfg3eþ">vildi</w>
            <w lemma="til" type="af">til</w>
            <w lemma="að" type="c">að</w>
            <w lemma="íbúi" type="nkfng">íbúarnir</w>
            <w lemma="vakna" type="svg3fþ">vöknuðu</w>
            <w lemma="strax" type="aa">strax</w>
            <w lemma="við" type="af">við</w>
            <w lemma="þessi" type="faheo">þetta</w>
            <w lemma="og" type="c">og</w>
            <w lemma="kalla" type="sfg3fþ">kölluðu</w>
            <w lemma="þegar" type="aa">þegar</w>
            <w lemma="á" type="af">á</w>
            <w lemma="slökkvilið" type="nheo">slökkvilið</w>
            <c type="pl">.</c>
          </s>
          <s n="3">
            <w lemma="slökkviliðsmaður" type="nkfn">Slökkviliðsmenn</w>
            <w lemma="stöðva" type="sfg3fþ">stöðvuðu</w>
            <w lemma="leki" type="nkeog">lekann</w>
            <w lemma="og" type="c">og</w>
            <w lemma="hreinsa" type="sfg3fþ">hreinsuðu</w>
            <w lemma="vatn" type="nheo">vatn</w>
            <w lemma="af" type="af">af</w>
            <w lemma="gólf" type="nhfþ">gólfum</w>
            <w lemma="en" type="c">en</w>
            <w lemma="telja" type="sþghen">talið</w>
            <w lemma="vera" type="sfg3en">er</w>
            <w lemma="að" type="c">að</w>
            <w lemma="tjón" type="nheng">tjónið</w>
            <w lemma="vera" type="svg3en">sé</w>
            <w lemma="ekki" type="aa">ekki</w>
            <w lemma="mikill" type="lhensf">mikið</w>
            <w lemma="vegna" type="af">vegna</w>
            <w lemma="það" type="fphee">þess</w>
            <w lemma="hversu" type="aa">hversu</w>
            <w lemma="fljótt" type="aa">fljótt</w>
            <w lemma="vera" type="sfg3eþ">var</w>
            <w lemma="hægur" type="lhensf">hægt</w>
            <w lemma="að" type="cn">að</w>
            <w lemma="stöðva" type="sng">stöðva</w>
            <w lemma="leki" type="nkeog">lekann</w>
            <c type="pl">.</c>
          </s>
        </p>
      </div1>
    </body>
  </text>
</TEI>
