<?xml version="1.0" encoding="utf-8"?>
<TEI xmlns="http://www.tei-c.org/ns/1.0">
  <teiHeader>
    <fileDesc>
      <titleStmt>
        <title>
          <title type="main">Bandaríkin - Kom lífið á jörðinni utan úr geimnum?</title>
        </title>
        <respStmt>
          <resp xml:lang="is">Söfnun og úrvinnsla texta</resp>
          <resp xml:lang="en">Collection and processing of text</resp>
          <name xml:lang="is">Stofnun Árna Magnússonar í íslenskum fræðum</name>
          <name xml:lang="en">The Arni Magnusson Institute for Icelandic Studies</name>
        </respStmt>
      </titleStmt>
      <editionStmt>
        <p xml:lang="is">Íslensk risamálheild (2019)</p>
        <p xml:lang="en">Tagged Icelandic Gigaword Corpus (2019)</p>
      </editionStmt>
      <publicationStmt>
        <distributor xml:lang="is">Stofnun Árna Magnússonar í íslenskum fræðum</distributor>
        <distributor xml:lang="en">The Arni Magnusson Institute for Icelandic Studies</distributor>
        <address>
          <addrLine xml:lang="is">Árnagarður við Suðurgötu, 107 Reykjavík, Íslandi</addrLine>
          <addrLine xml:lang="en">Árnagarður Suðurgata, 107 Reykjavik, Iceland</addrLine>
          <addrLine>
            <email>arnastofnun@arnastofnun.is</email>
          </addrLine>
        </address>
        <idno type="risam">G-25-2545106</idno>
        <availability>
          <p xml:lang="is">Þessi texti er til notkunar í málrannsóknum og máltækniverkefnum um allan heim með sérstöku leyfi, sjá rmh2Hdr.xml</p>
          <p xml:lang="en">This text is available for use in language research and language technology projects world wide with a special license, see rmh2Hdr.xml</p>
        </availability>
        <date>2020-05-26</date>
      </publicationStmt>
      <sourceDesc>
        <biblStruct>
          <analytic>
            <title>
              <title type="main">Bandaríkin - Kom lífið á jörðinni utan úr geimnum?</title>
            </title>
            <date when="2013-03-08T08:00:00">08.03 2013 kl. 08:00:00</date>
          </analytic>
          <monogr>
            <title>Bylgjan</title>
            <imprint>
              <publisher>365 miðlar hf.</publisher>
              <pubPlace>Reykjavík</pubPlace>
            </imprint>
          </monogr>
        </biblStruct>
      </sourceDesc>
    </fileDesc>
    <encodingDesc>
      <projectDesc>
        <p xml:lang="is">Sjá lýsingu á verkefninu í rmh2Hdr.xml.</p>
        <p xml:lang="en">See description of project in rmh2Hdr.xml.</p>
      </projectDesc>
      <tagsDecl>
        <namespace name="http://www.tei-c.org/ns/1.0">
          <tagUsage gi="text" occurs="1"/>
          <tagUsage gi="body" occurs="1"/>
          <tagUsage gi="div1" occurs="1"/>
          <tagUsage gi="p" occurs="1"/>
          <tagUsage gi="s" occurs="1"/>
          <tagUsage gi="w" occurs="23"/>
          <tagUsage gi="c" occurs="1"/>
        </namespace>
      </tagsDecl>
    </encodingDesc>
    <profileDesc>
     <textClass>
      <keywords scheme="#RMH">
       <list>
        <item>Frétt – almennt</item>
       </list>
      </keywords>
     </textClass>
    </profileDesc>
  </teiHeader>
  <text>
    <body>
      <div1>
        <p n="1">
          <s n="1">
            <w lemma="vísindamaður" type="nkfn">Vísindamenn</w>
            <w lemma="telja" type="sfg3fn">telja</w>
            <w lemma="að" type="c">að</w>
            <w lemma="líf" type="nheng">lífið</w>
            <w lemma="á" type="af">á</w>
            <w lemma="jörð" type="nveþg">jörðinni</w>
            <w lemma="hafa" type="svg3en">hafi</w>
            <w lemma="vel" type="aa">vel</w>
            <w lemma="hugsanlega" type="aa">hugsanlega</w>
            <w lemma="koma" type="sþghen">komið</w>
            <w lemma="utan" type="aa">utan</w>
            <w lemma="úr" type="af">úr</w>
            <w lemma="geimur" type="nkeþg">geimnum</w>
            <w lemma="í" type="af">í</w>
            <w lemma="upphaf" type="nheþ">upphafi</w>
            <w lemma="og" type="c">og</w>
            <w lemma="þá" type="aa">þá</w>
            <w lemma="annar" type="fohen">annað</w>
            <w lemma="hvort" type="c">hvort</w>
            <w lemma="með" type="af">með</w>
            <w lemma="halastjarna" type="nveþ">halastjörnu</w>
            <w lemma="eða" type="c">eða</w>
            <w lemma="loftsteinn" type="nkeþ">loftsteini</w>
            <c type="pl">.</c>
          </s>
        </p>
      </div1>
    </body>
  </text>
</TEI>
