<?xml version="1.0" encoding="utf-8"?>
<TEI xmlns="http://www.tei-c.org/ns/1.0">
  <teiHeader>
    <fileDesc>
      <titleStmt>
        <title>
          <title type="main">Kínverskt flutningaskip siglir norðausturleiðina</title>
        </title>
        <respStmt>
          <resp xml:lang="is">Söfnun og úrvinnsla texta</resp>
          <resp xml:lang="en">Collection and processing of text</resp>
          <name xml:lang="is">Stofnun Árna Magnússonar í íslenskum fræðum</name>
          <name xml:lang="en">The Arni Magnusson Institute for Icelandic Studies</name>
        </respStmt>
      </titleStmt>
      <editionStmt>
        <p xml:lang="is">Íslensk risamálheild (2019)</p>
        <p xml:lang="en">Tagged Icelandic Gigaword Corpus (2019)</p>
      </editionStmt>
      <publicationStmt>
        <distributor xml:lang="is">Stofnun Árna Magnússonar í íslenskum fræðum</distributor>
        <distributor xml:lang="en">The Arni Magnusson Institute for Icelandic Studies</distributor>
        <address>
          <addrLine xml:lang="is">Árnagarður við Suðurgötu, 107 Reykjavík, Íslandi</addrLine>
          <addrLine xml:lang="en">Árnagarður Suðurgata, 107 Reykjavik, Iceland</addrLine>
          <addrLine>
            <email>arnastofnun@arnastofnun.is</email>
          </addrLine>
        </address>
        <idno type="risam">G-25-2539511</idno>
        <availability>
          <p xml:lang="is">Þessi texti er til notkunar í málrannsóknum og máltækniverkefnum um allan heim með sérstöku leyfi, sjá rmh2Hdr.xml</p>
          <p xml:lang="en">This text is available for use in language research and language technology projects world wide with a special license, see rmh2Hdr.xml</p>
        </availability>
        <date>2020-05-26</date>
      </publicationStmt>
      <sourceDesc>
        <biblStruct>
          <analytic>
            <title>
              <title type="main">Kínverskt flutningaskip siglir norðausturleiðina</title>
            </title>
            <date when="2013-03-13T12:00:00">13.03 2013 kl. 12:00:00</date>
          </analytic>
          <monogr>
            <title>Bylgjan</title>
            <imprint>
              <publisher>365 miðlar hf.</publisher>
              <pubPlace>Reykjavík</pubPlace>
            </imprint>
          </monogr>
        </biblStruct>
      </sourceDesc>
    </fileDesc>
    <encodingDesc>
      <projectDesc>
        <p xml:lang="is">Sjá lýsingu á verkefninu í rmh2Hdr.xml.</p>
        <p xml:lang="en">See description of project in rmh2Hdr.xml.</p>
      </projectDesc>
      <tagsDecl>
        <namespace name="http://www.tei-c.org/ns/1.0">
          <tagUsage gi="text" occurs="1"/>
          <tagUsage gi="body" occurs="1"/>
          <tagUsage gi="div1" occurs="1"/>
          <tagUsage gi="p" occurs="2"/>
          <tagUsage gi="s" occurs="10"/>
          <tagUsage gi="w" occurs="195"/>
          <tagUsage gi="c" occurs="15"/>
        </namespace>
      </tagsDecl>
    </encodingDesc>
    <profileDesc>
     <textClass>
      <keywords scheme="#RMH">
       <list>
        <item>Frétt – almennt</item>
       </list>
      </keywords>
     </textClass>
    </profileDesc>
  </teiHeader>
  <text>
    <body>
      <div1>
        <p n="1">
          <s n="1">
            <c type="pa">...</c>
            <w lemma="ætla" type="sfg3en">ætlar</w>
            <w lemma="að" type="cn">að</w>
            <w lemma="senda" type="sng">senda</w>
            <w lemma="fullhlaðinn" type="lheosf">fullhlaðið</w>
            <w lemma="flutningaskip" type="nheo">flutningaskip</w>
            <w lemma="frá" type="af">frá</w>
            <w lemma="Kína" type="nheþ-s">Kína</w>
            <w lemma="til" type="af">til</w>
            <w lemma="Evrópa" type="nvee-s">Evrópu</w>
            <w lemma="í" type="aa">í</w>
            <w lemma="gegnum" type="af">gegnum</w>
            <w lemma="Norður-Íshaf" type="nheogs">Norður-Íshafið</w>
            <w lemma="eða" type="c">eða</w>
            <w lemma="um" type="af">um</w>
            <w lemma="norðausturleið" type="nveog">norðausturleiðina</w>
            <w lemma="meðfram" type="af">meðfram</w>
            <w lemma="Rússland" type="nheþ-s">Rússlandi</w>
            <w lemma="og" type="c">og</w>
            <w lemma="Noregur" type="nkeþ-s">Noregi</w>
            <w lemma="í" type="af">í</w>
            <w lemma="sumar" type="nheo">sumar</w>
            <c type="pl">.</c>
          </s>
        </p>
        <p n="2">
          <s n="1">
            <w lemma="skip" type="nheng">Skipið</w>
            <w lemma="munu" type="sfg3en">mun</w>
            <w lemma="fara" type="sng">fara</w>
            <w lemma="sami" type="fbveo">sömu</w>
            <w lemma="leið" type="nveo">leið</w>
            <w lemma="og" type="c">og</w>
            <w lemma="ísbrjótur" type="nkeng">ísbrjóturinn</w>
            <w lemma="Snædreki" type="nkengs">Snædrekinn</w>
            <w lemma="fara" type="sfg3eþ">fór</w>
            <w lemma="síðari" type="lheove">síðasta</w>
            <w lemma="sumar" type="nheo">sumar</w>
            <w lemma="en" type="c">en</w>
            <w lemma="ísbrjótur" type="nkeng">ísbrjóturinn</w>
            <w lemma="koma" type="sfg3eþ">kom</w>
            <w lemma="hingað" type="aa">hingað</w>
            <w lemma="til" type="af">til</w>
            <w lemma="land" type="nhee">lands</w>
            <w lemma="í" type="af">í</w>
            <w lemma="lok" type="nhfo">lok</w>
            <w lemma="sá" type="favee">þeirrar</w>
            <w lemma="sigling" type="nvee">siglingar</w>
            <c type="pl">.</c>
          </s>
          <s n="2">
            <w lemma="í" type="af">Í</w>
            <w lemma="frétt" type="nveþ">frétt</w>
            <w lemma="um" type="af">um</w>
            <w lemma="mál" type="nheog">málið</w>
            <w lemma="á" type="af">á</w>
            <w lemma="Reuters" type="n----s">Reuters</w>
            <w lemma="segja" type="sfg3en">segir</w>
            <w lemma="að" type="c">að</w>
            <w lemma="góður" type="lkensf">góður</w>
            <w lemma="árangur" type="nken">árangur</w>
            <w lemma="Snædreki" type="nkeegs">Snædrekans</w>
            <w lemma="vera" type="svg3en">sé</w>
            <w lemma="grundvöllur" type="nken">grundvöllur</w>
            <w lemma="það" type="fphee">þess</w>
            <w lemma="að" type="c">að</w>
            <w lemma="skipafélag" type="nheng">skipafélagið</w>
            <w lemma="ætla" type="svg3en">ætli</w>
            <w lemma="að" type="cn">að</w>
            <w lemma="senda" type="sng">senda</w>
            <w lemma="einn" type="tfheo">eitt</w>
            <w lemma="af" type="af">af</w>
            <w lemma="flutningaskip" type="nhfþ">flutningaskipum</w>
            <w lemma="sinn" type="fehfþ">sínum</w>
            <w lemma="þessi" type="faveo">þessa</w>
            <w lemma="leið" type="nveo">leið</w>
            <w lemma="í" type="af">í</w>
            <w lemma="sumar" type="nheo">sumar</w>
            <c type="pl">.</c>
          </s>
          <s n="3">
            <w lemma="áætla" type="sþghen">Áætlað</w>
            <w lemma="vera" type="sfg3en">er</w>
            <w lemma="að" type="c">að</w>
            <w lemma="reglulegur" type="lvfnsf">reglulegar</w>
            <w lemma="sigling" type="nvfn">siglingar</w>
            <w lemma="flutningaskip" type="nhfe">flutningaskipa</w>
            <w lemma="frá" type="af">frá</w>
            <w lemma="Kína" type="nheþ-s">Kína</w>
            <w lemma="til" type="af">til</w>
            <w lemma="Evrópa" type="nvee-s">Evrópu</w>
            <w lemma="verða" type="svg3en">verði</w>
            <w lemma="á" type="af">á</w>
            <w lemma="þessi" type="faveþ">þessari</w>
            <w lemma="leið" type="nveþ">leið</w>
            <w lemma="strax" type="aa">strax</w>
            <w lemma="ár" type="nheog">árið</w>
            <w lemma="2020" type="ta">2020</w>
            <c type="pl">.</c>
          </s>
          <s n="4">
            <w lemma="norðausturleið" type="nveng">Norðausturleiðin</w>
            <w lemma="milli" type="af">milli</w>
            <w lemma="Kína" type="nhee-s">Kína</w>
            <w lemma="og" type="c">og</w>
            <w lemma="Evrópa" type="nvee-s">Evrópu</w>
            <w lemma="vera" type="sfg3en">er</w>
            <w lemma="rúmlega" type="aa">rúmlega</w>
            <w lemma="5" type="to">5</w>
            <w lemma="þúsund" type="tfkfþ">þúsund</w>
            <w lemma="kílómetri" type="nkfþ">kílómetrum</w>
            <w lemma="stuttur" type="lhfnvm">styttri</w>
            <w lemma="en" type="c">en</w>
            <w lemma="núverandi" type="lvenof">núverandi</w>
            <w lemma="siglingaleið" type="nven">siglingaleið</w>
            <w lemma="í" type="af">í</w>
            <w lemma="ganga" type="sfg1fþ">gengum</w>
            <w lemma="Súesskurði" type="nkengs">Súesskurðinn</w>
            <c type="pl">.</c>
          </s>
          <s n="5">
            <w lemma="því" type="aa">Því</w>
            <w lemma="vera" type="sfg3en">er</w>
            <w lemma="hægur" type="lhensf">hægt</w>
            <w lemma="að" type="cn">að</w>
            <w lemma="spara" type="sng">spara</w>
            <w lemma="mikill" type="lkeosf">mikinn</w>
            <w lemma="siglingatími" type="nkeo">siglingatíma</w>
            <w lemma="og" type="c">og</w>
            <w lemma="eldsneyti" type="nheo">eldsneyti</w>
            <w lemma="með" type="af">með</w>
            <w lemma="það" type="fpheþ">því</w>
            <w lemma="að" type="cn">að</w>
            <w lemma="fara" type="sng">fara</w>
            <w lemma="hún" type="fpveo">hana</w>
            <c type="pl">.</c>
          </s>
          <s n="6">
            <w lemma="í" type="af">Í</w>
            <w lemma="hinn" type="gveþ">hinni</w>
            <w lemma="sögulegur" type="lveþvf">sögulegu</w>
            <w lemma="för" type="nveþ">för</w>
            <w lemma="Snædreki" type="nkeegs">Snædrekans</w>
            <w lemma="síðari" type="lhenve">síðasta</w>
            <w lemma="sumar" type="nheo">sumar</w>
            <w lemma="vera" type="sfg3fþ">voru</w>
            <w lemma="tveir" type="tfkfn">tveir</w>
            <w lemma="Íslendingur" type="nkfn-s">Íslendingar</w>
            <w lemma="um" type="af">um</w>
            <w lemma="borð" type="nheo">borð</w>
            <w lemma="í" type="af">í</w>
            <w lemma="ísbrjótur" type="nkeþg">ísbrjótnum</w>
            <c type="pl">.</c>
          </s>
          <s n="7">
            <w lemma="Egill" type="nken-s">Egill</w>
            <w lemma="Þór" type="nken-s">Þór</w>
            <w lemma="Níelsson" type="nken-s">Níelsson</w>
            <c type="pk">,</c>
            <w lemma="gistifræðimaður" type="nken">gistifræðimaður</w>
            <w lemma="við" type="af">við</w>
            <w lemma="Heimskautastofnun" type="nveo-s">Heimskautastofnun</w>
            <w lemma="Kína" type="nheo-s">Kína</w>
            <c type="pk">,</c>
            <w lemma="vera" type="sfg3eþ">var</w>
            <w lemma="með" type="aa">með</w>
            <w lemma="í" type="af">í</w>
            <w lemma="för" type="nveþg">förinni</w>
            <w lemma="frá" type="af">frá</w>
            <w lemma="upphaf" type="nheþ">upphafi</w>
            <c type="pl">.</c>
          </s>
          <s n="8">
            <w lemma="Ingibjörg" type="nven-s">Ingibjörg</w>
            <w lemma="Jónsdóttir" type="nven-s">Jónsdóttir</w>
            <c type="pk">,</c>
            <w lemma="dósent" type="nken">dósent</w>
            <w lemma="við" type="af">við</w>
            <w lemma="Háskóli" type="nkeo-s">Háskóla</w>
            <w lemma="Ísland" type="nhee-s">Íslands</w>
            <c type="pk">,</c>
            <w lemma="vera" type="sfg3eþ">var</w>
            <w lemma="með" type="aa">með</w>
            <w lemma="um" type="af">um</w>
            <w lemma="borð" type="nheo">borð</w>
            <w lemma="þegar" type="c">þegar</w>
            <w lemma="ísbrjótur" type="nkeng">ísbrjóturinn</w>
            <w lemma="halda" type="sfg3eþ">hélt</w>
            <w lemma="aftur" type="aa">aftur</w>
            <w lemma="heim" type="aa">heim</w>
            <w lemma="á" type="af">á</w>
            <w lemma="leið" type="nveo">leið</w>
            <w lemma="frá" type="af">frá</w>
            <w lemma="Ísland" type="nheþ-s">Íslandi</w>
            <w lemma="yfir" type="af">yfir</w>
            <w lemma="Norðurpóll" type="nkeogs">Norðurpólinn</w>
            <w lemma="og" type="c">og</w>
            <w lemma="til" type="af">til</w>
            <w lemma="Kína" type="nhee-s">Kína</w>
            <c type="pl">.</c>
          </s>
          <s n="9">
            <w lemma="vísindamaður" type="nkfng">Vísindamennirnir</w>
            <w lemma="um" type="af">um</w>
            <w lemma="borð" type="nheo">borð</w>
            <w lemma="í" type="af">í</w>
            <w lemma="Snædreki" type="nkeþgs">Snædrekanum</w>
            <w lemma="safna" type="sfg3fþ">söfnuðu</w>
            <w lemma="saman" type="aa">saman</w>
            <w lemma="aragrúi" type="nkeo">aragrúa</w>
            <w lemma="upplýsing" type="nvfe">upplýsinga</w>
            <w lemma="um" type="af">um</w>
            <w lemma="norðausturleið" type="nveog">norðausturleiðina</w>
            <w lemma="sá" type="fakeo">þann</w>
            <w lemma="rúmur" type="lkeovf">rúma</w>
            <w lemma="mánuður" type="nkeo">mánuð</w>
            <w lemma="sem" type="ct">sem</w>
            <w lemma="sigling" type="nveng">siglingin</w>
            <w lemma="taka" type="sfg3eþ">tók</w>
            <w lemma="frá" type="af">frá</w>
            <w lemma="Qingdao" type="n----s">Qingdao</w>
            <w lemma="í" type="af">í</w>
            <w lemma="Kína" type="nheþ-s">Kína</w>
            <w lemma="til" type="af">til</w>
            <w lemma="Reykjavík" type="nvee-s">Reykjavíkur</w>
            <w lemma="og" type="c">og</w>
            <w lemma="einnig" type="aa">einnig</w>
            <w lemma="á" type="af">á</w>
            <w lemma="bakaleið" type="nveþg">bakaleiðinni</w>
            <c type="pl">.</c>
          </s>
        </p>
      </div1>
    </body>
  </text>
</TEI>
