<?xml version="1.0" encoding="utf-8"?>
<TEI xmlns="http://www.tei-c.org/ns/1.0">
  <teiHeader>
    <fileDesc>
      <titleStmt>
        <title>
          <title type="main">Bláfjöll opin í dag</title>
        </title>
        <respStmt>
          <resp xml:lang="is">Söfnun og úrvinnsla texta</resp>
          <resp xml:lang="en">Collection and processing of text</resp>
          <name xml:lang="is">Stofnun Árna Magnússonar í íslenskum fræðum</name>
          <name xml:lang="en">The Arni Magnusson Institute for Icelandic Studies</name>
        </respStmt>
      </titleStmt>
      <editionStmt>
        <p xml:lang="is">Íslensk risamálheild (2019)</p>
        <p xml:lang="en">Tagged Icelandic Gigaword Corpus (2019)</p>
      </editionStmt>
      <publicationStmt>
        <distributor xml:lang="is">Stofnun Árna Magnússonar í íslenskum fræðum</distributor>
        <distributor xml:lang="en">The Arni Magnusson Institute for Icelandic Studies</distributor>
        <address>
          <addrLine xml:lang="is">Árnagarður við Suðurgötu, 107 Reykjavík, Íslandi</addrLine>
          <addrLine xml:lang="en">Árnagarður Suðurgata, 107 Reykjavik, Iceland</addrLine>
          <addrLine>
            <email>arnastofnun@arnastofnun.is</email>
          </addrLine>
        </address>
        <idno type="risam">G-25-2545842</idno>
        <availability>
          <p xml:lang="is">Þessi texti er til notkunar í málrannsóknum og máltækniverkefnum um allan heim með sérstöku leyfi, sjá rmh2Hdr.xml</p>
          <p xml:lang="en">This text is available for use in language research and language technology projects world wide with a special license, see rmh2Hdr.xml</p>
        </availability>
        <date>2020-05-26</date>
      </publicationStmt>
      <sourceDesc>
        <biblStruct>
          <analytic>
            <title>
              <title type="main">Bláfjöll opin í dag</title>
            </title>
            <date when="2013-03-10T12:00:00">10.03 2013 kl. 12:00:00</date>
          </analytic>
          <monogr>
            <title>Bylgjan</title>
            <imprint>
              <publisher>365 miðlar hf.</publisher>
              <pubPlace>Reykjavík</pubPlace>
            </imprint>
          </monogr>
        </biblStruct>
      </sourceDesc>
    </fileDesc>
    <encodingDesc>
      <projectDesc>
        <p xml:lang="is">Sjá lýsingu á verkefninu í rmh2Hdr.xml.</p>
        <p xml:lang="en">See description of project in rmh2Hdr.xml.</p>
      </projectDesc>
      <tagsDecl>
        <namespace name="http://www.tei-c.org/ns/1.0">
          <tagUsage gi="text" occurs="1"/>
          <tagUsage gi="body" occurs="1"/>
          <tagUsage gi="div1" occurs="1"/>
          <tagUsage gi="p" occurs="1"/>
          <tagUsage gi="s" occurs="7"/>
          <tagUsage gi="w" occurs="108"/>
          <tagUsage gi="c" occurs="15"/>
        </namespace>
      </tagsDecl>
    </encodingDesc>
    <profileDesc>
     <textClass>
      <keywords scheme="#RMH">
       <list>
        <item>Frétt – almennt</item>
       </list>
      </keywords>
     </textClass>
    </profileDesc>
  </teiHeader>
  <text>
    <body>
      <div1>
        <p n="1">
          <s n="1">
            <w lemma="Bláfjöll" type="nhfn-s">Bláfjöll</w>
            <w lemma="opna" type="sfg3fþ">opnuðu</w>
            <w lemma="klukka" type="nveng">klukkan</w>
            <w lemma="10" type="ta">10</w>
            <w lemma="í" type="af">í</w>
            <w lemma="morgunn" type="nkeo">morgun</w>
            <w lemma="eftir" type="af">eftir</w>
            <w lemma="mikill" type="lveosf">mikla</w>
            <w lemma="hlákutíð" type="nveo">hlákutíð</w>
            <w lemma="en" type="c">en</w>
            <w lemma="opinn" type="lhensf">opið</w>
            <w lemma="vera" type="sfg3en">er</w>
            <w lemma="til" type="aa">til</w>
            <w lemma="klukka" type="nveng">klukkan</w>
            <w lemma="fimm" type="ta">fimm</w>
            <w lemma="í" type="af">í</w>
            <w lemma="dagur" type="nkeo">dag</w>
            <c type="pl">.</c>
          </s>
          <s n="2">
            <w lemma="í" type="af">Í</w>
            <w lemma="skeyti" type="nheþ">skeyti</w>
            <w lemma="frá" type="af">frá</w>
            <w lemma="forsvarsmaður" type="nkfþ">forsvarsmönnum</w>
            <w lemma="svæði" type="nheeg">svæðisins</w>
            <w lemma="vera" type="sfg3fn">eru</w>
            <w lemma="þar" type="aa">þar</w>
            <w lemma="segja" type="sþgvfn">sagðar</w>
            <w lemma="fínn" type="lvfnsf">fínar</w>
            <w lemma="aðstæður" type="nvfn">aðstæður</w>
            <c type="pk">,</c>
            <w lemma="hægur" type="lkensf">hægur</w>
            <w lemma="andvari" type="nken">andvari</w>
            <c type="pk">,</c>
            <w lemma="léttskýjaður" type="lhensf">léttskýjað</w>
            <w lemma="og" type="c">og</w>
            <w lemma="hiti" type="nken">hiti</w>
            <w lemma="mínus" type="nkee">mínus</w>
            <w lemma="3" type="ta">3</w>
            <w lemma="stig" type="nhfn">stig</w>
            <c type="pl">.</c>
          </s>
          <s n="3">
            <w lemma="margur" type="lvfnse">Flestar</w>
            <w lemma="lyfta" type="nvfn">lyftur</w>
            <w lemma="verða" type="sfg3fn">verða</w>
            <w lemma="opinn" type="lvfnsf">opnar</w>
            <w lemma="í" type="af">í</w>
            <w lemma="dagur" type="nkeo">dag</w>
            <w lemma="en" type="c">en</w>
            <w lemma="Kóngsgilið" type="nhengs">Kóngsgilið</w>
            <w lemma="verða" type="sfg3en">verður</w>
            <w lemma="loka" type="sþghen">lokað</w>
            <w lemma="vegna" type="af">vegna</w>
            <w lemma="skíðamót" type="nhee">skíðamóts</w>
            <c type="pl">.</c>
          </s>
          <s n="4">
            <w lemma="hinn" type="fakee">Hins</w>
            <w lemma="vegur" type="nkee">vegar</w>
            <w lemma="verða" type="sfg3en">verður</w>
            <w lemma="Kóngur" type="nkengs">Kóngurinn</w>
            <w lemma="opinn" type="lkensf">opinn</w>
            <w lemma="almenningur" type="nkeþ">almenningi</w>
            <w lemma="og" type="c">og</w>
            <w lemma="norðurleið" type="nveng">norðurleiðin</w>
            <c type="pk">,</c>
            <w lemma="gamall" type="lvenvf">gamla</w>
            <w lemma="Öxl" type="nvengs">Öxlin</w>
            <c type="pk">,</c>
            <w lemma="vera" type="sfg3en">er</w>
            <w lemma="opinn" type="lvensf">opin</w>
            <c type="pl">.</c>
          </s>
          <s n="5">
            <w lemma="allur" type="fovfn">Allar</w>
            <w lemma="lyfta" type="nvfn">lyftur</w>
            <c type="pk">,</c>
            <w lemma="þar" type="aa">þar</w>
            <w lemma="með" type="af">með</w>
            <w lemma="tal" type="nheog">talið</w>
            <w lemma="Gosin" type="n----s">Gosin</w>
            <c type="pk">,</c>
            <w lemma="verða" type="sfg3en">verður</w>
            <w lemma="opinn" type="lvensf">opin</w>
            <w lemma="á" type="af">á</w>
            <w lemma="suðursvæðir" type="nkeþ">suðursvæði</w>
            <c type="pl">.</c>
          </s>
          <s n="6">
            <w lemma="einnig" type="aa">Einnig</w>
            <w lemma="vera" type="sfg3en">er</w>
            <w lemma="opinn" type="lhensf">opið</w>
            <w lemma="á" type="af">á</w>
            <w lemma="skíðasvæði" type="nheþg">skíðasvæðinu</w>
            <w lemma="á" type="af">á</w>
            <w lemma="Dalvík" type="nveþ-s">Dalvík</w>
            <c type="pk">,</c>
            <w lemma="í" type="af">í</w>
            <w lemma="Hlíðarfjall" type="nheþ-s">Hlíðarfjalli</w>
            <w lemma="á" type="af">á</w>
            <w lemma="Akureyri" type="nveþ-s">Akureyri</w>
            <w lemma="og" type="c">og</w>
            <w lemma="þá" type="aa">þá</w>
            <w lemma="vera" type="sfg3en">er</w>
            <w lemma="einnig" type="aa">einnig</w>
            <w lemma="opinn" type="lhensf">opið</w>
            <w lemma="á" type="af">á</w>
            <w lemma="skíðasvæði" type="nheþg">skíðasvæðinu</w>
            <w lemma="á" type="af">á</w>
            <w lemma="Ísafjörður" type="nkeþ-s">Ísafirði</w>
            <c type="pk">,</c>
            <w lemma="í" type="af">í</w>
            <w lemma="Oddskarð" type="nheþ-s">Oddskarði</w>
            <w lemma="og" type="c">og</w>
            <w lemma="í" type="af">í</w>
            <w lemma="Tindastóll" type="nkeþ-s">Tindastóli</w>
            <w lemma="í" type="af">í</w>
            <w lemma="Skagafjörður" type="nkeþ-s">Skagafirði</w>
            <c type="pl">.</c>
          </s>
          <s n="7">
            <w lemma="hvetja" type="sfg1fn">Hvetjum</w>
            <w lemma="fólk" type="nheo">fólk</w>
            <w lemma="til" type="af">til</w>
            <w lemma="að" type="cn">að</w>
            <w lemma="skella" type="sng">skella</w>
            <w lemma="sig" type="fphfþ">sér</w>
            <w lemma="á" type="af">á</w>
            <w lemma="skíði" type="nhfo">skíði</w>
            <w lemma="á" type="af">á</w>
            <w lemma="þessi" type="fakeþ">þessum</w>
            <w lemma="fallegur" type="lkeþvf">fallega</w>
            <w lemma="dagur" type="nkeþ">degi</w>
            <c type="pl">.</c>
          </s>
        </p>
      </div1>
    </body>
  </text>
</TEI>
