<?xml version="1.0" encoding="utf-8"?>
<TEI xmlns="http://www.tei-c.org/ns/1.0">
  <teiHeader>
    <fileDesc>
      <titleStmt>
        <title>
          <title type="main">Líkamsárás í miðbænum</title>
        </title>
        <respStmt>
          <resp xml:lang="is">Söfnun og úrvinnsla texta</resp>
          <resp xml:lang="en">Collection and processing of text</resp>
          <name xml:lang="is">Stofnun Árna Magnússonar í íslenskum fræðum</name>
          <name xml:lang="en">The Arni Magnusson Institute for Icelandic Studies</name>
        </respStmt>
      </titleStmt>
      <editionStmt>
        <p xml:lang="is">Íslensk risamálheild (2019)</p>
        <p xml:lang="en">Tagged Icelandic Gigaword Corpus (2019)</p>
      </editionStmt>
      <publicationStmt>
        <distributor xml:lang="is">Stofnun Árna Magnússonar í íslenskum fræðum</distributor>
        <distributor xml:lang="en">The Arni Magnusson Institute for Icelandic Studies</distributor>
        <address>
          <addrLine xml:lang="is">Árnagarður við Suðurgötu, 107 Reykjavík, Íslandi</addrLine>
          <addrLine xml:lang="en">Árnagarður Suðurgata, 107 Reykjavik, Iceland</addrLine>
          <addrLine>
            <email>arnastofnun@arnastofnun.is</email>
          </addrLine>
        </address>
        <idno type="risam">G-25-2505204</idno>
        <availability>
          <p xml:lang="is">Þessi texti er til notkunar í málrannsóknum og máltækniverkefnum um allan heim með sérstöku leyfi, sjá rmh2Hdr.xml</p>
          <p xml:lang="en">This text is available for use in language research and language technology projects world wide with a special license, see rmh2Hdr.xml</p>
        </availability>
        <date>2020-05-26</date>
      </publicationStmt>
      <sourceDesc>
        <biblStruct>
          <analytic>
            <title>
              <title type="main">Líkamsárás í miðbænum</title>
            </title>
            <date when="2013-03-15T08:00:00">15.03 2013 kl. 08:00:00</date>
          </analytic>
          <monogr>
            <title>Bylgjan</title>
            <imprint>
              <publisher>365 miðlar hf.</publisher>
              <pubPlace>Reykjavík</pubPlace>
            </imprint>
          </monogr>
        </biblStruct>
      </sourceDesc>
    </fileDesc>
    <encodingDesc>
      <projectDesc>
        <p xml:lang="is">Sjá lýsingu á verkefninu í rmh2Hdr.xml.</p>
        <p xml:lang="en">See description of project in rmh2Hdr.xml.</p>
      </projectDesc>
      <tagsDecl>
        <namespace name="http://www.tei-c.org/ns/1.0">
          <tagUsage gi="text" occurs="1"/>
          <tagUsage gi="body" occurs="1"/>
          <tagUsage gi="div1" occurs="1"/>
          <tagUsage gi="p" occurs="1"/>
          <tagUsage gi="s" occurs="4"/>
          <tagUsage gi="w" occurs="70"/>
          <tagUsage gi="c" occurs="4"/>
        </namespace>
      </tagsDecl>
    </encodingDesc>
    <profileDesc>
     <textClass>
      <keywords scheme="#RMH">
       <list>
        <item>Frétt – almennt</item>
       </list>
      </keywords>
     </textClass>
    </profileDesc>
  </teiHeader>
  <text>
    <body>
      <div1>
        <p n="1">
          <s n="1">
            <w lemma="lögregla" type="nveþ">Lögreglu</w>
            <w lemma="vera" type="sfg3eþ">var</w>
            <w lemma="tilkynna" type="sþghen">tilkynnt</w>
            <w lemma="um" type="af">um</w>
            <w lemma="líkamsárás" type="nveo">líkamsárás</w>
            <w lemma="í" type="af">í</w>
            <w lemma="miðborg" type="nveþg">miðborginni</w>
            <w lemma="á" type="af">á</w>
            <w lemma="fjórði" type="lkeþvf">fjórða</w>
            <w lemma="tími" type="nkeþg">tímanum</w>
            <w lemma="í" type="af">í</w>
            <w lemma="nótt" type="nveþ">nótt</w>
            <w lemma="og" type="c">og</w>
            <w lemma="vera" type="sfg3en">er</w>
            <w lemma="telja" type="sþghen">talið</w>
            <w lemma="að" type="c">að</w>
            <w lemma="þar" type="aa">þar</w>
            <w lemma="hafa" type="svg3en">hafi</w>
            <w lemma="vera" type="sþghen">verið</w>
            <w lemma="beita" type="sþghen">beitt</w>
            <w lemma="einhver" type="fokee">einhvers</w>
            <w lemma="konar" type="nkee">konar</w>
            <w lemma="eggvopn" type="nheþ">eggvopni</w>
            <c type="pl">.</c>
          </s>
          <s n="2">
            <w lemma="þolandi" type="nkeng">Þolandinn</w>
            <w lemma="sem" type="ct">sem</w>
            <w lemma="vera" type="sfg3en">er</w>
            <w lemma="um" type="af">um</w>
            <w lemma="tvítugur" type="lheosf">tvítugt</w>
            <w lemma="vera" type="sfg3eþ">var</w>
            <w lemma="flytja" type="sþgken">fluttur</w>
            <w lemma="með" type="af">með</w>
            <w lemma="sjúkrabíll" type="nkeþ">sjúkrabíl</w>
            <w lemma="á" type="af">á</w>
            <w lemma="slysadeild" type="nveþ">slysadeild</w>
            <w lemma="Landspítali" type="nkeegs">Landspítalans</w>
            <c type="pl">.</c>
          </s>
          <s n="3">
            <w lemma="að" type="af">Að</w>
            <w lemma="sögn" type="nveþ">sögn</w>
            <w lemma="læknir" type="nkee">læknis</w>
            <w lemma="vera" type="sfg3eþ">var</w>
            <w lemma="árás" type="nveng">árásin</w>
            <w lemma="alvarlegur" type="lvensf">alvarleg</w>
            <w lemma="en" type="c">en</w>
            <w lemma="líðan" type="nven">líðan</w>
            <w lemma="maður" type="nkeeg">mannsins</w>
            <w lemma="vera" type="sfg3en">er</w>
            <w lemma="eftir" type="af">eftir</w>
            <w lemma="atvik" type="nhfþ">atvikum</w>
            <w lemma="góður" type="lvensf">góð</w>
            <c type="pl">.</c>
          </s>
          <s n="4">
            <w lemma="margur" type="lkfnvm">Fleiri</w>
            <w lemma="en" type="c">en</w>
            <w lemma="einn" type="tfken">einn</w>
            <w lemma="standa" type="sfg3fþ">stóðu</w>
            <w lemma="að" type="af">að</w>
            <w lemma="árás" type="nveþg">árásinni</w>
            <w lemma="en" type="c">en</w>
            <w lemma="hann" type="fpkfn">þeir</w>
            <w lemma="koma" type="sfm3fþ">komust</w>
            <w lemma="undan" type="aa">undan</w>
            <w lemma="og" type="c">og</w>
            <w lemma="vera" type="sfg3en">er</w>
            <w lemma="ekki" type="aa">ekki</w>
            <w lemma="vita" type="sþghen">vitað</w>
            <w lemma="hver" type="fskfn">hverjir</w>
            <w lemma="hann" type="fpkfn">þeir</w>
            <w lemma="vera" type="sfg3fn">eru</w>
            <w lemma="eða" type="c">eða</w>
            <w lemma="hver" type="fshfn">hver</w>
            <w lemma="tildrög" type="nhfn">tildrög</w>
            <w lemma="árás" type="nveeg">árásarinnar</w>
            <w lemma="vera" type="sfg3fþ">voru</w>
            <c type="pl">.</c>
          </s>
        </p>
      </div1>
    </body>
  </text>
</TEI>
