<?xml version="1.0" encoding="utf-8"?>
<TEI xmlns="http://www.tei-c.org/ns/1.0">
  <teiHeader>
    <fileDesc>
      <titleStmt>
        <title>
          <title type="main">Skjálfti í nótt</title>
        </title>
        <respStmt>
          <resp xml:lang="is">Söfnun og úrvinnsla texta</resp>
          <resp xml:lang="en">Collection and processing of text</resp>
          <name xml:lang="is">Stofnun Árna Magnússonar í íslenskum fræðum</name>
          <name xml:lang="en">The Arni Magnusson Institute for Icelandic Studies</name>
        </respStmt>
      </titleStmt>
      <editionStmt>
        <p xml:lang="is">Íslensk risamálheild (2019)</p>
        <p xml:lang="en">Tagged Icelandic Gigaword Corpus (2019)</p>
      </editionStmt>
      <publicationStmt>
        <distributor xml:lang="is">Stofnun Árna Magnússonar í íslenskum fræðum</distributor>
        <distributor xml:lang="en">The Arni Magnusson Institute for Icelandic Studies</distributor>
        <address>
          <addrLine xml:lang="is">Árnagarður við Suðurgötu, 107 Reykjavík, Íslandi</addrLine>
          <addrLine xml:lang="en">Árnagarður Suðurgata, 107 Reykjavik, Iceland</addrLine>
          <addrLine>
            <email>arnastofnun@arnastofnun.is</email>
          </addrLine>
        </address>
        <idno type="risam">G-25-2539439</idno>
        <availability>
          <p xml:lang="is">Þessi texti er til notkunar í málrannsóknum og máltækniverkefnum um allan heim með sérstöku leyfi, sjá rmh2Hdr.xml</p>
          <p xml:lang="en">This text is available for use in language research and language technology projects world wide with a special license, see rmh2Hdr.xml</p>
        </availability>
        <date>2020-05-26</date>
      </publicationStmt>
      <sourceDesc>
        <biblStruct>
          <analytic>
            <title>
              <title type="main">Skjálfti í nótt</title>
            </title>
            <date when="2013-03-10T12:00:00">10.03 2013 kl. 12:00:00</date>
          </analytic>
          <monogr>
            <title>Bylgjan</title>
            <imprint>
              <publisher>365 miðlar hf.</publisher>
              <pubPlace>Reykjavík</pubPlace>
            </imprint>
          </monogr>
        </biblStruct>
      </sourceDesc>
    </fileDesc>
    <encodingDesc>
      <projectDesc>
        <p xml:lang="is">Sjá lýsingu á verkefninu í rmh2Hdr.xml.</p>
        <p xml:lang="en">See description of project in rmh2Hdr.xml.</p>
      </projectDesc>
      <tagsDecl>
        <namespace name="http://www.tei-c.org/ns/1.0">
          <tagUsage gi="text" occurs="1"/>
          <tagUsage gi="body" occurs="1"/>
          <tagUsage gi="div1" occurs="1"/>
          <tagUsage gi="p" occurs="1"/>
          <tagUsage gi="s" occurs="3"/>
          <tagUsage gi="w" occurs="64"/>
          <tagUsage gi="c" occurs="5"/>
        </namespace>
      </tagsDecl>
    </encodingDesc>
    <profileDesc>
     <textClass>
      <keywords scheme="#RMH">
       <list>
        <item>Frétt – almennt</item>
       </list>
      </keywords>
     </textClass>
    </profileDesc>
  </teiHeader>
  <text>
    <body>
      <div1>
        <p n="1">
          <s n="1">
            <w lemma="klukka" type="nveng">Klukkan</w>
            <w lemma="1:13" type="ta">1:13</w>
            <w lemma="í" type="af">í</w>
            <w lemma="nótt" type="nveo">nótt</w>
            <w lemma="verða" type="sfg3eþ">varð</w>
            <w lemma="jarðskjálfti" type="nken">jarðskjálfti</w>
            <w lemma="3,8" type="ta">3,8</w>
            <w lemma="að" type="af">að</w>
            <w lemma="stærð" type="nveþ">stærð</w>
            <w lemma="um" type="aa">um</w>
            <w lemma="14" type="ta">14</w>
            <w lemma="kílómetri" type="nkfþ">kílómetrum</w>
            <w lemma="norðvestur" type="aa">norðvestur</w>
            <w lemma="af" type="af">af</w>
            <w lemma="Gjögurtá" type="nveþ-s">Gjögurtá</w>
            <w lemma="í" type="af">í</w>
            <w lemma="svonefndur" type="lkeþsf">svonefndum</w>
            <w lemma="Eyjafjarðarál" type="nheþ-s">Eyjafjarðarál</w>
            <w lemma="þar" type="aa">þar</w>
            <w lemma="sem" type="c">sem</w>
            <w lemma="stór" type="lkensf">stór</w>
            <w lemma="skjálfti" type="nken">skjálfti</w>
            <w lemma="upp" type="aa">upp</w>
            <w lemma="á" type="af">á</w>
            <w lemma="5,6" type="ta">5,6</w>
            <w lemma="verða" type="sfg3eþ">varð</w>
            <w lemma="í" type="af">í</w>
            <w lemma="lok" type="nhfo">lok</w>
            <w lemma="október" type="nkee">október</w>
            <w lemma="síðastliðinn" type="lkeosf">síðastliðinn</w>
            <c type="pl">.</c>
          </s>
          <s n="2">
            <w lemma="nokkur" type="fokfn">Nokkrir</w>
            <w lemma="lítill" type="lkfnvm">minni</w>
            <w lemma="eftirskjálfti" type="nkfn">eftirskjálftar</w>
            <w lemma="hafa" type="sfg3fn">hafa</w>
            <w lemma="fylgja" type="sþghen">fylgt</w>
            <w lemma="í" type="af">í</w>
            <w lemma="kjölfar" type="nheog">kjölfarið</w>
            <w lemma="í" type="af">í</w>
            <w lemma="morgunn" type="nkeo">morgun</w>
            <w lemma="en" type="c">en</w>
            <w lemma="tilkynning" type="nvfn">tilkynningar</w>
            <w lemma="bera" type="sfm3fþ">bárust</w>
            <w lemma="í" type="af">í</w>
            <w lemma="nótt" type="nveo">nótt</w>
            <w lemma="um" type="af">um</w>
            <w lemma="að" type="c">að</w>
            <w lemma="hann" type="fpken">hann</w>
            <w lemma="hafa" type="svg3en">hafi</w>
            <w lemma="finna" type="sþmhen">fundist</w>
            <w lemma="á" type="af">á</w>
            <w lemma="Ólafsfjörður" type="nkeþ-s">Ólafsfirði</w>
            <c type="pk">,</c>
            <w lemma="Siglufjörður" type="nkeþ-s">Siglufirði</w>
            <c type="pk">,</c>
            <w lemma="Dalvík" type="nveþ-s">Dalvík</w>
            <w lemma="og" type="c">og</w>
            <w lemma="Húsavík" type="nveþ-s">Húsavík</w>
            <c type="pl">.</c>
          </s>
          <s n="3">
            <w lemma="samkvæmt" type="af">Samkvæmt</w>
            <w lemma="upplýsing" type="nvfþ">upplýsingum</w>
            <w lemma="frá" type="af">frá</w>
            <w lemma="Veðurstofa" type="nveþ-s">Veðurstofu</w>
            <w lemma="Ísland" type="nhee-s">Íslands</w>
            <w lemma="vera" type="sfg3en">er</w>
            <w lemma="þessi" type="fahen">þetta</w>
            <w lemma="þekktur" type="lhensf">þekkt</w>
            <w lemma="skjálftasvæði" type="nhen">skjálftasvæði</w>
            <c type="pl">.</c>
          </s>
        </p>
      </div1>
    </body>
  </text>
</TEI>
