<?xml version="1.0" encoding="utf-8"?>
<TEI xmlns="http://www.tei-c.org/ns/1.0">
  <teiHeader>
    <fileDesc>
      <titleStmt>
        <title>
          <title type="main">Bílvelta</title>
        </title>
        <respStmt>
          <resp xml:lang="is">Söfnun og úrvinnsla texta</resp>
          <resp xml:lang="en">Collection and processing of text</resp>
          <name xml:lang="is">Stofnun Árna Magnússonar í íslenskum fræðum</name>
          <name xml:lang="en">The Arni Magnusson Institute for Icelandic Studies</name>
        </respStmt>
      </titleStmt>
      <editionStmt>
        <p xml:lang="is">Íslensk risamálheild (2019)</p>
        <p xml:lang="en">Tagged Icelandic Gigaword Corpus (2019)</p>
      </editionStmt>
      <publicationStmt>
        <distributor xml:lang="is">Stofnun Árna Magnússonar í íslenskum fræðum</distributor>
        <distributor xml:lang="en">The Arni Magnusson Institute for Icelandic Studies</distributor>
        <address>
          <addrLine xml:lang="is">Árnagarður við Suðurgötu, 107 Reykjavík, Íslandi</addrLine>
          <addrLine xml:lang="en">Árnagarður Suðurgata, 107 Reykjavik, Iceland</addrLine>
          <addrLine>
            <email>arnastofnun@arnastofnun.is</email>
          </addrLine>
        </address>
        <idno type="risam">G-25-2547296</idno>
        <availability>
          <p xml:lang="is">Þessi texti er til notkunar í málrannsóknum og máltækniverkefnum um allan heim með sérstöku leyfi, sjá rmh2Hdr.xml</p>
          <p xml:lang="en">This text is available for use in language research and language technology projects world wide with a special license, see rmh2Hdr.xml</p>
        </availability>
        <date>2020-05-26</date>
      </publicationStmt>
      <sourceDesc>
        <biblStruct>
          <analytic>
            <title>
              <title type="main">Bílvelta</title>
            </title>
            <date when="2013-03-12T08:00:00">12.03 2013 kl. 08:00:00</date>
          </analytic>
          <monogr>
            <title>Bylgjan</title>
            <imprint>
              <publisher>365 miðlar hf.</publisher>
              <pubPlace>Reykjavík</pubPlace>
            </imprint>
          </monogr>
        </biblStruct>
      </sourceDesc>
    </fileDesc>
    <encodingDesc>
      <projectDesc>
        <p xml:lang="is">Sjá lýsingu á verkefninu í rmh2Hdr.xml.</p>
        <p xml:lang="en">See description of project in rmh2Hdr.xml.</p>
      </projectDesc>
      <tagsDecl>
        <namespace name="http://www.tei-c.org/ns/1.0">
          <tagUsage gi="text" occurs="1"/>
          <tagUsage gi="body" occurs="1"/>
          <tagUsage gi="div1" occurs="1"/>
          <tagUsage gi="p" occurs="1"/>
          <tagUsage gi="s" occurs="4"/>
          <tagUsage gi="w" occurs="104"/>
          <tagUsage gi="c" occurs="4"/>
        </namespace>
      </tagsDecl>
    </encodingDesc>
    <profileDesc>
     <textClass>
      <keywords scheme="#RMH">
       <list>
        <item>Frétt – almennt</item>
       </list>
      </keywords>
     </textClass>
    </profileDesc>
  </teiHeader>
  <text>
    <body>
      <div1>
        <p n="1">
          <s n="1">
            <w lemma="vel" type="aam">Betur</w>
            <w lemma="fara" type="sfg3eþ">fór</w>
            <w lemma="en" type="c">en</w>
            <w lemma="á" type="aa">á</w>
            <w lemma="horfa" type="sfm3eþ">horfðist</w>
            <w lemma="þegar" type="c">þegar</w>
            <w lemma="bíll" type="nken">bíll</w>
            <w lemma="með" type="af">með</w>
            <w lemma="tveir" type="tfvfþ">tveimur</w>
            <w lemma="ungur" type="lvfþsf">ungum</w>
            <w lemma="kona" type="nvfþ">konum</w>
            <w lemma="um" type="af">um</w>
            <w lemma="borð" type="nheo">borð</w>
            <w lemma="fara" type="sfg3eþ">fór</w>
            <w lemma="út" type="aa">út</w>
            <w lemma="af" type="af">af</w>
            <w lemma="þjóðvegur" type="nkeþg">þjóðveginum</w>
            <w lemma="neðan" type="aa">neðan</w>
            <w lemma="við" type="af">við</w>
            <w lemma="Bakkaselsbrekka" type="nveo-s">Bakkaselsbrekku</w>
            <w lemma="í" type="af">í</w>
            <w lemma="Öxnadalur" type="nkeþ-s">Öxnadal</w>
            <w lemma="í" type="af">í</w>
            <w lemma="gærkvöld" type="nheþ">gærkvöldi</w>
            <w lemma="og" type="c">og</w>
            <w lemma="velta" type="sfg3eþ">valt</w>
            <w lemma="5" type="ta">5</w>
            <w lemma="-" type="m">-</w>
            <w lemma="7" type="ta">7</w>
            <w lemma="velta" type="nvfo">veltur</w>
            <w lemma="uns" type="c">uns</w>
            <w lemma="hann" type="fpken">hann</w>
            <w lemma="staðnæmast" type="sfm3eþ">staðnæmdist</w>
            <w lemma="á" type="af">á</w>
            <w lemma="hjól" type="nhfþg">hjólunum</w>
            <w lemma="liðlega" type="aa">liðlega</w>
            <w lemma="60" type="ta">60</w>
            <w lemma="metri" type="nkfo">metra</w>
            <w lemma="frá" type="af">frá</w>
            <w lemma="vegur" type="nkeþg">veginum</w>
            <c type="pl">.</c>
          </s>
          <s n="2">
            <w lemma="hún" type="fpvfn">Þær</w>
            <w lemma="vera" type="sfg3fþ">voru</w>
            <w lemma="nokkur" type="fohen">nokkuð</w>
            <w lemma="lemstra" type="sþgvfn">lemstraðar</w>
            <w lemma="eftir" type="af">eftir</w>
            <w lemma="öryggisbelti" type="nhfog">öryggisbeltin</w>
            <w lemma="og" type="c">og</w>
            <w lemma="annar" type="foven">önnur</w>
            <w lemma="hljóta" type="sfg3eþ">hlaut</w>
            <w lemma="skurður" type="nkeo">skurð</w>
            <w lemma="á" type="af">á</w>
            <w lemma="höfuð" type="nheþ">höfði</w>
            <w lemma="og" type="c">og</w>
            <w lemma="vera" type="sfg3fþ">voru</w>
            <w lemma="hún" type="fpvfn">þær</w>
            <w lemma="flytja" type="sþgvfn">fluttar</w>
            <w lemma="á" type="af">á</w>
            <w lemma="Sjúkrahús" type="nheogs">Sjúkrahúsið</w>
            <w lemma="á" type="af">á</w>
            <w lemma="Akureyri" type="nveþ-s">Akureyri</w>
            <w lemma="til" type="af">til</w>
            <w lemma="aðhlynning" type="nvee">aðhlynningar</w>
            <c type="pl">.</c>
          </s>
          <s n="3">
            <w lemma="Border" type="n----s">Border</w>
            <w lemma="Collie" type="e">Collie</w>
            <w lemma="hundur" type="nken">hundur</w>
            <w lemma="sem" type="ct">sem</w>
            <w lemma="einnig" type="aa">einnig</w>
            <w lemma="vera" type="sfg3eþ">var</w>
            <w lemma="í" type="af">í</w>
            <w lemma="bíll" type="nkeþg">bílnum</w>
            <w lemma="hverfa" type="sfg3eþ">hvarf</w>
            <w lemma="út" type="aa">út</w>
            <w lemma="í" type="af">í</w>
            <w lemma="náttmyrkur" type="nheog">náttmyrkrið</w>
            <w lemma="og" type="c">og</w>
            <w lemma="vera" type="sfg3en">er</w>
            <w lemma="ófundinn" type="lkensf">ófundinn</w>
            <c type="pl">.</c>
          </s>
          <s n="4">
            <w lemma="lögregla" type="nven">Lögregla</w>
            <w lemma="segja" type="sfg3en">segir</w>
            <w lemma="að" type="c">að</w>
            <w lemma="ekki" type="aa">ekki</w>
            <w lemma="hafa" type="svg3eþ">hefði</w>
            <w lemma="þurfa" type="sþghen">þurft</w>
            <w lemma="að" type="cn">að</w>
            <w lemma="spyrja" type="sng">spyrja</w>
            <w lemma="að" type="af">að</w>
            <w lemma="leikslok" type="nhfþ">leikslokum</w>
            <w lemma="ef" type="c">ef</w>
            <w lemma="kona" type="nvfng">konurnar</w>
            <w lemma="sem" type="ct">sem</w>
            <w lemma="vera" type="sfg3fn">eru</w>
            <w lemma="18" type="ta">18</w>
            <w lemma="og" type="c">og</w>
            <w lemma="19" type="ta">19</w>
            <w lemma="ár" type="nhfe">ára</w>
            <w lemma="hafa" type="svg3fþ">hefðu</w>
            <w lemma="ekki" type="aa">ekki</w>
            <w lemma="vera" type="sþghen">verið</w>
            <w lemma="í" type="af">í</w>
            <w lemma="bílbelti" type="nhfþ">bílbeltum</w>
            <w lemma="en" type="c">en</w>
            <w lemma="bíll" type="nkeng">bíllinn</w>
            <w lemma="vera" type="sfg3en">er</w>
            <w lemma="ónýtur" type="lkensf">ónýtur</w>
            <c type="pl">.</c>
          </s>
        </p>
      </div1>
    </body>
  </text>
</TEI>
