<?xml version="1.0" encoding="utf-8"?>
<TEI xmlns="http://www.tei-c.org/ns/1.0">
  <teiHeader>
    <fileDesc>
      <titleStmt>
        <title>
          <title type="main">Mikið um háhyrninga á Grundarfirði undanfarið</title>
        </title>
        <respStmt>
          <resp xml:lang="is">Söfnun og úrvinnsla texta</resp>
          <resp xml:lang="en">Collection and processing of text</resp>
          <name xml:lang="is">Stofnun Árna Magnússonar í íslenskum fræðum</name>
          <name xml:lang="en">The Arni Magnusson Institute for Icelandic Studies</name>
        </respStmt>
      </titleStmt>
      <editionStmt>
        <p xml:lang="is">Íslensk risamálheild (2019)</p>
        <p xml:lang="en">Tagged Icelandic Gigaword Corpus (2019)</p>
      </editionStmt>
      <publicationStmt>
        <distributor xml:lang="is">Stofnun Árna Magnússonar í íslenskum fræðum</distributor>
        <distributor xml:lang="en">The Arni Magnusson Institute for Icelandic Studies</distributor>
        <address>
          <addrLine xml:lang="is">Árnagarður við Suðurgötu, 107 Reykjavík, Íslandi</addrLine>
          <addrLine xml:lang="en">Árnagarður Suðurgata, 107 Reykjavik, Iceland</addrLine>
          <addrLine>
            <email>arnastofnun@arnastofnun.is</email>
          </addrLine>
        </address>
        <idno type="risam">G-25-2503728</idno>
        <availability>
          <p xml:lang="is">Þessi texti er til notkunar í málrannsóknum og máltækniverkefnum um allan heim með sérstöku leyfi, sjá rmh2Hdr.xml</p>
          <p xml:lang="en">This text is available for use in language research and language technology projects world wide with a special license, see rmh2Hdr.xml</p>
        </availability>
        <date>2020-05-26</date>
      </publicationStmt>
      <sourceDesc>
        <biblStruct>
          <analytic>
            <title>
              <title type="main">Mikið um háhyrninga á Grundarfirði undanfarið</title>
            </title>
            <date when="2013-03-11T08:00:00">11.03 2013 kl. 08:00:00</date>
          </analytic>
          <monogr>
            <title>Bylgjan</title>
            <imprint>
              <publisher>365 miðlar hf.</publisher>
              <pubPlace>Reykjavík</pubPlace>
            </imprint>
          </monogr>
        </biblStruct>
      </sourceDesc>
    </fileDesc>
    <encodingDesc>
      <projectDesc>
        <p xml:lang="is">Sjá lýsingu á verkefninu í rmh2Hdr.xml.</p>
        <p xml:lang="en">See description of project in rmh2Hdr.xml.</p>
      </projectDesc>
      <tagsDecl>
        <namespace name="http://www.tei-c.org/ns/1.0">
          <tagUsage gi="text" occurs="1"/>
          <tagUsage gi="body" occurs="1"/>
          <tagUsage gi="div1" occurs="1"/>
          <tagUsage gi="p" occurs="1"/>
          <tagUsage gi="s" occurs="3"/>
          <tagUsage gi="w" occurs="76"/>
          <tagUsage gi="c" occurs="4"/>
        </namespace>
      </tagsDecl>
    </encodingDesc>
    <profileDesc>
     <textClass>
      <keywords scheme="#RMH">
       <list>
        <item>Frétt – almennt</item>
       </list>
      </keywords>
     </textClass>
    </profileDesc>
  </teiHeader>
  <text>
    <body>
      <div1>
        <p n="1">
          <s n="1">
            <w lemma="mikill" type="lhensf">Mikið</w>
            <w lemma="hafa" type="sfg3en">hefur</w>
            <w lemma="vera" type="sþghen">verið</w>
            <w lemma="um" type="af">um</w>
            <w lemma="háhyrningur" type="nkfo">háhyrninga</w>
            <w lemma="á" type="af">á</w>
            <w lemma="Grundarfjörður" type="nkeþ-s">Grundarfirði</w>
            <w lemma="að" type="af">að</w>
            <w lemma="undanfarinn" type="lheþsf">undanförnu</w>
            <w lemma="og" type="c">og</w>
            <w lemma="í" type="aa">í</w>
            <w lemma="gær" type="aa">gær</w>
            <w lemma="vera" type="sfg3fþ">voru</w>
            <w lemma="þar" type="aa">þar</w>
            <w lemma="að" type="af">að</w>
            <w lemma="lítill" type="lkeþve">minnsta</w>
            <w lemma="kostur" type="nkeþ">kosti</w>
            <w lemma="20" type="ta">20</w>
            <w lemma="hvalur" type="nkfn">hvalir</w>
            <w lemma="sem" type="ct">sem</w>
            <w lemma="leika" type="sfg3fþ">léku</w>
            <w lemma="list" type="nvfo">listir</w>
            <w lemma="sinn" type="fevfo">sínar</w>
            <w lemma="fyrir" type="af">fyrir</w>
            <w lemma="hvalaskoðari" type="nkeo">hvalaskoðara</w>
            <c type="pl">.</c>
          </s>
          <s n="2">
            <w lemma="telja" type="sþghen">Talið</w>
            <w lemma="vera" type="sfg3en">er</w>
            <w lemma="að" type="c">að</w>
            <w lemma="háhyrningur" type="nkfng">háhyrningarnir</w>
            <w lemma="vera" type="svg3fn">séu</w>
            <w lemma="að" type="cn">að</w>
            <w lemma="sækja" type="sng">sækja</w>
            <w lemma="í" type="af">í</w>
            <w lemma="síld" type="nveþ">síld</w>
            <w lemma="sem" type="ct">sem</w>
            <w lemma="mikill" type="lhensf">mikið</w>
            <w lemma="vera" type="sfg3en">er</w>
            <w lemma="af" type="aa">af</w>
            <w lemma="á" type="af">á</w>
            <w lemma="þessi" type="favfþ">þessum</w>
            <w lemma="slóð" type="nvfþ">slóðum</w>
            <c type="pk">,</c>
            <w lemma="líkt" type="aa">líkt</w>
            <w lemma="og" type="c">og</w>
            <w lemma="í" type="af">í</w>
            <w lemma="Kolgrafafjörður" type="nkeþ-s">Kolgrafafirði</w>
            <w lemma="þar" type="aa">þar</w>
            <w lemma="í" type="af">í</w>
            <w lemma="grennd" type="nveþ">grennd</w>
            <c type="pl">.</c>
          </s>
          <s n="3">
            <w lemma="athygli" type="nveo">Athygli</w>
            <w lemma="vekja" type="sfg3en">vekur</w>
            <w lemma="að" type="c">að</w>
            <w lemma="háhyrningur" type="nkfn">háhyrningar</w>
            <w lemma="vera" type="sfg3fn">eru</w>
            <w lemma="oft" type="aa">oft</w>
            <w lemma="á" type="af">á</w>
            <w lemma="ferill" type="nkeþ">ferli</w>
            <w lemma="utan" type="aa">utan</w>
            <w lemma="við" type="af">við</w>
            <w lemma="vegfylling" type="nveog">vegfyllinguna</w>
            <w lemma="sem" type="ct">sem</w>
            <w lemma="þvera" type="sfg3en">þverar</w>
            <w lemma="Kolgrafafjörður" type="nkeogs">Kolgrafafjörðinn</w>
            <w lemma="en" type="c">en</w>
            <w lemma="hætta" type="sfg3fn">hætta</w>
            <w lemma="sig" type="fpkfþ">sér</w>
            <w lemma="ekki" type="aa">ekki</w>
            <w lemma="undir" type="af">undir</w>
            <w lemma="brú" type="nveog">brúna</w>
            <w lemma="inn" type="aa">inn</w>
            <w lemma="á" type="af">á</w>
            <w lemma="fjörður" type="nkeog">fjörðinn</w>
            <w lemma="sjálfur" type="fbkeo">sjálfan</w>
            <w lemma="eins" type="aa">eins</w>
            <w lemma="og" type="c">og</w>
            <w lemma="síld" type="nveng">síldin</w>
            <w lemma="gera" type="sfg3en">gerir</w>
            <c type="pl">.</c>
          </s>
        </p>
      </div1>
    </body>
  </text>
</TEI>
