<?xml version="1.0" encoding="utf-8"?>
<TEI xmlns="http://www.tei-c.org/ns/1.0">
  <teiHeader>
    <fileDesc>
      <titleStmt>
        <title>
          <title type="main">Beiti sér í auknum mæli gegn spillingu</title>
        </title>
        <respStmt>
          <resp xml:lang="is">Söfnun og úrvinnsla texta</resp>
          <resp xml:lang="en">Collection and processing of text</resp>
          <name xml:lang="is">Stofnun Árna Magnússonar í íslenskum fræðum</name>
          <name xml:lang="en">The Arni Magnusson Institute for Icelandic Studies</name>
        </respStmt>
      </titleStmt>
      <editionStmt>
        <p xml:lang="is">Íslensk risamálheild (2019)</p>
        <p xml:lang="en">Tagged Icelandic Gigaword Corpus (2019)</p>
      </editionStmt>
      <publicationStmt>
        <distributor xml:lang="is">Stofnun Árna Magnússonar í íslenskum fræðum</distributor>
        <distributor xml:lang="en">The Arni Magnusson Institute for Icelandic Studies</distributor>
        <address>
          <addrLine xml:lang="is">Árnagarður við Suðurgötu, 107 Reykjavík, Íslandi</addrLine>
          <addrLine xml:lang="en">Árnagarður Suðurgata, 107 Reykjavik, Iceland</addrLine>
          <addrLine>
            <email>arnastofnun@arnastofnun.is</email>
          </addrLine>
        </address>
        <idno type="risam">G-25-2507864</idno>
        <availability>
          <p xml:lang="is">Þessi texti er til notkunar í málrannsóknum og máltækniverkefnum um allan heim með sérstöku leyfi, sjá rmh2Hdr.xml</p>
          <p xml:lang="en">This text is available for use in language research and language technology projects world wide with a special license, see rmh2Hdr.xml</p>
        </availability>
        <date>2020-05-26</date>
      </publicationStmt>
      <sourceDesc>
        <biblStruct>
          <analytic>
            <title>
              <title type="main">Beiti sér í auknum mæli gegn spillingu</title>
            </title>
            <date when="2013-03-28T12:00:00">28.03 2013 kl. 12:00:00</date>
          </analytic>
          <monogr>
            <title>Bylgjan</title>
            <imprint>
              <publisher>365 miðlar hf.</publisher>
              <pubPlace>Reykjavík</pubPlace>
            </imprint>
          </monogr>
        </biblStruct>
      </sourceDesc>
    </fileDesc>
    <encodingDesc>
      <projectDesc>
        <p xml:lang="is">Sjá lýsingu á verkefninu í rmh2Hdr.xml.</p>
        <p xml:lang="en">See description of project in rmh2Hdr.xml.</p>
      </projectDesc>
      <tagsDecl>
        <namespace name="http://www.tei-c.org/ns/1.0">
          <tagUsage gi="text" occurs="1"/>
          <tagUsage gi="body" occurs="1"/>
          <tagUsage gi="div1" occurs="1"/>
          <tagUsage gi="p" occurs="2"/>
          <tagUsage gi="s" occurs="10"/>
          <tagUsage gi="w" occurs="205"/>
          <tagUsage gi="c" occurs="14"/>
        </namespace>
      </tagsDecl>
    </encodingDesc>
    <profileDesc>
     <textClass>
      <keywords scheme="#RMH">
       <list>
        <item>Frétt – almennt</item>
       </list>
      </keywords>
     </textClass>
    </profileDesc>
  </teiHeader>
  <text>
    <body>
      <div1>
        <p n="1">
          <s n="1">
            <w lemma="íslenskur" type="lhfnsf">Íslensk</w>
            <w lemma="yfirvald" type="nhfn">yfirvöld</w>
            <w lemma="vera" type="sfg3fn">eru</w>
            <w lemma="hvetja" type="sþghfn">hvött</w>
            <w lemma="til" type="af">til</w>
            <w lemma="að" type="cn">að</w>
            <w lemma="beita" type="sng">beita</w>
            <w lemma="sig" type="fphfþ">sér</w>
            <w lemma="í" type="af">í</w>
            <w lemma="aukinn" type="lkeþsf">auknum</w>
            <w lemma="mælir" type="nkeþ">mæli</w>
            <w lemma="gegn" type="af">gegn</w>
            <w lemma="spilling" type="nveþ">spillingu</w>
            <w lemma="í" type="af">í</w>
            <w lemma="nýr" type="lveþsf">nýrri</w>
            <w lemma="matskýrsla" type="nveþ">matskýrslu</w>
            <w lemma="um" type="af">um</w>
            <w lemma="Ísland" type="nheo-s">Ísland</w>
            <w lemma="sem" type="ct">sem</w>
            <w lemma="Greco" type="n----s">GRECO</w>
            <c type="pk">,</c>
            <w lemma="samtök" type="nhfo">samtök</w>
            <w lemma="ríkja" type="sfg3fn">ríkja</w>
            <w lemma="í" type="af">í</w>
            <w lemma="Evrópuráðið" type="nheþgs">Evrópuráðinu</w>
            <w lemma="gegn" type="af">gegn</w>
            <w lemma="spilling" type="nveþ">spillingu</w>
            <c type="pk">,</c>
            <w lemma="birta" type="sng">birta</w>
            <w lemma="í" type="af">í</w>
            <w lemma="dagur" type="nkeo">dag</w>
            <c type="pl">.</c>
          </s>
        </p>
        <p n="2">
          <s n="1">
            <w lemma="í" type="af">Í</w>
            <w lemma="skýrsla" type="nveþg">skýrslunni</w>
            <w lemma="segja" type="sfg3en">segir</w>
            <w lemma="að" type="c">að</w>
            <w lemma="bankahrun" type="nheng">bankahrunið</w>
            <w lemma="ár" type="nheog">árið</w>
            <w lemma="2008" type="ta">2008</w>
            <w lemma="hafa" type="svg3en">hafi</w>
            <w lemma="draga" type="sþghen">dregið</w>
            <w lemma="verulega" type="aa">verulega</w>
            <w lemma="úr" type="af">úr</w>
            <w lemma="traust" type="nheþ">trausti</w>
            <w lemma="og" type="c">og</w>
            <w lemma="vera" type="sfg3en">er</w>
            <w lemma="þar" type="aa">þar</w>
            <w lemma="horfa" type="sþghen">horft</w>
            <w lemma="sérstaklega" type="aa">sérstaklega</w>
            <w lemma="til" type="af">til</w>
            <w lemma="lykilstofnun" type="nvfe">lykilstofnana</w>
            <c type="pk">,</c>
            <w lemma="Alþingi" type="nhee-s">Alþingis</w>
            <c type="pk">,</c>
            <w lemma="dómskerfi" type="nhee">dómskerfis</w>
            <w lemma="og" type="c">og</w>
            <w lemma="embætti" type="nhee">embættis</w>
            <w lemma="saksóknari" type="nkee">saksóknara</w>
            <c type="pl">.</c>
          </s>
          <s n="2">
            <w lemma="fámenni" type="nhen">Fámenni</w>
            <w lemma="og" type="c">og</w>
            <w lemma="landfræðilegur" type="lvensf">landfræðileg</w>
            <w lemma="lega" type="nven">lega</w>
            <w lemma="Ísland" type="nhee-s">Íslands</w>
            <w lemma="vera" type="sfg3fn">eru</w>
            <w lemma="segja" type="sþghfn">sögð</w>
            <w lemma="auka" type="sng">auka</w>
            <w lemma="líkur" type="nvfn">líkur</w>
            <w lemma="á" type="af">á</w>
            <w lemma="hagsmunaárekstur" type="nkfþ">hagsmunaárekstrum</w>
            <c type="pl">.</c>
          </s>
          <s n="3">
            <w lemma="benda" type="sþghen">Bent</w>
            <w lemma="vera" type="sfg3en">er</w>
            <w lemma="á" type="af">á</w>
            <w lemma="að" type="c">að</w>
            <w lemma="íslenskur" type="lhfnsf">íslensk</w>
            <w lemma="stjórnvöld" type="nhfn">stjórnvöld</w>
            <w lemma="hafa" type="svg3fn">hafi</w>
            <w lemma="gera" type="sþghen">gert</w>
            <w lemma="ýmis" type="fovfo">ýmsar</w>
            <w lemma="úrbót" type="nvfo">úrbætur</w>
            <w lemma="frá" type="af">frá</w>
            <w lemma="hrun" type="nheþ">hruni</w>
            <w lemma="banki" type="nkfeg">bankanna</w>
            <w lemma="og" type="c">og</w>
            <w lemma="samtök" type="nhfng">samtökin</w>
            <w lemma="fagna" type="sfg3fn">fagna</w>
            <w lemma="sérstaklega" type="aa">sérstaklega</w>
            <w lemma="siðaregla" type="nvfþ">siðareglum</w>
            <w lemma="sem" type="ct">sem</w>
            <w lemma="vera" type="sfg3fn">eru</w>
            <w lemma="í" type="af">í</w>
            <w lemma="smíð" type="nvfþ">smíðum</w>
            <w lemma="og" type="c">og</w>
            <w lemma="endurbót" type="nvfþ">endurbótum</w>
            <w lemma="á" type="af">á</w>
            <w lemma="regla" type="nvfþ">reglum</w>
            <w lemma="um" type="af">um</w>
            <w lemma="fjármálaþjónusta" type="nveo">fjármálaþjónustu</w>
            <c type="pl">.</c>
          </s>
          <s n="4">
            <w lemma="það" type="fphfn">Þau</w>
            <w lemma="telja" type="sfg3fn">telja</w>
            <w lemma="þó" type="aa">þó</w>
            <w lemma="að" type="c">að</w>
            <w lemma="ýmislegur" type="lhensf">ýmislegt</w>
            <w lemma="mega" type="svg3en">megi</w>
            <w lemma="vel" type="aam">betur</w>
            <w lemma="fara" type="sng">fara</w>
            <c type="pl">.</c>
          </s>
          <s n="5">
            <w lemma="viðurkenni" type="nkfe">Viðurkenna</w>
            <w lemma="þurfa" type="sfg3en">þarf</w>
            <w lemma="möguleiki" type="nkeog">möguleikann</w>
            <w lemma="á" type="af">á</w>
            <w lemma="að" type="c">að</w>
            <w lemma="spilling" type="nven">spilling</w>
            <w lemma="viðgangast" type="svm3en">viðgangist</w>
            <w lemma="á" type="af">á</w>
            <w lemma="Alþingi" type="nhee-s">Alþingis</w>
            <w lemma="og" type="c">og</w>
            <w lemma="ráða" type="snm">ráðast</w>
            <w lemma="í" type="af">í</w>
            <w lemma="aðgerð" type="nvfo">aðgerðir</w>
            <w lemma="gegn" type="af">gegn</w>
            <w lemma="hún" type="fpveþ">henni</w>
            <w lemma="til" type="af">til</w>
            <w lemma="það" type="fphee">þess</w>
            <w lemma="að" type="cn">að</w>
            <w lemma="auka" type="sng">auka</w>
            <w lemma="traust" type="nheo">traust</w>
            <w lemma="almenningur" type="nkee">almennings</w>
            <w lemma="á" type="af">á</w>
            <w lemma="þing" type="nheþg">þinginu</w>
            <c type="pl">.</c>
          </s>
          <s n="6">
            <w lemma="einnig" type="aa">Einnig</w>
            <w lemma="þurfa" type="sfg3en">þarf</w>
            <w lemma="að" type="cn">að</w>
            <w lemma="búa" type="sng">búa</w>
            <w lemma="til" type="aa">til</w>
            <w lemma="siðaregla" type="nvfo">siðareglur</w>
            <w lemma="fyrir" type="af">fyrir</w>
            <w lemma="þingmaður" type="nkfo">þingmenn</w>
            <w lemma="og" type="c">og</w>
            <w lemma="skoða" type="sng">skoða</w>
            <w lemma="möguleiki" type="nkeog">möguleikann</w>
            <w lemma="á" type="af">á</w>
            <w lemma="óeðlilegur" type="lhfþsf">óeðlilegum</w>
            <w lemma="tengsl" type="nhfþ">tengslum</w>
            <w lemma="stjórnmálamaður" type="nkfe">stjórnmálamanna</w>
            <w lemma="við" type="af">við</w>
            <w lemma="fjársterkur" type="lkfosf">fjársterka</w>
            <w lemma="aðili" type="nkfo">aðila</w>
            <c type="pl">.</c>
          </s>
          <s n="7">
            <w lemma="íslenskur" type="lhensf">Íslenskt</w>
            <w lemma="dómskerfi" type="nhen">dómskerfi</w>
            <w lemma="vera" type="sfg3en">er</w>
            <w lemma="segja" type="sþghen">sagt</w>
            <w lemma="góður" type="lhensf">gott</w>
            <w lemma="og" type="c">og</w>
            <w lemma="spilling" type="nven">spilling</w>
            <w lemma="þar" type="aa">þar</w>
            <w lemma="telja" type="sþgven">talin</w>
            <w lemma="lítill" type="lvensf">lítil</w>
            <w lemma="sem" type="c">sem</w>
            <w lemma="enginn" type="foven">engin</w>
            <c type="pl">.</c>
          </s>
          <s n="8">
            <w lemma="breyttur" type="lvfþsf">Breyttum</w>
            <w lemma="aðferð" type="nvfþ">aðferðum</w>
            <w lemma="við" type="af">við</w>
            <w lemma="ráðning" type="nvfo">ráðningar</w>
            <w lemma="dómari" type="nkfe">dómara</w>
            <w lemma="vera" type="sfg3en">er</w>
            <w lemma="fagna" type="sþghen">fagnað</w>
            <w lemma="sérstaklega" type="aa">sérstaklega</w>
            <w lemma="en" type="c">en</w>
            <w lemma="þó" type="aa">þó</w>
            <w lemma="taka" type="sþghen">tekið</w>
            <w lemma="fram" type="aa">fram</w>
            <w lemma="að" type="c">að</w>
            <w lemma="auka" type="sng">auka</w>
            <w lemma="þurfa" type="svg3en">þurfi</w>
            <w lemma="gegnsæi" type="nheo">gegnsæi</w>
            <w lemma="í" type="af">í</w>
            <w lemma="dómskerfi" type="nheþg">dómskerfinu</w>
            <w lemma="enn" type="aa">enn</w>
            <w lemma="frekar" type="aam">frekar</w>
            <w lemma="og" type="c">og</w>
            <w lemma="efla" type="sng">efla</w>
            <w lemma="sjálfstæði" type="nheo">sjálfstæði</w>
            <w lemma="og" type="c">og</w>
            <w lemma="óhlutdrægur" type="lkenvf">óhlutdrægi</w>
            <w lemma="embætti" type="nhee">embættis</w>
            <w lemma="saksóknari" type="nkee">saksóknara</w>
            <c type="pl">.</c>
          </s>
          <s n="9">
            <w lemma="íslenskur" type="lhfþsf">Íslenskum</w>
            <w lemma="stjórnvöld" type="nhfþ">stjórnvöldum</w>
            <w lemma="vera" type="sfg3en">er</w>
            <w lemma="gera" type="sþghen">gert</w>
            <w lemma="að" type="cn">að</w>
            <w lemma="kynna" type="sng">kynna</w>
            <w lemma="innihald" type="nheo">innihald</w>
            <w lemma="skýrsla" type="nveeg">skýrslunnar</w>
            <w lemma="og" type="c">og</w>
            <w lemma="segja" type="sng">segja</w>
            <w lemma="til" type="aa">til</w>
            <w lemma="um" type="aa">um</w>
            <w lemma="hvernig" type="aa">hvernig</w>
            <w lemma="stefna" type="sþghen">stefnt</w>
            <w lemma="vera" type="sfg3en">er</w>
            <w lemma="að" type="af">að</w>
            <w lemma="það" type="fpheþ">því</w>
            <w lemma="að" type="cn">að</w>
            <w lemma="innleiða" type="sng">innleiða</w>
            <w lemma="tillaga" type="nvfo">tillögur</w>
            <w lemma="hún" type="fpvee">hennar</w>
            <w lemma="innan" type="af">innan</w>
            <w lemma="næstur" type="lkfeve">næstu</w>
            <w lemma="18" type="ta">18</w>
            <w lemma="mánuður" type="nkfe">mánaða</w>
            <c type="pl">.</c>
          </s>
        </p>
      </div1>
    </body>
  </text>
</TEI>
