<?xml version="1.0" encoding="utf-8"?>
<TEI xmlns="http://www.tei-c.org/ns/1.0">
  <teiHeader>
    <fileDesc>
      <titleStmt>
        <title>
          <title type="main">Óveður um allt Norðurland</title>
        </title>
        <respStmt>
          <resp xml:lang="is">Söfnun og úrvinnsla texta</resp>
          <resp xml:lang="en">Collection and processing of text</resp>
          <name xml:lang="is">Stofnun Árna Magnússonar í íslenskum fræðum</name>
          <name xml:lang="en">The Arni Magnusson Institute for Icelandic Studies</name>
        </respStmt>
      </titleStmt>
      <editionStmt>
        <p xml:lang="is">Íslensk risamálheild (2019)</p>
        <p xml:lang="en">Tagged Icelandic Gigaword Corpus (2019)</p>
      </editionStmt>
      <publicationStmt>
        <distributor xml:lang="is">Stofnun Árna Magnússonar í íslenskum fræðum</distributor>
        <distributor xml:lang="en">The Arni Magnusson Institute for Icelandic Studies</distributor>
        <address>
          <addrLine xml:lang="is">Árnagarður við Suðurgötu, 107 Reykjavík, Íslandi</addrLine>
          <addrLine xml:lang="en">Árnagarður Suðurgata, 107 Reykjavik, Iceland</addrLine>
          <addrLine>
            <email>arnastofnun@arnastofnun.is</email>
          </addrLine>
        </address>
        <idno type="risam">G-25-2539319</idno>
        <availability>
          <p xml:lang="is">Þessi texti er til notkunar í málrannsóknum og máltækniverkefnum um allan heim með sérstöku leyfi, sjá rmh2Hdr.xml</p>
          <p xml:lang="en">This text is available for use in language research and language technology projects world wide with a special license, see rmh2Hdr.xml</p>
        </availability>
        <date>2020-05-26</date>
      </publicationStmt>
      <sourceDesc>
        <biblStruct>
          <analytic>
            <title>
              <title type="main">Óveður um allt Norðurland</title>
            </title>
            <date when="2013-03-04T12:00:00">04.03 2013 kl. 12:00:00</date>
          </analytic>
          <monogr>
            <title>Bylgjan</title>
            <imprint>
              <publisher>365 miðlar hf.</publisher>
              <pubPlace>Reykjavík</pubPlace>
            </imprint>
          </monogr>
        </biblStruct>
      </sourceDesc>
    </fileDesc>
    <encodingDesc>
      <projectDesc>
        <p xml:lang="is">Sjá lýsingu á verkefninu í rmh2Hdr.xml.</p>
        <p xml:lang="en">See description of project in rmh2Hdr.xml.</p>
      </projectDesc>
      <tagsDecl>
        <namespace name="http://www.tei-c.org/ns/1.0">
          <tagUsage gi="text" occurs="1"/>
          <tagUsage gi="body" occurs="1"/>
          <tagUsage gi="div1" occurs="1"/>
          <tagUsage gi="p" occurs="2"/>
          <tagUsage gi="s" occurs="15"/>
          <tagUsage gi="w" occurs="253"/>
          <tagUsage gi="c" occurs="16"/>
        </namespace>
      </tagsDecl>
    </encodingDesc>
    <profileDesc>
     <textClass>
      <keywords scheme="#RMH">
       <list>
        <item>Frétt – almennt</item>
       </list>
      </keywords>
     </textClass>
    </profileDesc>
  </teiHeader>
  <text>
    <body>
      <div1>
        <p n="1">
          <s n="1">
            <w lemma="veðurofsi" type="nkeng">Veðurofsinn</w>
            <w lemma="sem" type="ct">sem</w>
            <w lemma="skella" type="sfg3eþ">skall</w>
            <w lemma="á" type="af">á</w>
            <w lemma="Vestfirðir" type="nkfþ-s">Vestfjörðum</w>
            <w lemma="í" type="af">í</w>
            <w lemma="gærkvöld" type="nheþ">gærkvöldi</w>
            <w lemma="vera" type="sfg3en">er</w>
            <w lemma="nú" type="aa">nú</w>
            <w lemma="í" type="af">í</w>
            <w lemma="hámark" type="nheþ">hámarki</w>
            <w lemma="á" type="af">á</w>
            <w lemma="Norðurland" type="nheþ-s">Norðurlandi</w>
            <w lemma="og" type="c">og</w>
            <w lemma="vera" type="sfg3en">er</w>
            <w lemma="byrja" type="sþgken">byrjaður</w>
            <w lemma="að" type="cn">að</w>
            <w lemma="teygja" type="sng">teygja</w>
            <w lemma="sig" type="fpkeo">sig</w>
            <w lemma="niður" type="aa">niður</w>
            <w lemma="á" type="af">á</w>
            <w lemma="Austfirðir" type="nkfogs">Austfirðina</w>
            <c type="pl">.</c>
          </s>
          <s n="2">
            <w lemma="vegur" type="nkfn">Vegir</w>
            <w lemma="vera" type="sfg3fn">eru</w>
            <w lemma="víða" type="aa">víða</w>
            <w lemma="kolófær" type="lkfnsf">kolófærir</w>
            <w lemma="og" type="c">og</w>
            <w lemma="innanlandsflug" type="nhen">innanlandsflug</w>
            <w lemma="liggja" type="sfg3en">liggur</w>
            <w lemma="að" type="af">að</w>
            <w lemma="mikill" type="lheþse">mestu</w>
            <w lemma="leyti" type="nheþ">leyti</w>
            <w lemma="niðri" type="aa">niðri</w>
            <c type="pl">.</c>
          </s>
          <s n="3">
            <w lemma="björgunarsveit" type="nvfn">Björgunarsveitir</w>
            <w lemma="hafa" type="sfg3fn">hafa</w>
            <w lemma="vera" type="sþghen">verið</w>
            <w lemma="kalla" type="sþgvfn">kallaðar</w>
            <w lemma="út" type="aa">út</w>
            <w lemma="í" type="af">í</w>
            <w lemma="þrígangur" type="nkeo">þrígang</w>
            <w lemma="en" type="c">en</w>
            <w lemma="ekki" type="aa">ekki</w>
            <w lemma="vera" type="sfg3en">er</w>
            <w lemma="vita" type="sþghen">vitað</w>
            <w lemma="um" type="af">um</w>
            <w lemma="neinn" type="fohfo">nein</w>
            <w lemma="slys" type="nhfo">slys</w>
            <w lemma="á" type="af">á</w>
            <w lemma="fólk" type="nheþ">fólki</w>
            <c type="pl">.</c>
          </s>
        </p>
        <p n="2">
          <s n="1">
            <w lemma="björgunarsveit" type="nveng">Björgunarsveitin</w>
            <w lemma="á" type="af">á</w>
            <w lemma="Hólmavík" type="nveþ-s">Hólmavík</w>
            <w lemma="vera" type="sfg3eþ">var</w>
            <w lemma="kalla" type="sþgven">kölluð</w>
            <w lemma="út" type="aa">út</w>
            <w lemma="í" type="af">í</w>
            <w lemma="gærkvöld" type="nheþ">gærkvöldi</w>
            <w lemma="til" type="af">til</w>
            <w lemma="að" type="cn">að</w>
            <w lemma="aðstoða" type="sng">aðstoða</w>
            <w lemma="17" type="ta">17</w>
            <w lemma="maður" type="nkee">manns</w>
            <w lemma="í" type="af">í</w>
            <w lemma="þrír" type="tfkfþ">þremur</w>
            <w lemma="bíll" type="nkfþ">bílum</w>
            <w lemma="á" type="af">á</w>
            <w lemma="Steingrímsfjarðarheiði" type="nveþ-s">Steingrímsfjarðarheiði</w>
            <c type="pl">.</c>
          </s>
          <s n="2">
            <w lemma="þar" type="aa">Þar</w>
            <w lemma="vera" type="sfg3eþ">var</w>
            <w lemma="snarvitlaus" type="lhensf">snarvitlaust</w>
            <w lemma="veður" type="nhen">veður</w>
            <w lemma="og" type="c">og</w>
            <w lemma="sjá" type="sfg3eþ">sá</w>
            <w lemma="ekki" type="aa">ekki</w>
            <w lemma="út" type="aa">út</w>
            <w lemma="úr" type="af">úr</w>
            <w lemma="auga" type="nhfþg">augunum</w>
            <c type="pl">.</c>
          </s>
          <s n="3">
            <w lemma="ökumaður" type="nkfng">Ökumennirnir</w>
            <w lemma="áræða" type="sfg3fþ">áræddu</w>
            <w lemma="ekki" type="aa">ekki</w>
            <w lemma="að" type="cn">að</w>
            <w lemma="halda" type="sng">halda</w>
            <w lemma="áfram" type="aa">áfram</w>
            <w lemma="þótt" type="c">þótt</w>
            <w lemma="vegur" type="nkeng">vegurinn</w>
            <w lemma="vera" type="svg3eþ">væri</w>
            <w lemma="fær" type="lkensf">fær</w>
            <w lemma="og" type="c">og</w>
            <w lemma="kalla" type="sfg3fþ">kölluðu</w>
            <w lemma="eftir" type="af">eftir</w>
            <w lemma="þáttur" type="nkeo">þátt</w>
            <c type="pl">.</c>
          </s>
          <s n="4">
            <w lemma="björgunarmaður" type="nkfng">Björgunarmennirnir</w>
            <w lemma="flytja" type="sfg3fþ">fluttu</w>
            <w lemma="fólk" type="nheog">fólkið</w>
            <w lemma="til" type="af">til</w>
            <w lemma="Hólmavík" type="nvee-s">Hólmavíkur</w>
            <w lemma="þar" type="aa">þar</w>
            <w lemma="sem" type="c">sem</w>
            <w lemma="það" type="fphen">það</w>
            <w lemma="dvelja" type="sfg3eþ">dvaldi</w>
            <w lemma="í" type="af">í</w>
            <w lemma="nótt" type="nveo">nótt</w>
            <c type="pl">.</c>
          </s>
          <s n="5">
            <w lemma="þá" type="aa">Þá</w>
            <w lemma="vera" type="sfg3eþ">var</w>
            <w lemma="fólk" type="nheþ">fólki</w>
            <w lemma="bjarga" type="sþghen">bjargað</w>
            <w lemma="úr" type="af">úr</w>
            <w lemma="bíll" type="nkeþ">bíl</w>
            <w lemma="á" type="aa">á</w>
            <w lemma="milli" type="af">milli</w>
            <w lemma="Bjarkarlundur" type="nkee-s">Bjarkarlundar</w>
            <w lemma="og" type="c">og</w>
            <w lemma="Króksfjarðarnes" type="nhee-s">Króksfjarðarness</w>
            <w lemma="undir" type="af">undir</w>
            <w lemma="morgunn" type="nkeo">morgun</w>
            <w lemma="og" type="c">og</w>
            <w lemma="um" type="af">um</w>
            <w lemma="svipaður" type="lheosf">svipað</w>
            <w lemma="leyti" type="nheo">leyti</w>
            <w lemma="vera" type="sfg3eþ">var</w>
            <w lemma="sveit" type="nveng">sveitin</w>
            <w lemma="í" type="af">í</w>
            <w lemma="Stykkishólmur" type="nkeþ-s">Stykkishólmi</w>
            <w lemma="kalla" type="sþgven">kölluð</w>
            <w lemma="út" type="aa">út</w>
            <w lemma="til" type="af">til</w>
            <w lemma="að" type="cn">að</w>
            <w lemma="hemja" type="sng">hemja</w>
            <w lemma="olíubryggja" type="nveo">olíubryggju</w>
            <w lemma="fyrir" type="af">fyrir</w>
            <w lemma="smábátur" type="nkfo">smábáta</w>
            <c type="pl">.</c>
          </s>
          <s n="6">
            <w lemma="gjarnan" type="aam">Heldur</w>
            <w lemma="fara" type="sfg3eþ">fór</w>
            <w lemma="að" type="cn">að</w>
            <w lemma="draga" type="sng">draga</w>
            <w lemma="úr" type="af">úr</w>
            <w lemma="vindstyrkur" type="nkeþ">vindstyrk</w>
            <w lemma="á" type="af">á</w>
            <w lemma="Vestfirðir" type="nkfþ-s">Vestfjörðum</w>
            <w lemma="undir" type="af">undir</w>
            <w lemma="morgunn" type="nkeo">morgun</w>
            <w lemma="en" type="c">en</w>
            <w lemma="þá" type="aa">þá</w>
            <w lemma="bæta" type="sfg3eþ">bætti</w>
            <w lemma="mjög" type="aa">mjög</w>
            <w lemma="í" type="af">í</w>
            <w lemma="vindur" type="nkeo">vind</w>
            <w lemma="á" type="af">á</w>
            <w lemma="Norðurland" type="nheþ-s">Norðurlandi</w>
            <w lemma="vestri" type="lheþvm">vestra</w>
            <w lemma="og" type="c">og</w>
            <w lemma="svo" type="aa">svo</w>
            <w lemma="á" type="af">á</w>
            <w lemma="allur" type="foheþ">öllu</w>
            <w lemma="Norðurland" type="nheþgs">Norðurlandinu</w>
            <w lemma="snemma" type="aa">snemma</w>
            <w lemma="í" type="af">í</w>
            <w lemma="morgunn" type="nkeo">morgun</w>
            <c type="pl">.</c>
          </s>
          <s n="7">
            <w lemma="þessi" type="faheþ">Þessu</w>
            <w lemma="fylgja" type="sfg3en">fylgir</w>
            <w lemma="snjókoma" type="nven">snjókoma</w>
            <w lemma="og" type="c">og</w>
            <w lemma="mikill" type="lkensf">mikill</w>
            <w lemma="skafrenningur" type="nken">skafrenningur</w>
            <w lemma="þannig" type="aa">þannig</w>
            <w lemma="að" type="c">að</w>
            <w lemma="víða" type="aa">víða</w>
            <w lemma="vera" type="sfg3en">er</w>
            <w lemma="enginn" type="fohen">ekkert</w>
            <w lemma="skyggni" type="nhen">skyggni</w>
            <w lemma="á" type="af">á</w>
            <w lemma="vegur" type="nkfþ">vegum</w>
            <w lemma="þótt" type="c">þótt</w>
            <w lemma="hann" type="fpkfn">þeir</w>
            <w lemma="telja" type="svm3fn">teljist</w>
            <w lemma="fær" type="lkfnsf">færir</w>
            <c type="pl">.</c>
          </s>
          <s n="8">
            <w lemma="vegagerðarmaður" type="nkfn">Vegagerðarmenn</w>
            <w lemma="verða" type="sfg3fn">verða</w>
            <w lemma="víða" type="aa">víða</w>
            <w lemma="að" type="cn">að</w>
            <w lemma="halda" type="sng">halda</w>
            <w lemma="að" type="af">að</w>
            <w lemma="sig" type="fpkfþ">sér</w>
            <w lemma="hönd" type="nvfþ">höndum</w>
            <w lemma="vegna" type="af">vegna</w>
            <w lemma="óveður" type="nheeg">óveðursins</w>
            <c type="pl">.</c>
          </s>
          <s n="9">
            <w lemma="innanlandsflug" type="nven">Innanlandsflug</w>
            <w lemma="liggja" type="sfg3en">liggur</w>
            <w lemma="niðri" type="aa">niðri</w>
            <w lemma="nema" type="c">nema</w>
            <w lemma="hver" type="fshen">hvað</w>
            <w lemma="fljúga" type="sþghen">flogið</w>
            <w lemma="vera" type="sfg3eþ">var</w>
            <w lemma="til" type="af">til</w>
            <w lemma="Egilsstaðir" type="nkfe-s">Egilsstaða</w>
            <w lemma="í" type="af">í</w>
            <w lemma="morgunn" type="nkeo">morgun</w>
            <c type="pl">.</c>
          </s>
          <s n="10">
            <w lemma="innan" type="aa">Innan</w>
            <w lemma="við" type="af">við</w>
            <w lemma="hundrað" type="tfhfo">hundrað</w>
            <w lemma="fiskiskip" type="nhfn">fiskiskip</w>
            <w lemma="vera" type="sfg3fn">eru</w>
            <w lemma="á" type="af">á</w>
            <w lemma="sjór" type="nkeþ">sjó</w>
            <c type="pk">,</c>
            <w lemma="ná" type="sfg3en">nær</w>
            <w lemma="allur" type="fohfn">öll</w>
            <w lemma="úti" type="aa">úti</w>
            <w lemma="af" type="af">af</w>
            <w lemma="Suðurströnd" type="nveþgs">Suðurströndinni</w>
            <w lemma="þar" type="aa">þar</w>
            <w lemma="sem" type="c">sem</w>
            <w lemma="veður" type="nhen">veður</w>
            <w lemma="vera" type="sfg3en">er</w>
            <w lemma="enn" type="aa">enn</w>
            <w lemma="þokkalegur" type="lvensf">þokkaleg</w>
            <c type="pl">.</c>
          </s>
          <s n="11">
            <w lemma="veðurstofa" type="nveng">Veðurstofan</w>
            <w lemma="búa" type="sfm3en">býst</w>
            <w lemma="við" type="af">við</w>
            <w lemma="norðan-" type="kt">norðan-</w>
            <w lemma="og" type="c">og</w>
            <w lemma="norðaustanhvassviðri" type="nhfo">norðaustanhvassviðri</w>
            <w lemma="eða" type="c">eða</w>
            <w lemma="storma" type="svg3en">stormi</w>
            <w lemma="víða" type="aa">víða</w>
            <w lemma="um" type="af">um</w>
            <w lemma="land" type="nheo">land</w>
            <w lemma="í" type="af">í</w>
            <w lemma="dagur" type="nkeo">dag</w>
            <w lemma="en" type="c">en</w>
            <w lemma="gjarnan" type="aam">heldur</w>
            <w lemma="hægur" type="lvenvm">hægari</w>
            <w lemma="sunnan-" type="kt">sunnan-</w>
            <w lemma="og" type="c">og</w>
            <w lemma="suðaustanlands" type="aa">suðaustanlands</w>
            <c type="pl">.</c>
          </s>
          <s n="12">
            <w lemma="þá" type="aa">Þá</w>
            <w lemma="vera" type="sfg3en">er</w>
            <w lemma="spá" type="sþghen">spáð</w>
            <w lemma="ísing" type="nveþ">ísingu</w>
            <w lemma="á" type="af">á</w>
            <w lemma="grunnslóð" type="nveþ">grunnslóð</w>
            <w lemma="allur" type="fohen">allt</w>
            <w lemma="frá" type="af">frá</w>
            <w lemma="Látrabjarg" type="nheþ-s">Látrabjargi</w>
            <w lemma="austur" type="aa">austur</w>
            <w lemma="til" type="af">til</w>
            <w lemma="Langanes" type="nhee-s">Langaness</w>
            <w lemma="sem" type="ct">sem</w>
            <w lemma="vera" type="sfg3en">er</w>
            <w lemma="mjög" type="aa">mjög</w>
            <w lemma="fátíður" type="lhensf">fátítt</w>
            <w lemma="að" type="af">að</w>
            <w lemma="sögn" type="nveþ">sögn</w>
            <w lemma="kunnugur" type="lhenvm">kunnugra</w>
            <c type="pl">.</c>
          </s>
        </p>
      </div1>
    </body>
  </text>
</TEI>
