<?xml version="1.0" encoding="utf-8"?>
<TEI xmlns="http://www.tei-c.org/ns/1.0">
  <teiHeader>
    <fileDesc>
      <titleStmt>
        <title>
          <title type="main">Gistiskýli fyrir heimilislausa opið í dag</title>
        </title>
        <respStmt>
          <resp xml:lang="is">Söfnun og úrvinnsla texta</resp>
          <resp xml:lang="en">Collection and processing of text</resp>
          <name xml:lang="is">Stofnun Árna Magnússonar í íslenskum fræðum</name>
          <name xml:lang="en">The Arni Magnusson Institute for Icelandic Studies</name>
        </respStmt>
      </titleStmt>
      <editionStmt>
        <p xml:lang="is">Íslensk risamálheild (2019)</p>
        <p xml:lang="en">Tagged Icelandic Gigaword Corpus (2019)</p>
      </editionStmt>
      <publicationStmt>
        <distributor xml:lang="is">Stofnun Árna Magnússonar í íslenskum fræðum</distributor>
        <distributor xml:lang="en">The Arni Magnusson Institute for Icelandic Studies</distributor>
        <address>
          <addrLine xml:lang="is">Árnagarður við Suðurgötu, 107 Reykjavík, Íslandi</addrLine>
          <addrLine xml:lang="en">Árnagarður Suðurgata, 107 Reykjavik, Iceland</addrLine>
          <addrLine>
            <email>arnastofnun@arnastofnun.is</email>
          </addrLine>
        </address>
        <idno type="risam">G-25-2508744</idno>
        <availability>
          <p xml:lang="is">Þessi texti er til notkunar í málrannsóknum og máltækniverkefnum um allan heim með sérstöku leyfi, sjá rmh2Hdr.xml</p>
          <p xml:lang="en">This text is available for use in language research and language technology projects world wide with a special license, see rmh2Hdr.xml</p>
        </availability>
        <date>2020-05-26</date>
      </publicationStmt>
      <sourceDesc>
        <biblStruct>
          <analytic>
            <title>
              <title type="main">Gistiskýli fyrir heimilislausa opið í dag</title>
            </title>
            <date when="2013-03-06T12:00:00">06.03 2013 kl. 12:00:00</date>
          </analytic>
          <monogr>
            <title>Bylgjan</title>
            <imprint>
              <publisher>365 miðlar hf.</publisher>
              <pubPlace>Reykjavík</pubPlace>
            </imprint>
          </monogr>
        </biblStruct>
      </sourceDesc>
    </fileDesc>
    <encodingDesc>
      <projectDesc>
        <p xml:lang="is">Sjá lýsingu á verkefninu í rmh2Hdr.xml.</p>
        <p xml:lang="en">See description of project in rmh2Hdr.xml.</p>
      </projectDesc>
      <tagsDecl>
        <namespace name="http://www.tei-c.org/ns/1.0">
          <tagUsage gi="text" occurs="1"/>
          <tagUsage gi="body" occurs="1"/>
          <tagUsage gi="div1" occurs="1"/>
          <tagUsage gi="p" occurs="1"/>
          <tagUsage gi="s" occurs="2"/>
          <tagUsage gi="w" occurs="43"/>
          <tagUsage gi="c" occurs="2"/>
        </namespace>
      </tagsDecl>
    </encodingDesc>
    <profileDesc>
     <textClass>
      <keywords scheme="#RMH">
       <list>
        <item>Frétt – almennt</item>
       </list>
      </keywords>
     </textClass>
    </profileDesc>
  </teiHeader>
  <text>
    <body>
      <div1>
        <p n="1">
          <s n="1">
            <w lemma="það" type="fphee">Þess</w>
            <w lemma="mega" type="sfg3en">má</w>
            <w lemma="geta" type="sng">geta</w>
            <w lemma="að" type="af">að</w>
            <w lemma="gistiskýli" type="nheþ">gistiskýli</w>
            <w lemma="fyrir" type="af">fyrir</w>
            <w lemma="útigangsmaður" type="nkfo">útigangsmenn</w>
            <w lemma="á" type="af">á</w>
            <w lemma="horn" type="nheþ">horni</w>
            <w lemma="Þingholtsstræti" type="nhee-s">Þingholtsstrætis</w>
            <w lemma="og" type="c">og</w>
            <w lemma="Spítalastígur" type="nkeþ-s">Spítalastíg</w>
            <w lemma="verða" type="sfg3en">verður</w>
            <w lemma="opinn" type="lhensf">opið</w>
            <w lemma="í" type="af">í</w>
            <w lemma="dagur" type="nkeo">dag</w>
            <c type="pl">.</c>
          </s>
          <s n="2">
            <w lemma="það" type="fphen">Það</w>
            <w lemma="vera" type="sfg3en">er</w>
            <w lemma="vanalega" type="aa">vanalega</w>
            <w lemma="loka" type="sþghen">lokað</w>
            <w lemma="á" type="af">á</w>
            <w lemma="dagur" type="nkeog">daginn</w>
            <w lemma="en" type="c">en</w>
            <w lemma="vegna" type="af">vegna</w>
            <w lemma="veður" type="nheeg">veðursins</w>
            <w lemma="vera" type="sfg3eþ">var</w>
            <w lemma="ákveða" type="sþghen">ákveðið</w>
            <w lemma="að" type="cn">að</w>
            <w lemma="halda" type="sng">halda</w>
            <w lemma="það" type="fpheþ">því</w>
            <w lemma="opna" type="nveþ">opnu</w>
            <w lemma="svo" type="aa">svo</w>
            <w lemma="heimilislaus" type="lkfnsf">heimilislausir</w>
            <w lemma="hafa" type="svg3en">hafi</w>
            <w lemma="í" type="af">í</w>
            <w lemma="hús" type="nheo">hús</w>
            <w lemma="að" type="cn">að</w>
            <w lemma="venda" type="sng">venda</w>
            <w lemma="á" type="aa">á</w>
            <w lemma="meðan" type="c">meðan</w>
            <w lemma="veður" type="nheng">veðrið</w>
            <w lemma="ganga" type="sfg3en">gengur</w>
            <w lemma="yfir" type="aa">yfir</w>
            <c type="pl">.</c>
          </s>
        </p>
      </div1>
    </body>
  </text>
</TEI>
