<?xml version="1.0" encoding="utf-8"?>
<TEI xmlns="http://www.tei-c.org/ns/1.0">
  <teiHeader>
    <fileDesc>
      <titleStmt>
        <title>
          <title type="main">Sveitarstjóri Norðurþings fagnar</title>
        </title>
        <respStmt>
          <resp xml:lang="is">Söfnun og úrvinnsla texta</resp>
          <resp xml:lang="en">Collection and processing of text</resp>
          <name xml:lang="is">Stofnun Árna Magnússonar í íslenskum fræðum</name>
          <name xml:lang="en">The Arni Magnusson Institute for Icelandic Studies</name>
        </respStmt>
      </titleStmt>
      <editionStmt>
        <p xml:lang="is">Íslensk risamálheild (2019)</p>
        <p xml:lang="en">Tagged Icelandic Gigaword Corpus (2019)</p>
      </editionStmt>
      <publicationStmt>
        <distributor xml:lang="is">Stofnun Árna Magnússonar í íslenskum fræðum</distributor>
        <distributor xml:lang="en">The Arni Magnusson Institute for Icelandic Studies</distributor>
        <address>
          <addrLine xml:lang="is">Árnagarður við Suðurgötu, 107 Reykjavík, Íslandi</addrLine>
          <addrLine xml:lang="en">Árnagarður Suðurgata, 107 Reykjavik, Iceland</addrLine>
          <addrLine>
            <email>arnastofnun@arnastofnun.is</email>
          </addrLine>
        </address>
        <idno type="risam">G-25-2547475</idno>
        <availability>
          <p xml:lang="is">Þessi texti er til notkunar í málrannsóknum og máltækniverkefnum um allan heim með sérstöku leyfi, sjá rmh2Hdr.xml</p>
          <p xml:lang="en">This text is available for use in language research and language technology projects world wide with a special license, see rmh2Hdr.xml</p>
        </availability>
        <date>2020-05-26</date>
      </publicationStmt>
      <sourceDesc>
        <biblStruct>
          <analytic>
            <title>
              <title type="main">Sveitarstjóri Norðurþings fagnar</title>
            </title>
            <date when="2013-03-29T12:00:00">29.03 2013 kl. 12:00:00</date>
          </analytic>
          <monogr>
            <title>Bylgjan</title>
            <imprint>
              <publisher>365 miðlar hf.</publisher>
              <pubPlace>Reykjavík</pubPlace>
            </imprint>
          </monogr>
        </biblStruct>
      </sourceDesc>
    </fileDesc>
    <encodingDesc>
      <projectDesc>
        <p xml:lang="is">Sjá lýsingu á verkefninu í rmh2Hdr.xml.</p>
        <p xml:lang="en">See description of project in rmh2Hdr.xml.</p>
      </projectDesc>
      <tagsDecl>
        <namespace name="http://www.tei-c.org/ns/1.0">
          <tagUsage gi="text" occurs="1"/>
          <tagUsage gi="body" occurs="1"/>
          <tagUsage gi="div1" occurs="1"/>
          <tagUsage gi="p" occurs="6"/>
          <tagUsage gi="s" occurs="17"/>
          <tagUsage gi="w" occurs="363"/>
          <tagUsage gi="c" occurs="31"/>
        </namespace>
      </tagsDecl>
    </encodingDesc>
    <profileDesc>
     <textClass>
      <keywords scheme="#RMH">
       <list>
        <item>Frétt – almennt</item>
       </list>
      </keywords>
     </textClass>
    </profileDesc>
  </teiHeader>
  <text>
    <body>
      <div1>
        <p n="1">
          <s n="1">
            <w lemma="sveitarstjóri" type="nken">Sveitarstjóri</w>
            <w lemma="Norðurþing" type="nhee-s">Norðurþings</w>
            <w lemma="fagna" type="sfg3en">fagnar</w>
            <w lemma="samþykkt" type="nveo">samþykkt</w>
            <w lemma="frumvarp" type="nhfe">frumvarpa</w>
            <w lemma="um" type="af">um</w>
            <w lemma="fjárfestingarsamningur" type="nkeo">fjárfestingarsamning</w>
            <w lemma="vegna" type="af">vegna</w>
            <w lemma="bygginga" type="nvee">byggingu</w>
            <w lemma="kísilver" type="nhee">kísilvers</w>
            <w lemma="á" type="af">á</w>
            <w lemma="Bakki" type="nkeþ-s">Bakka</w>
            <w lemma="og" type="c">og</w>
            <w lemma="þátttaka" type="nveþ">þátttöku</w>
            <w lemma="ríki" type="nheeg">ríkisins</w>
            <w lemma="í" type="af">í</w>
            <w lemma="gerð" type="nveþ">gerð</w>
            <w lemma="vegtenging" type="nvee">vegtengingar</w>
            <w lemma="milli" type="af">milli</w>
            <w lemma="Húsavíkurhöfn" type="nvee-s">Húsavíkurhafnar</w>
            <w lemma="og" type="c">og</w>
            <w lemma="Bakki" type="nkee-s">Bakka</w>
            <c type="pl">.</c>
          </s>
          <s n="2">
            <w lemma="hann" type="fpken">Hann</w>
            <w lemma="þvertaka" type="sfg3en">þvertekur</w>
            <w lemma="fyrir" type="af">fyrir</w>
            <w lemma="að" type="c">að</w>
            <w lemma="lífríki" type="nhen">lífríki</w>
            <w lemma="og" type="c">og</w>
            <w lemma="náttúra" type="nveþ">náttúru</w>
            <w lemma="á" type="af">á</w>
            <w lemma="svæði" type="nheþg">svæðinu</w>
            <w lemma="vera" type="svg3en">sé</w>
            <w lemma="ógna" type="sþghen">ógnað</w>
            <c type="pl">.</c>
          </s>
        </p>
        <p n="2">
          <s n="1">
            <w lemma="frumvarp" type="nheng">Frumvarpið</w>
            <w lemma="vera" type="sfg3eþ">var</w>
            <w lemma="samþykkja" type="sþghen">samþykkt</w>
            <w lemma="á" type="af">á</w>
            <w lemma="Alþingi" type="nheþ-s">Alþingi</w>
            <w lemma="á" type="af">á</w>
            <w lemma="miðvikudagur" type="nkeog">miðvikudaginn</w>
            <w lemma="og" type="c">og</w>
            <w lemma="heimila" type="sfg3en">heimilar</w>
            <w lemma="atvinnuvegaráðherra" type="nkeþ">atvinnuvegaráðherra</w>
            <w lemma="að" type="cn">að</w>
            <w lemma="gera" type="sng">gera</w>
            <w lemma="fjárfestingarsamningur" type="nkeo">fjárfestingarsamning</w>
            <w lemma="um" type="af">um</w>
            <w lemma="bygging" type="nveo">byggingu</w>
            <w lemma="kísilver" type="nhee">kísilvers</w>
            <w lemma="á" type="af">á</w>
            <w lemma="Bakki" type="nkeþ-s">Bakka</w>
            <c type="pl">.</c>
          </s>
          <s n="2">
            <w lemma="hér" type="aa">Hér</w>
            <w lemma="vera" type="sfg3en">er</w>
            <w lemma="um" type="af">um</w>
            <w lemma="að" type="cn">að</w>
            <w lemma="ræða" type="sng">ræða</w>
            <w lemma="33.000" type="ta">33.000</w>
            <w lemma="tonn" type="nhfe">tonna</w>
            <w lemma="verksmiðja" type="nveo">verksmiðju</w>
            <w lemma="en" type="c">en</w>
            <w lemma="framleiðsla" type="nveng">framleiðslan</w>
            <w lemma="eiga" type="sfg3en">á</w>
            <w lemma="að" type="cn">að</w>
            <w lemma="hefja" type="snm">hefjast</w>
            <w lemma="ár" type="nheog">árið</w>
            <w lemma="2016" type="ta">2016</w>
            <c type="pl">.</c>
          </s>
          <s n="3">
            <w lemma="þá" type="aa">Þá</w>
            <w lemma="vera" type="sfg3eþ">var</w>
            <w lemma="einnig" type="aa">einnig</w>
            <w lemma="samþykkja" type="sþghen">samþykkt</w>
            <w lemma="frumvarp" type="nhen">frumvarp</w>
            <w lemma="um" type="af">um</w>
            <w lemma="þátttaka" type="nveo">þátttöku</w>
            <w lemma="ríki" type="nheeg">ríkisins</w>
            <w lemma="í" type="af">í</w>
            <w lemma="gerð" type="nveþ">gerð</w>
            <w lemma="vegtenging" type="nvee">vegtengingar</w>
            <w lemma="milli" type="af">milli</w>
            <w lemma="Húsavíkurhöfn" type="nvee-s">Húsavíkurhafnar</w>
            <w lemma="og" type="c">og</w>
            <w lemma="Bakkar" type="nkfe-s">Bakka</w>
            <w lemma="fyrir" type="af">fyrir</w>
            <w lemma="um" type="aa">um</w>
            <w lemma="1.800" type="ta">1.800</w>
            <w lemma="milljón" type="nvfo">milljónir</w>
            <w lemma="króna" type="nvfe">króna</w>
            <c type="pl">.</c>
          </s>
          <s n="4">
            <w lemma="Bergur" type="nken-s">Bergur</w>
            <w lemma="Elías" type="nken-s">Elías</w>
            <w lemma="Ágústsson" type="nken-s">Ágústsson</w>
            <c type="pk">,</c>
            <w lemma="sveitarstjóri" type="nken">sveitarstjóri</w>
            <w lemma="Norðurþing" type="nhee-s">Norðurþings</w>
            <c type="pk">,</c>
            <w lemma="fagna" type="sfg3en">fagnar</w>
            <w lemma="samþykkt" type="nvfþg">samþykktunum</w>
            <w lemma="og" type="c">og</w>
            <w lemma="benda" type="sfg3en">bendir</w>
            <w lemma="á" type="af">á</w>
            <w lemma="að" type="c">að</w>
            <w lemma="það" type="fphen">það</w>
            <w lemma="hafa" type="svg3en">hafi</w>
            <w lemma="snemma" type="aae">fyrst</w>
            <w lemma="og" type="c">og</w>
            <w lemma="frammi" type="aae">fremst</w>
            <w lemma="vera" type="sþghen">verið</w>
            <w lemma="stofnfjárfestingur" type="nkfn">stofnfjárfestingar</w>
            <w lemma="sem" type="ct">sem</w>
            <w lemma="hafa" type="svg3fn">hafi</w>
            <w lemma="standa" type="sþghen">staðið</w>
            <w lemma="í" type="af">í</w>
            <w lemma="vegur" type="nkeþ">vegi</w>
            <w lemma="fyrir" type="af">fyrir</w>
            <w lemma="fyrirhugaður" type="lvfþsf">fyrirhuguðum</w>
            <w lemma="framkvæmd" type="nvfþ">framkvæmdum</w>
            <w lemma="á" type="af">á</w>
            <w lemma="Bakki" type="nkeþ-s">Bakka</w>
            <c type="pl">.</c>
          </s>
          <s n="5">
            <w lemma="með" type="af">Með</w>
            <w lemma="samþykkt" type="nveþ">samþykkt</w>
            <w lemma="frumvarp" type="nheeg">frumvarpsins</w>
            <w lemma="á" type="af">á</w>
            <w lemma="Alþingi" type="nheþ-s">Alþingi</w>
            <w lemma="hafa" type="svg3en">hafi</w>
            <w lemma="ís" type="nkeng">ísinn</w>
            <w lemma="vera" type="sþghen">verið</w>
            <w lemma="brotinn" type="lkensf">brotinn</w>
            <c type="pl">.</c>
          </s>
          <s n="6">
            <w lemma="nú" type="aa">Nú</w>
            <w lemma="koma" type="svg3en">komi</w>
            <w lemma="sveitarfélag" type="nheng">sveitarfélagið</w>
            <c type="pk">,</c>
            <w lemma="ríkisvald" type="nheng">ríkisvaldið</w>
            <w lemma="og" type="c">og</w>
            <w lemma="þýskur" type="lhenvf">þýska</w>
            <w lemma="fyrirtæki" type="nheng">fyrirtækið</w>
            <w lemma="PCC" type="n----s">PCC</w>
            <w lemma="að" type="af">að</w>
            <w lemma="þessi" type="faveþ">þessari</w>
            <w lemma="stofnfjárfesting" type="nveþ">stofnfjárfestingu</w>
            <w lemma="og" type="c">og</w>
            <w lemma="uppbygging" type="nveþ">uppbyggingu</w>
            <w lemma="innviðir" type="nkfe">innviða</w>
            <w lemma="á" type="af">á</w>
            <w lemma="svæði" type="nheþg">svæðinu</w>
            <c type="pl">.</c>
          </s>
        </p>
        <p n="3">
          <s n="1">
            <w lemma="Bergur" type="nken-s">Bergur</w>
            <w lemma="Elías" type="nken-s">Elías</w>
            <w lemma="Ágústsson" type="nken-s">Ágústsson</w>
            <c type="pk">,</c>
            <w lemma="sveitarstjóri" type="nken">sveitarstjóri</w>
            <w lemma="Norðurþing" type="nhee-s">Norðurþings</w>
            <c type="pa">:</c>
            <w lemma="og" type="c">Og</w>
            <w lemma="það" type="fphen">það</w>
            <w lemma="vera" type="sfg3en">er</w>
            <w lemma="þá" type="aa">þá</w>
            <w lemma="hafnarframkvæmd" type="nvfn">hafnarframkvæmdir</w>
            <w lemma="annar" type="fokee">annars</w>
            <w lemma="vegur" type="nkee">vegar</w>
            <w lemma="og" type="c">og</w>
            <w lemma="vegtenging" type="nven">vegtenging</w>
            <w lemma="hinn" type="fakee">hins</w>
            <w lemma="vegur" type="nkee">vegar</w>
            <w lemma="og" type="c">og</w>
            <w lemma="þessi" type="fahen">þetta</w>
            <w lemma="vera" type="sfg3fn">eru</w>
            <w lemma="atriði" type="nhfn">atriði</w>
            <w lemma="sem" type="ct">sem</w>
            <w lemma="vera" type="sfg3fn">eru</w>
            <w lemma="bara" type="aa">bara</w>
            <w lemma="nauðsynlegur" type="lhfnsf">nauðsynleg</w>
            <w lemma="til" type="af">til</w>
            <w lemma="það" type="fphee">þess</w>
            <w lemma="að" type="c">að</w>
            <w lemma="hér" type="aa">hér</w>
            <w lemma="vera" type="svg3en">sé</w>
            <w lemma="hægur" type="lhensf">hægt</w>
            <w lemma="að" type="cn">að</w>
            <w lemma="hefja" type="sng">hefja</w>
            <w lemma="atvinnuuppbygging" type="nveo">atvinnuuppbyggingu</w>
            <w lemma="í" type="af">í</w>
            <w lemma="orkufrekur" type="lkeþsf">orkufrekum</w>
            <w lemma="iðnaður" type="nkeþ">iðnaði</w>
            <w lemma="og" type="c">og</w>
            <w lemma="þessi" type="faven">þessi</w>
            <w lemma="samþykkt" type="nven">samþykkt</w>
            <w lemma="hún" type="fpven">hún</w>
            <w lemma="vera" type="sfg3en">er</w>
            <w lemma="ákveðinn" type="lvensf">ákveðin</w>
            <w lemma="tímamót" type="nhfn">tímamót</w>
            <w lemma="fyrir" type="af">fyrir</w>
            <w lemma="ég" type="fp1fo">okkur</w>
            <w lemma="og" type="c">og</w>
            <w lemma="þýða" type="sfg3en">þýðir</w>
            <w lemma="í" type="af">í</w>
            <w lemma="raun" type="nveþ">raun</w>
            <w lemma="og" type="c">og</w>
            <w lemma="vera" type="nveþ">veru</w>
            <w lemma="það" type="fphen">það</w>
            <w lemma="að" type="c">að</w>
            <w lemma="ég" type="fp1fn">við</w>
            <w lemma="geta" type="sfg1fn">getum</w>
            <w lemma="klára" type="sþghen">klárað</w>
            <w lemma="allur" type="fokfo">alla</w>
            <w lemma="ég" type="fp1fe">okkar</w>
            <w lemma="smaningur" type="nkfo">smaninga</w>
            <w lemma="og" type="c">og</w>
            <w lemma="staðfesta" type="sþghen">staðfest</w>
            <w lemma="hvenær" type="aa">hvenær</w>
            <w lemma="ég" type="fp1fn">við</w>
            <w lemma="verða" type="sfg1fn">verðum</w>
            <w lemma="tilbúinn" type="lkfnsf">tilbúnir</w>
            <w lemma="með" type="af">með</w>
            <w lemma="þessi" type="fakfo">þessa</w>
            <w lemma="innviðir" type="nkfo">innviði</w>
            <w lemma="þannig" type="aa">þannig</w>
            <w lemma="að" type="c">að</w>
            <w lemma="fyrirtæki" type="nheng">fyrirtækið</w>
            <w lemma="sem" type="ct">sem</w>
            <w lemma="að" type="c">að</w>
            <w lemma="hingað" type="aa">hingað</w>
            <w lemma="koma" type="sfg3en">kemur</w>
            <w lemma="geta" type="sfg3en">getur</w>
            <w lemma="þá" type="aa">þá</w>
            <w lemma="byrja" type="sþghen">byrjað</w>
            <w lemma="að" type="cn">að</w>
            <w lemma="framleiða" type="sng">framleiða</w>
            <w lemma="og" type="c">og</w>
            <w lemma="sá" type="faheo">það</w>
            <w lemma="sem" type="ct">sem</w>
            <w lemma="að" type="aa">að</w>
            <w lemma="hafa" type="sfg3en">hefur</w>
            <w lemma="nú" type="aa">nú</w>
            <w lemma="vera" type="sþghen">verið</w>
            <w lemma="það" type="fpheþ">því</w>
            <w lemma="lítt" type="aam">miður</w>
            <w lemma="akkileshæll" type="nhen">akkileshæll</w>
            <w lemma="landsbyggð" type="nveeg">landsbyggðarinnar</w>
            <w lemma="upp" type="aa">upp</w>
            <w lemma="á" type="af">á</w>
            <w lemma="það" type="fpheo">það</w>
            <w lemma="að" type="cn">að</w>
            <w lemma="nýta" type="sng">nýta</w>
            <w lemma="sinn" type="fehfo">sín</w>
            <w lemma="tækifæri" type="nhfo">tækifæri</w>
            <w lemma="það" type="fphen">það</w>
            <w lemma="vera" type="sfg3en">er</w>
            <w lemma="skortur" type="nken">skortur</w>
            <w lemma="á" type="af">á</w>
            <w lemma="innviðir" type="nkfþ">innviðum</w>
            <c type="pk">,</c>
            <w lemma="það" type="fphen">það</w>
            <w lemma="vera" type="sfg3en">er</w>
            <w lemma="skortur" type="nken">skortur</w>
            <w lemma="á" type="af">á</w>
            <w lemma="aðstaða" type="nveþ">aðstöðu</w>
            <w lemma="og" type="c">og</w>
            <w lemma="þessi" type="faheo">þetta</w>
            <w lemma="ætla" type="sfg3fn">ætla</w>
            <w lemma="maður" type="nkfn">menn</w>
            <w lemma="að" type="cn">að</w>
            <w lemma="byggja" type="sng">byggja</w>
            <w lemma="upp" type="aa">upp</w>
            <w lemma="og" type="c">og</w>
            <w lemma="það" type="fphen">það</w>
            <w lemma="vera" type="sfg3en">er</w>
            <w lemma="bara" type="aa">bara</w>
            <w lemma="mikill" type="lhensf">mikið</w>
            <w lemma="gleðiefni" type="nhen">gleðiefni</w>
            <c type="pl">.</c>
          </s>
        </p>
        <p n="4">
          <s n="1">
            <w lemma="Svandís" type="nven-s">Svandís</w>
            <w lemma="Svavarsdóttir" type="nven-s">Svavarsdóttir</w>
            <c type="pk">,</c>
            <w lemma="umhverfisráðherra" type="nken">umhverfisráðherra</w>
            <c type="pk">,</c>
            <w lemma="sitja" type="sfg3eþ">sat</w>
            <w lemma="hjá" type="aa">hjá</w>
            <w lemma="við" type="af">við</w>
            <w lemma="atkvæðagreiðsla" type="nveþ">atkvæðagreiðslu</w>
            <c type="pl">.</c>
          </s>
          <s n="2">
            <w lemma="hún" type="fpven">Hún</w>
            <w lemma="lýsa" type="sfg3eþ">lýsti</w>
            <w lemma="það" type="fpheþ">því</w>
            <w lemma="yfir" type="aa">yfir</w>
            <w lemma="að" type="c">að</w>
            <w lemma="með" type="af">með</w>
            <w lemma="þessi" type="faheþ">þessu</w>
            <w lemma="vera" type="svg3en">sé</w>
            <w lemma="lífríki" type="nhen">lífríki</w>
            <w lemma="Mývatn" type="nhee-s">Mývatns</w>
            <w lemma="stefna" type="sþghen">stefnt</w>
            <w lemma="í" type="af">í</w>
            <w lemma="hætta" type="nveþ">hættu</w>
            <c type="pl">.</c>
          </s>
          <s n="3">
            <w lemma="Bergur" type="nken-s">Bergur</w>
            <w lemma="Elías" type="nken-s">Elías</w>
            <w lemma="þvertaka" type="sfg3en">þvertekur</w>
            <w lemma="fyrir" type="af">fyrir</w>
            <w lemma="þessi" type="faheo">þetta</w>
            <c type="pl">.</c>
          </s>
        </p>
        <p n="5">
          <s n="1">
            <w lemma="Bergur" type="nken-s">Bergur</w>
            <w lemma="Elías" type="nken-s">Elías</w>
            <w lemma="Ágústsson" type="nken-s">Ágústsson</w>
            <c type="pa">:</c>
            <w lemma="það" type="fphen">Það</w>
            <w lemma="vera" type="sfg3en">er</w>
            <w lemma="nú" type="aa">nú</w>
            <w lemma="þannig" type="aa">þannig</w>
            <w lemma="að" type="c">að</w>
            <w lemma="það" type="fphen">það</w>
            <w lemma="vera" type="sfg3en">er</w>
            <w lemma="búinn" type="lhensf">búið</w>
            <w lemma="að" type="cn">að</w>
            <w lemma="fara" type="sng">fara</w>
            <w lemma="í" type="aa">í</w>
            <w lemma="gegnum" type="af">gegnum</w>
            <w lemma="átta" type="tfhfo">átta</w>
            <w lemma="umhverfismat" type="nhfo">umhverfismöt</w>
            <w lemma="hér" type="aa">hér</w>
            <w lemma="á" type="af">á</w>
            <w lemma="þessi" type="faheþ">þessu</w>
            <w lemma="svæði" type="nheþ">svæði</w>
            <c type="pk">,</c>
            <w lemma="hvorki" type="c">hvorki</w>
            <w lemma="mikill" type="lheovm">meira</w>
            <w lemma="né" type="c">né</w>
            <w lemma="lítill" type="lheovm">minna</w>
            <w lemma="frá" type="af">frá</w>
            <w lemma="það" type="fpheþ">því</w>
            <w lemma="á" type="af">á</w>
            <w lemma="ár" type="nheþg">árinu</w>
            <w lemma="2006" type="ta">2006</w>
            <c type="pl">.</c>
          </s>
          <s n="2">
            <w lemma="það" type="fphen">Það</w>
            <w lemma="virða" type="sfm3en">virðist</w>
            <w lemma="oft" type="aa">oft</w>
            <w lemma="og" type="c">og</w>
            <w lemma="tíðum" type="aa">tíðum</w>
            <w lemma="gleyma" type="snm">gleymast</w>
            <c type="pl">.</c>
          </s>
          <s n="3">
            <w lemma="það" type="fphen">Það</w>
            <w lemma="vera" type="sfg3en">er</w>
            <w lemma="þá" type="aa">þá</w>
            <c type="pk">,</c>
            <w lemma="fyrir" type="af">fyrir</w>
            <w lemma="ég" type="fp1fo">okkur</w>
            <w lemma="sem" type="c">sem</w>
            <w lemma="að" type="c">að</w>
            <w lemma="hér" type="aa">hér</w>
            <w lemma="búa" type="sfg1fn">búum</w>
            <c type="pk">,</c>
            <w lemma="þá" type="aa">þá</w>
            <w lemma="vera" type="sfg3en">er</w>
            <w lemma="ég" type="fp1fþ">okkur</w>
            <w lemma="ákaflega" type="aa">ákaflega</w>
            <w lemma="annt" type="lhensf">annt</w>
            <w lemma="um" type="af">um</w>
            <w lemma="ég" type="fp1fe">okkar</w>
            <w lemma="umhverfi" type="nheo">umhverfi</w>
            <w lemma="og" type="c">og</w>
            <w lemma="lífríki" type="nheog">lífríkið</w>
            <w lemma="hér" type="aa">hér</w>
            <w lemma="á" type="af">á</w>
            <w lemma="svæði" type="nheþg">svæðinu</w>
            <c type="pl">.</c>
          </s>
          <s n="4">
            <w lemma="og" type="c">Og</w>
            <w lemma="það" type="fphen">það</w>
            <w lemma="hafa" type="sfg3en">hefur</w>
            <w lemma="ekki" type="aa">ekki</w>
            <w lemma="og" type="c">og</w>
            <w lemma="verða" type="sfg3en">verður</w>
            <w lemma="ekki" type="aa">ekki</w>
            <w lemma="á" type="af">á</w>
            <w lemma="neinn" type="foveþ">neinni</w>
            <c type="pk">,</c>
            <w lemma="neinn" type="fokeþ">neinum</w>
            <w lemma="afsláttur" type="nkeþ">afslætti</w>
            <w lemma="hver" type="fshen">hvað</w>
            <w lemma="það" type="fphen">það</w>
            <w lemma="varða" type="sfg3en">varðar</w>
            <c type="pl">.</c>
          </s>
        </p>
        <p n="6">
          <s n="1">
            <w lemma="segja" type="sfg3en">Segir</w>
            <w lemma="Bergur" type="nken-s">Bergur</w>
            <w lemma="Elías" type="nken-s">Elías</w>
            <w lemma="Ágústsson" type="nken-s">Ágústsson</w>
            <c type="pk">,</c>
            <w lemma="sveitarstjóri" type="nken">sveitarstjóri</w>
            <w lemma="Norðurþing" type="nhee-s">Norðurþings</w>
            <c type="pl">.</c>
          </s>
        </p>
      </div1>
    </body>
  </text>
</TEI>
