<?xml version="1.0" encoding="utf-8"?>
<TEI xmlns="http://www.tei-c.org/ns/1.0">
  <teiHeader>
    <fileDesc>
      <titleStmt>
        <title>
          <title type="main">Fjárlög til löggæslu verði aukin</title>
        </title>
        <respStmt>
          <resp xml:lang="is">Söfnun og úrvinnsla texta</resp>
          <resp xml:lang="en">Collection and processing of text</resp>
          <name xml:lang="is">Stofnun Árna Magnússonar í íslenskum fræðum</name>
          <name xml:lang="en">The Arni Magnusson Institute for Icelandic Studies</name>
        </respStmt>
      </titleStmt>
      <editionStmt>
        <p xml:lang="is">Íslensk risamálheild (2019)</p>
        <p xml:lang="en">Tagged Icelandic Gigaword Corpus (2019)</p>
      </editionStmt>
      <publicationStmt>
        <distributor xml:lang="is">Stofnun Árna Magnússonar í íslenskum fræðum</distributor>
        <distributor xml:lang="en">The Arni Magnusson Institute for Icelandic Studies</distributor>
        <address>
          <addrLine xml:lang="is">Árnagarður við Suðurgötu, 107 Reykjavík, Íslandi</addrLine>
          <addrLine xml:lang="en">Árnagarður Suðurgata, 107 Reykjavik, Iceland</addrLine>
          <addrLine>
            <email>arnastofnun@arnastofnun.is</email>
          </addrLine>
        </address>
        <idno type="risam">G-25-2518017</idno>
        <availability>
          <p xml:lang="is">Þessi texti er til notkunar í málrannsóknum og máltækniverkefnum um allan heim með sérstöku leyfi, sjá rmh2Hdr.xml</p>
          <p xml:lang="en">This text is available for use in language research and language technology projects world wide with a special license, see rmh2Hdr.xml</p>
        </availability>
        <date>2020-05-26</date>
      </publicationStmt>
      <sourceDesc>
        <biblStruct>
          <analytic>
            <title>
              <title type="main">Fjárlög til löggæslu verði aukin</title>
            </title>
            <date when="2013-03-17T12:00:00">17.03 2013 kl. 12:00:00</date>
          </analytic>
          <monogr>
            <title>Bylgjan</title>
            <imprint>
              <publisher>365 miðlar hf.</publisher>
              <pubPlace>Reykjavík</pubPlace>
            </imprint>
          </monogr>
        </biblStruct>
      </sourceDesc>
    </fileDesc>
    <encodingDesc>
      <projectDesc>
        <p xml:lang="is">Sjá lýsingu á verkefninu í rmh2Hdr.xml.</p>
        <p xml:lang="en">See description of project in rmh2Hdr.xml.</p>
      </projectDesc>
      <tagsDecl>
        <namespace name="http://www.tei-c.org/ns/1.0">
          <tagUsage gi="text" occurs="1"/>
          <tagUsage gi="body" occurs="1"/>
          <tagUsage gi="div1" occurs="1"/>
          <tagUsage gi="p" occurs="3"/>
          <tagUsage gi="s" occurs="15"/>
          <tagUsage gi="w" occurs="296"/>
          <tagUsage gi="c" occurs="29"/>
        </namespace>
      </tagsDecl>
    </encodingDesc>
    <profileDesc>
     <textClass>
      <keywords scheme="#RMH">
       <list>
        <item>Frétt – almennt</item>
       </list>
      </keywords>
     </textClass>
    </profileDesc>
  </teiHeader>
  <text>
    <body>
      <div1>
        <p n="1">
          <s n="1">
            <w lemma="þverpólitískur" type="lvensf">Þverpólitísk</w>
            <w lemma="þingmannanefnd" type="nven">þingmannanefnd</w>
            <w lemma="leggja" type="sfg3en">leggur</w>
            <w lemma="til" type="af">til</w>
            <w lemma="að" type="c">að</w>
            <w lemma="fjárframlag" type="nhfn">fjárframlög</w>
            <w lemma="til" type="af">til</w>
            <w lemma="löggæsla" type="nvee">löggæslu</w>
            <w lemma="verða" type="svg3en">verði</w>
            <w lemma="auka" type="sþghfn">aukin</w>
            <w lemma="um" type="af">um</w>
            <w lemma="þrír" type="tfkfo">þrjá</w>
            <w lemma="og" type="c">og</w>
            <w lemma="hálfur" type="lkeosf">hálfan</w>
            <w lemma="milljarður" type="nkeo">milljarð</w>
            <w lemma="á" type="af">á</w>
            <w lemma="næstur" type="lhfþve">næstu</w>
            <w lemma="fjórir" type="tfhfþ">fjórum</w>
            <w lemma="ár" type="nhfþ">árum</w>
            <w lemma="til" type="af">til</w>
            <w lemma="að" type="c">að</w>
            <w lemma="hægur" type="lhensf">hægt</w>
            <w lemma="vera" type="svg3en">sé</w>
            <w lemma="að" type="cn">að</w>
            <w lemma="fjölga" type="sng">fjölga</w>
            <w lemma="lögreglumaður" type="nkfþ">lögreglumönnum</w>
            <w lemma="og" type="c">og</w>
            <w lemma="kaupa" type="sng">kaupa</w>
            <w lemma="nýr" type="lkeosf">nýjan</w>
            <w lemma="búnaður" type="nkeo">búnað</w>
            <c type="pl">.</c>
          </s>
          <s n="2">
            <w lemma="nefnd" type="nveng">Nefndin</w>
            <w lemma="telja" type="sfg3en">telur</w>
            <w lemma="að" type="c">að</w>
            <w lemma="staða" type="nven">staða</w>
            <w lemma="löggæslumál" type="nhfe">löggæslumála</w>
            <w lemma="vera" type="svg3en">sé</w>
            <w lemma="grafalvarlegur" type="lvensf">grafalvarleg</w>
            <w lemma="vegna" type="af">vegna</w>
            <w lemma="mannekla" type="nvee">manneklu</w>
            <w lemma="og" type="c">og</w>
            <w lemma="niðurskurður" type="nkee">niðurskurðar</w>
            <w lemma="á" type="af">á</w>
            <w lemma="undanfarinn" type="lhfþsf">undanförnum</w>
            <w lemma="ár" type="nhfþ">árum</w>
            <c type="pl">.</c>
          </s>
        </p>
        <p n="2">
          <s n="1">
            <w lemma="nefnd" type="nveng">Nefndin</w>
            <w lemma="taka" type="sfg3eþ">tók</w>
            <w lemma="til" type="af">til</w>
            <w lemma="starf" type="nhfe">starfa</w>
            <w lemma="í" type="af">í</w>
            <w lemma="nóvember" type="nkeþ">nóvember</w>
            <w lemma="á" type="af">á</w>
            <w lemma="síðari" type="lheþve">síðasta</w>
            <w lemma="ár" type="nheþ">ári</w>
            <w lemma="en" type="c">en</w>
            <w lemma="í" type="af">í</w>
            <w lemma="hún" type="fpveþ">henni</w>
            <w lemma="sitja" type="sfg3fþ">sátu</w>
            <w lemma="fulltrúi" type="nkfn">fulltrúar</w>
            <w lemma="allur" type="fokfe">allra</w>
            <w lemma="flokkur" type="nkfe">flokka</w>
            <w lemma="á" type="af">á</w>
            <w lemma="Alþingi" type="nheþ-s">Alþingi</w>
            <w lemma="auk" type="af">auk</w>
            <w lemma="fulltrúi" type="nkfe">fulltrúa</w>
            <w lemma="frá" type="af">frá</w>
            <w lemma="Landssamband" type="nheþ-s">Landssambandi</w>
            <w lemma="lögreglumaður" type="nkfe">lögreglumanna</w>
            <c type="pk">,</c>
            <w lemma="ríkislögreglustjóri" type="nkeþ">ríkislögreglustjóra</w>
            <w lemma="og" type="c">og</w>
            <w lemma="innanríkisráðuneyti" type="nheþg">innanríkisráðuneytinu</w>
            <c type="pl">.</c>
          </s>
          <s n="2">
            <w lemma="nefnd" type="nveng">Nefndin</w>
            <w lemma="skila" type="sfg3eþ">skilaði</w>
            <w lemma="skýrsla" type="nveþ">skýrslu</w>
            <w lemma="til" type="af">til</w>
            <w lemma="innanríkisráðherra" type="nkee">innanríkisráðherra</w>
            <w lemma="í" type="af">í</w>
            <w lemma="síðari" type="lveþve">síðustu</w>
            <w lemma="vika" type="nveþ">viku</w>
            <c type="pl">.</c>
          </s>
          <s n="3">
            <w lemma="nefnd" type="nveng">Nefndin</w>
            <w lemma="koma" type="sfm3eþ">komst</w>
            <w lemma="að" type="af">að</w>
            <w lemma="sá" type="faveþ">þeirri</w>
            <w lemma="niðurstaða" type="nveþ">niðurstöðu</w>
            <w lemma="að" type="c">að</w>
            <w lemma="stórefla" type="sng">stórefla</w>
            <w lemma="þurfa" type="svg3en">þurfi</w>
            <w lemma="lögregla" type="nveog">lögregluna</w>
            <w lemma="og" type="c">og</w>
            <w lemma="hækka" type="sng">hækka</w>
            <w lemma="þurfa" type="svg3en">þurfi</w>
            <w lemma="framlag" type="nhfo">framlög</w>
            <w lemma="til" type="af">til</w>
            <w lemma="hún" type="fpvee">hennar</w>
            <w lemma="um" type="af">um</w>
            <w lemma="þrír" type="tfkfo">þrjá</w>
            <w lemma="og" type="c">og</w>
            <w lemma="hálfur" type="lkeosf">hálfan</w>
            <w lemma="milljarður" type="nkeo">milljarð</w>
            <w lemma="á" type="af">á</w>
            <w lemma="næstur" type="lhfþve">næstu</w>
            <w lemma="fjórir" type="tfhfþ">fjórum</w>
            <w lemma="ár" type="nhfþ">árum</w>
            <c type="pk">,</c>
            <w lemma="umfram" type="af">umfram</w>
            <w lemma="verðlagshækkun" type="nvfo">verðlagshækkanir</w>
            <w lemma="fjárlög" type="nhfe">fjárlaga</w>
            <c type="pl">.</c>
          </s>
          <s n="4">
            <w lemma="einnig" type="aa">Einnig</w>
            <w lemma="þurfa" type="svg3en">þurfi</w>
            <w lemma="að" type="cn">að</w>
            <w lemma="fjölga" type="sng">fjölga</w>
            <w lemma="lögreglumaður" type="nkfþ">lögreglumönnum</w>
            <w lemma="um" type="af">um</w>
            <w lemma="236" type="ta">236</w>
            <w lemma="eða" type="c">eða</w>
            <w lemma="um" type="af">um</w>
            <w lemma="tæplega" type="aa">tæplega</w>
            <w lemma="fjórðungur" type="nkeo">fjórðung</w>
            <w lemma="miða" type="sþghen">miðað</w>
            <w lemma="við" type="af">við</w>
            <w lemma="núverandi" type="lkeoof">núverandi</w>
            <w lemma="fjöldi" type="nkeo">fjölda</w>
            <c type="pl">.</c>
          </s>
          <s n="5">
            <w lemma="í" type="af">Í</w>
            <w lemma="niðurstaða" type="nveþ">niðurstöðu</w>
            <w lemma="nefnd" type="nveeg">nefndarinnar</w>
            <w lemma="segja" type="sfg3en">segir</w>
            <w lemma="ennfremur" type="aa">ennfremur</w>
            <w lemma="að" type="c">að</w>
            <w lemma="staða" type="nven">staða</w>
            <w lemma="löggæslumál" type="nhfe">löggæslumála</w>
            <w lemma="á" type="af">á</w>
            <w lemma="Ísland" type="nheþ-s">Íslandi</w>
            <w lemma="vera" type="svg3en">sé</w>
            <w lemma="grafalvarlegur" type="lvensf">grafalvarleg</w>
            <c type="pl">.</c>
          </s>
          <s n="6">
            <w lemma="forgangsatriði" type="nhen">Forgangsatriði</w>
            <w lemma="vera" type="svg3en">sé</w>
            <w lemma="að" type="cn">að</w>
            <w lemma="fjölga" type="sng">fjölga</w>
            <w lemma="almennur" type="lkfþsf">almennum</w>
            <w lemma="lögreglumaður" type="nkfþ">lögreglumönnum</w>
            <c type="pk">,</c>
            <w lemma="bæta" type="sng">bæta</w>
            <w lemma="búnaður" type="nkeo">búnað</w>
            <w lemma="og" type="c">og</w>
            <w lemma="þjálfun" type="nveo">þjálfun</w>
            <c type="pl">.</c>
          </s>
          <s n="7">
            <w lemma="þá" type="aa">Þá</w>
            <w lemma="þurfa" type="svg3en">þurfi</w>
            <w lemma="að" type="cn">að</w>
            <w lemma="styrkja" type="sng">styrkja</w>
            <w lemma="sérhæfður" type="lvfosf">sérhæfðar</w>
            <w lemma="deild" type="nvfo">deildir</w>
            <w lemma="lögregla" type="nveeg">lögreglunnar</w>
            <w lemma="og" type="c">og</w>
            <w lemma="efla" type="sng">efla</w>
            <w lemma="lögregla" type="nveog">lögregluna</w>
            <w lemma="á" type="af">á</w>
            <w lemma="landsbyggð" type="nveþg">landsbyggðinni</w>
            <c type="pl">.</c>
          </s>
          <s n="8">
            <w lemma="Ögmundur" type="nken-s">Ögmundur</w>
            <w lemma="Jónasson" type="nken-s">Jónasson</w>
            <c type="pk">,</c>
            <w lemma="innanríkisráðherra" type="nken">innanríkisráðherra</w>
            <c type="pk">,</c>
            <w lemma="segja" type="sfg3en">segir</w>
            <w lemma="mikilvægur" type="lheosf">mikilvægt</w>
            <w lemma="að" type="c">að</w>
            <w lemma="þarna" type="aa">þarna</w>
            <w lemma="hafa" type="svg3en">hafi</w>
            <w lemma="skapa" type="sþmhen">skapast</w>
            <w lemma="þverpólitískur" type="lkensf">þverpólitískur</w>
            <w lemma="vilji" type="nken">vilji</w>
            <w lemma="til" type="af">til</w>
            <w lemma="að" type="cn">að</w>
            <w lemma="endurreisa" type="sng">endurreisa</w>
            <w lemma="löggæsla" type="nveog">löggæsluna</w>
            <c type="pl">.</c>
          </s>
        </p>
        <p n="3">
          <s n="1">
            <w lemma="Ögmundur" type="nken-s">Ögmundur</w>
            <w lemma="Jónasson" type="nken-s">Jónasson</w>
            <c type="pk">,</c>
            <w lemma="innanríkisráðherra" type="nken">innanríkisráðherra</w>
            <c type="pa">:</c>
            <w lemma="þessi" type="fahen">Þetta</w>
            <w lemma="byggja" type="sfg3en">byggir</w>
            <w lemma="á" type="af">á</w>
            <w lemma="samstarf" type="nheþ">samstarfi</w>
            <w lemma="allur" type="fokfe">allra</w>
            <w lemma="flokkur" type="nkfe">flokka</w>
            <c type="pk">,</c>
            <w lemma="fulltrúi" type="nkfe">fulltrúa</w>
            <w lemma="allur" type="fokfe">allra</w>
            <w lemma="flokkur" type="nkfe">flokka</w>
            <w lemma="sem" type="ct">sem</w>
            <w lemma="að" type="cn">að</w>
            <w lemma="setja" type="sng">setja</w>
            <w lemma="til" type="af">til</w>
            <w lemma="minn" type="fehfo">mín</w>
            <w lemma="tillaga" type="nvfo">tillögur</w>
            <w lemma="um" type="af">um</w>
            <w lemma="hver" type="fsheo">hvað</w>
            <w lemma="þurfa" type="svg3en">þurfi</w>
            <w lemma="að" type="cn">að</w>
            <w lemma="gera" type="sng">gera</w>
            <w lemma="í" type="af">í</w>
            <w lemma="málefni" type="nhfþ">málefnum</w>
            <w lemma="lögregla" type="nveeg">lögreglunnar</w>
            <c type="pl">.</c>
          </s>
          <s n="2">
            <w lemma="það" type="fphen">Það</w>
            <w lemma="þurfa" type="svg3en">þurfi</w>
            <w lemma="að" type="cn">að</w>
            <w lemma="endurreisa" type="sng">endurreisa</w>
            <w lemma="hún" type="fpveo">hana</w>
            <c type="pk">,</c>
            <w lemma="það" type="fphen">það</w>
            <w lemma="þurfa" type="svg3en">þurfi</w>
            <w lemma="að" type="cn">að</w>
            <w lemma="setja" type="sng">setja</w>
            <w lemma="umtalsverður" type="lheosf">umtalsvert</w>
            <w lemma="fjármagn" type="nheo">fjármagn</w>
            <w lemma="inn" type="aa">inn</w>
            <w lemma="til" type="af">til</w>
            <w lemma="löggæsla" type="nveeg">löggæslunnar</w>
            <c type="pl">.</c>
          </s>
          <s n="3">
            <w lemma="í" type="af">Í</w>
            <w lemma="skýrsla" type="nveþg">skýrslunni</w>
            <w lemma="vera" type="sfg3en">er</w>
            <w lemma="forgangsraða" type="sng">forgangsraða</w>
            <c type="pk">,</c>
            <w lemma="það" type="fphen">það</w>
            <w lemma="þurfa" type="svg3en">þurfi</w>
            <w lemma="sérstaklega" type="aa">sérstaklega</w>
            <w lemma="að" type="cn">að</w>
            <w lemma="bæta" type="sng">bæta</w>
            <w lemma="staða" type="nveo">stöðu</w>
            <w lemma="lögregla" type="nveeg">lögreglunnar</w>
            <w lemma="á" type="af">á</w>
            <w lemma="landsbyggð" type="nveþg">landsbyggðinni</w>
            <c type="pk">,</c>
            <w lemma="það" type="fphen">það</w>
            <w lemma="þurfa" type="svg3en">þurfi</w>
            <w lemma="að" type="cn">að</w>
            <w lemma="bæta" type="sng">bæta</w>
            <w lemma="tækjakostur" type="nkeo">tækjakost</w>
            <w lemma="lögregla" type="nveeg">lögreglunnar</w>
            <w lemma="og" type="c">og</w>
            <w lemma="menntun" type="nveo">menntun</w>
            <w lemma="lögreglumaður" type="nkfe">lögreglumanna</w>
            <c type="pl">.</c>
          </s>
          <s n="4">
            <w lemma="og" type="c">Og</w>
            <w lemma="sá" type="fahen">það</w>
            <w lemma="sem" type="ct">sem</w>
            <w lemma="vera" type="sfg3en">er</w>
            <w lemma="mikilvægur" type="lhensf">mikilvægt</w>
            <w lemma="vera" type="sfg3en">er</w>
            <w lemma="að" type="c">að</w>
            <w lemma="fulltrúi" type="nkfn">fulltrúar</w>
            <w lemma="allur" type="fokfe">allra</w>
            <w lemma="flokkur" type="nkfe">flokka</w>
            <w lemma="koma" type="sfg3fn">koma</w>
            <w lemma="þarna" type="aa">þarna</w>
            <w lemma="að" type="aa">að</w>
            <w lemma="og" type="c">og</w>
            <w lemma="að" type="af">að</w>
            <w lemma="sjálfsagður" type="lheþsf">sjálfsögðu</w>
            <w lemma="koma" type="sfg3en">kemur</w>
            <w lemma="það" type="fphen">það</w>
            <w lemma="til" type="aa">til</w>
            <w lemma="með" type="aa">með</w>
            <w lemma="að" type="cn">að</w>
            <w lemma="ráða" type="snm">ráðast</w>
            <w lemma="af" type="af">af</w>
            <w lemma="staða" type="nveþ">stöðu</w>
            <w lemma="ríkissjóður" type="nkee">ríkissjóðs</w>
            <w lemma="hver" type="fsheo">hvað</w>
            <w lemma="verða" type="sfg3en">verður</w>
            <w lemma="hægur" type="lhensf">hægt</w>
            <w lemma="að" type="cn">að</w>
            <w lemma="gera" type="sng">gera</w>
            <w lemma="á" type="af">á</w>
            <w lemma="komandi" type="lhfþof">komandi</w>
            <w lemma="ár" type="nhfþ">árum</w>
            <c type="pl">.</c>
          </s>
          <s n="5">
            <w lemma="en" type="c">En</w>
            <w lemma="hinn" type="ghen">hið</w>
            <w lemma="mikilvægur" type="lhenvf">mikilvæga</w>
            <w lemma="og" type="c">og</w>
            <w lemma="ég" type="fp1en">ég</w>
            <w lemma="endurtaka" type="sfg1en">endurtek</w>
            <w lemma="það" type="fpheo">það</w>
            <w lemma="og" type="c">og</w>
            <w lemma="ítreka" type="sng">ítreka</w>
            <w lemma="vera" type="sfg3en">er</w>
            <w lemma="að" type="c">að</w>
            <w lemma="þarna" type="aa">þarna</w>
            <w lemma="hafa" type="sfg3en">hefur</w>
            <w lemma="skapa" type="sþmhen">skapast</w>
            <w lemma="þverpólitískur" type="lkensf">þverpólitískur</w>
            <w lemma="vilji" type="nken">vilji</w>
            <w lemma="fyrir" type="af">fyrir</w>
            <w lemma="það" type="fpheþ">því</w>
            <w lemma="að" type="cn">að</w>
            <w lemma="endurreisa" type="sng">endurreisa</w>
            <w lemma="löggæsla" type="nveog">löggæsluna</w>
            <w lemma="og" type="c">og</w>
            <c type="pk">,</c>
            <w lemma="og" type="c">og</w>
            <c type="pk">,</c>
            <w lemma="og" type="c">og</w>
            <c type="pk">,</c>
            <w lemma="og" type="c">og</w>
            <w lemma="það" type="fphen">það</w>
            <w lemma="verða" type="svg3en">verði</w>
            <w lemma="gera" type="sþghen">gert</w>
            <w lemma="á" type="af">á</w>
            <w lemma="allur" type="fohfe">allra</w>
            <w lemma="næstur" type="lhfþve">næstu</w>
            <w lemma="ár" type="nhfþ">árum</w>
            <c type="pl">.</c>
          </s>
        </p>
      </div1>
    </body>
  </text>
</TEI>
