<?xml version="1.0" encoding="utf-8"?>
<TEI xmlns="http://www.tei-c.org/ns/1.0">
  <teiHeader>
    <fileDesc>
      <titleStmt>
        <title>
          <title type="main">Óvissustig enn í gildi</title>
        </title>
        <respStmt>
          <resp xml:lang="is">Söfnun og úrvinnsla texta</resp>
          <resp xml:lang="en">Collection and processing of text</resp>
          <name xml:lang="is">Stofnun Árna Magnússonar í íslenskum fræðum</name>
          <name xml:lang="en">The Arni Magnusson Institute for Icelandic Studies</name>
        </respStmt>
      </titleStmt>
      <editionStmt>
        <p xml:lang="is">Íslensk risamálheild (2019)</p>
        <p xml:lang="en">Tagged Icelandic Gigaword Corpus (2019)</p>
      </editionStmt>
      <publicationStmt>
        <distributor xml:lang="is">Stofnun Árna Magnússonar í íslenskum fræðum</distributor>
        <distributor xml:lang="en">The Arni Magnusson Institute for Icelandic Studies</distributor>
        <address>
          <addrLine xml:lang="is">Árnagarður við Suðurgötu, 107 Reykjavík, Íslandi</addrLine>
          <addrLine xml:lang="en">Árnagarður Suðurgata, 107 Reykjavik, Iceland</addrLine>
          <addrLine>
            <email>arnastofnun@arnastofnun.is</email>
          </addrLine>
        </address>
        <idno type="risam">G-25-2547467</idno>
        <availability>
          <p xml:lang="is">Þessi texti er til notkunar í málrannsóknum og máltækniverkefnum um allan heim með sérstöku leyfi, sjá rmh2Hdr.xml</p>
          <p xml:lang="en">This text is available for use in language research and language technology projects world wide with a special license, see rmh2Hdr.xml</p>
        </availability>
        <date>2020-05-26</date>
      </publicationStmt>
      <sourceDesc>
        <biblStruct>
          <analytic>
            <title>
              <title type="main">Óvissustig enn í gildi</title>
            </title>
            <date when="2013-03-29T12:00:00">29.03 2013 kl. 12:00:00</date>
          </analytic>
          <monogr>
            <title>Bylgjan</title>
            <imprint>
              <publisher>365 miðlar hf.</publisher>
              <pubPlace>Reykjavík</pubPlace>
            </imprint>
          </monogr>
        </biblStruct>
      </sourceDesc>
    </fileDesc>
    <encodingDesc>
      <projectDesc>
        <p xml:lang="is">Sjá lýsingu á verkefninu í rmh2Hdr.xml.</p>
        <p xml:lang="en">See description of project in rmh2Hdr.xml.</p>
      </projectDesc>
      <tagsDecl>
        <namespace name="http://www.tei-c.org/ns/1.0">
          <tagUsage gi="text" occurs="1"/>
          <tagUsage gi="body" occurs="1"/>
          <tagUsage gi="div1" occurs="1"/>
          <tagUsage gi="p" occurs="6"/>
          <tagUsage gi="s" occurs="13"/>
          <tagUsage gi="w" occurs="245"/>
          <tagUsage gi="c" occurs="35"/>
        </namespace>
      </tagsDecl>
    </encodingDesc>
    <profileDesc>
     <textClass>
      <keywords scheme="#RMH">
       <list>
        <item>Frétt – almennt</item>
       </list>
      </keywords>
     </textClass>
    </profileDesc>
  </teiHeader>
  <text>
    <body>
      <div1>
        <p n="1">
          <s n="1">
            <w lemma="óvissustig" type="nhen">Óvissustig</w>
            <w lemma="vegna" type="af">vegna</w>
            <w lemma="mögulegur" type="lheesf">mögulegs</w>
            <w lemma="Heklugos" type="nhee-s">Heklugoss</w>
            <w lemma="vera" type="sfg3en">er</w>
            <w lemma="enn" type="aa">enn</w>
            <w lemma="í" type="af">í</w>
            <w lemma="gildi" type="nheþ">gildi</w>
            <w lemma="og" type="c">og</w>
            <w lemma="vara" type="sfg3en">varar</w>
            <w lemma="lögregla" type="nveng">lögreglan</w>
            <w lemma="fólk" type="nheo">fólk</w>
            <w lemma="við" type="af">við</w>
            <w lemma="að" type="cn">að</w>
            <w lemma="vera" type="sng">vera</w>
            <w lemma="á" type="af">á</w>
            <w lemma="ferð" type="nveþ">ferð</w>
            <w lemma="við" type="af">við</w>
            <w lemma="nágrenni" type="nheo">nágrenni</w>
            <w lemma="eldfjall" type="nheeg">eldfjallsins</w>
            <c type="pl">.</c>
          </s>
          <s n="2">
            <w lemma="almannavarnir" type="nvfn">Almannavarnir</w>
            <w lemma="ætla" type="sfg3fn">ætla</w>
            <w lemma="að" type="cn">að</w>
            <w lemma="endurmeta" type="sng">endurmeta</w>
            <w lemma="staða" type="nveog">stöðuna</w>
            <w lemma="í" type="af">í</w>
            <w lemma="næstur" type="lveþve">næstu</w>
            <w lemma="vika" type="nveþ">viku</w>
            <c type="pl">.</c>
          </s>
        </p>
        <p n="2">
          <s n="1">
            <w lemma="almannavarnir" type="nvfn">Almannavarnir</w>
            <w lemma="lýsa" type="sfg3fþ">lýstu</w>
            <w lemma="á" type="af">á</w>
            <w lemma="þriðjudagur" type="nkeo">þriðjudag</w>
            <w lemma="yfir" type="af">yfir</w>
            <w lemma="óvissustig" type="nheþ">óvissustigi</w>
            <w lemma="vegna" type="af">vegna</w>
            <w lemma="jarðhræring" type="nvfe">jarðhræringa</w>
            <w lemma="við" type="af">við</w>
            <w lemma="Hekla" type="nveo-s">Heklu</w>
            <c type="pl">.</c>
          </s>
          <s n="2">
            <w lemma="enginn" type="fokfn">Engir</w>
            <w lemma="skjálfti" type="nkfn">skjálftar</w>
            <w lemma="hafa" type="sfg3fn">hafa</w>
            <w lemma="hinn" type="fakee">hins</w>
            <w lemma="vegur" type="nkee">vegar</w>
            <w lemma="mæla" type="sþmhen">mælst</w>
            <w lemma="á" type="af">á</w>
            <w lemma="svæði" type="nheþg">svæðinu</w>
            <w lemma="undanfarinn" type="lkfosf">undanfarna</w>
            <w lemma="dagur" type="nkfo">daga</w>
            <w lemma="og" type="c">og</w>
            <w lemma="enginn" type="fohen">ekkert</w>
            <w lemma="benda" type="sfg3en">bendir</w>
            <w lemma="til" type="af">til</w>
            <w lemma="það" type="fphee">þess</w>
            <w lemma="að" type="c">að</w>
            <w lemma="eldgos" type="nhen">eldgos</w>
            <w lemma="vera" type="svg3en">sé</w>
            <w lemma="í" type="af">í</w>
            <w lemma="aðsig" type="nheþ">aðsigi</w>
            <c type="pl">.</c>
          </s>
          <s n="3">
            <w lemma="Sveinn" type="nken-s">Sveinn</w>
            <w lemma="Kristján" type="nken-s">Kristján</w>
            <w lemma="Rúnarsson" type="nken-s">Rúnarsson</w>
            <c type="pk">,</c>
            <w lemma="yfirlögregluþjónn" type="nken">yfirlögregluþjónn</w>
            <w lemma="á" type="af">á</w>
            <w lemma="Hvolsvöllur" type="nkeþ-s">Hvolsvelli</w>
            <c type="pk">,</c>
            <w lemma="segja" type="sfg3en">segir</w>
            <w lemma="að" type="c">að</w>
            <w lemma="staða" type="nveng">staðan</w>
            <w lemma="verða" type="svg3en">verði</w>
            <w lemma="endurmeta" type="sþgven">endurmetin</w>
            <w lemma="eftir" type="af">eftir</w>
            <w lemma="páskar" type="nkfo">páska</w>
            <c type="pl">.</c>
          </s>
        </p>
        <p n="3">
          <s n="1">
            <w lemma="Sveinn" type="nken-s">Sveinn</w>
            <w lemma="Kristján" type="nken-s">Kristján</w>
            <w lemma="Rúnarsson" type="nken-s">Rúnarsson</w>
            <c type="pk">,</c>
            <w lemma="yfirlögregluþjónn" type="nken">yfirlögregluþjónn</w>
            <w lemma="á" type="af">á</w>
            <w lemma="Hvolsvöllur" type="nkeþ-s">Hvolsvelli</w>
            <c type="pa">:</c>
            <w lemma="ja" type="au">Ja</w>
            <w lemma="ég" type="fp1fn">við</w>
            <w lemma="halda" type="sfg1fn">höldum</w>
            <w lemma="í" type="af">í</w>
            <w lemma="sjálfur" type="fbheþ">sjálfu</w>
            <w lemma="sig" type="fpheþ">sér</w>
            <w lemma="óvissustig" type="nheþg">óvissustiginu</w>
            <w lemma="á" type="aa">á</w>
            <w lemma="meðan" type="c">meðan</w>
            <c type="pk">,</c>
            <w lemma="á" type="aa">á</w>
            <w lemma="meðan" type="c">meðan</w>
            <w lemma="óvissa" type="nveng">óvissan</w>
            <w lemma="vera" type="sfg3en">er</w>
            <w lemma="í" type="af">í</w>
            <w lemma="sjálfur" type="fbheþ">sjálfu</w>
            <w lemma="sig" type="fpheþ">sér</w>
            <w lemma="sko" type="aa">sko</w>
            <c type="pl">.</c>
          </s>
          <s n="2">
            <w lemma="þessi" type="fahen">Þetta</w>
            <c type="pk">,</c>
            <w lemma="þessi" type="fahen">þetta</w>
            <w lemma="vera" type="sfg3en">er</w>
            <w lemma="nú" type="aa">nú</w>
            <w lemma="svosem" type="aa">svosem</w>
            <w lemma="ekki" type="aa">ekki</w>
            <w lemma="langur" type="lhensf">langt</w>
            <w lemma="síðan" type="c">síðan</w>
            <w lemma="að" type="af">að</w>
            <w lemma="síðari" type="lkfnve">síðustu</w>
            <w lemma="skjálfti" type="nkfn">skjálftar</w>
            <w lemma="vera" type="sfg3fþ">voru</w>
            <w lemma="og" type="aa">og</w>
            <c type="pk">,</c>
            <w lemma="og" type="c">og</w>
            <w lemma="það" type="fphen">það</w>
            <w lemma="hafa" type="sfg3en">hefur</w>
            <w lemma="svona" type="aa">svona</w>
            <w lemma="vera" type="sþghen">verið</w>
            <w lemma="ákveða" type="sþghen">ákveðið</w>
            <w lemma="að" type="cn">að</w>
            <w lemma="halda" type="sng">halda</w>
            <c type="pk">,</c>
            <w lemma="halda" type="sng">halda</w>
            <w lemma="þessi" type="faheþ">þessu</w>
            <w lemma="stig" type="nheþ">stigi</w>
            <w lemma="svona" type="aa">svona</w>
            <w lemma="allavega" type="aa">allavega</w>
            <w lemma="fram" type="aa">fram</w>
            <w lemma="yfir" type="af">yfir</w>
            <w lemma="páskar" type="nkfog">páskana</w>
            <c type="pl">.</c>
          </s>
          <s n="3">
            <w lemma="meðan" type="c">Meðan</w>
            <w lemma="ég" type="fp1fn">við</w>
            <w lemma="vita" type="sfg1fn">vitum</w>
            <w lemma="ekki" type="aa">ekki</w>
            <c type="pk">,</c>
            <w lemma="þá" type="aa">þá</w>
            <w lemma="vera" type="sfg1fn">erum</w>
            <w lemma="ég" type="fp1fn">við</w>
            <w lemma="svona" type="aa">svona</w>
            <w lemma="ekki" type="aa">ekki</w>
            <w lemma="að" type="cn">að</w>
            <w lemma="mæla" type="snm">mælast</w>
            <w lemma="til" type="af">til</w>
            <w lemma="það" type="fphee">þess</w>
            <w lemma="að" type="c">að</w>
            <w lemma="fólk" type="nhen">fólk</w>
            <w lemma="vera" type="svg3en">sé</w>
            <w lemma="að" type="cn">að</w>
            <w lemma="fara" type="sng">fara</w>
            <w lemma="þarna" type="aa">þarna</w>
            <w lemma="upp" type="aa">upp</w>
            <w lemma="á" type="af">á</w>
            <w lemma="fjall" type="nheog">fjallið</w>
            <c type="pl">.</c>
          </s>
        </p>
        <p n="4">
          <s n="1">
            <w lemma="sjö" type="tfkfn">Sjö</w>
            <w lemma="smáskjálfti" type="nkfn">smáskjálftar</w>
            <w lemma="mæla" type="sfm3fþ">mældust</w>
            <w lemma="við" type="af">við</w>
            <w lemma="Hekla" type="nveo-s">Heklu</w>
            <w lemma="snemma" type="aam">fyrr</w>
            <w lemma="í" type="af">í</w>
            <w lemma="þessi" type="fakeþ">þessum</w>
            <w lemma="mánuður" type="nkeþ">mánuði</w>
            <c type="pl">.</c>
          </s>
          <s n="2">
            <w lemma="skjálfti" type="nkfng">Skjálftarnir</w>
            <w lemma="vera" type="sfg3fn">eru</w>
            <w lemma="óvenjulegur" type="lkfnsf">óvenjulegir</w>
            <w lemma="fyrir" type="af">fyrir</w>
            <w lemma="þessi" type="faheo">þetta</w>
            <w lemma="svæði" type="nheo">svæði</w>
            <w lemma="og" type="c">og</w>
            <w lemma="því" type="aa">því</w>
            <w lemma="vera" type="sfg3eþ">var</w>
            <w lemma="ákveða" type="sþghen">ákveðið</w>
            <w lemma="að" type="cn">að</w>
            <w lemma="auka" type="sng">auka</w>
            <w lemma="eftirlit" type="nheo">eftirlit</w>
            <w lemma="með" type="af">með</w>
            <w lemma="eldfjall" type="nheþg">eldfjallinu</w>
            <c type="pl">.</c>
          </s>
        </p>
        <p n="5">
          <s n="1">
            <w lemma="Sveinn" type="nken-s">Sveinn</w>
            <w lemma="Kristján" type="nken-s">Kristján</w>
            <w lemma="Rúnarsson" type="nken-s">Rúnarsson</w>
            <c type="pa">:</c>
            <w lemma="þessi" type="fakfn">Þessir</w>
            <w lemma="skjálfti" type="nkfn">skjálftar</w>
            <w lemma="eins" type="aa">eins</w>
            <w lemma="og" type="c">og</w>
            <w lemma="hafa" type="sfg3fn">hafa</w>
            <w lemma="koma" type="sþghen">komið</w>
            <w lemma="fram" type="aa">fram</w>
            <c type="pk">,</c>
            <w lemma="það" type="fphen">það</w>
            <w lemma="svona" type="aa">svona</w>
            <c type="pk">,</c>
            <w lemma="það" type="fphen">það</w>
            <w lemma="vera" type="sfg3en">er</w>
            <w lemma="ekki" type="aa">ekki</w>
            <w lemma="alveg" type="aa">alveg</w>
            <w lemma="vissa" type="nven">vissa</w>
            <w lemma="hver" type="fshen">hvað</w>
            <w lemma="vera" type="sfg3en">er</w>
            <w lemma="á" type="aa">á</w>
            <w lemma="bakvið" type="af">bakvið</w>
            <w lemma="þessi" type="fakfo">þessa</w>
            <w lemma="skjálfti" type="nkfo">skjálfta</w>
            <c type="pl">.</c>
          </s>
          <s n="2">
            <w lemma="Hekla" type="nven-s">Hekla</w>
            <w lemma="hafa" type="sfg3en">hefur</w>
            <w lemma="nú" type="aa">nú</w>
            <c type="pk">,</c>
            <w lemma="þegar" type="c">þegar</w>
            <w lemma="hún" type="fpven">hún</w>
            <w lemma="hafa" type="sfg3en">hefur</w>
            <w lemma="vera" type="sþghen">verið</w>
            <w lemma="að" type="cn">að</w>
            <w lemma="fara" type="sng">fara</w>
            <w lemma="í" type="af">í</w>
            <w lemma="start" type="nheog">startið</w>
            <w lemma="þá" type="aa">þá</w>
            <c type="pk">,</c>
            <w lemma="þá" type="aa">þá</w>
            <w lemma="hafa" type="sfg3en">hefur</w>
            <w lemma="hún" type="fpven">hún</w>
            <w lemma="minna" type="sþghen">minnt</w>
            <w lemma="á" type="af">á</w>
            <w lemma="sig" type="fpveo">sig</w>
            <w lemma="með" type="af">með</w>
            <c type="pk">,</c>
            <w lemma="með" type="af">með</w>
            <w lemma="skjálfti" type="nkfþ">skjálftum</w>
            <w lemma="í" type="aa">í</w>
            <c type="pk">,</c>
            <w lemma="í" type="af">í</w>
            <w lemma="undanfari" type="nkeþg">undanfaranum</w>
            <w lemma="þannig" type="aa">þannig</w>
            <w lemma="að" type="c">að</w>
            <w lemma="ég" type="fp1fn">við</w>
            <w lemma="setja" type="svg1fn">setjum</w>
            <w lemma="bara" type="aa">bara</w>
            <w lemma="vari" type="nkeog">varann</w>
            <w lemma="á" type="af">á</w>
            <w lemma="ég" type="fp1fþ">okkur</w>
            <w lemma="og" type="c">og</w>
            <c type="pk">,</c>
            <w lemma="og" type="c">og</w>
            <w lemma="setja" type="sfg1fþ">settum</w>
            <c type="pk">,</c>
            <w lemma="lyfta" type="sfg1fn">lyftum</w>
            <w lemma="ég" type="fp1fþ">okkur</w>
            <w lemma="þá" type="aa">þá</w>
            <w lemma="á" type="af">á</w>
            <w lemma="þessi" type="faheo">þetta</w>
            <c type="pk">,</c>
            <w lemma="þessi" type="fahen">þetta</w>
            <w lemma="vera" type="sfg3en">er</w>
            <w lemma="lágur" type="lhenve">lægsta</w>
            <c type="pk">,</c>
            <w lemma="lágur" type="lhenve">lægsta</w>
            <w lemma="stig" type="nheng">stigið</w>
            <c type="pk">,</c>
            <w lemma="almannavarnastig" type="nheng">almannavarnastigið</w>
            <c type="pl">.</c>
          </s>
        </p>
        <p n="6">
          <s n="1">
            <w lemma="segja" type="sfg3eþ">Sagði</w>
            <w lemma="Sveinn" type="nken-s">Sveinn</w>
            <w lemma="Kristján" type="nken-s">Kristján</w>
            <w lemma="Rúnarsson" type="nken-s">Rúnarsson</w>
            <c type="pk">,</c>
            <w lemma="yfirlögregluþjónn" type="nken">yfirlögregluþjónn</w>
            <w lemma="á" type="af">á</w>
            <w lemma="Hvolsvöllur" type="nkeþ-s">Hvolsvelli</w>
            <c type="pl">.</c>
          </s>
        </p>
      </div1>
    </body>
  </text>
</TEI>
