<?xml version="1.0" encoding="utf-8"?>
<TEI xmlns="http://www.tei-c.org/ns/1.0">
  <teiHeader>
    <fileDesc>
      <titleStmt>
        <title>
          <title type="main">Ástralía - Ný svínaflensuveira</title>
        </title>
        <respStmt>
          <resp xml:lang="is">Söfnun og úrvinnsla texta</resp>
          <resp xml:lang="en">Collection and processing of text</resp>
          <name xml:lang="is">Stofnun Árna Magnússonar í íslenskum fræðum</name>
          <name xml:lang="en">The Arni Magnusson Institute for Icelandic Studies</name>
        </respStmt>
      </titleStmt>
      <editionStmt>
        <p xml:lang="is">Íslensk risamálheild (2019)</p>
        <p xml:lang="en">Tagged Icelandic Gigaword Corpus (2019)</p>
      </editionStmt>
      <publicationStmt>
        <distributor xml:lang="is">Stofnun Árna Magnússonar í íslenskum fræðum</distributor>
        <distributor xml:lang="en">The Arni Magnusson Institute for Icelandic Studies</distributor>
        <address>
          <addrLine xml:lang="is">Árnagarður við Suðurgötu, 107 Reykjavík, Íslandi</addrLine>
          <addrLine xml:lang="en">Árnagarður Suðurgata, 107 Reykjavik, Iceland</addrLine>
          <addrLine>
            <email>arnastofnun@arnastofnun.is</email>
          </addrLine>
        </address>
        <idno type="risam">G-25-2538778</idno>
        <availability>
          <p xml:lang="is">Þessi texti er til notkunar í málrannsóknum og máltækniverkefnum um allan heim með sérstöku leyfi, sjá rmh2Hdr.xml</p>
          <p xml:lang="en">This text is available for use in language research and language technology projects world wide with a special license, see rmh2Hdr.xml</p>
        </availability>
        <date>2020-05-26</date>
      </publicationStmt>
      <sourceDesc>
        <biblStruct>
          <analytic>
            <title>
              <title type="main">Ástralía - Ný svínaflensuveira</title>
            </title>
            <date when="2013-03-19T12:00:00">19.03 2013 kl. 12:00:00</date>
          </analytic>
          <monogr>
            <title>Bylgjan</title>
            <imprint>
              <publisher>365 miðlar hf.</publisher>
              <pubPlace>Reykjavík</pubPlace>
            </imprint>
          </monogr>
        </biblStruct>
      </sourceDesc>
    </fileDesc>
    <encodingDesc>
      <projectDesc>
        <p xml:lang="is">Sjá lýsingu á verkefninu í rmh2Hdr.xml.</p>
        <p xml:lang="en">See description of project in rmh2Hdr.xml.</p>
      </projectDesc>
      <tagsDecl>
        <namespace name="http://www.tei-c.org/ns/1.0">
          <tagUsage gi="text" occurs="1"/>
          <tagUsage gi="body" occurs="1"/>
          <tagUsage gi="div1" occurs="1"/>
          <tagUsage gi="p" occurs="1"/>
          <tagUsage gi="s" occurs="1"/>
          <tagUsage gi="w" occurs="26"/>
          <tagUsage gi="c" occurs="2"/>
        </namespace>
      </tagsDecl>
    </encodingDesc>
    <profileDesc>
     <textClass>
      <keywords scheme="#RMH">
       <list>
        <item>Frétt – almennt</item>
       </list>
      </keywords>
     </textClass>
    </profileDesc>
  </teiHeader>
  <text>
    <body>
      <div1>
        <p n="1">
          <s n="1">
            <w lemma="vísindamaður" type="nkfn">Vísindamenn</w>
            <w lemma="í" type="af">í</w>
            <w lemma="Ástralía" type="nveþ-s">Ástralíu</w>
            <w lemma="hafa" type="sfg3fn">hafa</w>
            <w lemma="vara" type="sþghen">varað</w>
            <w lemma="við" type="af">við</w>
            <w lemma="nýr" type="lveþsf">nýrri</w>
            <w lemma="svínaflensuveira" type="nveo">svínaflensuveiru</w>
            <w lemma="sem" type="ct">sem</w>
            <w lemma="greina" type="sþmhen">greinst</w>
            <w lemma="hafa" type="sfg3en">hefur</w>
            <w lemma="í" type="af">í</w>
            <w lemma="land" type="nheþg">landinu</w>
            <w lemma="en" type="c">en</w>
            <w lemma="þessi" type="faven">þessi</w>
            <w lemma="veira" type="nven">veira</w>
            <w lemma="vera" type="sfg3en">er</w>
            <w lemma="ónæmur" type="lvensf">ónæm</w>
            <w lemma="fyrir" type="af">fyrir</w>
            <w lemma="allur" type="fokfþ">öllum</w>
            <w lemma="þekktur" type="lvfþsf">þekktum</w>
            <w lemma="flensulyf" type="nhfþ">flensulyfjum</w>
            <c type="pk">,</c>
            <w lemma="þar" type="aa">þar</w>
            <w lemma="á" type="aa">á</w>
            <w lemma="meðal" type="af">meðal</w>
            <w lemma="Tamifla" type="nvee-s">Tamiflu</w>
            <c type="pl">.</c>
          </s>
        </p>
      </div1>
    </body>
  </text>
</TEI>
