<?xml version="1.0" encoding="utf-8"?>
<TEI xmlns="http://www.tei-c.org/ns/1.0">
  <teiHeader>
    <fileDesc>
      <titleStmt>
        <title>
          <title type="main">Undir áhrifum fíkniefna</title>
        </title>
        <respStmt>
          <resp xml:lang="is">Söfnun og úrvinnsla texta</resp>
          <resp xml:lang="en">Collection and processing of text</resp>
          <name xml:lang="is">Stofnun Árna Magnússonar í íslenskum fræðum</name>
          <name xml:lang="en">The Arni Magnusson Institute for Icelandic Studies</name>
        </respStmt>
      </titleStmt>
      <editionStmt>
        <p xml:lang="is">Íslensk risamálheild (2019)</p>
        <p xml:lang="en">Tagged Icelandic Gigaword Corpus (2019)</p>
      </editionStmt>
      <publicationStmt>
        <distributor xml:lang="is">Stofnun Árna Magnússonar í íslenskum fræðum</distributor>
        <distributor xml:lang="en">The Arni Magnusson Institute for Icelandic Studies</distributor>
        <address>
          <addrLine xml:lang="is">Árnagarður við Suðurgötu, 107 Reykjavík, Íslandi</addrLine>
          <addrLine xml:lang="en">Árnagarður Suðurgata, 107 Reykjavik, Iceland</addrLine>
          <addrLine>
            <email>arnastofnun@arnastofnun.is</email>
          </addrLine>
        </address>
        <idno type="risam">G-25-2542186</idno>
        <availability>
          <p xml:lang="is">Þessi texti er til notkunar í málrannsóknum og máltækniverkefnum um allan heim með sérstöku leyfi, sjá rmh2Hdr.xml</p>
          <p xml:lang="en">This text is available for use in language research and language technology projects world wide with a special license, see rmh2Hdr.xml</p>
        </availability>
        <date>2020-05-26</date>
      </publicationStmt>
      <sourceDesc>
        <biblStruct>
          <analytic>
            <title>
              <title type="main">Undir áhrifum fíkniefna</title>
            </title>
            <date when="2013-03-08T08:00:00">08.03 2013 kl. 08:00:00</date>
          </analytic>
          <monogr>
            <title>Bylgjan</title>
            <imprint>
              <publisher>365 miðlar hf.</publisher>
              <pubPlace>Reykjavík</pubPlace>
            </imprint>
          </monogr>
        </biblStruct>
      </sourceDesc>
    </fileDesc>
    <encodingDesc>
      <projectDesc>
        <p xml:lang="is">Sjá lýsingu á verkefninu í rmh2Hdr.xml.</p>
        <p xml:lang="en">See description of project in rmh2Hdr.xml.</p>
      </projectDesc>
      <tagsDecl>
        <namespace name="http://www.tei-c.org/ns/1.0">
          <tagUsage gi="text" occurs="1"/>
          <tagUsage gi="body" occurs="1"/>
          <tagUsage gi="div1" occurs="1"/>
          <tagUsage gi="p" occurs="1"/>
          <tagUsage gi="s" occurs="2"/>
          <tagUsage gi="w" occurs="44"/>
          <tagUsage gi="c" occurs="2"/>
        </namespace>
      </tagsDecl>
    </encodingDesc>
    <profileDesc>
     <textClass>
      <keywords scheme="#RMH">
       <list>
        <item>Frétt – almennt</item>
       </list>
      </keywords>
     </textClass>
    </profileDesc>
  </teiHeader>
  <text>
    <body>
      <div1>
        <p n="1">
          <s n="1">
            <w lemma="ökumaður" type="nken">Ökumaður</w>
            <w lemma="sem" type="c">sem</w>
            <w lemma="lögregla" type="nveng">lögreglan</w>
            <w lemma="á" type="af">á</w>
            <w lemma="höfuðborgarsvæði" type="nheþg">höfuðborgarsvæðinu</w>
            <w lemma="stöðva" type="sfg3eþ">stöðvaði</w>
            <w lemma="í" type="af">í</w>
            <w lemma="nótt" type="nveþ">nótt</w>
            <w lemma="vegna" type="af">vegna</w>
            <w lemma="akstur" type="nkee">aksturs</w>
            <w lemma="undir" type="af">undir</w>
            <w lemma="áhrif" type="nhfþ">áhrifum</w>
            <w lemma="fíkniefni" type="nhfe">fíkniefna</w>
            <w lemma="reyna" type="sfm3eþ">reyndist</w>
            <w lemma="vera" type="sng">vera</w>
            <w lemma="eftirlýstur" type="lkensf">eftirlýstur</w>
            <w lemma="vegna" type="af">vegna</w>
            <w lemma="fyrri" type="lhfevm">fyrri</w>
            <w lemma="afbrot" type="nhfe">afbrota</w>
            <w lemma="og" type="c">og</w>
            <w lemma="dómur" type="nkfe">dóma</w>
            <c type="pl">.</c>
          </s>
          <s n="2">
            <w lemma="auk" type="af">Auk</w>
            <w lemma="það" type="fphee">þess</w>
            <w lemma="finna" type="sfm3fþ">fundust</w>
            <w lemma="fíkniefni" type="nhfn">fíkniefni</w>
            <w lemma="í" type="af">í</w>
            <w lemma="fóra" type="nvfþ">fórum</w>
            <w lemma="hann" type="fpkee">hans</w>
            <w lemma="og" type="c">og</w>
            <w lemma="vera" type="sfg3eþ">var</w>
            <w lemma="hann" type="fpken">hann</w>
            <w lemma="vista" type="sþgken">vistaður</w>
            <w lemma="í" type="af">í</w>
            <w lemma="fangageymsla" type="nvfþ">fangageymslum</w>
            <w lemma="þaðan" type="aa">þaðan</w>
            <w lemma="sem" type="c">sem</w>
            <w lemma="hann" type="fpken">hann</w>
            <w lemma="fara" type="sfg3en">fer</w>
            <w lemma="líklega" type="aa">líklega</w>
            <w lemma="í" type="af">í</w>
            <w lemma="fangelsi" type="nheo">fangelsi</w>
            <w lemma="til" type="af">til</w>
            <w lemma="afplánun" type="nvee">afplánunar</w>
            <w lemma="dómur" type="nkfe">dóma</w>
            <c type="pl">.</c>
          </s>
        </p>
      </div1>
    </body>
  </text>
</TEI>
