<?xml version="1.0" encoding="utf-8"?>
<TEI xmlns="http://www.tei-c.org/ns/1.0">
  <teiHeader>
    <fileDesc>
      <titleStmt>
        <title>
          <title type="main">Landsfundur Hægri-grænna</title>
        </title>
        <respStmt>
          <resp xml:lang="is">Söfnun og úrvinnsla texta</resp>
          <resp xml:lang="en">Collection and processing of text</resp>
          <name xml:lang="is">Stofnun Árna Magnússonar í íslenskum fræðum</name>
          <name xml:lang="en">The Arni Magnusson Institute for Icelandic Studies</name>
        </respStmt>
      </titleStmt>
      <editionStmt>
        <p xml:lang="is">Íslensk risamálheild (2019)</p>
        <p xml:lang="en">Tagged Icelandic Gigaword Corpus (2019)</p>
      </editionStmt>
      <publicationStmt>
        <distributor xml:lang="is">Stofnun Árna Magnússonar í íslenskum fræðum</distributor>
        <distributor xml:lang="en">The Arni Magnusson Institute for Icelandic Studies</distributor>
        <address>
          <addrLine xml:lang="is">Árnagarður við Suðurgötu, 107 Reykjavík, Íslandi</addrLine>
          <addrLine xml:lang="en">Árnagarður Suðurgata, 107 Reykjavik, Iceland</addrLine>
          <addrLine>
            <email>arnastofnun@arnastofnun.is</email>
          </addrLine>
        </address>
        <idno type="risam">G-25-2539411</idno>
        <availability>
          <p xml:lang="is">Þessi texti er til notkunar í málrannsóknum og máltækniverkefnum um allan heim með sérstöku leyfi, sjá rmh2Hdr.xml</p>
          <p xml:lang="en">This text is available for use in language research and language technology projects world wide with a special license, see rmh2Hdr.xml</p>
        </availability>
        <date>2020-05-26</date>
      </publicationStmt>
      <sourceDesc>
        <biblStruct>
          <analytic>
            <title>
              <title type="main">Landsfundur Hægri-grænna</title>
            </title>
            <date when="2013-03-09T12:00:00">09.03 2013 kl. 12:00:00</date>
          </analytic>
          <monogr>
            <title>Bylgjan</title>
            <imprint>
              <publisher>365 miðlar hf.</publisher>
              <pubPlace>Reykjavík</pubPlace>
            </imprint>
          </monogr>
        </biblStruct>
      </sourceDesc>
    </fileDesc>
    <encodingDesc>
      <projectDesc>
        <p xml:lang="is">Sjá lýsingu á verkefninu í rmh2Hdr.xml.</p>
        <p xml:lang="en">See description of project in rmh2Hdr.xml.</p>
      </projectDesc>
      <tagsDecl>
        <namespace name="http://www.tei-c.org/ns/1.0">
          <tagUsage gi="text" occurs="1"/>
          <tagUsage gi="body" occurs="1"/>
          <tagUsage gi="div1" occurs="1"/>
          <tagUsage gi="p" occurs="13"/>
          <tagUsage gi="s" occurs="29"/>
          <tagUsage gi="w" occurs="486"/>
          <tagUsage gi="c" occurs="55"/>
        </namespace>
      </tagsDecl>
    </encodingDesc>
    <profileDesc>
     <textClass>
      <keywords scheme="#RMH">
       <list>
        <item>Frétt – almennt</item>
       </list>
      </keywords>
     </textClass>
    </profileDesc>
  </teiHeader>
  <text>
    <body>
      <div1>
        <p n="1">
          <s n="1">
            <w lemma="staðganga" type="nven">Staðganga</w>
            <c type="pl">.</c>
          </s>
          <s n="2">
            <w lemma="afsak" type="nheng">Afsakið</w>
            <c type="pl">.</c>
          </s>
          <s n="3">
            <w lemma="ég" type="fp1fn">Við</w>
            <w lemma="ætla" type="sfg1fn">ætlum</w>
            <w lemma="að" type="cn">að</w>
            <w lemma="geyma" type="sng">geyma</w>
            <w lemma="þessi" type="faveo">þessa</w>
            <w lemma="frétt" type="nveo">frétt</w>
            <w lemma="örlítið" type="aa">örlítið</w>
            <w lemma="og" type="c">og</w>
            <w lemma="fara" type="sng">fara</w>
            <w lemma="í" type="af">í</w>
            <w lemma="frétt" type="nveo">frétt</w>
            <w lemma="hér" type="aa">hér</w>
            <w lemma="sem" type="c">sem</w>
            <w lemma="að" type="c">að</w>
            <w lemma="hljóma" type="sfg3en">hljómar</w>
            <w lemma="svona" type="aa">svona</w>
            <c type="pl">.</c>
          </s>
          <s n="4">
            <w lemma="einn" type="foven">Ein</w>
            <w lemma="mikilvægur" type="lvenve">mikilvægasta</w>
            <w lemma="forsenda" type="nven">forsenda</w>
            <w lemma="viðreisn" type="nvee">viðreisnar</w>
            <w lemma="íslenskur" type="lheesf">íslensks</w>
            <w lemma="efnahagslíf" type="nhee">efnahagslífs</w>
            <w lemma="vera" type="sfg3en">er</w>
            <w lemma="að" type="cn">að</w>
            <w lemma="afnema" type="sng">afnema</w>
            <w lemma="verðtrygging" type="nveo">verðtryggingu</w>
            <w lemma="lánasamningur" type="nkfe">lánasamninga</w>
            <w lemma="til" type="af">til</w>
            <w lemma="neytandi" type="nkfe">neytenda</w>
            <w lemma="og" type="c">og</w>
            <w lemma="tryggja" type="sng">tryggja</w>
            <w lemma="réttlátur" type="lveosf">réttláta</w>
            <w lemma="niðurfærsla" type="nveo">niðurfærslu</w>
            <w lemma="verðtryggður" type="lvfesf">verðtryggðra</w>
            <w lemma="húsnæðislán" type="nvfe">húsnæðislána</w>
            <w lemma="og" type="c">og</w>
            <w lemma="gera" type="sng">gera</w>
            <w lemma="kynslóðasáttur" type="nkeo">kynslóðasátt</w>
            <c type="pl">.</c>
          </s>
          <s n="5">
            <w lemma="þessi" type="fahen">Þetta</w>
            <w lemma="koma" type="sfg3en">kemur</w>
            <w lemma="fram" type="aa">fram</w>
            <w lemma="í" type="af">í</w>
            <w lemma="mál" type="nheþ">máli</w>
            <w lemma="formaður" type="nkee">formanns</w>
            <w lemma="stjórnmálaflokkur" type="nkeeg">stjórnmálaflokksins</w>
            <w lemma="hægri" type="lkenvf">Hægri</w>
            <w lemma="grænn" type="lkfesf">grænna</w>
            <w lemma="sem" type="ct">sem</w>
            <w lemma="halda" type="sfg3en">heldur</w>
            <w lemma="stofnfundur" type="nkeo">stofnfund</w>
            <w lemma="sinn" type="fekeo">sinn</w>
            <w lemma="í" type="af">í</w>
            <w lemma="dagur" type="nkeo">dag</w>
            <c type="pl">.</c>
          </s>
          <s n="6">
            <w lemma="Karen" type="nven-s">Karen</w>
            <w lemma="Kjartansdóttir" type="nven-s">Kjartansdóttir</w>
            <w lemma="fara" type="sfg3eþ">fór</w>
            <w lemma="á" type="af">á</w>
            <w lemma="fundur" type="nkeog">fundinn</w>
            <w lemma="í" type="af">í</w>
            <w lemma="morgunn" type="nkeo">morgun</w>
            <c type="pl">.</c>
          </s>
        </p>
        <p n="2">
          <s n="1">
            <w lemma="landsfundur" type="nken">Landsfundur</w>
            <w lemma="hægri" type="lkenvf">Hægri</w>
            <w lemma="grænn" type="lkfesf">grænna</w>
            <w lemma="hefja" type="sfm3eþ">hófst</w>
            <w lemma="klukka" type="nveng">klukkan</w>
            <w lemma="10" type="ta">10</w>
            <w lemma="í" type="af">í</w>
            <w lemma="morgunn" type="nkeo">morgun</w>
            <w lemma="í" type="af">í</w>
            <w lemma="gamall" type="lveþvf">gömlu</w>
            <w lemma="heilsuverndarstöð" type="nveþg">heilsuverndarstöðinni</w>
            <w lemma="við" type="af">við</w>
            <w lemma="Barónsstígur" type="nkeo-s">Barónsstíg</w>
            <c type="pl">.</c>
          </s>
          <s n="2">
            <w lemma="flokkur" type="nkeng">Flokkurinn</w>
            <w lemma="hafa" type="sfg3en">hefur</w>
            <w lemma="enn" type="aa">enn</w>
            <w lemma="ekki" type="aa">ekki</w>
            <w lemma="mæla" type="sþmhen">mælst</w>
            <w lemma="með" type="af">með</w>
            <w lemma="um" type="af">um</w>
            <w lemma="5%" type="tp">5%</w>
            <w lemma="fylgi" type="nheo">fylgi</w>
            <w lemma="í" type="af">í</w>
            <w lemma="skoðanakönnun" type="nvfþ">skoðanakönnunum</w>
            <w lemma="sem" type="ct">sem</w>
            <w lemma="þurfa" type="sfg3en">þarf</w>
            <w lemma="til" type="af">til</w>
            <w lemma="að" type="cn">að</w>
            <w lemma="koma" type="sng">koma</w>
            <w lemma="þingmaður" type="nkeþ">þingmanni</w>
            <w lemma="að" type="aa">að</w>
            <w lemma="inn" type="aa">inn</w>
            <w lemma="á" type="af">á</w>
            <w lemma="Alþingi" type="nheþ-s">Alþingi</w>
            <c type="pl">.</c>
          </s>
          <s n="3">
            <w lemma="hann" type="fpken">Hann</w>
            <w lemma="hafa" type="sfg3en">hefur</w>
            <w lemma="samt" type="aa">samt</w>
            <w lemma="mæla" type="sþmhen">mælst</w>
            <w lemma="stór" type="lkense">stærstur</w>
            <w lemma="af" type="af">af</w>
            <w lemma="lítill" type="lhfþvf">litlu</w>
            <w lemma="framboð" type="nhfþg">framboðunum</w>
            <w lemma="með" type="af">með</w>
            <w lemma="um" type="aa">um</w>
            <w lemma="3" type="ta">3</w>
            <w lemma="til" type="af">til</w>
            <w lemma="4%" type="tp">4%</w>
            <w lemma="fylgi" type="nhee">fylgi</w>
            <c type="pl">.</c>
          </s>
          <s n="4">
            <w lemma="Guðmundur" type="nken-s">Guðmundur</w>
            <w lemma="Franklín" type="nken-s">Franklín</w>
            <w lemma="Jónsson" type="nken-s">Jónsson</w>
            <c type="pk">,</c>
            <w lemma="formaður" type="nken">formaður</w>
            <w lemma="flokkur" type="nkeeg">flokksins</w>
            <c type="pk">,</c>
            <w lemma="segja" type="sfm3en">segist</w>
            <w lemma="sannfærður" type="lkensf">sannfærður</w>
            <w lemma="um" type="af">um</w>
            <w lemma="að" type="c">að</w>
            <w lemma="mikill" type="lhenvm">meira</w>
            <w lemma="fylgi" type="nhen">fylgi</w>
            <w lemma="bæta" type="sfm3en">bætist</w>
            <w lemma="við" type="aa">við</w>
            <w lemma="eftir" type="af">eftir</w>
            <w lemma="að" type="c">að</w>
            <w lemma="framboðslisti" type="nkfn">framboðslistar</w>
            <w lemma="hafa" type="sfg3fn">hafa</w>
            <w lemma="vera" type="sþghen">verið</w>
            <w lemma="kynna" type="sþgkfn">kynntir</w>
            <w lemma="en" type="c">en</w>
            <w lemma="það" type="fphen">það</w>
            <w lemma="verða" type="sfg3en">verður</w>
            <w lemma="gera" type="sþghen">gert</w>
            <w lemma="seint" type="aam">seinna</w>
            <w lemma="í" type="af">í</w>
            <w lemma="dagur" type="nkeo">dag</w>
            <c type="pl">.</c>
          </s>
        </p>
        <p n="3">
          <s n="1">
            <w lemma="Karen" type="nven-s">Karen</w>
            <w lemma="Kjartansdóttir" type="nven-s">Kjartansdóttir</w>
            <c type="pa">:</c>
            <w lemma="hver" type="fshfn">Hver</w>
            <w lemma="vera" type="sfg3fn">eru</w>
            <w lemma="þú" type="fp2fe">ykkar</w>
            <w lemma="heldri" type="lhfnve">helstu</w>
            <w lemma="stefnumál" type="nhfn">stefnumál</w>
            <c type="pl">?</c>
          </s>
        </p>
        <p n="4">
          <s n="1">
            <w lemma="Guðmundur" type="nken-s">Guðmundur</w>
            <w lemma="Franklín" type="nken-s">Franklín</w>
            <w lemma="Jónsson" type="nken-s">Jónsson</w>
            <c type="pk">,</c>
            <w lemma="formaður" type="nken">formaður</w>
            <w lemma="hægri" type="lveevf">Hægri</w>
            <w lemma="grænn" type="lkfesf">grænna</w>
            <c type="pa">:</c>
            <w lemma="ég" type="fp1fe">Okkar</w>
            <w lemma="heldri" type="lhfnve">helstu</w>
            <w lemma="stefnumál" type="nhfn">stefnumál</w>
            <w lemma="í" type="af">í</w>
            <w lemma="þessi" type="favfþ">þessum</w>
            <w lemma="kosning" type="nvfþ">kosningum</w>
            <w lemma="verða" type="sfg3en">verður</w>
            <w lemma="afnám" type="nhen">afnám</w>
            <w lemma="verðtrygging" type="nvee">verðtryggingar</w>
            <w lemma="á" type="af">á</w>
            <w lemma="neyslu-" type="kt">neyslu-</w>
            <w lemma="og" type="c">og</w>
            <w lemma="húsnæðislán" type="nhfþ">húsnæðislánum</w>
            <w lemma="og" type="c">og</w>
            <w lemma="leiðrétting" type="nven">leiðrétting</w>
            <w lemma="skuld" type="nvfe">skulda</w>
            <w lemma="heimili" type="nhfeg">heimilanna</w>
            <c type="pk">,</c>
            <w lemma="verðtryggður" type="lvfesf">verðtryggðra</w>
            <w lemma="skuld" type="nvfe">skulda</w>
            <w lemma="heimili" type="nhfeg">heimilanna</w>
            <c type="pl">.</c>
          </s>
        </p>
        <p n="5">
          <s n="1">
            <w lemma="Karen" type="nven-s">Karen</w>
            <w lemma="Kjartansdóttir" type="nven-s">Kjartansdóttir</w>
            <c type="pa">:</c>
            <w lemma="og" type="c">Og</w>
            <w lemma="hvernig" type="aa">hvernig</w>
            <w lemma="ætla" type="sfg2fn">ætlið</w>
            <w lemma="þú" type="fp2fn">þið</w>
            <w lemma="að" type="cn">að</w>
            <w lemma="fara" type="sng">fara</w>
            <w lemma="að" type="af">að</w>
            <w lemma="þessi" type="faheþ">þessu</w>
            <c type="pl">?</c>
          </s>
        </p>
        <p n="6">
          <s n="1">
            <w lemma="Guðmundur" type="nken-s">Guðmundur</w>
            <w lemma="Franklín" type="nken-s">Franklín</w>
            <w lemma="Jónsson" type="nken-s">Jónsson</w>
            <c type="pa">:</c>
            <w lemma="ég" type="fp1fn">Við</w>
            <w lemma="ætla" type="sfg1fn">ætlum</w>
            <w lemma="að" type="cn">að</w>
            <w lemma="gera" type="sng">gera</w>
            <c type="pk">,</c>
            <w lemma="nota" type="sfg3fn">nota</w>
            <w lemma="sami" type="fbveo">sömu</w>
            <w lemma="aðferð" type="nveo">aðferð</w>
            <w lemma="eins" type="aa">eins</w>
            <w lemma="og" type="c">og</w>
            <w lemma="Bandaríkjamaður" type="nkfn-s">Bandaríkjamenn</w>
            <w lemma="bjarga" type="sfg3fþ">björguðu</w>
            <w lemma="sinn" type="feheþ">sínu</w>
            <w lemma="húsnæðislánakerfi" type="nheþ">húsnæðislánakerfi</w>
            <c type="pk">,</c>
            <w lemma="ég" type="fp1fn">við</w>
            <w lemma="að" type="cn">að</w>
            <w lemma="innkalla" type="sng">innkalla</w>
            <w lemma="allur" type="fovfo">allar</w>
            <w lemma="verðtryggður" type="lvfosf">verðtryggðar</w>
            <w lemma="skuld" type="nvfo">skuldir</w>
            <w lemma="heimili" type="nhfeg">heimilanna</w>
            <w lemma="inn" type="aa">inn</w>
            <w lemma="í" type="af">í</w>
            <w lemma="sérstakur" type="lkeosf">sérstakan</w>
            <w lemma="sjóður" type="nkeo">sjóð</w>
            <w lemma="í" type="af">í</w>
            <w lemma="Seðlabanki" type="nkeþgs">Seðlabankanum</w>
            <w lemma="og" type="c">og</w>
            <c type="pk">,</c>
            <w lemma="og" type="c">og</w>
            <w lemma="sjá" type="sfg3eþ">sá</w>
            <w lemma="sjóður" type="nken">sjóður</w>
            <w lemma="borga" type="sfg3en">borgar</w>
            <w lemma="sig" type="fpveo">sig</w>
            <w lemma="upp" type="aa">upp</w>
            <w lemma="á" type="af">á</w>
            <w lemma="9" type="ta">9</w>
            <w lemma="ár" type="nhfþ">árum</w>
            <w lemma="á" type="af">á</w>
            <w lemma="vaxtamismun" type="nveþ">vaxtamismun</w>
            <c type="pl">.</c>
          </s>
          <s n="2">
            <w lemma="í" type="af">Í</w>
            <w lemma="dagur" type="nkeo">dag</w>
            <w lemma="þegar" type="c">þegar</w>
            <w lemma="maður" type="nkfn">menn</w>
            <w lemma="vera" type="sfg3fn">eru</w>
            <w lemma="að" type="cn">að</w>
            <w lemma="taka" type="sng">taka</w>
            <w lemma="semsagt" type="aa">semsagt</w>
            <w lemma="óverðtryggður" type="lhfosf">óverðtryggð</w>
            <w lemma="húsnæðislán" type="nhfo">húsnæðislán</w>
            <w lemma="í" type="af">í</w>
            <w lemma="banki" type="nkeþ">banka</w>
            <w lemma="að" type="c">að</w>
            <w lemma="þá" type="aa">þá</w>
            <w lemma="vera" type="sfg3en">er</w>
            <w lemma="það" type="fphen">það</w>
            <w lemma="banki" type="nkeng">bankinn</w>
            <w lemma="sem" type="ct">sem</w>
            <w lemma="taka" type="sfg3en">tekur</w>
            <w lemma="vöxtur" type="nkfog">vextina</w>
            <w lemma="og" type="c">og</w>
            <c type="pk">,</c>
            <w lemma="og" type="c">og</w>
            <w lemma="hirða" type="sfg3en">hirðir</w>
            <w lemma="hann" type="fpkfo">þá</w>
            <w lemma="sem" type="c">sem</w>
            <w lemma="hagnaður" type="nkeo">hagnað</w>
            <w lemma="en" type="c">en</w>
            <w lemma="í" type="af">í</w>
            <w lemma="staður" type="nkeog">staðinn</w>
            <w lemma="fyrir" type="aa">fyrir</w>
            <w lemma="vera" type="svg3fþ">væru</w>
            <w lemma="þessi" type="fahfn">þessi</w>
            <w lemma="lán" type="nhfn">lán</w>
            <w lemma="inni" type="aa">inni</w>
            <w lemma="í" type="af">í</w>
            <w lemma="þessi" type="fakeþ">þessum</w>
            <w lemma="sjóður" type="nkeþ">sjóði</w>
            <w lemma="í" type="af">í</w>
            <w lemma="Seðlabanki" type="nkeþgs">Seðlabankanum</w>
            <w lemma="og" type="c">og</w>
            <w lemma="hann" type="fpken">hann</w>
            <w lemma="fá" type="svg3eþ">fengi</w>
            <w lemma="hagnaður" type="nkeog">hagnaðinn</w>
            <w lemma="og" type="c">og</w>
            <w lemma="þessi" type="fahen">þetta</w>
            <w lemma="taka" type="svg3eþ">tæki</w>
            <w lemma="allur" type="foheo">allt</w>
            <w lemma="9" type="ta">9</w>
            <w lemma="ár" type="nhfo">ár</w>
            <w lemma="að" type="cn">að</w>
            <w lemma="greiða" type="sng">greiða</w>
            <w lemma="upp" type="aa">upp</w>
            <w lemma="allur" type="foveo">alla</w>
            <w lemma="lækkun" type="nveog">lækkunina</w>
            <w lemma="sem" type="ct">sem</w>
            <w lemma="að" type="c">að</w>
            <w lemma="geta" type="svg3eþ">gæti</w>
            <w lemma="allur" type="fohen">allt</w>
            <w lemma="vera" type="sþghen">verið</w>
            <w lemma="að" type="aa">að</w>
            <w lemma="45%" type="tp">45%</w>
            <w lemma="á" type="af">á</w>
            <w lemma="hver" type="foheo">hvert</w>
            <w lemma="heimili" type="nheo">heimili</w>
            <c type="pl">.</c>
          </s>
        </p>
        <p n="7">
          <s n="1">
            <w lemma="Karen" type="nven-s">Karen</w>
            <w lemma="Kjartansdóttir" type="nven-s">Kjartansdóttir</w>
            <c type="pa">:</c>
            <w lemma="en" type="c">En</w>
            <w lemma="í" type="af">í</w>
            <w lemma="Bandaríkin" type="nhfþgs">Bandaríkjunum</w>
            <w lemma="hafa" type="sfg3en">hefur</w>
            <w lemma="vera" type="sþghen">verið</w>
            <w lemma="tala" type="sþghen">talað</w>
            <w lemma="um" type="af">um</w>
            <w lemma="að" type="c">að</w>
            <w lemma="ja" type="au">ja</w>
            <w lemma="húsnæðisvandi" type="nkeng">húsnæðisvandinn</w>
            <w lemma="hafa" type="svg3en">hafi</w>
            <w lemma="bitna" type="sþghen">bitnað</w>
            <w lemma="mikill" type="lheþsf">miklu</w>
            <w lemma="frekar" type="aam">frekar</w>
            <w lemma="á" type="af">á</w>
            <w lemma="almenningur" type="nkeþ">almenningi</w>
            <c type="pl">.</c>
          </s>
          <s n="2">
            <w lemma="fólk" type="nhen">Fólk</w>
            <w lemma="hafa" type="svg3en">hafi</w>
            <w lemma="missa" type="sþghen">misst</w>
            <w lemma="húsnæði" type="nheog">húsnæðið</w>
            <w lemma="í" type="af">í</w>
            <w lemma="meira" type="lkeþvm">meira</w>
            <w lemma="mælir" type="nkeþ">mæli</w>
            <c type="pl">.</c>
          </s>
          <s n="3">
            <w lemma="óttasa" type="sfg2en">Óttastu</w>
            <w lemma="ekki" type="aa">ekki</w>
            <w lemma="að" type="c">að</w>
            <w lemma="sá" type="faven">sú</w>
            <w lemma="þróun" type="nven">þróun</w>
            <w lemma="verða" type="svg3en">verði</w>
            <w lemma="hér" type="aa">hér</w>
            <c type="pl">?</c>
          </s>
        </p>
        <p n="8">
          <s n="1">
            <w lemma="Guðmundur" type="nken-s">Guðmundur</w>
            <w lemma="Franklín" type="nken-s">Franklín</w>
            <w lemma="Jónsson" type="nken-s">Jónsson</w>
            <c type="pa">:</c>
            <w lemma="nei" type="au">Nei</w>
            <c type="pl">.</c>
          </s>
          <s n="2">
            <w lemma="ég" type="fp1fn">Við</w>
            <w lemma="óttast" type="sfm1fn">óttumst</w>
            <w lemma="það" type="fpheo">það</w>
            <w lemma="ekki" type="aa">ekki</w>
            <c type="pl">.</c>
          </s>
        </p>
        <p n="9">
          <s n="1">
            <w lemma="Karen" type="nven-s">Karen</w>
            <w lemma="Kjartansdóttir" type="nven-s">Kjartansdóttir</w>
            <c type="pa">:</c>
            <w lemma="hver" type="fshee">Hvers</w>
            <w lemma="vegna" type="af">vegna</w>
            <w lemma="ekki" type="aa">ekki</w>
            <c type="pl">?</c>
          </s>
        </p>
        <p n="10">
          <s n="1">
            <w lemma="Guðmundur" type="nken-s">Guðmundur</w>
            <w lemma="Franklín" type="nken-s">Franklín</w>
            <w lemma="Jónsson" type="nken-s">Jónsson</w>
            <c type="pa">:</c>
            <w lemma="vegna" type="af">Vegna</w>
            <w lemma="það" type="fphee">þess</w>
            <w lemma="að" type="c">að</w>
            <c type="pk">,</c>
            <w lemma="að" type="c">að</w>
            <w lemma="ég" type="fp1fn">við</w>
            <w lemma="bara" type="aa">bara</w>
            <w lemma="óttast" type="sfm1fn">óttumst</w>
            <w lemma="það" type="fpheo">það</w>
            <w lemma="ekki" type="aa">ekki</w>
            <c type="pl">.</c>
          </s>
          <s n="2">
            <w lemma="ég" type="fp1en">Ég</w>
            <w lemma="hérna" type="aa">hérna</w>
            <w lemma="auður" type="lvensf">auð</w>
            <c type="pk">,</c>
            <w lemma="auðvitað" type="aa">auðvitað</w>
            <w lemma="vera" type="sfg3fn">eru</w>
            <w lemma="Bandaríkin" type="nhfngs">Bandaríkin</w>
            <w lemma="stórtur" type="lhfnsf">stórt</w>
            <w lemma="ríki" type="nhfn">ríki</w>
            <w lemma="og" type="c">og</w>
            <c type="pk">,</c>
            <w lemma="og" type="c">og</w>
            <w lemma="hérna" type="aa">hérna</w>
            <w lemma="eða" type="c">eða</w>
            <w lemma="stór" type="lhensf">stórt</w>
            <w lemma="land" type="nhen">land</w>
            <w lemma="með" type="af">með</w>
            <w lemma="margur" type="lhfþsf">mörgum</w>
            <w lemma="ríki" type="nhfþ">ríkjum</w>
            <w lemma="og" type="c">og</w>
            <w lemma="það" type="fphen">það</w>
            <w lemma="vera" type="sfg3fn">eru</w>
            <w lemma="vandamál" type="nhfn">vandamál</w>
            <w lemma="þar" type="aa">þar</w>
            <w lemma="eins" type="aa">eins</w>
            <w lemma="og" type="c">og</w>
            <w lemma="annar" type="fokee">annars</w>
            <w lemma="staður" type="nkee">staðar</w>
            <w lemma="en" type="c">en</w>
            <w lemma="þessi" type="fahen">þetta</w>
            <w lemma="eiga" type="svg3eþ">ætti</w>
            <w lemma="að" type="cn">að</w>
            <w lemma="vera" type="sng">vera</w>
            <w lemma="auðveldur" type="lhenvm">auðveldara</w>
            <w lemma="fyrir" type="af">fyrir</w>
            <w lemma="ég" type="fp1fo">okkur</w>
            <w lemma="þar" type="aa">þar</w>
            <w lemma="sem" type="c">sem</w>
            <w lemma="ég" type="fp1fn">við</w>
            <w lemma="vera" type="sfg1fn">erum</w>
            <w lemma="ekki" type="aa">ekki</w>
            <w lemma="nema" type="c">nema</w>
            <w lemma="tveir" type="tfhfn">tvö</w>
            <c type="pk">,</c>
            <w lemma="320.000" type="ta">320.000</w>
            <w lemma="maður" type="nkfe">manna</w>
            <w lemma="þjóð" type="nven">þjóð</w>
            <w lemma="en" type="c">en</w>
            <w lemma="Bandaríkin" type="nhfngs">Bandaríkin</w>
            <w lemma="vera" type="sfg3fn">eru</w>
            <w lemma="320" type="ta">320</w>
            <w lemma="milljón" type="nvfn">milljónir</w>
            <w lemma="þannig" type="aa">þannig</w>
            <w lemma="að" type="c">að</w>
            <w lemma="ég" type="fp1fn">við</w>
            <w lemma="eiga" type="svg1fþ">ættum</w>
            <w lemma="að" type="cn">að</w>
            <w lemma="geta" type="sng">geta</w>
            <w lemma="passa" type="sþghen">passað</w>
            <w lemma="upp" type="aa">upp</w>
            <w lemma="á" type="af">á</w>
            <w lemma="sá" type="fakfo">þá</w>
            <w lemma="sem" type="ct">sem</w>
            <w lemma="að" type="c">að</w>
            <w lemma="maður" type="nkfn">menn</w>
            <w lemma="falla" type="svg3fn">falli</w>
            <w lemma="ekki" type="aa">ekki</w>
            <w lemma="á" type="aa">á</w>
            <w lemma="milli" type="af">milli</w>
            <w lemma="skip" type="nhee">skips</w>
            <w lemma="og" type="c">og</w>
            <c type="pk">,</c>
            <w lemma="og" type="c">og</w>
            <w lemma="hérna" type="aa">hérna</w>
            <w lemma="bryggja" type="nveþ">bryggju</w>
            <c type="pl">.</c>
          </s>
        </p>
        <p n="11">
          <s n="1">
            <w lemma="Karen" type="nven-s">Karen</w>
            <w lemma="Kjartansdóttir" type="nven-s">Kjartansdóttir</w>
            <c type="pa">:</c>
            <w lemma="ykja" type="sfm2eþ">Óttist</w>
            <w lemma="þú" type="fp2fn">þið</w>
            <w lemma="ekki" type="aa">ekki</w>
            <w lemma="að" type="c">að</w>
            <w lemma="þessi" type="fahen">þetta</w>
            <w lemma="geta" type="svg3en">geti</w>
            <w lemma="bitna" type="sþghen">bitnað</w>
            <w lemma="á" type="af">á</w>
            <w lemma="velferðarkerfi" type="nheþg">velferðarkerfinu</w>
            <c type="pl">?</c>
          </s>
        </p>
        <p n="12">
          <s n="1">
            <w lemma="Guðmundur" type="nken-s">Guðmundur</w>
            <w lemma="Franklín" type="nken-s">Franklín</w>
            <w lemma="Jónsson" type="nken-s">Jónsson</w>
            <c type="pa">:</c>
            <w lemma="nei" type="au">Nei</w>
            <w lemma="allur" type="fohee">alls</w>
            <w lemma="ekki" type="aa">ekki</w>
            <c type="pl">.</c>
          </s>
          <s n="2">
            <w lemma="ég" type="fp1fn">Við</w>
            <w lemma="óttast" type="sfm1fn">óttumst</w>
            <w lemma="það" type="fpheo">það</w>
            <w lemma="allur" type="fohee">alls</w>
            <w lemma="ekki" type="aa">ekki</w>
            <c type="pl">.</c>
          </s>
          <s n="3">
            <w lemma="ef" type="c">Ef</w>
            <w lemma="einhver" type="fohen">eitthvað</w>
            <w lemma="vera" type="sfg3en">er</w>
            <w lemma="þá" type="aa">þá</w>
            <w lemma="bæta" type="sfg3en">bætir</w>
            <w lemma="þessi" type="fahen">þetta</w>
            <w lemma="velferðarkerfi" type="nheng">velferðarkerfið</w>
            <w lemma="vegna" type="af">vegna</w>
            <w lemma="það" type="fphee">þess</w>
            <w lemma="að" type="c">að</w>
            <w lemma="ég" type="fp1fn">við</w>
            <c type="pk">,</c>
            <w lemma="ég" type="fp1fn">við</w>
            <w lemma="trúa" type="sfg1fn">trúum</w>
            <w lemma="að" type="c">að</w>
            <w lemma="smátt" type="aa">smátt</w>
            <w lemma="vera" type="svg3en">sé</w>
            <w lemma="smart" type="lhenof">smart</w>
            <c type="pl">.</c>
          </s>
          <s n="4">
            <w lemma="ég" type="fp1fn">Við</w>
            <w lemma="vilja" type="sfg1fn">viljum</w>
            <w lemma="opna" type="sng">opna</w>
            <w lemma="aftur" type="aa">aftur</w>
            <w lemma="lokaður" type="lvfosf">lokaðar</w>
            <w lemma="heilsugæslustofnun" type="nvfo">heilsugæslustofnanir</w>
            <w lemma="úti" type="aa">úti</w>
            <w lemma="á" type="af">á</w>
            <w lemma="land" type="nheþ">landi</w>
            <w lemma="og" type="c">og</w>
            <w lemma="hætta" type="sng">hætta</w>
            <w lemma="þessi" type="fahfþ">þessum</w>
            <w lemma="áform" type="nhfþ">áformum</w>
            <w lemma="til" type="af">til</w>
            <w lemma="dæmi" type="nhee">dæmis</w>
            <w lemma="um" type="af">um</w>
            <w lemma="bygging" type="nveo">byggingu</w>
            <w lemma="þessi" type="fahee">þessa</w>
            <w lemma="risaspítali" type="nkee">risaspítala</w>
            <c type="pk">,</c>
            <w lemma="þessi" type="faveo">þessa</w>
            <w lemma="risaferlíkis" type="nkeo">risaferlíkis</w>
            <w lemma="sem" type="ct">sem</w>
            <w lemma="eiga" type="sfg3en">á</w>
            <w lemma="að" type="cn">að</w>
            <w lemma="kosta" type="sng">kosta</w>
            <w lemma="skattgreiðandi" type="nkfo">skattgreiðendur</w>
            <w lemma="85" type="ta">85</w>
            <w lemma="milljarður" type="nkfo">milljarða</w>
            <c type="pl">.</c>
          </s>
        </p>
        <p n="13">
          <s n="1">
            <w lemma="segja" type="sfg3en">Segir</w>
            <w lemma="Guðmundur" type="nken-s">Guðmundur</w>
            <w lemma="Franklín" type="nken-s">Franklín</w>
            <w lemma="Jónsson" type="nken-s">Jónsson</w>
            <c type="pk">,</c>
            <w lemma="formaður" type="nken">formaður</w>
            <w lemma="hægri" type="lveevf">Hægri</w>
            <w lemma="grænn" type="lkfesf">grænna</w>
            <c type="pl">.</c>
          </s>
        </p>
      </div1>
    </body>
  </text>
</TEI>
