<?xml version="1.0" encoding="utf-8"?>
<TEI xmlns="http://www.tei-c.org/ns/1.0">
  <teiHeader>
    <fileDesc>
      <titleStmt>
        <title>
          <title type="main">Rólegt við Langjökul</title>
        </title>
        <respStmt>
          <resp xml:lang="is">Söfnun og úrvinnsla texta</resp>
          <resp xml:lang="en">Collection and processing of text</resp>
          <name xml:lang="is">Stofnun Árna Magnússonar í íslenskum fræðum</name>
          <name xml:lang="en">The Arni Magnusson Institute for Icelandic Studies</name>
        </respStmt>
      </titleStmt>
      <editionStmt>
        <p xml:lang="is">Íslensk risamálheild (2019)</p>
        <p xml:lang="en">Tagged Icelandic Gigaword Corpus (2019)</p>
      </editionStmt>
      <publicationStmt>
        <distributor xml:lang="is">Stofnun Árna Magnússonar í íslenskum fræðum</distributor>
        <distributor xml:lang="en">The Arni Magnusson Institute for Icelandic Studies</distributor>
        <address>
          <addrLine xml:lang="is">Árnagarður við Suðurgötu, 107 Reykjavík, Íslandi</addrLine>
          <addrLine xml:lang="en">Árnagarður Suðurgata, 107 Reykjavik, Iceland</addrLine>
          <addrLine>
            <email>arnastofnun@arnastofnun.is</email>
          </addrLine>
        </address>
        <idno type="risam">G-25-2546322</idno>
        <availability>
          <p xml:lang="is">Þessi texti er til notkunar í málrannsóknum og máltækniverkefnum um allan heim með sérstöku leyfi, sjá rmh2Hdr.xml</p>
          <p xml:lang="en">This text is available for use in language research and language technology projects world wide with a special license, see rmh2Hdr.xml</p>
        </availability>
        <date>2020-05-26</date>
      </publicationStmt>
      <sourceDesc>
        <biblStruct>
          <analytic>
            <title>
              <title type="main">Rólegt við Langjökul</title>
            </title>
            <date when="2013-03-30T12:00:00">30.03 2013 kl. 12:00:00</date>
          </analytic>
          <monogr>
            <title>Bylgjan</title>
            <imprint>
              <publisher>365 miðlar hf.</publisher>
              <pubPlace>Reykjavík</pubPlace>
            </imprint>
          </monogr>
        </biblStruct>
      </sourceDesc>
    </fileDesc>
    <encodingDesc>
      <projectDesc>
        <p xml:lang="is">Sjá lýsingu á verkefninu í rmh2Hdr.xml.</p>
        <p xml:lang="en">See description of project in rmh2Hdr.xml.</p>
      </projectDesc>
      <tagsDecl>
        <namespace name="http://www.tei-c.org/ns/1.0">
          <tagUsage gi="text" occurs="1"/>
          <tagUsage gi="body" occurs="1"/>
          <tagUsage gi="div1" occurs="1"/>
          <tagUsage gi="p" occurs="1"/>
          <tagUsage gi="s" occurs="4"/>
          <tagUsage gi="w" occurs="71"/>
          <tagUsage gi="c" occurs="7"/>
        </namespace>
      </tagsDecl>
    </encodingDesc>
    <profileDesc>
     <textClass>
      <keywords scheme="#RMH">
       <list>
        <item>Frétt – almennt</item>
       </list>
      </keywords>
     </textClass>
    </profileDesc>
  </teiHeader>
  <text>
    <body>
      <div1>
        <p n="1">
          <s n="1">
            <w lemma="rólegur" type="lhensf">Rólegt</w>
            <w lemma="vera" type="sfg3eþ">var</w>
            <w lemma="við" type="af">við</w>
            <w lemma="Langjökull" type="nkeo-s">Langjökul</w>
            <w lemma="í" type="af">í</w>
            <w lemma="nótt" type="nveþ">nótt</w>
            <w lemma="eftir" type="af">eftir</w>
            <w lemma="jarðhræring" type="nvfo">jarðhræringar</w>
            <w lemma="þar" type="aa">þar</w>
            <w lemma="seinnipartur" type="nkeog">seinnipartinn</w>
            <w lemma="í" type="aa">í</w>
            <w lemma="gær" type="aa">gær</w>
            <c type="pl">.</c>
          </s>
          <s n="2">
            <w lemma="skjálfti" type="nhen">Skjálfti</w>
            <c type="pk">,</c>
            <w lemma="3,5" type="ta">3,5</w>
            <w lemma="stig" type="nhfn">stig</w>
            <w lemma="að" type="af">að</w>
            <w lemma="stærð" type="nveþ">stærð</w>
            <c type="pk">,</c>
            <w lemma="mæla" type="sfm3eþ">mældist</w>
            <w lemma="á" type="aa">á</w>
            <w lemma="milli" type="af">milli</w>
            <w lemma="eystri-Hagafellsjökul" type="nhee">eystri-Hagafellsjökuls</w>
            <w lemma="og" type="c">og</w>
            <w lemma="Sandvatnshlíð" type="nvee-s">Sandvatnshlíðar</w>
            <w lemma="klukka" type="nveng">klukkan</w>
            <w lemma="hálf" type="aa">hálf</w>
            <w lemma="sex" type="ta">sex</w>
            <w lemma="í" type="aa">í</w>
            <w lemma="gær" type="aa">gær</w>
            <w lemma="en" type="c">en</w>
            <w lemma="í" type="af">í</w>
            <w lemma="kjölfar" type="nheog">kjölfarið</w>
            <w lemma="fylgja" type="sfg3fþ">fylgdu</w>
            <w lemma="að" type="af">að</w>
            <w lemma="lítill" type="lkeþve">minnsta</w>
            <w lemma="kostur" type="nkeþ">kosti</w>
            <w lemma="tíu" type="tfkfn">tíu</w>
            <w lemma="eftirskjálfti" type="nkfn">eftirskjálftar</w>
            <c type="pk">,</c>
            <w lemma="allur" type="fokfn">allir</w>
            <w lemma="lítill" type="lkfnvm">minni</w>
            <w lemma="en" type="c">en</w>
            <w lemma="2,3" type="ta">2,3</w>
            <w lemma="stig" type="nhfn">stig</w>
            <c type="pl">.</c>
          </s>
          <s n="3">
            <w lemma="skjálfti" type="nkfng">Skjálftarnir</w>
            <w lemma="vera" type="sfg3fþ">voru</w>
            <w lemma="á" type="af">á</w>
            <w lemma="fjórir" type="tfkfe">fjögurra</w>
            <w lemma="til" type="aa">til</w>
            <w lemma="sjö" type="tfkfe">sjö</w>
            <w lemma="metri" type="nkfe">metra</w>
            <w lemma="dýpi" type="nhen">dýpi</w>
            <c type="pl">.</c>
          </s>
          <s n="4">
            <w lemma="samkvæmt" type="af">Samkvæmt</w>
            <w lemma="upplýsing" type="nvfþ">upplýsingum</w>
            <w lemma="frá" type="af">frá</w>
            <w lemma="Veðurstofa" type="nveþgs">Veðurstofunni</w>
            <w lemma="vera" type="sfg3en">er</w>
            <w lemma="ekki" type="aa">ekki</w>
            <w lemma="telja" type="sþghen">talið</w>
            <w lemma="að" type="c">að</w>
            <w lemma="skjálfti" type="nkfng">skjálftarnir</w>
            <w lemma="vera" type="svg3fn">séu</w>
            <w lemma="undanfari" type="nken">undanfari</w>
            <w lemma="gos" type="nhee">goss</w>
            <w lemma="en" type="c">en</w>
            <w lemma="vel" type="aa">vel</w>
            <w lemma="vera" type="sfg3en">er</w>
            <w lemma="fylgja" type="sþmhen">fylgst</w>
            <w lemma="með" type="af">með</w>
            <w lemma="jökull" type="nkeþg">jöklinum</w>
            <w lemma="áfram" type="aa">áfram</w>
            <w lemma="í" type="af">í</w>
            <w lemma="dagur" type="nkeo">dag</w>
            <c type="pl">.</c>
          </s>
        </p>
      </div1>
    </body>
  </text>
</TEI>
