<?xml version="1.0" encoding="utf-8"?>
<TEI xmlns="http://www.tei-c.org/ns/1.0">
  <teiHeader>
    <fileDesc>
      <titleStmt>
        <title>
          <title type="main">Móralskur sigur</title>
        </title>
        <respStmt>
          <resp xml:lang="is">Söfnun og úrvinnsla texta</resp>
          <resp xml:lang="en">Collection and processing of text</resp>
          <name xml:lang="is">Stofnun Árna Magnússonar í íslenskum fræðum</name>
          <name xml:lang="en">The Arni Magnusson Institute for Icelandic Studies</name>
        </respStmt>
      </titleStmt>
      <editionStmt>
        <p xml:lang="is">Íslensk risamálheild (2019)</p>
        <p xml:lang="en">Tagged Icelandic Gigaword Corpus (2019)</p>
      </editionStmt>
      <publicationStmt>
        <distributor xml:lang="is">Stofnun Árna Magnússonar í íslenskum fræðum</distributor>
        <distributor xml:lang="en">The Arni Magnusson Institute for Icelandic Studies</distributor>
        <address>
          <addrLine xml:lang="is">Árnagarður við Suðurgötu, 107 Reykjavík, Íslandi</addrLine>
          <addrLine xml:lang="en">Árnagarður Suðurgata, 107 Reykjavik, Iceland</addrLine>
          <addrLine>
            <email>arnastofnun@arnastofnun.is</email>
          </addrLine>
        </address>
        <idno type="risam">G-25-2517925</idno>
        <availability>
          <p xml:lang="is">Þessi texti er til notkunar í málrannsóknum og máltækniverkefnum um allan heim með sérstöku leyfi, sjá rmh2Hdr.xml</p>
          <p xml:lang="en">This text is available for use in language research and language technology projects world wide with a special license, see rmh2Hdr.xml</p>
        </availability>
        <date>2020-05-26</date>
      </publicationStmt>
      <sourceDesc>
        <biblStruct>
          <analytic>
            <title>
              <title type="main">Móralskur sigur</title>
            </title>
            <date when="2013-03-12T12:00:00">12.03 2013 kl. 12:00:00</date>
          </analytic>
          <monogr>
            <title>Bylgjan</title>
            <imprint>
              <publisher>365 miðlar hf.</publisher>
              <pubPlace>Reykjavík</pubPlace>
            </imprint>
          </monogr>
        </biblStruct>
      </sourceDesc>
    </fileDesc>
    <encodingDesc>
      <projectDesc>
        <p xml:lang="is">Sjá lýsingu á verkefninu í rmh2Hdr.xml.</p>
        <p xml:lang="en">See description of project in rmh2Hdr.xml.</p>
      </projectDesc>
      <tagsDecl>
        <namespace name="http://www.tei-c.org/ns/1.0">
          <tagUsage gi="text" occurs="1"/>
          <tagUsage gi="body" occurs="1"/>
          <tagUsage gi="div1" occurs="1"/>
          <tagUsage gi="p" occurs="5"/>
          <tagUsage gi="s" occurs="12"/>
          <tagUsage gi="w" occurs="254"/>
          <tagUsage gi="c" occurs="24"/>
        </namespace>
      </tagsDecl>
    </encodingDesc>
    <profileDesc>
     <textClass>
      <keywords scheme="#RMH">
       <list>
        <item>Frétt – almennt</item>
       </list>
      </keywords>
     </textClass>
    </profileDesc>
  </teiHeader>
  <text>
    <body>
      <div1>
        <p n="1">
          <s n="1">
            <w lemma="ríkisstjórn" type="nven">Ríkisstjórn</w>
            <w lemma="Jóhanna" type="nvee-s">Jóhönnu</w>
            <w lemma="og" type="c">og</w>
            <w lemma="Steingrímur" type="nkee-s">Steingríms</w>
            <w lemma="vinna" type="sfg3eþ">vann</w>
            <w lemma="móralskur" type="lkeosf">móralskan</w>
            <w lemma="sigur" type="nkeo">sigur</w>
            <w lemma="þegar" type="c">þegar</w>
            <w lemma="hún" type="fpven">hún</w>
            <w lemma="standa" type="sfg3eþ">stóð</w>
            <w lemma="af" type="af">af</w>
            <w lemma="sig" type="fpveþ">sér</w>
            <w lemma="vantrauststillaga" type="nveþ">vantrauststillögu</w>
            <w lemma="Þór" type="nkee-s">Þórs</w>
            <w lemma="Saari" type="n----s">Saari</w>
            <w lemma="á" type="af">á</w>
            <w lemma="Alþingi" type="nheþ-s">Alþingi</w>
            <w lemma="í" type="aa">í</w>
            <w lemma="gær" type="aa">gær</w>
            <c type="pl">.</c>
          </s>
          <s n="2">
            <w lemma="þessi" type="faheo">Þetta</w>
            <w lemma="segja" type="sfg3en">segir</w>
            <w lemma="prófessor" type="nken">prófessor</w>
            <w lemma="í" type="af">í</w>
            <w lemma="stjórnmálafræði" type="nveþ">stjórnmálafræði</w>
            <c type="pl">.</c>
          </s>
          <s n="3">
            <w lemma="hann" type="fpken">Hann</w>
            <w lemma="segja" type="sfg3en">segir</w>
            <w lemma="að" type="c">að</w>
            <w lemma="umræða" type="nveng">umræðan</w>
            <w lemma="um" type="af">um</w>
            <w lemma="tillaga" type="nveog">tillöguna</w>
            <w lemma="hafa" type="svg3en">hafi</w>
            <w lemma="vera" type="sþghen">verið</w>
            <w lemma="óvenja" type="nvee">óvenju</w>
            <w lemma="harkalegur" type="lvensf">harkaleg</w>
            <c type="pl">.</c>
          </s>
        </p>
        <p n="2">
          <s n="1">
            <w lemma="vantrauststillaga" type="nven">Vantrauststillaga</w>
            <w lemma="Þór" type="nkee-s">Þórs</w>
            <w lemma="Saari" type="n----s">Saari</w>
            <w lemma="vera" type="sfg3eþ">var</w>
            <w lemma="fella" type="sþgven">felld</w>
            <w lemma="með" type="af">með</w>
            <w lemma="32" type="ta">32</w>
            <w lemma="atkvæði" type="nhfþ">atkvæðum</w>
            <w lemma="gegn" type="af">gegn</w>
            <w lemma="29" type="ta">29</w>
            <c type="pl">.</c>
          </s>
          <s n="2">
            <w lemma="allur" type="fokfn">Allir</w>
            <w lemma="þingmaður" type="nkfn">þingmenn</w>
            <w lemma="Sjálfstæðis-" type="kt">Sjálfstæðis-</w>
            <w lemma="og" type="c">og</w>
            <w lemma="Framsóknarflokkur" type="nkee-s">Framsóknarflokks</w>
            <w lemma="styðja" type="sfg3fþ">studdu</w>
            <w lemma="tillaga" type="nveog">tillöguna</w>
            <w lemma="sem" type="aa">sem</w>
            <w lemma="og" type="c">og</w>
            <w lemma="þingmaður" type="nkfn">þingmenn</w>
            <w lemma="Hreyfingin" type="nveegs">Hreyfingarinnar</w>
            <w lemma="og" type="c">og</w>
            <w lemma="Lilja" type="nven-s">Lilja</w>
            <w lemma="Mósesdóttir" type="nven-s">Mósesdóttir</w>
            <c type="pl">.</c>
          </s>
          <s n="3">
            <w lemma="þingmaður" type="nkfn">Þingmenn</w>
            <w lemma="Vinstri-grænn" type="lkfesf">Vinstri-grænna</w>
            <c type="pk">,</c>
            <w lemma="Samfylkingin" type="nveegs">Samfylkingarinnar</w>
            <w lemma="og" type="c">og</w>
            <w lemma="Bjartur" type="nkfn-s">Bjartrar</w>
            <w lemma="framtíð" type="nvee">framtíðar</w>
            <w lemma="greiða" type="sfg3fþ">greiddu</w>
            <w lemma="hinn" type="fakee">hins</w>
            <w lemma="vegur" type="nkee">vegar</w>
            <w lemma="atkvæði" type="nhfo">atkvæði</w>
            <w lemma="gegn" type="af">gegn</w>
            <w lemma="tillaga" type="nveþg">tillögunni</w>
            <c type="pl">.</c>
          </s>
          <s n="4">
            <w lemma="Jón" type="nken-s">Jón</w>
            <w lemma="Bjarnason" type="nken-s">Bjarnason</w>
            <c type="pk">,</c>
            <w lemma="fyrrverandi" type="lkenof">fyrrverandi</w>
            <w lemma="ráðherra" type="nken">ráðherra</w>
            <c type="pk">,</c>
            <w lemma="sitja" type="sfg3eþ">sat</w>
            <w lemma="hjá" type="aa">hjá</w>
            <w lemma="en" type="c">en</w>
            <w lemma="Atli" type="nken-s">Atli</w>
            <w lemma="Gíslason" type="nken-s">Gíslason</w>
            <w lemma="vera" type="sfg3eþ">var</w>
            <w lemma="fjarverandi" type="lkenof">fjarverandi</w>
            <c type="pl">.</c>
          </s>
          <s n="5">
            <w lemma="Grétar" type="nken-s">Grétar</w>
            <w lemma="Þór" type="nken-s">Þór</w>
            <w lemma="Eyþórsson" type="nken-s">Eyþórsson</w>
            <c type="pk">,</c>
            <w lemma="prófessor" type="nken">prófessor</w>
            <w lemma="í" type="af">í</w>
            <w lemma="stjórnmálafræði" type="nveþ">stjórnmálafræði</w>
            <w lemma="við" type="af">við</w>
            <w lemma="Háskóli" type="nkeogs">Háskólann</w>
            <w lemma="á" type="af">á</w>
            <w lemma="Akureyri" type="nveþ-s">Akureyri</w>
            <c type="pk">,</c>
            <w lemma="segja" type="sfg3en">segir</w>
            <w lemma="að" type="c">að</w>
            <w lemma="niðurstaða" type="nveng">niðurstaðan</w>
            <w lemma="í" type="aa">í</w>
            <w lemma="gær" type="aa">gær</w>
            <w lemma="sýna" type="svg3en">sýni</w>
            <w lemma="snemma" type="aae">fyrst</w>
            <w lemma="og" type="c">og</w>
            <w lemma="frammi" type="aae">fremst</w>
            <w lemma="að" type="c">að</w>
            <w lemma="ríkisstjórn" type="nveng">ríkisstjórnin</w>
            <w lemma="vera" type="svg3en">sé</w>
            <w lemma="minnihlutastjórn" type="nveþ">minnihlutastjórn</w>
            <w lemma="sem" type="ct">sem</w>
            <w lemma="þurfa" type="svg3en">þurfi</w>
            <w lemma="að" type="cn">að</w>
            <w lemma="reiða" type="sng">reiða</w>
            <w lemma="sig" type="fpveo">sig</w>
            <w lemma="á" type="af">á</w>
            <w lemma="stuðningur" type="nkeo">stuðning</w>
            <w lemma="stjórnarandstöðuflokkur" type="nkfe">stjórnarandstöðuflokka</w>
            <c type="pl">.</c>
          </s>
        </p>
        <p n="3">
          <s n="1">
            <w lemma="Grétar" type="nken-s">Grétar</w>
            <w lemma="Þór" type="nken-s">Þór</w>
            <w lemma="Eyþórsson" type="nken-s">Eyþórsson</w>
            <c type="pk">,</c>
            <w lemma="prófessor" type="nken">prófessor</w>
            <w lemma="í" type="af">í</w>
            <w lemma="stjórnmálafræði" type="nveþ">stjórnmálafræði</w>
            <w lemma="við" type="af">við</w>
            <w lemma="Háskóli" type="nkeogs">Háskólann</w>
            <w lemma="á" type="af">á</w>
            <w lemma="Akureyri" type="nveþ-s">Akureyri</w>
            <c type="pa">:</c>
            <w lemma="þessi" type="fahen">Þetta</w>
            <w lemma="vera" type="sfg3en">er</w>
            <w lemma="náttúrulega" type="aa">náttúrulega</w>
            <w lemma="svona" type="aa">svona</w>
            <w lemma="að" type="af">að</w>
            <w lemma="viss" type="lheþsf">vissu</w>
            <w lemma="leyti" type="nheþ">leyti</w>
            <w lemma="móralskur" type="lkensf">móralskur</w>
            <w lemma="sigur" type="nken">sigur</w>
            <w lemma="fyrir" type="af">fyrir</w>
            <w lemma="hún" type="fpveo">hana</w>
            <c type="pk">,</c>
            <w lemma="ég" type="fp1en">ég</w>
            <w lemma="halda" type="sfg1en">held</w>
            <w lemma="að" type="c">að</w>
            <w lemma="forsvarsmaður" type="nkfn">forsvarsmenn</w>
            <w lemma="ríkisstjórn" type="nveeg">ríkisstjórnarinnar</w>
            <w lemma="hafa" type="svg3fn">hafi</w>
            <w lemma="vera" type="sþghen">verið</w>
            <w lemma="verða" type="sþgkfn">orðnir</w>
            <w lemma="ansi" type="aa">ansi</w>
            <w lemma="áhyggjufullur" type="lkfnsf">áhyggjufullir</w>
            <c type="pk">,</c>
            <w lemma="allur" type="fokfo">alla</w>
            <w lemma="vegi" type="nkfog">vegana</w>
            <w lemma="sýna" type="sfm3eþ">sýndist</w>
            <w lemma="ég" type="fp1eþ">mér</w>
            <w lemma="hann" type="fpkfþ">þeim</w>
            <w lemma="vera" type="sng">vera</w>
            <w lemma="mjög" type="aa">mjög</w>
            <w lemma="léttur" type="lhensf">létt</w>
            <w lemma="eftir" type="af">eftir</w>
            <w lemma="þessi" type="faheo">þetta</w>
            <c type="pl">.</c>
          </s>
          <s n="2">
            <w lemma="móralskur" type="lkensf">Móralskur</w>
            <w lemma="sigur" type="nken">sigur</w>
            <w lemma="kannski" type="aa">kannski</w>
            <w lemma="og" type="c">og</w>
            <w lemma="fyrir" type="af">fyrir</w>
            <w lemma="ríkisstjórn" type="nveog">ríkisstjórnina</w>
            <w lemma="en" type="c">en</w>
            <w lemma="sko" type="aa">sko</w>
            <w lemma="ég" type="fp1en">ég</w>
            <w lemma="halda" type="sfg1en">held</w>
            <w lemma="enginn" type="foheþ">engu</w>
            <w lemma="að" type="aa">að</w>
            <w lemma="varla" type="aam">síður</w>
            <w lemma="að" type="c">að</w>
            <w lemma="það" type="fphen">það</w>
            <w lemma="vera" type="svg3en">sé</w>
            <w lemma="enginn" type="fohen">ekkert</w>
            <w lemma="sem" type="c">sem</w>
            <w lemma="að" type="c">að</w>
            <w lemma="segja" type="sfg3en">segir</w>
            <w lemma="það" type="fphen">það</w>
            <w lemma="að" type="c">að</w>
            <w lemma="hún" type="fpven">hún</w>
            <w lemma="hafa" type="svg3en">hafi</w>
            <w lemma="meirihluti" type="nkeo">meirihluta</w>
            <w lemma="endilega" type="aa">endilega</w>
            <w lemma="í" type="af">í</w>
            <w lemma="allur" type="fohfþ">öllum</w>
            <w lemma="mál" type="nhfþ">málum</w>
            <w lemma="í" type="af">í</w>
            <w lemma="framhald" type="nheþg">framhaldinu</w>
            <w lemma="þrátt" type="aa">þrátt</w>
            <w lemma="fyrir" type="af">fyrir</w>
            <w lemma="að" type="c">að</w>
            <w lemma="hún" type="fpven">hún</w>
            <w lemma="hafa" type="svg3en">hafi</w>
            <w lemma="vera" type="sþghen">verið</w>
            <w lemma="varinn" type="lvensf">varin</w>
            <w lemma="vantraust" type="nheþ">vantrausti</w>
            <c type="pl">.</c>
          </s>
        </p>
        <p n="4">
          <s n="1">
            <w lemma="Grétar" type="nken-s">Grétar</w>
            <w lemma="segja" type="sfg3en">segir</w>
            <w lemma="að" type="c">að</w>
            <w lemma="umræða" type="nveng">umræðan</w>
            <w lemma="um" type="af">um</w>
            <w lemma="tillaga" type="nveog">tillöguna</w>
            <w lemma="hafa" type="svg3en">hafi</w>
            <w lemma="vera" type="sþghen">verið</w>
            <w lemma="harkalegur" type="lvensf">harkaleg</w>
            <c type="pl">.</c>
          </s>
        </p>
        <p n="5">
          <s n="1">
            <w lemma="Grétar" type="nken-s">Grétar</w>
            <w lemma="Þór" type="nken-s">Þór</w>
            <w lemma="Eyþórsson" type="nken-s">Eyþórsson</w>
            <c type="pa">:</c>
            <w lemma="það" type="fphen">Það</w>
            <w lemma="vera" type="sfg3fþ">voru</w>
            <w lemma="svona" type="aa">svona</w>
            <w lemma="dálítið" type="aa">dálítið</w>
            <w lemma="stór" type="lhfnsf">stór</w>
            <w lemma="orð" type="nhfn">orð</w>
            <w lemma="sem" type="ct">sem</w>
            <w lemma="að" type="aa">að</w>
            <w lemma="falla" type="sfg3fþ">féllu</w>
            <w lemma="og" type="c">og</w>
            <w lemma="þessi" type="fahen">þetta</w>
            <w lemma="vera" type="sfg3eþ">var</w>
            <w lemma="svolítið" type="aa">svolítið</w>
            <w lemma="harkalegur" type="lhensf">harkalegt</w>
            <w lemma="á" type="af">á</w>
            <w lemma="kafli" type="nkfþ">köflum</w>
            <w lemma="og" type="c">og</w>
            <w lemma="það" type="fphen">það</w>
            <w lemma="auðvitað" type="aa">auðvitað</w>
            <w lemma="eiga" type="sfg3en">á</w>
            <w lemma="náttúrulega" type="aa">náttúrulega</w>
            <w lemma="sinn" type="fevfo">sínar</w>
            <w lemma="skýring" type="nvfo">skýringar</w>
            <w lemma="eins" type="aa">eins</w>
            <w lemma="og" type="c">og</w>
            <w lemma="hreinlega" type="aa">hreinlega</w>
            <w lemma="bara" type="aa">bara</w>
            <w lemma="koma" type="sfg3eþ">kom</w>
            <w lemma="fram" type="aa">fram</w>
            <w lemma="í" type="af">í</w>
            <w lemma="mál" type="nheþ">máli</w>
            <w lemma="sumur" type="fokfe">sumra</w>
            <w lemma="sjálfstæðismaður" type="nkfe">sjálfstæðismanna</w>
            <c type="pk">,</c>
            <w lemma="hann" type="fpkfn">þeir</w>
            <w lemma="vera" type="sfg3fn">eru</w>
            <w lemma="enginn" type="fohen">ekkert</w>
            <w lemma="búinn" type="lkfnsf">búnir</w>
            <w lemma="að" type="cn">að</w>
            <w lemma="fyrirgefa" type="sng">fyrirgefa</w>
            <w lemma="landsdómsmál" type="nheog">landsdómsmálið</w>
            <c type="pk">,</c>
            <w lemma="það" type="fphen">það</w>
            <w lemma="munu" type="sfg3en">mun</w>
            <w lemma="auðvitað" type="aa">auðvitað</w>
            <w lemma="sko" type="aa">sko</w>
            <w lemma="bara" type="aa">bara</w>
            <w lemma="halda" type="sng">halda</w>
            <w lemma="áfram" type="aa">áfram</w>
            <w lemma="inn" type="aa">inn</w>
            <w lemma="í" type="af">í</w>
            <w lemma="kosningabarátta" type="nveog">kosningabaráttuna</w>
            <c type="pl">.</c>
          </s>
        </p>
      </div1>
    </body>
  </text>
</TEI>
