<?xml version="1.0" encoding="utf-8"?>
<TEI xmlns="http://www.tei-c.org/ns/1.0">
  <teiHeader>
    <fileDesc>
      <titleStmt>
        <title>
          <title type="main">Fíkniefnabrot</title>
        </title>
        <respStmt>
          <resp xml:lang="is">Söfnun og úrvinnsla texta</resp>
          <resp xml:lang="en">Collection and processing of text</resp>
          <name xml:lang="is">Stofnun Árna Magnússonar í íslenskum fræðum</name>
          <name xml:lang="en">The Arni Magnusson Institute for Icelandic Studies</name>
        </respStmt>
      </titleStmt>
      <editionStmt>
        <p xml:lang="is">Íslensk risamálheild (2019)</p>
        <p xml:lang="en">Tagged Icelandic Gigaword Corpus (2019)</p>
      </editionStmt>
      <publicationStmt>
        <distributor xml:lang="is">Stofnun Árna Magnússonar í íslenskum fræðum</distributor>
        <distributor xml:lang="en">The Arni Magnusson Institute for Icelandic Studies</distributor>
        <address>
          <addrLine xml:lang="is">Árnagarður við Suðurgötu, 107 Reykjavík, Íslandi</addrLine>
          <addrLine xml:lang="en">Árnagarður Suðurgata, 107 Reykjavik, Iceland</addrLine>
          <addrLine>
            <email>arnastofnun@arnastofnun.is</email>
          </addrLine>
        </address>
        <idno type="risam">G-25-2547420</idno>
        <availability>
          <p xml:lang="is">Þessi texti er til notkunar í málrannsóknum og máltækniverkefnum um allan heim með sérstöku leyfi, sjá rmh2Hdr.xml</p>
          <p xml:lang="en">This text is available for use in language research and language technology projects world wide with a special license, see rmh2Hdr.xml</p>
        </availability>
        <date>2020-05-26</date>
      </publicationStmt>
      <sourceDesc>
        <biblStruct>
          <analytic>
            <title>
              <title type="main">Fíkniefnabrot</title>
            </title>
            <date when="2013-03-13T08:00:00">13.03 2013 kl. 08:00:00</date>
          </analytic>
          <monogr>
            <title>Bylgjan</title>
            <imprint>
              <publisher>365 miðlar hf.</publisher>
              <pubPlace>Reykjavík</pubPlace>
            </imprint>
          </monogr>
        </biblStruct>
      </sourceDesc>
    </fileDesc>
    <encodingDesc>
      <projectDesc>
        <p xml:lang="is">Sjá lýsingu á verkefninu í rmh2Hdr.xml.</p>
        <p xml:lang="en">See description of project in rmh2Hdr.xml.</p>
      </projectDesc>
      <tagsDecl>
        <namespace name="http://www.tei-c.org/ns/1.0">
          <tagUsage gi="text" occurs="1"/>
          <tagUsage gi="body" occurs="1"/>
          <tagUsage gi="div1" occurs="1"/>
          <tagUsage gi="p" occurs="1"/>
          <tagUsage gi="s" occurs="7"/>
          <tagUsage gi="w" occurs="99"/>
          <tagUsage gi="c" occurs="7"/>
        </namespace>
      </tagsDecl>
    </encodingDesc>
    <profileDesc>
     <textClass>
      <keywords scheme="#RMH">
       <list>
        <item>Frétt – almennt</item>
       </list>
      </keywords>
     </textClass>
    </profileDesc>
  </teiHeader>
  <text>
    <body>
      <div1>
        <p n="1">
          <s n="1">
            <w lemma="lögregla" type="nveng">Lögreglan</w>
            <w lemma="uppræta" type="sfg3eþ">upprætti</w>
            <w lemma="kannabisræktun" type="nveo">kannabisræktun</w>
            <w lemma="í" type="af">í</w>
            <w lemma="íbúðarhúsnæði" type="nheþ">íbúðarhúsnæði</w>
            <w lemma="í" type="af">í</w>
            <w lemma="austurborg" type="nveþg">austurborginni</w>
            <w lemma="í" type="af">í</w>
            <w lemma="gærkvöld" type="nheþ">gærkvöldi</w>
            <w lemma="og" type="c">og</w>
            <w lemma="vera" type="sfg3eþ">var</w>
            <w lemma="ræktandi" type="nkeng">ræktandinn</w>
            <w lemma="standa" type="sþgken">staðinn</w>
            <w lemma="að" type="af">að</w>
            <w lemma="verk" type="nheþ">verki</w>
            <c type="pl">.</c>
          </s>
          <s n="2">
            <w lemma="lögregla" type="nven">Lögregla</w>
            <w lemma="leggja" type="sfg3eþ">lagði</w>
            <w lemma="hald" type="nheo">hald</w>
            <w lemma="á" type="af">á</w>
            <w lemma="planta" type="nvfog">plönturnar</w>
            <w lemma="og" type="c">og</w>
            <w lemma="telja" type="sfm3en">telst</w>
            <w lemma="mál" type="nheng">málið</w>
            <w lemma="upplýstur" type="lvensf">upplýst</w>
            <c type="pl">.</c>
          </s>
          <s n="3">
            <w lemma="lögregla" type="nven">Lögregla</w>
            <w lemma="gefa" type="sfg3en">gefur</w>
            <w lemma="ekki" type="aa">ekki</w>
            <w lemma="upp" type="aa">upp</w>
            <w lemma="hversu" type="aa">hversu</w>
            <w lemma="margur" type="lvfnsf">margar</w>
            <w lemma="planta" type="nvfn">plöntur</w>
            <w lemma="vera" type="sfg3fþ">voru</w>
            <w lemma="þarna" type="aa">þarna</w>
            <w lemma="í" type="af">í</w>
            <w lemma="ræktun" type="nveþ">ræktun</w>
            <c type="pl">.</c>
          </s>
          <s n="4">
            <w lemma="lögregla" type="nveng">Lögreglan</w>
            <w lemma="hafa" type="sfg3eþ">hafði</w>
            <w lemma="líka" type="aa">líka</w>
            <w lemma="afskipti" type="nhfo">afskipti</w>
            <w lemma="af" type="af">af</w>
            <w lemma="tveir" type="tfkfþ">tveimur</w>
            <w lemma="maður" type="nkfþ">mönnum</w>
            <w lemma="í" type="af">í</w>
            <w lemma="bíll" type="nkeþ">bíl</w>
            <w lemma="í" type="af">í</w>
            <w lemma="Hafnarfjörður" type="nkeþ-s">Hafnarfirði</w>
            <w lemma="í" type="af">í</w>
            <w lemma="nótt" type="nveþ">nótt</w>
            <w lemma="en" type="c">en</w>
            <w lemma="báðir" type="fokfn">báðir</w>
            <w lemma="vera" type="sfg3fþ">voru</w>
            <w lemma="gruna" type="sþgkfn">grunaðir</w>
            <w lemma="um" type="af">um</w>
            <w lemma="varsla" type="nveo">vörslu</w>
            <w lemma="og" type="c">og</w>
            <w lemma="neysla" type="nveo">neyslu</w>
            <w lemma="fíkniefni" type="nhfe">fíkniefna</w>
            <c type="pl">.</c>
          </s>
          <s n="5">
            <w lemma="ökumaður" type="nken">Ökumaður</w>
            <w lemma="bíll" type="nkeeg">bílsins</w>
            <w lemma="vera" type="sfg3eþ">var</w>
            <w lemma="svo" type="aa">svo</w>
            <w lemma="handtaka" type="sþgken">handtekinn</w>
            <w lemma="gruna" type="sþgken">grunaður</w>
            <w lemma="um" type="af">um</w>
            <w lemma="akstur" type="nkeo">akstur</w>
            <w lemma="undir" type="af">undir</w>
            <w lemma="áhrif" type="nhfþ">áhrifum</w>
            <w lemma="fíkniefni" type="nhfe">fíkniefna</w>
            <c type="pl">.</c>
          </s>
          <s n="6">
            <w lemma="lögregla" type="nveng">Lögreglan</w>
            <w lemma="á" type="af">á</w>
            <w lemma="Akureyri" type="nveþ-s">Akureyri</w>
            <w lemma="stöðva" type="sfg3eþ">stöðvaði</w>
            <w lemma="svo" type="aa">svo</w>
            <w lemma="ökumaður" type="nkeo">ökumann</w>
            <w lemma="í" type="af">í</w>
            <w lemma="Hörgárdalur" type="nkeþ-s">Hörgárdal</w>
            <w lemma="í" type="af">í</w>
            <w lemma="nótt" type="nveþ">nótt</w>
            <w lemma="eftir" type="af">eftir</w>
            <w lemma="að" type="c">að</w>
            <w lemma="bíll" type="nken">bíll</w>
            <w lemma="hann" type="fpkee">hans</w>
            <w lemma="hafa" type="sfg3eþ">hafði</w>
            <w lemma="mæla" type="sþmhen">mælst</w>
            <w lemma="á" type="af">á</w>
            <w lemma="134" type="ta">134</w>
            <w lemma="kílómetri" type="nkfe">kílómetra</w>
            <w lemma="hraði" type="nkeþ">hraða</w>
            <c type="pl">.</c>
          </s>
          <s n="7">
            <w lemma="ökumaður" type="nkeng">Ökumaðurinn</w>
            <w lemma="vera" type="sfg3eþ">var</w>
            <w lemma="undir" type="af">undir</w>
            <w lemma="áhrif" type="nhfþ">áhrifum</w>
            <w lemma="fíkniefni" type="nhfe">fíkniefna</w>
            <w lemma="og" type="c">og</w>
            <w lemma="farþegi" type="nken">farþegi</w>
            <w lemma="hann" type="fpkee">hans</w>
            <w lemma="að" type="af">að</w>
            <w lemma="líkindi" type="nhfþ">líkindum</w>
            <w lemma="líka" type="aa">líka</w>
            <c type="pl">.</c>
          </s>
        </p>
      </div1>
    </body>
  </text>
</TEI>
