<?xml version="1.0" encoding="utf-8"?>
<TEI xmlns="http://www.tei-c.org/ns/1.0">
  <teiHeader>
    <fileDesc>
      <titleStmt>
        <title>
          <title type="main">Ölvaður ökumaður</title>
        </title>
        <respStmt>
          <resp xml:lang="is">Söfnun og úrvinnsla texta</resp>
          <resp xml:lang="en">Collection and processing of text</resp>
          <name xml:lang="is">Stofnun Árna Magnússonar í íslenskum fræðum</name>
          <name xml:lang="en">The Arni Magnusson Institute for Icelandic Studies</name>
        </respStmt>
      </titleStmt>
      <editionStmt>
        <p xml:lang="is">Íslensk risamálheild (2019)</p>
        <p xml:lang="en">Tagged Icelandic Gigaword Corpus (2019)</p>
      </editionStmt>
      <publicationStmt>
        <distributor xml:lang="is">Stofnun Árna Magnússonar í íslenskum fræðum</distributor>
        <distributor xml:lang="en">The Arni Magnusson Institute for Icelandic Studies</distributor>
        <address>
          <addrLine xml:lang="is">Árnagarður við Suðurgötu, 107 Reykjavík, Íslandi</addrLine>
          <addrLine xml:lang="en">Árnagarður Suðurgata, 107 Reykjavik, Iceland</addrLine>
          <addrLine>
            <email>arnastofnun@arnastofnun.is</email>
          </addrLine>
        </address>
        <idno type="risam">G-25-2548048</idno>
        <availability>
          <p xml:lang="is">Þessi texti er til notkunar í málrannsóknum og máltækniverkefnum um allan heim með sérstöku leyfi, sjá rmh2Hdr.xml</p>
          <p xml:lang="en">This text is available for use in language research and language technology projects world wide with a special license, see rmh2Hdr.xml</p>
        </availability>
        <date>2020-05-26</date>
      </publicationStmt>
      <sourceDesc>
        <biblStruct>
          <analytic>
            <title>
              <title type="main">Ölvaður ökumaður</title>
            </title>
            <date when="2013-03-15T08:00:00">15.03 2013 kl. 08:00:00</date>
          </analytic>
          <monogr>
            <title>Bylgjan</title>
            <imprint>
              <publisher>365 miðlar hf.</publisher>
              <pubPlace>Reykjavík</pubPlace>
            </imprint>
          </monogr>
        </biblStruct>
      </sourceDesc>
    </fileDesc>
    <encodingDesc>
      <projectDesc>
        <p xml:lang="is">Sjá lýsingu á verkefninu í rmh2Hdr.xml.</p>
        <p xml:lang="en">See description of project in rmh2Hdr.xml.</p>
      </projectDesc>
      <tagsDecl>
        <namespace name="http://www.tei-c.org/ns/1.0">
          <tagUsage gi="text" occurs="1"/>
          <tagUsage gi="body" occurs="1"/>
          <tagUsage gi="div1" occurs="1"/>
          <tagUsage gi="p" occurs="1"/>
          <tagUsage gi="s" occurs="4"/>
          <tagUsage gi="w" occurs="60"/>
          <tagUsage gi="c" occurs="4"/>
        </namespace>
      </tagsDecl>
    </encodingDesc>
    <profileDesc>
     <textClass>
      <keywords scheme="#RMH">
       <list>
        <item>Frétt – almennt</item>
       </list>
      </keywords>
     </textClass>
    </profileDesc>
  </teiHeader>
  <text>
    <body>
      <div1>
        <p n="1">
          <s n="1">
            <w lemma="ölvaður" type="lkensf">Ölvaður</w>
            <w lemma="ökumaður" type="nken">ökumaður</w>
            <w lemma="aka" type="sfg3eþ">ók</w>
            <w lemma="utan" type="aa">utan</w>
            <w lemma="í" type="af">í</w>
            <w lemma="þrír" type="tfkfo">þrjá</w>
            <w lemma="kyrrstæður" type="lkfosf">kyrrstæða</w>
            <w lemma="bíll" type="nkfo">bíla</w>
            <w lemma="á" type="af">á</w>
            <w lemma="bílastæði" type="nheþ">bílastæði</w>
            <w lemma="við" type="af">við</w>
            <w lemma="Smáralind" type="nveo-s">Smáralind</w>
            <w lemma="í" type="af">í</w>
            <w lemma="Kópavogur" type="nkeþ-s">Kópavogi</w>
            <w lemma="í" type="af">í</w>
            <w lemma="gærkvöld" type="nheþ">gærkvöldi</w>
            <w lemma="og" type="c">og</w>
            <w lemma="stinga" type="sfg3eþ">stakk</w>
            <w lemma="af" type="aa">af</w>
            <c type="pl">.</c>
          </s>
          <s n="2">
            <w lemma="lögregla" type="nven">Lögregla</w>
            <w lemma="hafa" type="sfg3eþ">hafði</w>
            <w lemma="uppi" type="aa">uppi</w>
            <w lemma="á" type="af">á</w>
            <w lemma="hann" type="fpkeþ">honum</w>
            <w lemma="skammur" type="lheþsf">skömmu</w>
            <w lemma="síðar" type="aam">síðar</w>
            <w lemma="og" type="c">og</w>
            <w lemma="vera" type="sfg3en">er</w>
            <w lemma="hann" type="fpken">hann</w>
            <w lemma="vista" type="sþgken">vistaður</w>
            <w lemma="í" type="af">í</w>
            <w lemma="fangageymsla" type="nveþ">fangageymslu</w>
            <w lemma="þar" type="aa">þar</w>
            <w lemma="til" type="aa">til</w>
            <w lemma="af" type="af">af</w>
            <w lemma="hann" type="fpkeþ">honum</w>
            <w lemma="verða" type="sfg3en">verður</w>
            <w lemma="renna" type="sþghen">runnið</w>
            <c type="pl">.</c>
          </s>
          <s n="3">
            <w lemma="talsverður" type="lhensf">Talsvert</w>
            <w lemma="eignatjón" type="nhen">eignatjón</w>
            <w lemma="hljóta" type="sfm3eþ">hlaust</w>
            <w lemma="af" type="af">af</w>
            <w lemma="þessi" type="faheþ">þessu</w>
            <c type="pl">.</c>
          </s>
          <s n="4">
            <w lemma="annar" type="foken">Annar</w>
            <w lemma="ölvaður" type="lkensf">ölvaður</w>
            <w lemma="ökumaður" type="nken">ökumaður</w>
            <w lemma="og" type="c">og</w>
            <w lemma="einn" type="tfken">einn</w>
            <w lemma="undir" type="af">undir</w>
            <w lemma="áhrif" type="nhfþ">áhrifum</w>
            <w lemma="fíkniefni" type="nhfe">fíkniefna</w>
            <w lemma="vera" type="sfg3fþ">voru</w>
            <w lemma="líka" type="aa">líka</w>
            <w lemma="taka" type="sþgkfn">teknir</w>
            <w lemma="úr" type="af">úr</w>
            <w lemma="umferð" type="nveþ">umferð</w>
            <w lemma="á" type="af">á</w>
            <w lemma="höfuðborgarsvæði" type="nheþg">höfuðborgarsvæðinu</w>
            <w lemma="í" type="af">í</w>
            <w lemma="nótt" type="nveo">nótt</w>
            <c type="pl">.</c>
          </s>
        </p>
      </div1>
    </body>
  </text>
</TEI>
