<?xml version="1.0" encoding="utf-8"?>
<TEI xmlns="http://www.tei-c.org/ns/1.0">
  <teiHeader>
    <fileDesc>
      <titleStmt>
        <title>
          <title type="main">Fyrrum stjórnendur ákærðir</title>
        </title>
        <respStmt>
          <resp xml:lang="is">Söfnun og úrvinnsla texta</resp>
          <resp xml:lang="en">Collection and processing of text</resp>
          <name xml:lang="is">Stofnun Árna Magnússonar í íslenskum fræðum</name>
          <name xml:lang="en">The Arni Magnusson Institute for Icelandic Studies</name>
        </respStmt>
      </titleStmt>
      <editionStmt>
        <p xml:lang="is">Íslensk risamálheild (2019)</p>
        <p xml:lang="en">Tagged Icelandic Gigaword Corpus (2019)</p>
      </editionStmt>
      <publicationStmt>
        <distributor xml:lang="is">Stofnun Árna Magnússonar í íslenskum fræðum</distributor>
        <distributor xml:lang="en">The Arni Magnusson Institute for Icelandic Studies</distributor>
        <address>
          <addrLine xml:lang="is">Árnagarður við Suðurgötu, 107 Reykjavík, Íslandi</addrLine>
          <addrLine xml:lang="en">Árnagarður Suðurgata, 107 Reykjavik, Iceland</addrLine>
          <addrLine>
            <email>arnastofnun@arnastofnun.is</email>
          </addrLine>
        </address>
        <idno type="risam">G-25-2506076</idno>
        <availability>
          <p xml:lang="is">Þessi texti er til notkunar í málrannsóknum og máltækniverkefnum um allan heim með sérstöku leyfi, sjá rmh2Hdr.xml</p>
          <p xml:lang="en">This text is available for use in language research and language technology projects world wide with a special license, see rmh2Hdr.xml</p>
        </availability>
        <date>2020-05-26</date>
      </publicationStmt>
      <sourceDesc>
        <biblStruct>
          <analytic>
            <title>
              <title type="main">Fyrrum stjórnendur ákærðir</title>
            </title>
            <date when="2013-03-19T08:00:00">19.03 2013 kl. 08:00:00</date>
          </analytic>
          <monogr>
            <title>Bylgjan</title>
            <imprint>
              <publisher>365 miðlar hf.</publisher>
              <pubPlace>Reykjavík</pubPlace>
            </imprint>
          </monogr>
        </biblStruct>
      </sourceDesc>
    </fileDesc>
    <encodingDesc>
      <projectDesc>
        <p xml:lang="is">Sjá lýsingu á verkefninu í rmh2Hdr.xml.</p>
        <p xml:lang="en">See description of project in rmh2Hdr.xml.</p>
      </projectDesc>
      <tagsDecl>
        <namespace name="http://www.tei-c.org/ns/1.0">
          <tagUsage gi="text" occurs="1"/>
          <tagUsage gi="body" occurs="1"/>
          <tagUsage gi="div1" occurs="1"/>
          <tagUsage gi="p" occurs="1"/>
          <tagUsage gi="s" occurs="5"/>
          <tagUsage gi="w" occurs="84"/>
          <tagUsage gi="c" occurs="5"/>
        </namespace>
      </tagsDecl>
    </encodingDesc>
    <profileDesc>
     <textClass>
      <keywords scheme="#RMH">
       <list>
        <item>Frétt – almennt</item>
       </list>
      </keywords>
     </textClass>
    </profileDesc>
  </teiHeader>
  <text>
    <body>
      <div1>
        <p n="1">
          <s n="1">
            <w lemma="sérstakur" type="lkensf">Sérstakur</w>
            <w lemma="saksóknari" type="nken">saksóknari</w>
            <w lemma="hafa" type="sfg3en">hefur</w>
            <w lemma="ákæra" type="sþghen">ákært</w>
            <w lemma="fjórir" type="tfkfo">fjóra</w>
            <w lemma="af" type="af">af</w>
            <w lemma="fyrrverandi" type="lkfþof">fyrrverandi</w>
            <w lemma="æðri" type="lkfþve">æðstu</w>
            <w lemma="stjórnandi" type="nkfþ">stjórnendum</w>
            <w lemma="Kaupþing" type="nhee-s">Kaupþings</w>
            <w lemma="og" type="c">og</w>
            <w lemma="fimm" type="tfhfo">fimm</w>
            <w lemma="annar" type="fokfo">aðra</w>
            <w lemma="fyrir" type="af">fyrir</w>
            <w lemma="allsherjar" type="lveosf">allsherjar</w>
            <w lemma="markaðsmisnotkun" type="nveo">markaðsmisnotkun</w>
            <c type="pl">.</c>
          </s>
          <s n="2">
            <w lemma="þessi" type="fahen">Þetta</w>
            <w lemma="vera" type="sfg3en">er</w>
            <w lemma="stór" type="lhenve">stærsta</w>
            <w lemma="mál" type="nhen">mál</w>
            <w lemma="sinn" type="fevee">sinnar</w>
            <w lemma="tegund" type="nvee">tegundar</w>
            <w lemma="sem" type="ct">sem</w>
            <w lemma="ákæra" type="sþghen">ákært</w>
            <w lemma="hafa" type="sfg3en">hefur</w>
            <w lemma="vera" type="sþghen">verið</w>
            <w lemma="fyrir" type="aa">fyrir</w>
            <w lemma="í" type="af">í</w>
            <w lemma="heimur" type="nkeþg">heiminum</w>
            <w lemma="að" type="af">að</w>
            <w lemma="sögn" type="nveþ">sögn</w>
            <w lemma="Fréttablaðið" type="nheegs">Fréttablaðsins</w>
            <c type="pl">.</c>
          </s>
          <s n="3">
            <w lemma="um" type="af">Um</w>
            <w lemma="vera" type="sfg3en">er</w>
            <w lemma="að" type="cn">að</w>
            <w lemma="ræða" type="sng">ræða</w>
            <w lemma="fimm" type="tfhfo">fimm</w>
            <w lemma="markaðsmisnotkunarmál" type="nhfo">markaðsmisnotkunarmál</w>
            <w lemma="tengja" type="sþghfn">tengd</w>
            <w lemma="Kaupþing" type="nheþ-s">Kaupþingi</w>
            <w lemma="sem" type="ct">sem</w>
            <w lemma="vera" type="sfg3fn">eru</w>
            <w lemma="sameinaður" type="lhfnsf">sameinuð</w>
            <w lemma="í" type="af">í</w>
            <w lemma="einn" type="tfveo">eina</w>
            <w lemma="ákæra" type="nveo">ákæru</w>
            <c type="pl">.</c>
          </s>
          <s n="4">
            <w lemma="á" type="aa">Á</w>
            <w lemma="meðal" type="af">meðal</w>
            <w lemma="hún" type="fpvfe">þeirra</w>
            <w lemma="vera" type="sfg3fn">eru</w>
            <w lemma="kaup" type="nhfn">kaup</w>
            <w lemma="Kaupþing" type="nhee-s">Kaupþings</w>
            <w lemma="á" type="af">á</w>
            <w lemma="29%" type="tp">29%</w>
            <w lemma="af" type="af">af</w>
            <w lemma="allur" type="foheþ">öllu</w>
            <w lemma="útgefinn" type="lheþsf">útgefnu</w>
            <w lemma="hlutafé" type="nheþ">hlutafé</w>
            <w lemma="í" type="af">í</w>
            <w lemma="sjálfur" type="fbheþ">sjálfu</w>
            <w lemma="sig" type="fpheþ">sér</w>
            <w lemma="á" type="af">á</w>
            <w lemma="ár" type="nhfþg">árunum</w>
            <w lemma="2005" type="ta">2005</w>
            <w lemma="-" type="m">-</w>
            <w lemma="8" type="ta">8</w>
            <c type="pl">.</c>
          </s>
          <s n="5">
            <w lemma="rökstuddur" type="lkensf">Rökstuddur</w>
            <w lemma="grunur" type="nken">grunur</w>
            <w lemma="vera" type="sfg3en">er</w>
            <w lemma="um" type="af">um</w>
            <w lemma="að" type="c">að</w>
            <w lemma="þessi" type="fahfn">þessi</w>
            <w lemma="viðskipti" type="nhfn">viðskipti</w>
            <w lemma="hafa" type="svg3fn">hafi</w>
            <w lemma="vera" type="sþghen">verið</w>
            <w lemma="stunda" type="sþghfn">stunduð</w>
            <w lemma="til" type="af">til</w>
            <w lemma="að" type="cn">að</w>
            <w lemma="halda" type="sng">halda</w>
            <w lemma="uppi" type="aa">uppi</w>
            <w lemma="verð" type="nheþ">verði</w>
            <w lemma="hlutabréf" type="nhfe">hlutabréfa</w>
            <w lemma="í" type="af">í</w>
            <w lemma="banki" type="nkeþg">bankanum</w>
            <c type="pl">.</c>
          </s>
        </p>
      </div1>
    </body>
  </text>
</TEI>
