<?xml version="1.0" encoding="utf-8"?>
<TEI xmlns="http://www.tei-c.org/ns/1.0">
  <teiHeader>
    <fileDesc>
      <titleStmt>
        <title>
          <title type="main">Ræðukóngur Alþingis</title>
        </title>
        <respStmt>
          <resp xml:lang="is">Söfnun og úrvinnsla texta</resp>
          <resp xml:lang="en">Collection and processing of text</resp>
          <name xml:lang="is">Stofnun Árna Magnússonar í íslenskum fræðum</name>
          <name xml:lang="en">The Arni Magnusson Institute for Icelandic Studies</name>
        </respStmt>
      </titleStmt>
      <editionStmt>
        <p xml:lang="is">Íslensk risamálheild (2019)</p>
        <p xml:lang="en">Tagged Icelandic Gigaword Corpus (2019)</p>
      </editionStmt>
      <publicationStmt>
        <distributor xml:lang="is">Stofnun Árna Magnússonar í íslenskum fræðum</distributor>
        <distributor xml:lang="en">The Arni Magnusson Institute for Icelandic Studies</distributor>
        <address>
          <addrLine xml:lang="is">Árnagarður við Suðurgötu, 107 Reykjavík, Íslandi</addrLine>
          <addrLine xml:lang="en">Árnagarður Suðurgata, 107 Reykjavik, Iceland</addrLine>
          <addrLine>
            <email>arnastofnun@arnastofnun.is</email>
          </addrLine>
        </address>
        <idno type="risam">G-25-2547493</idno>
        <availability>
          <p xml:lang="is">Þessi texti er til notkunar í málrannsóknum og máltækniverkefnum um allan heim með sérstöku leyfi, sjá rmh2Hdr.xml</p>
          <p xml:lang="en">This text is available for use in language research and language technology projects world wide with a special license, see rmh2Hdr.xml</p>
        </availability>
        <date>2020-05-26</date>
      </publicationStmt>
      <sourceDesc>
        <biblStruct>
          <analytic>
            <title>
              <title type="main">Ræðukóngur Alþingis</title>
            </title>
            <date when="2013-03-30T12:00:00">30.03 2013 kl. 12:00:00</date>
          </analytic>
          <monogr>
            <title>Bylgjan</title>
            <imprint>
              <publisher>365 miðlar hf.</publisher>
              <pubPlace>Reykjavík</pubPlace>
            </imprint>
          </monogr>
        </biblStruct>
      </sourceDesc>
    </fileDesc>
    <encodingDesc>
      <projectDesc>
        <p xml:lang="is">Sjá lýsingu á verkefninu í rmh2Hdr.xml.</p>
        <p xml:lang="en">See description of project in rmh2Hdr.xml.</p>
      </projectDesc>
      <tagsDecl>
        <namespace name="http://www.tei-c.org/ns/1.0">
          <tagUsage gi="text" occurs="1"/>
          <tagUsage gi="body" occurs="1"/>
          <tagUsage gi="div1" occurs="1"/>
          <tagUsage gi="p" occurs="10"/>
          <tagUsage gi="s" occurs="20"/>
          <tagUsage gi="w" occurs="346"/>
          <tagUsage gi="c" occurs="45"/>
        </namespace>
      </tagsDecl>
    </encodingDesc>
    <profileDesc>
     <textClass>
      <keywords scheme="#RMH">
       <list>
        <item>Frétt – almennt</item>
       </list>
      </keywords>
     </textClass>
    </profileDesc>
  </teiHeader>
  <text>
    <body>
      <div1>
        <p n="1">
          <s n="1">
            <w lemma="ræðukóngur" type="nken">Ræðukóngur</w>
            <w lemma="Alþingi" type="nhee-s">Alþingis</w>
            <w lemma="á" type="af">á</w>
            <w lemma="nýlokinn" type="lheþsf">nýloknu</w>
            <w lemma="þing" type="nheþ">þingi</w>
            <w lemma="vera" type="sfg3en">er</w>
            <w lemma="Ásbjörn" type="nken-s">Ásbjörn</w>
            <w lemma="Óttarsson" type="nken-s">Óttarsson</w>
            <c type="pk">,</c>
            <w lemma="þingmaður" type="nken">þingmaður</w>
            <w lemma="Sjálfstæðisflokkur" type="nkeegs">Sjálfstæðisflokksins</w>
            <c type="pl">.</c>
          </s>
          <s n="2">
            <w lemma="hann" type="fpken">Hann</w>
            <w lemma="tala" type="sfg3eþ">talaði</w>
            <w lemma="í" type="af">í</w>
            <w lemma="rúmur" type="lvfosf">rúmar</w>
            <w lemma="19" type="ta">19</w>
            <w lemma="klukkustund" type="nvfo">klukkustundir</w>
            <w lemma="og" type="c">og</w>
            <w lemma="taka" type="sfg3en">tekur</w>
            <w lemma="þar" type="aa">þar</w>
            <w lemma="með" type="aa">með</w>
            <w lemma="við" type="aa">við</w>
            <w lemma="titill" type="nkeþg">titlinum</w>
            <w lemma="af" type="af">af</w>
            <w lemma="Flokksfélaga" type="nheþ-s">flokksfélaga</w>
            <w lemma="sinn" type="fekeþ">sínum</w>
            <c type="pk">,</c>
            <w lemma="Pétur" type="nkeþ-s">Pétri</w>
            <w lemma="Blöndalur" type="nkeþ-s">Blöndal</w>
            <c type="pk">,</c>
            <w lemma="sem" type="ct">sem</w>
            <w lemma="hafa" type="sfg3en">hefur</w>
            <w lemma="vera" type="sþghen">verið</w>
            <w lemma="ræðukóngur" type="nken">ræðukóngur</w>
            <w lemma="síðari" type="lhfove">síðustu</w>
            <w lemma="fimm" type="tfhfo">fimm</w>
            <w lemma="ár" type="nhfo">ár</w>
            <c type="pl">.</c>
          </s>
        </p>
        <p n="2">
          <s n="1">
            <w lemma="Ásbjörn" type="nken-s">Ásbjörn</w>
            <w lemma="halda" type="sfg3eþ">hélt</w>
            <w lemma="111" type="ta">111</w>
            <w lemma="ræða" type="nvfo">ræður</w>
            <w lemma="sem" type="ct">sem</w>
            <w lemma="vera" type="sfg3fþ">voru</w>
            <w lemma="að" type="af">að</w>
            <w lemma="meðaltal" type="nheþ">meðaltali</w>
            <w lemma="rúma" type="sfg3en">rúmar</w>
            <w lemma="tíu" type="tfvfn">tíu</w>
            <w lemma="mínúta" type="nvfn">mínútur</w>
            <w lemma="hver" type="foken">hver</w>
            <w lemma="og" type="c">og</w>
            <w lemma="gera" type="sfg3eþ">gerði</w>
            <w lemma="300" type="ta">300</w>
            <w lemma="athugasemd" type="nvfo">athugasemdir</w>
            <w lemma="sem" type="ct">sem</w>
            <w lemma="telja" type="sfg3fþ">töldu</w>
            <w lemma="546" type="ta">546</w>
            <w lemma="mínúta" type="nvfo">mínútur</w>
            <w lemma="samtals" type="aa">samtals</w>
            <c type="pl">.</c>
          </s>
          <s n="2">
            <w lemma="alls" type="aa">Alls</w>
            <w lemma="gera" type="sfg3fþ">gerðu</w>
            <w lemma="þessi" type="faheo">þetta</w>
            <w lemma="19" type="ta">19</w>
            <w lemma="klukkustund" type="nvfo">klukkustundir</w>
            <w lemma="í" type="af">í</w>
            <w lemma="ræðustóll" type="nkeþ">ræðustól</w>
            <w lemma="Alþingi" type="nhee-s">Alþingis</w>
            <c type="pl">.</c>
          </s>
          <s n="3">
            <w lemma="frá" type="af">Frá</w>
            <w lemma="þessi" type="faheþ">þessu</w>
            <w lemma="segja" type="sfg3en">segir</w>
            <w lemma="í" type="af">í</w>
            <w lemma="Morgunblaðið" type="nheþgs">Morgunblaðinu</w>
            <w lemma="í" type="af">í</w>
            <w lemma="dagur" type="nkeo">dag</w>
            <c type="pl">.</c>
          </s>
          <s n="4">
            <w lemma="Ásbjörn" type="nken-s">Ásbjörn</w>
            <w lemma="segja" type="sfg3en">segir</w>
            <w lemma="það" type="fpheo">það</w>
            <w lemma="skipta" type="sfg3eþ">skipti</w>
            <w lemma="ekki" type="aa">ekki</w>
            <w lemma="allur" type="foheþ">öllu</w>
            <w lemma="mál" type="nheþ">máli</w>
            <w lemma="hver" type="fsken">hver</w>
            <w lemma="tala" type="svg3en">tali</w>
            <w lemma="mjög" type="aae">mest</w>
            <w lemma="eða" type="c">eða</w>
            <w lemma="minna" type="sþmhen">minnst</w>
            <c type="pl">.</c>
          </s>
        </p>
        <p n="3">
          <s n="1">
            <w lemma="Ásbjörn" type="nken-s">Ásbjörn</w>
            <w lemma="Óttarsson" type="nken-s">Óttarsson</w>
            <c type="pk">,</c>
            <w lemma="þingmaður" type="nken">þingmaður</w>
            <w lemma="Sjálfstæðisflokkur" type="nkeegs">Sjálfstæðisflokksins</w>
            <c type="pa">:</c>
            <w lemma="þessi" type="fahen">Þetta</w>
            <w lemma="vera" type="sfg3fþ">voru</w>
            <w lemma="náttúrlega" type="aa">náttúrlega</w>
            <w lemma="margur" type="lhfnsf">mörg</w>
            <w lemma="mál" type="nhfn">mál</w>
            <w lemma="sem" type="ct">sem</w>
            <w lemma="maður" type="nken">maður</w>
            <w lemma="taka" type="sfg3eþ">tók</w>
            <w lemma="þáttur" type="nkeo">þátt</w>
            <w lemma="í" type="af">í</w>
            <w lemma="þarna" type="aa">þarna</w>
            <w lemma="sem" type="c">sem</w>
            <w lemma="að" type="c">að</w>
            <w lemma="vera" type="sfg3fþ">voru</w>
            <w lemma="stór" type="lhfnsf">stór</w>
            <w lemma="og" type="c">og</w>
            <w lemma="mikill" type="lhfnsf">mikil</w>
            <c type="pl">.</c>
          </s>
        </p>
        <p n="4">
          <s n="1">
            <w lemma="Ásbjörn" type="nken-s">Ásbjörn</w>
            <w lemma="segja" type="sfg3en">segir</w>
            <w lemma="að" type="c">að</w>
            <w lemma="annar" type="fokfn">aðrir</w>
            <w lemma="verða" type="svg3fn">verði</w>
            <w lemma="að" type="cn">að</w>
            <w lemma="dæma" type="sng">dæma</w>
            <w lemma="um" type="af">um</w>
            <w lemma="hvort" type="c">hvort</w>
            <w lemma="hann" type="fpken">hann</w>
            <w lemma="hafa" type="svg3en">hafi</w>
            <w lemma="vera" type="sþghen">verið</w>
            <w lemma="málefnalegur" type="lkensf">málefnalegur</w>
            <c type="pk">,</c>
            <w lemma="en" type="c">en</w>
            <w lemma="hann" type="fpken">hann</w>
            <w lemma="hafa" type="svg3en">hafi</w>
            <w lemma="það" type="fpheo">það</w>
            <w lemma="að" type="af">að</w>
            <w lemma="markmið" type="nheþ">markmiði</w>
            <w lemma="að" type="cn">að</w>
            <w lemma="reyna" type="sng">reyna</w>
            <w lemma="það" type="fpheo">það</w>
            <c type="pl">.</c>
          </s>
          <s n="2">
            <w lemma="en" type="c">En</w>
            <w lemma="hver" type="fshee">hvers</w>
            <w lemma="vegna" type="af">vegna</w>
            <w lemma="tala" type="sfg3eþ">talaði</w>
            <w lemma="hann" type="fpken">hann</w>
            <w lemma="svona" type="aa">svona</w>
            <w lemma="mikið" type="aa">mikið</w>
            <c type="pl">?</c>
          </s>
        </p>
        <p n="5">
          <s n="1">
            <w lemma="Ásbjörn" type="nken-s">Ásbjörn</w>
            <w lemma="Óttarsson" type="nken-s">Óttarsson</w>
            <c type="pa">:</c>
            <w lemma="ég" type="fp1en">Ég</w>
            <w lemma="vita" type="sfg1en">veit</w>
            <w lemma="það" type="fpheo">það</w>
            <w lemma="nú" type="aa">nú</w>
            <w lemma="svo" type="aa">svo</w>
            <w lemma="sem" type="aa">sem</w>
            <w lemma="ekki" type="aa">ekki</w>
            <w lemma="alveg" type="aa">alveg</w>
            <c type="pl">.</c>
          </s>
          <s n="2">
            <w lemma="ég" type="fp1en">Ég</w>
            <w lemma="halda" type="sfg1en">held</w>
            <w lemma="það" type="fphen">það</w>
            <w lemma="vera" type="svg3en">sé</w>
            <w lemma="nú" type="aa">nú</w>
            <c type="pk">,</c>
            <w lemma="maður" type="nken">maður</w>
            <c type="pk">,</c>
            <w lemma="að" type="af">að</w>
            <w lemma="lítill" type="lkeþve">minnsta</w>
            <w lemma="kostur" type="nkeþ">kosti</w>
            <w lemma="vera" type="sfg3en">er</w>
            <w lemma="maður" type="nken">maður</w>
            <w lemma="mikill" type="lhensf">mikið</w>
            <w lemma="niðri" type="aa">niðri</w>
            <w lemma="í" type="af">í</w>
            <w lemma="þing" type="nheþ">þingi</w>
            <w lemma="þegar" type="c">þegar</w>
            <w lemma="að" type="c">að</w>
            <w lemma="þing" type="nheng">þingið</w>
            <w lemma="vera" type="sfg3en">er</w>
            <w lemma="að" type="af">að</w>
            <w lemma="starf" type="nhfþ">störfum</w>
            <w lemma="þannig" type="aa">þannig</w>
            <w lemma="að" type="c">að</w>
            <c type="pk">,</c>
            <w lemma="og" type="c">og</w>
            <w lemma="taka" type="sfg3en">tekur</w>
            <w lemma="þáttur" type="nkeo">þátt</w>
            <w lemma="í" type="af">í</w>
            <w lemma="sá" type="faheþ">því</w>
            <w lemma="sem" type="ct">sem</w>
            <w lemma="maður" type="nken">maður</w>
            <w lemma="svona" type="aa">svona</w>
            <w lemma="vilja" type="sfg3en">vill</w>
            <w lemma="taka" type="sng">taka</w>
            <w lemma="þáttur" type="nkeo">þátt</w>
            <w lemma="í" type="aa">í</w>
            <c type="pl">.</c>
          </s>
          <s n="3">
            <w lemma="ég" type="fp1en">Ég</w>
            <w lemma="halda" type="sfg1en">held</w>
            <w lemma="það" type="fphen">það</w>
            <w lemma="vera" type="svg3en">sé</w>
            <w lemma="nú" type="aa">nú</w>
            <w lemma="snemma" type="aae">fyrst</w>
            <w lemma="og" type="c">og</w>
            <w lemma="frammi" type="aae">fremst</w>
            <w lemma="útaf" type="af">útaf</w>
            <w lemma="það" type="fpheþ">því</w>
            <w lemma="náttúrlega" type="aa">náttúrlega</w>
            <c type="pl">.</c>
          </s>
          <s n="4">
            <w lemma="maður" type="nkfn">Menn</w>
            <w lemma="tala" type="sfg3fn">tala</w>
            <w lemma="ekki" type="aa">ekki</w>
            <w lemma="ef" type="c">ef</w>
            <w lemma="hann" type="fpkfn">þeir</w>
            <w lemma="vera" type="sfg3fn">eru</w>
            <w lemma="ekki" type="aa">ekki</w>
            <w lemma="á" type="af">á</w>
            <w lemma="staður" type="nkeþg">staðnum</w>
            <c type="pl">.</c>
          </s>
        </p>
        <p n="6">
          <s n="1">
            <w lemma="mikill" type="lkenve">Mesti</w>
            <w lemma="ræðutími" type="nken">ræðutími</w>
            <w lemma="Ásbjörn" type="nkee-s">Ásbjörns</w>
            <w lemma="fara" type="sfg3eþ">fór</w>
            <w lemma="í" type="af">í</w>
            <w lemma="annar" type="lveosf">aðra</w>
            <w lemma="umræða" type="nveo">umræðu</w>
            <w lemma="fjárlög" type="nhfe">fjárlaga</w>
            <c type="pl">.</c>
          </s>
        </p>
        <p n="7">
          <s n="1">
            <w lemma="Ásbjörn" type="nken-s">Ásbjörn</w>
            <w lemma="Óttarsson" type="nken-s">Óttarsson</w>
            <c type="pa">:</c>
            <w lemma="ég" type="fp1eþ">Mér</w>
            <w lemma="finna" type="sfm3eþ">fannst</w>
            <w lemma="nú" type="aa">nú</w>
            <w lemma="fullur" type="lvensf">full</w>
            <w lemma="ástæða" type="nven">ástæða</w>
            <w lemma="til" type="af">til</w>
            <w lemma="það" type="fphee">þess</w>
            <w lemma="að" type="c">að</w>
            <c type="pk">,</c>
            <w lemma="að" type="cn">að</w>
            <w lemma="vekja" type="sng">vekja</w>
            <w lemma="athygli" type="nveo">athygli</w>
            <w lemma="á" type="af">á</w>
            <w lemma="það" type="fpheþ">því</w>
            <w lemma="sem" type="ct">sem</w>
            <w lemma="að" type="c">að</w>
            <w lemma="þar" type="aa">þar</w>
            <w lemma="vera" type="sfg3en">er</w>
            <c type="pk">,</c>
            <w lemma="bara" type="aa">bara</w>
            <w lemma="vegna" type="af">vegna</w>
            <w lemma="skuldastaða" type="nvee">skuldastöðu</w>
            <w lemma="ríkissjóður" type="nkee">ríkissjóðs</w>
            <c type="pl">.</c>
          </s>
          <s n="2">
            <w lemma="það" type="fphen">Það</w>
            <w lemma="vera" type="sfg3en">er</w>
            <w lemma="nú" type="aa">nú</w>
            <w lemma="sá" type="fahen">það</w>
            <w lemma="sem" type="ct">sem</w>
            <w lemma="maður" type="nken">maður</w>
            <w lemma="vera" type="sfg3eþ">var</w>
            <w lemma="að" type="cn">að</w>
            <w lemma="benda" type="sng">benda</w>
            <w lemma="á" type="aa">á</w>
            <w lemma="og" type="c">og</w>
            <c type="pk">,</c>
            <w lemma="og" type="c">og</w>
            <w lemma="margur" type="lhensf">margt</w>
            <w lemma="sem" type="ct">sem</w>
            <w lemma="maður" type="nken">maður</w>
            <w lemma="vera" type="sfg3eþ">var</w>
            <w lemma="að" type="cn">að</w>
            <w lemma="benda" type="sng">benda</w>
            <w lemma="á" type="aa">á</w>
            <w lemma="einmitt" type="aa">einmitt</w>
            <w lemma="í" type="af">í</w>
            <w lemma="sá" type="faveþ">þeirri</w>
            <w lemma="umræða" type="nveþ">umræðu</w>
            <w lemma="vera" type="sfg3eþ">var</w>
            <w lemma="að" type="c">að</w>
            <w lemma="ég" type="fp1fn">við</w>
            <c type="pk">,</c>
            <w lemma="vera" type="sfg3en">er</w>
            <w lemma="einmitt" type="aa">einmitt</w>
            <w lemma="koma" type="sþghen">komið</w>
            <w lemma="í" type="af">í</w>
            <w lemma="ljós" type="nheo">ljós</w>
            <w lemma="núna" type="aa">núna</w>
            <c type="pl">.</c>
          </s>
        </p>
        <p n="8">
          <s n="1">
            <w lemma="Ingveldur" type="nven-s">Ingveldur</w>
            <w lemma="Geirsdóttir" type="nven-s">Geirsdóttir</w>
            <c type="pa">:</c>
            <w lemma="halda" type="sfg2en">Heldurðu</w>
            <w lemma="að" type="af">að</w>
            <w lemma="þinn" type="fevfo">þínar</w>
            <w lemma="ræða" type="nvfo">ræður</w>
            <w lemma="og" type="c">og</w>
            <w lemma="þinn" type="fevfn">þínar</w>
            <w lemma="athugasemd" type="nvfo">athugasemdir</w>
            <w lemma="hafa" type="svg3fn">hafi</w>
            <w lemma="skila" type="sþghen">skilað</w>
            <w lemma="einhver" type="fokeþ">einhverjum</w>
            <w lemma="árangur" type="nkeþ">árangri</w>
            <c type="pl">?</c>
          </s>
        </p>
        <p n="9">
          <s n="1">
            <w lemma="Ásbjörn" type="nken-s">Ásbjörn</w>
            <w lemma="Óttarsson" type="nken-s">Óttarsson</w>
            <c type="pa">:</c>
            <w lemma="ég" type="fp1en">Ég</w>
            <w lemma="vita" type="sfg1en">veit</w>
            <w lemma="það" type="fpheo">það</w>
            <w lemma="ekki" type="aa">ekki</w>
            <w lemma="alveg" type="aa">alveg</w>
            <w lemma="en" type="c">en</w>
            <c type="pk">,</c>
            <w lemma="en" type="c">en</w>
            <w lemma="kannski" type="aa">kannski</w>
            <w lemma="að" type="c">að</w>
            <w lemma="það" type="fphen">það</w>
            <w lemma="skila" type="svg3en">skili</w>
            <w lemma="því" type="aa">því</w>
            <w lemma="inn" type="aa">inn</w>
            <w lemma="í" type="af">í</w>
            <w lemma="framtíð" type="nveog">framtíðina</w>
            <w lemma="að" type="c">að</w>
            <w lemma="maður" type="nkfn">menn</w>
            <w lemma="sjá" type="svg3en">sjái</w>
            <w lemma="sá" type="faheo">það</w>
            <w lemma="sem" type="ct">sem</w>
            <w lemma="vera" type="sfg3eþ">var</w>
            <w lemma="vera" type="sþghen">verið</w>
            <w lemma="að" type="cn">að</w>
            <w lemma="segja" type="sng">segja</w>
            <w lemma="og" type="c">og</w>
            <w lemma="vara" type="sng">vara</w>
            <w lemma="við" type="aa">við</w>
            <w lemma="í" type="af">í</w>
            <w lemma="þessi" type="faveþ">þessari</w>
            <w lemma="umræða" type="nveþ">umræðu</w>
            <w lemma="að" type="c">að</w>
            <w lemma="það" type="fphen">það</w>
            <w lemma="vera" type="sfg3en">er</w>
            <w lemma="margur" type="lhensf">margt</w>
            <w lemma="sem" type="ct">sem</w>
            <w lemma="að" type="aa">að</w>
            <w lemma="munu" type="sfg3en">mun</w>
            <w lemma="reyna" type="snm">reynast</w>
            <w lemma="þannig" type="aa">þannig</w>
            <c type="pk">,</c>
            <w lemma="það" type="fpheþ">því</w>
            <w lemma="lítt" type="aam">miður</w>
            <c type="pl">.</c>
          </s>
        </p>
        <p n="10">
          <s n="1">
            <w lemma="Einar" type="nken-s">Einar</w>
            <w lemma="K." type="ks">K.</w>
            <w lemma="Guðfinnsson" type="nken-s">Guðfinnsson</w>
            <c type="pk">,</c>
            <w lemma="þingmaður" type="nken">þingmaður</w>
            <w lemma="Sjálfstæðisflokkur" type="nkeegs">Sjálfstæðisflokksins</w>
            <c type="pk">,</c>
            <w lemma="talaðia" type="nven">talaðia</w>
            <w lemma="næstlengst" type="nvee">næstlengst</w>
            <w lemma="og" type="c">og</w>
            <w lemma="pétur" type="nken">pétur</w>
            <w lemma="Blöndal" type="nkee-s">Blöndal</w>
            <c type="pk">,</c>
            <w lemma="samflokksmaður" type="nken">samflokksmaður</w>
            <w lemma="hann" type="fpkee">hans</w>
            <c type="pk">,</c>
            <w lemma="lenda" type="sfg3eþ">lenti</w>
            <w lemma="það" type="fpheþ">því</w>
            <w lemma="í" type="af">í</w>
            <w lemma="þriðji" type="lheþvf">þriðja</w>
            <w lemma="sæti" type="nheþ">sæti</w>
            <c type="pl">.</c>
          </s>
          <s n="2">
            <w lemma="Þráinn" type="nken-s">Þráinn</w>
            <w lemma="Bertelsson" type="nken-s">Bertelsson</w>
            <c type="pk">,</c>
            <w lemma="þingmaður" type="nken">þingmaður</w>
            <w lemma="Vinstri-grænn" type="lkfesf">Vinstri-grænna</w>
            <c type="pk">,</c>
            <w lemma="tala" type="sfg3eþ">talaði</w>
            <w lemma="lítið" type="aae">minnst</w>
            <w lemma="en" type="c">en</w>
            <w lemma="samanlagður" type="lkensf">samanlagður</w>
            <w lemma="ræðutími" type="nken">ræðutími</w>
            <w lemma="hann" type="fpkee">hans</w>
            <w lemma="ná" type="sfg3en">nær</w>
            <w lemma="ekki" type="aa">ekki</w>
            <w lemma="klukkustund" type="nveþ">klukkustund</w>
            <c type="pl">.</c>
          </s>
        </p>
      </div1>
    </body>
  </text>
</TEI>
