<?xml version="1.0" encoding="utf-8"?>
<TEI xmlns="http://www.tei-c.org/ns/1.0">
  <teiHeader>
    <fileDesc>
      <titleStmt>
        <title>
          <title type="main">Danmörk - Kjötbollur aftur til sölu í Ikea</title>
        </title>
        <respStmt>
          <resp xml:lang="is">Söfnun og úrvinnsla texta</resp>
          <resp xml:lang="en">Collection and processing of text</resp>
          <name xml:lang="is">Stofnun Árna Magnússonar í íslenskum fræðum</name>
          <name xml:lang="en">The Arni Magnusson Institute for Icelandic Studies</name>
        </respStmt>
      </titleStmt>
      <editionStmt>
        <p xml:lang="is">Íslensk risamálheild (2019)</p>
        <p xml:lang="en">Tagged Icelandic Gigaword Corpus (2019)</p>
      </editionStmt>
      <publicationStmt>
        <distributor xml:lang="is">Stofnun Árna Magnússonar í íslenskum fræðum</distributor>
        <distributor xml:lang="en">The Arni Magnusson Institute for Icelandic Studies</distributor>
        <address>
          <addrLine xml:lang="is">Árnagarður við Suðurgötu, 107 Reykjavík, Íslandi</addrLine>
          <addrLine xml:lang="en">Árnagarður Suðurgata, 107 Reykjavik, Iceland</addrLine>
          <addrLine>
            <email>arnastofnun@arnastofnun.is</email>
          </addrLine>
        </address>
        <idno type="risam">G-25-2541690</idno>
        <availability>
          <p xml:lang="is">Þessi texti er til notkunar í málrannsóknum og máltækniverkefnum um allan heim með sérstöku leyfi, sjá rmh2Hdr.xml</p>
          <p xml:lang="en">This text is available for use in language research and language technology projects world wide with a special license, see rmh2Hdr.xml</p>
        </availability>
        <date>2020-05-26</date>
      </publicationStmt>
      <sourceDesc>
        <biblStruct>
          <analytic>
            <title>
              <title type="main">Danmörk - Kjötbollur aftur til sölu í Ikea</title>
            </title>
            <date when="2013-03-22T08:00:00">22.03 2013 kl. 08:00:00</date>
          </analytic>
          <monogr>
            <title>Bylgjan</title>
            <imprint>
              <publisher>365 miðlar hf.</publisher>
              <pubPlace>Reykjavík</pubPlace>
            </imprint>
          </monogr>
        </biblStruct>
      </sourceDesc>
    </fileDesc>
    <encodingDesc>
      <projectDesc>
        <p xml:lang="is">Sjá lýsingu á verkefninu í rmh2Hdr.xml.</p>
        <p xml:lang="en">See description of project in rmh2Hdr.xml.</p>
      </projectDesc>
      <tagsDecl>
        <namespace name="http://www.tei-c.org/ns/1.0">
          <tagUsage gi="text" occurs="1"/>
          <tagUsage gi="body" occurs="1"/>
          <tagUsage gi="div1" occurs="1"/>
          <tagUsage gi="p" occurs="1"/>
          <tagUsage gi="s" occurs="1"/>
          <tagUsage gi="w" occurs="26"/>
          <tagUsage gi="c" occurs="1"/>
        </namespace>
      </tagsDecl>
    </encodingDesc>
    <profileDesc>
     <textClass>
      <keywords scheme="#RMH">
       <list>
        <item>Frétt – almennt</item>
       </list>
      </keywords>
     </textClass>
    </profileDesc>
  </teiHeader>
  <text>
    <body>
      <div1>
        <p n="1">
          <s n="1">
            <w lemma="hinn" type="gvfn">Hinar</w>
            <w lemma="vinsæll" type="lkfnvf">vinsælu</w>
            <w lemma="Ikea-kjötbollur" type="nkfn-s">Ikea-kjötbollur</w>
            <w lemma="vera" type="sfg3fn">eru</w>
            <w lemma="aftur" type="aa">aftur</w>
            <w lemma="til" type="af">til</w>
            <w lemma="sala" type="nvee">sölu</w>
            <w lemma="í" type="af">í</w>
            <w lemma="Danmörk" type="nveþ-s">Danmörku</w>
            <w lemma="og" type="c">og</w>
            <w lemma="margur" type="lhfþvm">fleiri</w>
            <w lemma="Evrópuland" type="nhfþ-s">Evrópulöndum</w>
            <w lemma="eftir" type="af">eftir</w>
            <w lemma="mikill" type="lheovm">meira</w>
            <w lemma="en" type="c">en</w>
            <w lemma="mánaðarhlé" type="nken">mánaðarhlé</w>
            <w lemma="í" type="af">í</w>
            <w lemma="kjölfar" type="nheo">kjölfar</w>
            <w lemma="hrossakjöthneyksli" type="nheeg">hrossakjöthneykslisins</w>
            <w lemma="sem" type="ct">sem</w>
            <w lemma="skekja" type="sfg3eþ">skók</w>
            <w lemma="margur" type="lhfose">flest</w>
            <w lemma="Evrópulönd" type="nveo-s">Evrópulönd</w>
            <w lemma="snemma" type="aam">fyrr</w>
            <w lemma="í" type="af">í</w>
            <w lemma="vetur" type="nkeo">vetur</w>
            <c type="pl">.</c>
          </s>
        </p>
      </div1>
    </body>
  </text>
</TEI>
