<?xml version="1.0" encoding="utf-8"?>
<TEI xmlns="http://www.tei-c.org/ns/1.0">
  <teiHeader>
    <fileDesc>
      <titleStmt>
        <title>
          <title type="main">Frestaði heimildum til sinuelda</title>
        </title>
        <respStmt>
          <resp xml:lang="is">Söfnun og úrvinnsla texta</resp>
          <resp xml:lang="en">Collection and processing of text</resp>
          <name xml:lang="is">Stofnun Árna Magnússonar í íslenskum fræðum</name>
          <name xml:lang="en">The Arni Magnusson Institute for Icelandic Studies</name>
        </respStmt>
      </titleStmt>
      <editionStmt>
        <p xml:lang="is">Íslensk risamálheild (2019)</p>
        <p xml:lang="en">Tagged Icelandic Gigaword Corpus (2019)</p>
      </editionStmt>
      <publicationStmt>
        <distributor xml:lang="is">Stofnun Árna Magnússonar í íslenskum fræðum</distributor>
        <distributor xml:lang="en">The Arni Magnusson Institute for Icelandic Studies</distributor>
        <address>
          <addrLine xml:lang="is">Árnagarður við Suðurgötu, 107 Reykjavík, Íslandi</addrLine>
          <addrLine xml:lang="en">Árnagarður Suðurgata, 107 Reykjavik, Iceland</addrLine>
          <addrLine>
            <email>arnastofnun@arnastofnun.is</email>
          </addrLine>
        </address>
        <idno type="risam">G-25-2507900</idno>
        <availability>
          <p xml:lang="is">Þessi texti er til notkunar í málrannsóknum og máltækniverkefnum um allan heim með sérstöku leyfi, sjá rmh2Hdr.xml</p>
          <p xml:lang="en">This text is available for use in language research and language technology projects world wide with a special license, see rmh2Hdr.xml</p>
        </availability>
        <date>2020-05-26</date>
      </publicationStmt>
      <sourceDesc>
        <biblStruct>
          <analytic>
            <title>
              <title type="main">Frestaði heimildum til sinuelda</title>
            </title>
            <date when="2013-03-27T08:00:00">27.03 2013 kl. 08:00:00</date>
          </analytic>
          <monogr>
            <title>Bylgjan</title>
            <imprint>
              <publisher>365 miðlar hf.</publisher>
              <pubPlace>Reykjavík</pubPlace>
            </imprint>
          </monogr>
        </biblStruct>
      </sourceDesc>
    </fileDesc>
    <encodingDesc>
      <projectDesc>
        <p xml:lang="is">Sjá lýsingu á verkefninu í rmh2Hdr.xml.</p>
        <p xml:lang="en">See description of project in rmh2Hdr.xml.</p>
      </projectDesc>
      <tagsDecl>
        <namespace name="http://www.tei-c.org/ns/1.0">
          <tagUsage gi="text" occurs="1"/>
          <tagUsage gi="body" occurs="1"/>
          <tagUsage gi="div1" occurs="1"/>
          <tagUsage gi="p" occurs="1"/>
          <tagUsage gi="s" occurs="3"/>
          <tagUsage gi="w" occurs="79"/>
          <tagUsage gi="c" occurs="4"/>
        </namespace>
      </tagsDecl>
    </encodingDesc>
    <profileDesc>
     <textClass>
      <keywords scheme="#RMH">
       <list>
        <item>Frétt – almennt</item>
       </list>
      </keywords>
     </textClass>
    </profileDesc>
  </teiHeader>
  <text>
    <body>
      <div1>
        <p n="1">
          <s n="1">
            <w lemma="Bjarni" type="nken-s">Bjarni</w>
            <w lemma="Þorsteinsson" type="nken-s">Þorsteinsson</w>
            <c type="pk">,</c>
            <w lemma="slökkviliðsstjóri" type="nken">slökkviliðsstjóri</w>
            <w lemma="í" type="af">í</w>
            <w lemma="Borgarfjörður" type="nkeþ-s">Borgarfirði</w>
            <w lemma="fresta" type="sfg3eþ">frestaði</w>
            <w lemma="í" type="aa">í</w>
            <w lemma="gær" type="aa">gær</w>
            <w lemma="heimild" type="nvfþ">heimildum</w>
            <w lemma="sýslumaður" type="nkee">sýslumanns</w>
            <w lemma="til" type="af">til</w>
            <w lemma="að" type="cn">að</w>
            <w lemma="kveikja" type="sng">kveikja</w>
            <w lemma="sinueldur" type="nkfo">sinuelda</w>
            <w lemma="á" type="af">á</w>
            <w lemma="tveir" type="tfkfþ">tveimur</w>
            <w lemma="staður" type="nkfþ">stöðum</w>
            <w lemma="í" type="af">í</w>
            <w lemma="Andakíll" type="nkeþ-s">Andakíl</w>
            <w lemma="í" type="af">í</w>
            <w lemma="Borgarfjörður" type="nkeþ-s">Borgarfirði</w>
            <w lemma="vegna" type="af">vegna</w>
            <w lemma="mikill" type="lkfesf">mikilla</w>
            <w lemma="þurrkur" type="nkfe">þurrka</w>
            <w lemma="í" type="af">í</w>
            <w lemma="gróðurland" type="nheþ">gróðurlandi</w>
            <w lemma="á" type="af">á</w>
            <w lemma="svæði" type="nheþg">svæðinu</w>
            <w lemma="og" type="c">og</w>
            <w lemma="hætta" type="sfg3fþ">hættu</w>
            <w lemma="á" type="af">á</w>
            <w lemma="að" type="c">að</w>
            <w lemma="eldur" type="nkfng">eldarnir</w>
            <w lemma="fara" type="svg3fn">fari</w>
            <w lemma="úr" type="af">úr</w>
            <w lemma="band" type="nhfþg">böndunum</w>
            <c type="pl">.</c>
          </s>
          <s n="2">
            <w lemma="sýslumaður" type="nken">Sýslumaður</w>
            <w lemma="telja" type="sfg3en">telur</w>
            <w lemma="sig" type="fpkeo">sig</w>
            <w lemma="ekki" type="aa">ekki</w>
            <w lemma="hafa" type="sng">hafa</w>
            <w lemma="heimild" type="nveo">heimild</w>
            <w lemma="til" type="af">til</w>
            <w lemma="að" type="cn">að</w>
            <w lemma="banna" type="sng">banna</w>
            <w lemma="sinubruni" type="nkeo">sinubruna</w>
            <w lemma="ef" type="c">ef</w>
            <w lemma="landeigandi" type="nkfn">landeigendur</w>
            <w lemma="hafa" type="sfg3fn">hafa</w>
            <w lemma="framvísa" type="sþghen">framvísað</w>
            <w lemma="umbeðinn" type="lvfþsf">umbeðnum</w>
            <w lemma="umsögn" type="nvfþ">umsögnum</w>
            <w lemma="en" type="c">en</w>
            <w lemma="hafa" type="sfg3en">hefur</w>
            <w lemma="hinn" type="fakee">hins</w>
            <w lemma="vegur" type="nkee">vegar</w>
            <w lemma="ítrekað" type="aa">ítrekað</w>
            <w lemma="beina" type="sþghen">beint</w>
            <w lemma="það" type="fpheþ">því</w>
            <w lemma="til" type="af">til</w>
            <w lemma="Umhverfisstofnun" type="nvee-s">Umhverfisstofnunar</w>
            <w lemma="að" type="c">að</w>
            <w lemma="slíkur" type="fbhen">slíkt</w>
            <w lemma="verða" type="svg3en">verði</w>
            <w lemma="banna" type="sþghen">bannað</w>
            <c type="pl">.</c>
          </s>
          <s n="3">
            <w lemma="bæði" type="c">Bæði</w>
            <w lemma="vegna" type="af">vegna</w>
            <w lemma="hagsmunir" type="nkfe">hagsmuna</w>
            <w lemma="almenningur" type="nkee">almennings</w>
            <w lemma="varða" type="slg">varðandi</w>
            <w lemma="loftgæði" type="nhfo">loftgæði</w>
            <w lemma="og" type="c">og</w>
            <w lemma="af" type="af">af</w>
            <w lemma="umhverfisástæði" type="nhfþ">umhverfisástæðum</w>
            <w lemma="en" type="c">en</w>
            <w lemma="hafa" type="sfg3en">hefur</w>
            <w lemma="enginn" type="fohfo">engin</w>
            <w lemma="viðbragð" type="nhfo">viðbrögð</w>
            <w lemma="fá" type="sþghen">fengið</w>
            <c type="pl">.</c>
          </s>
        </p>
      </div1>
    </body>
  </text>
</TEI>
