<?xml version="1.0" encoding="utf-8"?>
<TEI xmlns="http://www.tei-c.org/ns/1.0">
  <teiHeader>
    <fileDesc>
      <titleStmt>
        <title>
          <title type="main">Féll ofan í síló</title>
        </title>
        <respStmt>
          <resp xml:lang="is">Söfnun og úrvinnsla texta</resp>
          <resp xml:lang="en">Collection and processing of text</resp>
          <name xml:lang="is">Stofnun Árna Magnússonar í íslenskum fræðum</name>
          <name xml:lang="en">The Arni Magnusson Institute for Icelandic Studies</name>
        </respStmt>
      </titleStmt>
      <editionStmt>
        <p xml:lang="is">Íslensk risamálheild (2019)</p>
        <p xml:lang="en">Tagged Icelandic Gigaword Corpus (2019)</p>
      </editionStmt>
      <publicationStmt>
        <distributor xml:lang="is">Stofnun Árna Magnússonar í íslenskum fræðum</distributor>
        <distributor xml:lang="en">The Arni Magnusson Institute for Icelandic Studies</distributor>
        <address>
          <addrLine xml:lang="is">Árnagarður við Suðurgötu, 107 Reykjavík, Íslandi</addrLine>
          <addrLine xml:lang="en">Árnagarður Suðurgata, 107 Reykjavik, Iceland</addrLine>
          <addrLine>
            <email>arnastofnun@arnastofnun.is</email>
          </addrLine>
        </address>
        <idno type="risam">G-25-2542779</idno>
        <availability>
          <p xml:lang="is">Þessi texti er til notkunar í málrannsóknum og máltækniverkefnum um allan heim með sérstöku leyfi, sjá rmh2Hdr.xml</p>
          <p xml:lang="en">This text is available for use in language research and language technology projects world wide with a special license, see rmh2Hdr.xml</p>
        </availability>
        <date>2020-05-26</date>
      </publicationStmt>
      <sourceDesc>
        <biblStruct>
          <analytic>
            <title>
              <title type="main">Féll ofan í síló</title>
            </title>
            <date when="2013-03-30T12:00:00">30.03 2013 kl. 12:00:00</date>
          </analytic>
          <monogr>
            <title>Bylgjan</title>
            <imprint>
              <publisher>365 miðlar hf.</publisher>
              <pubPlace>Reykjavík</pubPlace>
            </imprint>
          </monogr>
        </biblStruct>
      </sourceDesc>
    </fileDesc>
    <encodingDesc>
      <projectDesc>
        <p xml:lang="is">Sjá lýsingu á verkefninu í rmh2Hdr.xml.</p>
        <p xml:lang="en">See description of project in rmh2Hdr.xml.</p>
      </projectDesc>
      <tagsDecl>
        <namespace name="http://www.tei-c.org/ns/1.0">
          <tagUsage gi="text" occurs="1"/>
          <tagUsage gi="body" occurs="1"/>
          <tagUsage gi="div1" occurs="1"/>
          <tagUsage gi="p" occurs="6"/>
          <tagUsage gi="s" occurs="18"/>
          <tagUsage gi="w" occurs="332"/>
          <tagUsage gi="c" occurs="31"/>
        </namespace>
      </tagsDecl>
    </encodingDesc>
    <profileDesc>
     <textClass>
      <keywords scheme="#RMH">
       <list>
        <item>Frétt – almennt</item>
       </list>
      </keywords>
     </textClass>
    </profileDesc>
  </teiHeader>
  <text>
    <body>
      <div1>
        <p n="1">
          <s n="1">
            <w lemma="aðdáandi" type="nken">Aðdáandi</w>
            <w lemma="Fjallabróðir" type="nkfe-s">Fjallabræðra</w>
            <w lemma="koma" type="sfm3eþ">komst</w>
            <w lemma="gjarnan" type="aam">heldur</w>
            <w lemma="vel" type="aam">betur</w>
            <w lemma="í" type="af">í</w>
            <w lemma="hann" type="fpkeo">hann</w>
            <w lemma="krappi" type="nkeog">krappann</w>
            <w lemma="á" type="af">á</w>
            <w lemma="hátíð" type="nveþg">hátíðinni</w>
            <w lemma="aldrei" type="aa">Aldrei</w>
            <w lemma="fara" type="sfg1eþ">fór</w>
            <w lemma="ég" type="fp1en">ég</w>
            <w lemma="suður" type="aa">suður</w>
            <w lemma="í" type="af">í</w>
            <w lemma="gærkvöld" type="nheþ">gærkvöldi</w>
            <w lemma="þegar" type="c">þegar</w>
            <w lemma="hann" type="fpken">hann</w>
            <w lemma="falla" type="sfg3eþ">féll</w>
            <w lemma="ofan" type="aa">ofan</w>
            <w lemma="í" type="af">í</w>
            <w lemma="sandsíló" type="nheo">sandsíló</w>
            <w lemma="við" type="af">við</w>
            <w lemma="Steypustöð" type="nveo-s">Steypustöð</w>
            <w lemma="Ísfirðingur" type="nkfe-s">Ísfirðinga</w>
            <w lemma="og" type="c">og</w>
            <w lemma="þurfa" type="sfg1eþ">þurfti</w>
            <w lemma="að" type="cn">að</w>
            <w lemma="dúsa" type="sng">dúsa</w>
            <w lemma="þar" type="aa">þar</w>
            <w lemma="í" type="af">í</w>
            <w lemma="um" type="aa">um</w>
            <w lemma="átta" type="tfvfo">átta</w>
            <w lemma="klukkustund" type="nvfo">klukkustundir</w>
            <w lemma="eða" type="c">eða</w>
            <w lemma="svo" type="aa">svo</w>
            <w lemma="er" type="c">er</w>
            <w lemma="virða" type="sfm3en">virðist</w>
            <c type="pl">.</c>
          </s>
        </p>
        <p n="2">
          <s n="1">
            <w lemma="20" type="ta">20</w>
            <w lemma="björgunarsveitarmaður" type="nkfn">björgunarsveitarmenn</w>
            <w lemma="frá" type="af">frá</w>
            <w lemma="Ísafjörður" type="nkeþ-s">Ísafirði</w>
            <w lemma="og" type="c">og</w>
            <w lemma="Hnífsdalur" type="nkeþ-s">Hnífsdal</w>
            <w lemma="vera" type="sfg3fþ">voru</w>
            <w lemma="kalla" type="sþgvfn">kallaðar</w>
            <w lemma="út" type="aa">út</w>
            <w lemma="í" type="af">í</w>
            <w lemma="nótt" type="nveo">nótt</w>
            <w lemma="til" type="af">til</w>
            <w lemma="að" type="cn">að</w>
            <w lemma="aðstoða" type="sng">aðstoða</w>
            <w lemma="sjúkral" type="nheog">sjúkralið</w>
            <w lemma="við" type="af">við</w>
            <w lemma="að" type="cn">að</w>
            <w lemma="ná" type="sng">ná</w>
            <w lemma="maður" type="nkeþg">manninum</w>
            <c type="pk">,</c>
            <w lemma="sem" type="ct">sem</w>
            <w lemma="vera" type="sfg3en">er</w>
            <w lemma="um" type="af">um</w>
            <w lemma="þrítugur" type="lheosf">þrítugt</w>
            <c type="pk">,</c>
            <w lemma="upp" type="aa">upp</w>
            <w lemma="úr" type="af">úr</w>
            <w lemma="sandsíló" type="nheþg">sandsílóinu</w>
            <c type="pl">.</c>
          </s>
          <s n="2">
            <w lemma="hann" type="fpken">Hann</w>
            <w lemma="reyna" type="sfm3eþ">reyndist</w>
            <w lemma="óbrotinn" type="lkensf">óbrotinn</w>
            <w lemma="en" type="c">en</w>
            <w lemma="hafa" type="sfg3eþ">hafði</w>
            <w lemma="hrufla" type="sþmhen">hruflast</w>
            <w lemma="töluvert" type="aa">töluvert</w>
            <c type="pl">.</c>
          </s>
          <s n="3">
            <w lemma="verk" type="nheng">Verkið</w>
            <w lemma="reyna" type="sfm3eþ">reyndist</w>
            <w lemma="nokkur" type="fohen">nokkuð</w>
            <w lemma="umfangsmikill" type="lhensf">umfangsmikið</w>
            <w lemma="og" type="c">og</w>
            <w lemma="töluverður" type="lkeosf">töluverðan</w>
            <w lemma="búnaður" type="nkeo">búnað</w>
            <w lemma="þurfa" type="sfg3eþ">þurfti</w>
            <w lemma="til" type="af">til</w>
            <w lemma="að" type="c">að</w>
            <w lemma="hægur" type="lhensf">hægt</w>
            <w lemma="vera" type="svg3eþ">væri</w>
            <w lemma="að" type="cn">að</w>
            <w lemma="síga" type="sng">síga</w>
            <w lemma="niður" type="aa">niður</w>
            <w lemma="í" type="af">í</w>
            <w lemma="síló" type="nheog">sílóið</w>
            <w lemma="þar" type="aa">þar</w>
            <w lemma="sem" type="c">sem</w>
            <w lemma="búinn" type="lhensf">búið</w>
            <w lemma="vera" type="sfg3eþ">var</w>
            <w lemma="um" type="af">um</w>
            <w lemma="maður" type="nkeog">manninn</w>
            <c type="pl">.</c>
          </s>
          <s n="4">
            <w lemma="Ari" type="nken-s">Ari</w>
            <w lemma="Kristinn" type="nken-s">Kristinn</w>
            <w lemma="Jóhannsson" type="nken-s">Jóhannsson</w>
            <c type="pk">,</c>
            <w lemma="hjá" type="af">hjá</w>
            <w lemma="Björgunarfélagur" type="nkeþ-s">Björgunarfélagi</w>
            <w lemma="Ísafjörður" type="nkee-s">Ísafjarðar</w>
            <c type="pk">,</c>
            <w lemma="segja" type="sfg3en">segir</w>
            <w lemma="að" type="c">að</w>
            <w lemma="björgunarsveitarmaður" type="nkfn">björgunarsveitarmenn</w>
            <w lemma="hafa" type="svg3fn">hafi</w>
            <w lemma="svo" type="aa">svo</w>
            <w lemma="ákveða" type="sþghen">ákveðið</w>
            <w lemma="að" type="cn">að</w>
            <w lemma="kalla" type="sng">kalla</w>
            <w lemma="á" type="af">á</w>
            <w lemma="kranabíll" type="nkeo">kranabíl</w>
            <w lemma="þegar" type="c">þegar</w>
            <w lemma="koma" type="sþghen">komið</w>
            <w lemma="vera" type="sfg3eþ">var</w>
            <w lemma="að" type="af">að</w>
            <w lemma="það" type="fpheþ">því</w>
            <w lemma="að" type="cn">að</w>
            <w lemma="hífa" type="sng">hífa</w>
            <w lemma="maður" type="nkeog">manninn</w>
            <w lemma="upp" type="aa">upp</w>
            <w lemma="fyrir" type="af">fyrir</w>
            <w lemma="brún" type="nveog">brúnina</w>
            <c type="pl">.</c>
          </s>
        </p>
        <p n="3">
          <s n="1">
            <w lemma="Ari" type="nken-s">Ari</w>
            <w lemma="Kristinn" type="nken-s">Kristinn</w>
            <w lemma="Jóhannsson" type="nken-s">Jóhannsson</w>
            <c type="pk">,</c>
            <w lemma="hjá" type="af">hjá</w>
            <w lemma="Björgunarfélag" type="nheþ-s">Björgunarfélagi</w>
            <w lemma="Ísafjörður" type="nkee-s">Ísafjarðar</w>
            <c type="pa">:</c>
            <w lemma="þessi" type="fahen">Þetta</w>
            <w lemma="vera" type="sfg3en">er</w>
            <w lemma="í" type="af">í</w>
            <w lemma="raun" type="nveþg">rauninni</w>
            <w lemma="bara" type="aa">bara</w>
            <w lemma="tanka" type="sfg3en">tankar</w>
            <w lemma="þarna" type="aa">þarna</w>
            <w lemma="sko" type="aa">sko</w>
            <c type="pk">,</c>
            <c type="pa">...</c>
            <w lemma="moka" type="sng">moka</w>
            <c type="pa">...</c>
          </s>
          <s n="2">
            <w lemma="oft" type="aa">Oft</w>
            <w lemma="sem" type="c">sem</w>
            <w lemma="að" type="cn">að</w>
            <w lemma="liggja" type="sng">liggja</w>
            <w lemma="bara" type="aa">bara</w>
            <w lemma="eða" type="c">eða</w>
            <w lemma="bara" type="aa">bara</w>
            <w lemma="smá" type="aa">smá</w>
            <w lemma="geta" type="sfg3eþ">gat</w>
            <w lemma="niður" type="aa">niður</w>
            <w lemma="úr" type="af">úr</w>
            <w lemma="þessi" type="faheþ">þessu</w>
            <w lemma="bara" type="aa">bara</w>
            <w lemma="niður" type="aa">niður</w>
            <w lemma="á" type="af">á</w>
            <w lemma="færiband" type="nheo">færiband</w>
            <c type="pl">.</c>
          </s>
        </p>
        <p n="4">
          <s n="1">
            <w lemma="Hugrún" type="nven-s">Hugrún</w>
            <w lemma="Halldórsdóttir" type="nven-s">Halldórsdóttir</w>
            <c type="pa">:</c>
            <w lemma="en" type="c">En</w>
            <w lemma="vera" type="sfg3eþ">var</w>
            <w lemma="hann" type="fpken">hann</w>
            <w lemma="í" type="af">í</w>
            <w lemma="einhver" type="foveþ">einhverri</w>
            <w lemma="hætta" type="nveþ">hættu</w>
            <c type="pl">?</c>
          </s>
        </p>
        <p n="5">
          <s n="1">
            <w lemma="Ari" type="nken-s">Ari</w>
            <w lemma="Kristinn" type="nken-s">Kristinn</w>
            <w lemma="Jóhannsson" type="nken-s">Jóhannsson</w>
            <c type="pa">:</c>
            <w lemma="já" type="au">Já</w>
            <c type="pl">.</c>
          </s>
          <s n="2">
            <w lemma="þessi" type="fahen">Þetta</w>
            <w lemma="vera" type="sfg3en">er</w>
            <w lemma="náttúrlega" type="aa">náttúrlega</w>
            <w lemma="fimm" type="tfkfo">fimm</w>
            <w lemma="metri" type="nkfe">metra</w>
            <w lemma="fall" type="nhen">fall</w>
            <w lemma="og" type="c">og</w>
            <w lemma="allur" type="fokee">alls</w>
            <w lemma="konar" type="nkee">konar</w>
            <w lemma="dót" type="nhen">dót</w>
            <w lemma="og" type="c">og</w>
            <w lemma="drasl" type="nhen">drasl</w>
            <w lemma="þarna" type="aa">þarna</w>
            <w lemma="ofan" type="aa">ofan</w>
            <w lemma="í" type="aa">í</w>
            <w lemma="bara" type="aa">bara</w>
            <c type="pl">.</c>
          </s>
          <s n="3">
            <w lemma="þessi" type="fahen">Þetta</w>
            <w lemma="síló" type="nhen">síló</w>
            <w lemma="hafa" type="sfg3en">hefur</w>
            <w lemma="enginn" type="fohen">ekkert</w>
            <w lemma="vera" type="sþghen">verið</w>
            <w lemma="nota" type="sþghen">notað</w>
            <w lemma="undir" type="af">undir</w>
            <w lemma="möl" type="nveþ">möl</w>
            <w lemma="sko" type="aa">sko</w>
            <c type="pk">,</c>
            <w lemma="það" type="fphen">það</w>
            <w lemma="hafa" type="sfg3en">hefur</w>
            <w lemma="bara" type="aa">bara</w>
            <w lemma="vera" type="sþghen">verið</w>
            <w lemma="einhver" type="fohen">eitthvað</w>
            <w lemma="drasl" type="nhen">drasl</w>
            <w lemma="þarna" type="aa">þarna</w>
            <w lemma="ofan" type="aa">ofan</w>
            <w lemma="í" type="af">í</w>
            <w lemma="þessi" type="faheþ">þessu</w>
            <c type="pl">.</c>
          </s>
        </p>
        <p n="6">
          <s n="1">
            <w lemma="björgunaraðgerð" type="nvfn">Björgunaraðgerðir</w>
            <w lemma="taka" type="sfg3fþ">tóku</w>
            <w lemma="um" type="aa">um</w>
            <w lemma="tveir" type="tfkfo">tvo</w>
            <w lemma="tími" type="nkfo">tíma</w>
            <w lemma="og" type="c">og</w>
            <w lemma="ljúka" type="sfg3eþ">lauk</w>
            <w lemma="það" type="fphfþ">þeim</w>
            <w lemma="um" type="aa">um</w>
            <w lemma="klukka" type="nveng">klukkan</w>
            <w lemma="sex" type="ta">sex</w>
            <w lemma="í" type="af">í</w>
            <w lemma="morgunn" type="nkeo">morgun</w>
            <c type="pl">.</c>
          </s>
          <s n="2">
            <w lemma="maður" type="nkeng">Maðurinn</w>
            <c type="pk">,</c>
            <w lemma="sem" type="ct">sem</w>
            <w lemma="vera" type="sfg3eþ">var</w>
            <w lemma="gestur" type="nken">gestur</w>
            <w lemma="á" type="af">á</w>
            <w lemma="hátíð" type="nveþg">hátíðinni</w>
            <w lemma="aldrei" type="aa">Aldrei</w>
            <w lemma="fara" type="sfg1eþ">fór</w>
            <w lemma="ég" type="fp1en">ég</w>
            <w lemma="suður" type="aa">suður</w>
            <c type="pk">,</c>
            <w lemma="gefa" type="sfg1eþ">gaf</w>
            <w lemma="sá" type="favfo">þær</w>
            <w lemma="upplýsing" type="nvfo">upplýsingar</w>
            <w lemma="um" type="af">um</w>
            <w lemma="ferð" type="nvfo">ferðir</w>
            <w lemma="sinn" type="fevfo">sínar</w>
            <w lemma="að" type="c">að</w>
            <w lemma="hann" type="fpken">hann</w>
            <w lemma="hann" type="fpken">hann</w>
            <w lemma="hafa" type="svg3en">hafi</w>
            <w lemma="vera" type="sþghen">verið</w>
            <w lemma="að" type="cn">að</w>
            <w lemma="leita" type="sng">leita</w>
            <w lemma="leið" type="nvee">leiðar</w>
            <w lemma="að" type="af">að</w>
            <w lemma="bakdyr" type="nvfþ">bakdyrum</w>
            <w lemma="tónleikastaður" type="nkeeg">tónleikastaðarins</w>
            <w lemma="þegar" type="c">þegar</w>
            <w lemma="hann" type="fpken">hann</w>
            <w lemma="falla" type="sfg3eþ">féll</w>
            <w lemma="en" type="c">en</w>
            <w lemma="hann" type="fpken">hann</w>
            <w lemma="ætla" type="sfg3eþ">ætlaði</w>
            <w lemma="að" type="cn">að</w>
            <w lemma="reyna" type="sng">reyna</w>
            <w lemma="að" type="cn">að</w>
            <w lemma="hitta" type="sng">hitta</w>
            <w lemma="á" type="af">á</w>
            <w lemma="Fjallabræða" type="nvfo-s">Fjallabræður</w>
            <w lemma="baksviðs" type="aa">baksviðs</w>
            <w lemma="og" type="c">og</w>
            <w lemma="fá" type="sng">fá</w>
            <w lemma="eiginhandaráritun" type="nveo">eiginhandaráritun</w>
            <c type="pl">.</c>
          </s>
          <s n="3">
            <w lemma="fjallabróðir" type="nkfn">Fjallabræður</w>
            <w lemma="vera" type="sfg3fþ">voru</w>
            <w lemma="á" type="af">á</w>
            <w lemma="svið" type="nheþ">sviði</w>
            <w lemma="á" type="af">á</w>
            <w lemma="Ísafjörður" type="nkeþ-s">Ísafirði</w>
            <w lemma="um" type="af">um</w>
            <w lemma="klukka" type="nveng">klukkan</w>
            <w lemma="tíu" type="ta">tíu</w>
            <w lemma="í" type="af">í</w>
            <w lemma="gærkvöld" type="nheþ">gærkvöldi</w>
            <w lemma="en" type="c">en</w>
            <w lemma="maður" type="nkeng">maðurinn</w>
            <w lemma="ranka" type="sfg3eþ">rankaði</w>
            <w lemma="við" type="af">við</w>
            <w lemma="sig" type="fpkeþ">sér</w>
            <w lemma="og" type="c">og</w>
            <w lemma="hringja" type="sfg3eþ">hringdi</w>
            <w lemma="eftir" type="af">eftir</w>
            <w lemma="aðstoð" type="nveþ">aðstoð</w>
            <w lemma="á" type="af">á</w>
            <w lemma="fjórði" type="lkeþvf">fjórða</w>
            <w lemma="tími" type="nkeþg">tímanum</w>
            <w lemma="í" type="af">í</w>
            <w lemma="nótt" type="nveo">nótt</w>
            <c type="pl">.</c>
          </s>
          <s n="4">
            <w lemma="hann" type="fpken">Hann</w>
            <w lemma="hafa" type="sfg3eþ">hafði</w>
            <w lemma="því" type="aa">því</w>
            <w lemma="liggja" type="sþghen">legið</w>
            <w lemma="í" type="af">í</w>
            <w lemma="töluverður" type="lkeosf">töluverðan</w>
            <w lemma="tími" type="nkeo">tíma</w>
            <w lemma="í" type="af">í</w>
            <w lemma="síló" type="nheþg">sílóinu</w>
            <c type="pl">.</c>
          </s>
          <s n="5">
            <w lemma="nokkur" type="foven">Nokkur</w>
            <w lemma="ölvun" type="nven">ölvun</w>
            <w lemma="vera" type="sfg3eþ">var</w>
            <w lemma="á" type="af">á</w>
            <w lemma="Ísafjörður" type="nkeþ-s">Ísafirði</w>
            <w lemma="þessi" type="faveo">þessa</w>
            <w lemma="nótt" type="nveog">nóttina</w>
            <c type="pl">.</c>
          </s>
          <s n="6">
            <w lemma="skemmtanahald" type="nhen">Skemmtanahald</w>
            <w lemma="fara" type="sfg3eþ">fór</w>
            <w lemma="þó" type="aa">þó</w>
            <w lemma="vel" type="aa">vel</w>
            <w lemma="fram" type="aa">fram</w>
            <w lemma="að" type="af">að</w>
            <w lemma="sögn" type="nveþ">sögn</w>
            <w lemma="lögregla" type="nvee">lögreglu</w>
            <w lemma="og" type="c">og</w>
            <w lemma="enginn" type="fohfn">engin</w>
            <w lemma="alvarlegur" type="lhfnsf">alvarleg</w>
            <w lemma="atvik" type="nhfn">atvik</w>
            <w lemma="koma" type="sfg3fþ">komu</w>
            <w lemma="upp" type="aa">upp</w>
            <c type="pl">.</c>
          </s>
          <s n="7">
            <w lemma="einhver" type="fohen">Eitthvað</w>
            <w lemma="vera" type="sfg3eþ">var</w>
            <w lemma="um" type="af">um</w>
            <w lemma="smápústri" type="nkeo">smápústra</w>
            <w lemma="á" type="aa">á</w>
            <w lemma="milli" type="af">milli</w>
            <w lemma="maður" type="nkfe">manna</w>
            <w lemma="og" type="c">og</w>
            <w lemma="þá" type="aa">þá</w>
            <w lemma="fá" type="sfg3fþ">fengu</w>
            <w lemma="þrír" type="tfkfn">þrír</w>
            <w lemma="að" type="cn">að</w>
            <w lemma="gista" type="sng">gista</w>
            <w lemma="fangageymsla" type="nvfo">fangageymslur</w>
            <w lemma="eftir" type="af">eftir</w>
            <w lemma="að" type="c">að</w>
            <w lemma="gleðskapur" type="nken">gleðskapur</w>
            <w lemma="í" type="af">í</w>
            <w lemma="heimahús" type="nheþ">heimahúsi</w>
            <w lemma="fara" type="sfg3eþ">fór</w>
            <w lemma="úr" type="af">úr</w>
            <w lemma="band" type="nhfþg">böndunum</w>
            <c type="pl">.</c>
          </s>
        </p>
      </div1>
    </body>
  </text>
</TEI>
