<?xml version="1.0" encoding="utf-8"?>
<TEI xmlns="http://www.tei-c.org/ns/1.0">
  <teiHeader>
    <fileDesc>
      <titleStmt>
        <title>
          <title type="main">Guðmundar- og Geirfinnsmál</title>
        </title>
        <respStmt>
          <resp xml:lang="is">Söfnun og úrvinnsla texta</resp>
          <resp xml:lang="en">Collection and processing of text</resp>
          <name xml:lang="is">Stofnun Árna Magnússonar í íslenskum fræðum</name>
          <name xml:lang="en">The Arni Magnusson Institute for Icelandic Studies</name>
        </respStmt>
      </titleStmt>
      <editionStmt>
        <p xml:lang="is">Íslensk risamálheild (2019)</p>
        <p xml:lang="en">Tagged Icelandic Gigaword Corpus (2019)</p>
      </editionStmt>
      <publicationStmt>
        <distributor xml:lang="is">Stofnun Árna Magnússonar í íslenskum fræðum</distributor>
        <distributor xml:lang="en">The Arni Magnusson Institute for Icelandic Studies</distributor>
        <address>
          <addrLine xml:lang="is">Árnagarður við Suðurgötu, 107 Reykjavík, Íslandi</addrLine>
          <addrLine xml:lang="en">Árnagarður Suðurgata, 107 Reykjavik, Iceland</addrLine>
          <addrLine>
            <email>arnastofnun@arnastofnun.is</email>
          </addrLine>
        </address>
        <idno type="risam">G-25-2507452</idno>
        <availability>
          <p xml:lang="is">Þessi texti er til notkunar í málrannsóknum og máltækniverkefnum um allan heim með sérstöku leyfi, sjá rmh2Hdr.xml</p>
          <p xml:lang="en">This text is available for use in language research and language technology projects world wide with a special license, see rmh2Hdr.xml</p>
        </availability>
        <date>2020-05-26</date>
      </publicationStmt>
      <sourceDesc>
        <biblStruct>
          <analytic>
            <title>
              <title type="main">Guðmundar- og Geirfinnsmál</title>
            </title>
            <date when="2013-03-25T12:00:00">25.03 2013 kl. 12:00:00</date>
          </analytic>
          <monogr>
            <title>Bylgjan</title>
            <imprint>
              <publisher>365 miðlar hf.</publisher>
              <pubPlace>Reykjavík</pubPlace>
            </imprint>
          </monogr>
        </biblStruct>
      </sourceDesc>
    </fileDesc>
    <encodingDesc>
      <projectDesc>
        <p xml:lang="is">Sjá lýsingu á verkefninu í rmh2Hdr.xml.</p>
        <p xml:lang="en">See description of project in rmh2Hdr.xml.</p>
      </projectDesc>
      <tagsDecl>
        <namespace name="http://www.tei-c.org/ns/1.0">
          <tagUsage gi="text" occurs="1"/>
          <tagUsage gi="body" occurs="1"/>
          <tagUsage gi="div1" occurs="1"/>
          <tagUsage gi="p" occurs="2"/>
          <tagUsage gi="s" occurs="11"/>
          <tagUsage gi="w" occurs="182"/>
          <tagUsage gi="c" occurs="16"/>
        </namespace>
      </tagsDecl>
    </encodingDesc>
    <profileDesc>
     <textClass>
      <keywords scheme="#RMH">
       <list>
        <item>Frétt – almennt</item>
       </list>
      </keywords>
     </textClass>
    </profileDesc>
  </teiHeader>
  <text>
    <body>
      <div1>
        <p n="1">
          <s n="1">
            <w lemma="boða" type="sþghen">Boðað</w>
            <w lemma="hafa" type="sfg3en">hefur</w>
            <w lemma="vera" type="sþghen">verið</w>
            <w lemma="til" type="af">til</w>
            <w lemma="blaðamannafundur" type="nkee">blaðamannafundar</w>
            <w lemma="í" type="af">í</w>
            <w lemma="innanríkisráðuneyti" type="nheþg">innanríkisráðuneytinu</w>
            <w lemma="í" type="af">í</w>
            <w lemma="dagur" type="nkeo">dag</w>
            <w lemma="þar" type="aa">þar</w>
            <w lemma="sem" type="c">sem</w>
            <w lemma="kynna" type="sþgven">kynnt</w>
            <w lemma="verða" type="sfg3en">verður</w>
            <w lemma="skýrsla" type="nven">skýrsla</w>
            <w lemma="starfshópur" type="nkee">starfshóps</w>
            <w lemma="um" type="af">um</w>
            <w lemma="Guðmundar-" type="kt">Guðmundar-</w>
            <w lemma="og" type="c">og</w>
            <w lemma="Geirfinnsmál" type="nheo-s">Geirfinnsmál</w>
            <c type="pl">.</c>
          </s>
          <s n="2">
            <w lemma="innanríkisráðherra" type="nven">Innanríkisráðherra</w>
            <w lemma="munu" type="sfg3en">mun</w>
            <w lemma="á" type="af">á</w>
            <w lemma="fundur" type="nkeþg">fundinum</w>
            <w lemma="tilkynna" type="sng">tilkynna</w>
            <w lemma="hvort" type="c">hvort</w>
            <w lemma="niðurstaða" type="nvfn">niðurstöður</w>
            <w lemma="skýrsla" type="nveeg">skýrslunnar</w>
            <w lemma="gefa" type="svg3fn">gefi</w>
            <w lemma="tilefni" type="nheo">tilefni</w>
            <w lemma="til" type="af">til</w>
            <w lemma="frekur" type="lvfevm">frekari</w>
            <w lemma="aðgerð" type="nvfe">aðgerða</w>
            <c type="pl">.</c>
          </s>
        </p>
        <p n="2">
          <s n="1">
            <w lemma="starfshópur" type="nkeog">Starfshópinn</w>
            <w lemma="skipa" type="sfg3eþ">skipaði</w>
            <w lemma="Ögmundur" type="nken-s">Ögmundur</w>
            <w lemma="Jónasson" type="nken-s">Jónasson</w>
            <c type="pk">,</c>
            <w lemma="innanríkisráðherra" type="nken">innanríkisráðherra</w>
            <c type="pk">,</c>
            <w lemma="í" type="af">í</w>
            <w lemma="október" type="nkeþ">október</w>
            <w lemma="2011" type="ta">2011</w>
            <c type="pl">.</c>
          </s>
          <s n="2">
            <w lemma="vera" type="sfg3eþ">Var</w>
            <w lemma="hann" type="fpkeþ">honum</w>
            <w lemma="ætla" type="sþghen">ætlað</w>
            <w lemma="að" type="cn">að</w>
            <w lemma="fara" type="sng">fara</w>
            <w lemma="yfir" type="af">yfir</w>
            <w lemma="mál" type="nheog">málið</w>
            <w lemma="í" type="af">í</w>
            <w lemma="heild" type="nveþ">heild</w>
            <w lemma="sinn" type="feveþ">sinni</w>
            <w lemma="en" type="c">en</w>
            <w lemma="þó" type="aa">þó</w>
            <w lemma="sérstaklega" type="aa">sérstaklega</w>
            <w lemma="sá" type="fakeþ">þeim</w>
            <w lemma="þáttur" type="nkeþ">þætti</w>
            <w lemma="sem" type="ct">sem</w>
            <w lemma="snúa" type="sfg3eþ">sneri</w>
            <w lemma="að" type="af">að</w>
            <w lemma="rannsókn" type="nveþ">rannsókn</w>
            <w lemma="mál" type="nheeg">málsins</w>
            <w lemma="og" type="c">og</w>
            <w lemma="framkvæmd" type="nveþ">framkvæmd</w>
            <w lemma="rannsókn" type="nveeg">rannsóknarinnar</w>
            <c type="pl">.</c>
          </s>
          <s n="3">
            <w lemma="í" type="af">Í</w>
            <w lemma="skýrsla" type="nveþg">skýrslunni</w>
            <w lemma="skulu" type="svg3eþ">skyldi</w>
            <w lemma="líka" type="aa">líka</w>
            <w lemma="koma" type="sng">koma</w>
            <w lemma="fram" type="aa">fram</w>
            <w lemma="til" type="af">til</w>
            <w lemma="hvaða" type="fsvfe">hvaða</w>
            <w lemma="aðgerð" type="nvfe">aðgerða</w>
            <w lemma="verða" type="svg3eþ">yrði</w>
            <w lemma="grípa" type="sþghen">gripið</w>
            <w lemma="í" type="af">í</w>
            <w lemma="framhald" type="nheþg">framhaldinu</w>
            <c type="pl">.</c>
          </s>
          <s n="4">
            <w lemma="þrjátíu" type="tfhfn">Þrjátíu</w>
            <w lemma="og" type="c">og</w>
            <w lemma="níu" type="tfhfn">níu</w>
            <w lemma="ár" type="nhfn">ár</w>
            <w lemma="vera" type="sfg3fn">eru</w>
            <w lemma="síðan" type="aa">síðan</w>
            <w lemma="Geirfinnur" type="nken-s">Geirfinnur</w>
            <w lemma="Einarsson" type="nken-s">Einarsson</w>
            <w lemma="og" type="c">og</w>
            <w lemma="Guðmundur" type="nken-s">Guðmundur</w>
            <w lemma="Einarsson" type="nken-s">Einarsson</w>
            <w lemma="hverfa" type="sfg3fþ">hurfu</w>
            <w lemma="sporlaust" type="aa">sporlaust</w>
            <c type="pl">.</c>
          </s>
          <s n="5">
            <w lemma="snemma" type="af">Snemma</w>
            <w lemma="ár" type="nhee">árs</w>
            <w lemma="1980" type="ta">1980</w>
            <w lemma="dæma" type="sfg3eþ">dæmdi</w>
            <w lemma="Hæstiréttur" type="nken-s">Hæstiréttur</w>
            <w lemma="síðan" type="aa">síðan</w>
            <w lemma="6" type="ta">6</w>
            <w lemma="aðili" type="nkfo">aðila</w>
            <w lemma="til" type="af">til</w>
            <w lemma="fangelsisvist" type="nvee">fangelsisvistar</w>
            <w lemma="fyrir" type="af">fyrir</w>
            <w lemma="aðild" type="nveo">aðild</w>
            <w lemma="sinn" type="feveo">sína</w>
            <w lemma="að" type="af">að</w>
            <w lemma="hvarf" type="nheþ">hvarfi</w>
            <w lemma="maður" type="nkfeg">mannanna</w>
            <w lemma="tveir" type="tfkfe">tveggja</w>
            <c type="pl">.</c>
          </s>
          <s n="6">
            <w lemma="ákærða" type="nveo">Ákærðu</w>
            <w lemma="vera" type="sfg3fþ">voru</w>
            <w lemma="dæma" type="sþgkfn">dæmdir</w>
            <w lemma="í" type="af">í</w>
            <w lemma="allur" type="foheo">allt</w>
            <w lemma="frá" type="af">frá</w>
            <w lemma="12" type="ta">12</w>
            <w lemma="mánuður" type="nkfe">mánaða</w>
            <w lemma="til" type="aa">til</w>
            <w lemma="17" type="ta">17</w>
            <w lemma="ár" type="nhfe">ára</w>
            <w lemma="fangelsi" type="nhee">fangelsis</w>
            <c type="pl">.</c>
          </s>
          <s n="7">
            <w lemma="lengi" type="aa">Lengi</w>
            <w lemma="hafa" type="sfg3en">hefur</w>
            <w lemma="vera" type="sþghen">verið</w>
            <w lemma="deila" type="sþghen">deilt</w>
            <w lemma="á" type="af">á</w>
            <w lemma="sá" type="fakfo">þá</w>
            <w lemma="sem" type="ct">sem</w>
            <w lemma="standa" type="sfg3fþ">stóðu</w>
            <w lemma="að" type="af">að</w>
            <w lemma="rannsókn" type="nveþ">rannsókn</w>
            <w lemma="mál" type="nheeg">málsins</w>
            <w lemma="og" type="c">og</w>
            <w lemma="leika" type="sfg3eþ">lék</w>
            <w lemma="grunur" type="nken">grunur</w>
            <w lemma="á" type="af">á</w>
            <w lemma="að" type="c">að</w>
            <w lemma="játning" type="nvfn">játningar</w>
            <w lemma="sakborningur" type="nkfe">sakborninga</w>
            <w lemma="hafa" type="svg3fþ">hefðu</w>
            <w lemma="vera" type="sþghen">verið</w>
            <w lemma="þvinga" type="sþgvfn">þvingaðar</w>
            <w lemma="fram" type="aa">fram</w>
            <w lemma="með" type="af">með</w>
            <w lemma="ólögmætur" type="lkeþsf">ólögmætum</w>
            <w lemma="háttur" type="nkeþ">hætti</w>
            <c type="pl">.</c>
          </s>
          <s n="8">
            <w lemma="dagbækur" type="nken">Dagbækur</w>
            <w lemma="Tryggvi" type="nkee-s">Tryggva</w>
            <w lemma="Rúnar" type="nkee-s">Rúnars</w>
            <w lemma="Leifsson" type="nkee-s">Leifssonar</w>
            <w lemma="sem" type="ct">sem</w>
            <w lemma="hann" type="fpken">hann</w>
            <w lemma="halda" type="sfg3eþ">hélt</w>
            <w lemma="í" type="af">í</w>
            <w lemma="tveir" type="tfhfo">tvö</w>
            <w lemma="ár" type="nhfo">ár</w>
            <w lemma="á" type="aa">á</w>
            <w lemma="meðan" type="c">meðan</w>
            <w lemma="hann" type="fpken">hann</w>
            <w lemma="sitja" type="sfg3eþ">sat</w>
            <w lemma="í" type="af">í</w>
            <w lemma="gæsluvarðhald" type="nheþ">gæsluvarðhaldi</w>
            <c type="pk">,</c>
            <w lemma="þykja" type="sfg3fn">þykja</w>
            <w lemma="styðja" type="sng">styðja</w>
            <w lemma="sá" type="faveo">þá</w>
            <w lemma="kenning" type="nveo">kenningu</w>
            <c type="pl">.</c>
          </s>
          <s n="9">
            <w lemma="eftir" type="af">Eftir</w>
            <w lemma="lestur" type="nkeo">lestur</w>
            <w lemma="hann" type="fpkfe">þeirra</w>
            <w lemma="fyrir" type="af">fyrir</w>
            <w lemma="tveir" type="tfhfþ">tveimur</w>
            <w lemma="ár" type="nhfþ">árum</w>
            <w lemma="segja" type="sfg3eþ">sagði</w>
            <w lemma="Gísli" type="nken-s">Gísli</w>
            <w lemma="Guðjónsson" type="nken-s">Guðjónsson</w>
            <c type="pk">,</c>
            <w lemma="réttarsálfræðingur" type="nken">réttarsálfræðingur</w>
            <c type="pk">,</c>
            <w lemma="að" type="c">að</w>
            <w lemma="nauðsynlegur" type="lhensf">nauðsynlegt</w>
            <w lemma="vera" type="svg3eþ">væri</w>
            <w lemma="að" type="cn">að</w>
            <w lemma="taka" type="sng">taka</w>
            <w lemma="mál" type="nheog">málið</w>
            <w lemma="upp" type="aa">upp</w>
            <w lemma="að" type="af">að</w>
            <w lemma="nýr" type="lheþsf">nýju</w>
            <c type="pl">.</c>
          </s>
        </p>
      </div1>
    </body>
  </text>
</TEI>
