<?xml version="1.0" encoding="utf-8"?>
<TEI xmlns="http://www.tei-c.org/ns/1.0">
  <teiHeader>
    <fileDesc>
      <titleStmt>
        <title>
          <title type="main">Rannsókn á slysi</title>
        </title>
        <respStmt>
          <resp xml:lang="is">Söfnun og úrvinnsla texta</resp>
          <resp xml:lang="en">Collection and processing of text</resp>
          <name xml:lang="is">Stofnun Árna Magnússonar í íslenskum fræðum</name>
          <name xml:lang="en">The Arni Magnusson Institute for Icelandic Studies</name>
        </respStmt>
      </titleStmt>
      <editionStmt>
        <p xml:lang="is">Íslensk risamálheild (2019)</p>
        <p xml:lang="en">Tagged Icelandic Gigaword Corpus (2019)</p>
      </editionStmt>
      <publicationStmt>
        <distributor xml:lang="is">Stofnun Árna Magnússonar í íslenskum fræðum</distributor>
        <distributor xml:lang="en">The Arni Magnusson Institute for Icelandic Studies</distributor>
        <address>
          <addrLine xml:lang="is">Árnagarður við Suðurgötu, 107 Reykjavík, Íslandi</addrLine>
          <addrLine xml:lang="en">Árnagarður Suðurgata, 107 Reykjavik, Iceland</addrLine>
          <addrLine>
            <email>arnastofnun@arnastofnun.is</email>
          </addrLine>
        </address>
        <idno type="risam">G-25-2547149</idno>
        <availability>
          <p xml:lang="is">Þessi texti er til notkunar í málrannsóknum og máltækniverkefnum um allan heim með sérstöku leyfi, sjá rmh2Hdr.xml</p>
          <p xml:lang="en">This text is available for use in language research and language technology projects world wide with a special license, see rmh2Hdr.xml</p>
        </availability>
        <date>2020-05-26</date>
      </publicationStmt>
      <sourceDesc>
        <biblStruct>
          <analytic>
            <title>
              <title type="main">Rannsókn á slysi</title>
            </title>
            <date when="2013-03-25T08:00:00">25.03 2013 kl. 08:00:00</date>
          </analytic>
          <monogr>
            <title>Bylgjan</title>
            <imprint>
              <publisher>365 miðlar hf.</publisher>
              <pubPlace>Reykjavík</pubPlace>
            </imprint>
          </monogr>
        </biblStruct>
      </sourceDesc>
    </fileDesc>
    <encodingDesc>
      <projectDesc>
        <p xml:lang="is">Sjá lýsingu á verkefninu í rmh2Hdr.xml.</p>
        <p xml:lang="en">See description of project in rmh2Hdr.xml.</p>
      </projectDesc>
      <tagsDecl>
        <namespace name="http://www.tei-c.org/ns/1.0">
          <tagUsage gi="text" occurs="1"/>
          <tagUsage gi="body" occurs="1"/>
          <tagUsage gi="div1" occurs="1"/>
          <tagUsage gi="p" occurs="1"/>
          <tagUsage gi="s" occurs="5"/>
          <tagUsage gi="w" occurs="100"/>
          <tagUsage gi="c" occurs="5"/>
        </namespace>
      </tagsDecl>
    </encodingDesc>
    <profileDesc>
     <textClass>
      <keywords scheme="#RMH">
       <list>
        <item>Frétt – almennt</item>
       </list>
      </keywords>
     </textClass>
    </profileDesc>
  </teiHeader>
  <text>
    <body>
      <div1>
        <p n="1">
          <s n="1">
            <w lemma="annar" type="foken">Annar</w>
            <w lemma="fallhlífastökkvari" type="nkfeg">fallhlífastökkvaranna</w>
            <w lemma="tveir" type="tfkfe">tveggja</w>
            <w lemma="sem" type="ct">sem</w>
            <w lemma="láta" type="sfm3eþ">lést</w>
            <w lemma="í" type="af">í</w>
            <w lemma="Zephyrhills" type="n----s">Zephyrhills</w>
            <w lemma="í" type="af">í</w>
            <w lemma="Flórída" type="nheþ-s">Flórída</w>
            <w lemma="á" type="af">á</w>
            <w lemma="laugardagur" type="nkeog">laugardaginn</w>
            <w lemma="vera" type="sfg3eþ">var</w>
            <w lemma="með" type="af">með</w>
            <w lemma="myndbandsupptökuvél" type="nveo">myndbandsupptökuvél</w>
            <w lemma="á" type="af">á</w>
            <w lemma="hjálmur" type="nkeþ">hjálmi</w>
            <w lemma="sinn" type="fekeþ">sínum</w>
            <w lemma="þegar" type="c">þegar</w>
            <w lemma="hann" type="fpken">hann</w>
            <w lemma="stökkva" type="sfg3eþ">stökk</w>
            <c type="pl">.</c>
          </s>
          <s n="2">
            <w lemma="mynd" type="nvfn">Myndir</w>
            <w lemma="úr" type="af">úr</w>
            <w lemma="vél" type="nveþg">vélinni</w>
            <w lemma="verða" type="sfg3fn">verða</w>
            <w lemma="nota" type="sþgvfn">notaðar</w>
            <w lemma="við" type="af">við</w>
            <w lemma="rannsókn" type="nveo">rannsókn</w>
            <w lemma="lögregla" type="nvee">lögreglu</w>
            <w lemma="á" type="af">á</w>
            <w lemma="slys" type="nheþg">slysinu</w>
            <w lemma="segja" type="sfg3en">segir</w>
            <w lemma="á" type="af">á</w>
            <w lemma="vefur" type="nkeþg">vefnum</w>
            <w lemma="Tampa" type="n----s">Tampa</w>
            <w lemma="Tribune" type="n----s">Tribune</w>
            <c type="pl">.</c>
          </s>
          <s n="3">
            <w lemma="telja" type="sþghen">Talið</w>
            <w lemma="vera" type="sfg3en">er</w>
            <w lemma="að" type="c">að</w>
            <w lemma="slys" type="nheng">slysið</w>
            <w lemma="hafa" type="svg3en">hafi</w>
            <w lemma="verða" type="sþghen">orðið</w>
            <w lemma="með" type="af">með</w>
            <w lemma="sá" type="fakeþ">þeim</w>
            <w lemma="háttur" type="nkeþ">hætti</w>
            <w lemma="að" type="c">að</w>
            <w lemma="fallhlíf" type="nvfn">fallhlífar</w>
            <w lemma="hún" type="fpvfe">þeirra</w>
            <w lemma="opna" type="svm3fþ">opnuðust</w>
            <w lemma="ekki" type="aa">ekki</w>
            <w lemma="og" type="c">og</w>
            <w lemma="að" type="c">að</w>
            <w lemma="varafallhlífir" type="nkfn">varafallhlífar</w>
            <w lemma="opna" type="svm3fþ">opnuðust</w>
            <w lemma="of" type="aa">of</w>
            <w lemma="seint" type="aa">seint</w>
            <c type="pl">.</c>
          </s>
          <s n="4">
            <w lemma="þegar" type="c">Þegar</w>
            <w lemma="að" type="c">að</w>
            <w lemma="ljós" type="lhensf">ljóst</w>
            <w lemma="verða" type="sfg3eþ">varð</w>
            <w lemma="að" type="c">að</w>
            <w lemma="tveir" type="tfkfo">tvo</w>
            <w lemma="fallhlífastökkvari" type="nkfo">fallhlífastökkvara</w>
            <w lemma="vanta" type="sfg3eþ">vantaði</w>
            <w lemma="úr" type="af">úr</w>
            <w lemma="22" type="ta">22</w>
            <w lemma="maður" type="nkfe">manna</w>
            <w lemma="hópur" type="nkeþ">hópi</w>
            <w lemma="sem" type="ct">sem</w>
            <w lemma="stokk" type="nheng">stokkið</w>
            <w lemma="hafa" type="sfg3eþ">hafði</w>
            <w lemma="vera" type="sfg3eþ">var</w>
            <w lemma="hefja" type="sþgven">hafin</w>
            <w lemma="leit" type="nven">leit</w>
            <w lemma="og" type="c">og</w>
            <w lemma="finna" type="sfm3fþ">fundust</w>
            <w lemma="lík" type="nhfn">lík</w>
            <w lemma="maður" type="nkfeg">mannanna</w>
            <w lemma="tveir" type="tfkfe">tveggja</w>
            <w lemma="eftir" type="af">eftir</w>
            <w lemma="nokkur" type="fokeo">nokkurn</w>
            <w lemma="tími" type="nkeo">tíma</w>
            <c type="pl">.</c>
          </s>
          <s n="5">
            <w lemma="rannsókn" type="nven">Rannsókn</w>
            <w lemma="lögregla" type="nvee">lögreglu</w>
            <w lemma="vera" type="sfg3en">er</w>
            <w lemma="í" type="af">í</w>
            <w lemma="fullur" type="lkeþsf">fullum</w>
            <w lemma="gangur" type="nkeþ">gangi</w>
            <w lemma="en" type="c">en</w>
            <w lemma="ólíklegur" type="lhensf">ólíklegt</w>
            <w lemma="þykja" type="sfg3en">þykir</w>
            <w lemma="að" type="c">að</w>
            <w lemma="myndband" type="nheng">myndbandið</w>
            <w lemma="verða" type="svg3en">verði</w>
            <w lemma="gera" type="sþghen">gert</w>
            <w lemma="opinber" type="lhensf">opinbert</w>
            <w lemma="snemma" type="aam">fyrr</w>
            <w lemma="en" type="c">en</w>
            <w lemma="að" type="af">að</w>
            <w lemma="hún" type="fpveþ">henni</w>
            <w lemma="lokinn" type="lveþsf">lokinni</w>
            <c type="pl">.</c>
          </s>
        </p>
      </div1>
    </body>
  </text>
</TEI>
