<?xml version="1.0" encoding="utf-8"?>
<TEI xmlns="http://www.tei-c.org/ns/1.0">
  <teiHeader>
    <fileDesc>
      <titleStmt>
        <title>
          <title type="main">Reynt til þrautar að ná samkomulagi</title>
        </title>
        <respStmt>
          <resp xml:lang="is">Söfnun og úrvinnsla texta</resp>
          <resp xml:lang="en">Collection and processing of text</resp>
          <name xml:lang="is">Stofnun Árna Magnússonar í íslenskum fræðum</name>
          <name xml:lang="en">The Arni Magnusson Institute for Icelandic Studies</name>
        </respStmt>
      </titleStmt>
      <editionStmt>
        <p xml:lang="is">Íslensk risamálheild (2019)</p>
        <p xml:lang="en">Tagged Icelandic Gigaword Corpus (2019)</p>
      </editionStmt>
      <publicationStmt>
        <distributor xml:lang="is">Stofnun Árna Magnússonar í íslenskum fræðum</distributor>
        <distributor xml:lang="en">The Arni Magnusson Institute for Icelandic Studies</distributor>
        <address>
          <addrLine xml:lang="is">Árnagarður við Suðurgötu, 107 Reykjavík, Íslandi</addrLine>
          <addrLine xml:lang="en">Árnagarður Suðurgata, 107 Reykjavik, Iceland</addrLine>
          <addrLine>
            <email>arnastofnun@arnastofnun.is</email>
          </addrLine>
        </address>
        <idno type="risam">G-25-2538450</idno>
        <availability>
          <p xml:lang="is">Þessi texti er til notkunar í málrannsóknum og máltækniverkefnum um allan heim með sérstöku leyfi, sjá rmh2Hdr.xml</p>
          <p xml:lang="en">This text is available for use in language research and language technology projects world wide with a special license, see rmh2Hdr.xml</p>
        </availability>
        <date>2020-05-26</date>
      </publicationStmt>
      <sourceDesc>
        <biblStruct>
          <analytic>
            <title>
              <title type="main">Reynt til þrautar að ná samkomulagi</title>
            </title>
            <date when="2013-03-17T12:00:00">17.03 2013 kl. 12:00:00</date>
          </analytic>
          <monogr>
            <title>Bylgjan</title>
            <imprint>
              <publisher>365 miðlar hf.</publisher>
              <pubPlace>Reykjavík</pubPlace>
            </imprint>
          </monogr>
        </biblStruct>
      </sourceDesc>
    </fileDesc>
    <encodingDesc>
      <projectDesc>
        <p xml:lang="is">Sjá lýsingu á verkefninu í rmh2Hdr.xml.</p>
        <p xml:lang="en">See description of project in rmh2Hdr.xml.</p>
      </projectDesc>
      <tagsDecl>
        <namespace name="http://www.tei-c.org/ns/1.0">
          <tagUsage gi="text" occurs="1"/>
          <tagUsage gi="body" occurs="1"/>
          <tagUsage gi="div1" occurs="1"/>
          <tagUsage gi="p" occurs="2"/>
          <tagUsage gi="s" occurs="8"/>
          <tagUsage gi="w" occurs="133"/>
          <tagUsage gi="c" occurs="13"/>
        </namespace>
      </tagsDecl>
    </encodingDesc>
    <profileDesc>
     <textClass>
      <keywords scheme="#RMH">
       <list>
        <item>Frétt – almennt</item>
       </list>
      </keywords>
     </textClass>
    </profileDesc>
  </teiHeader>
  <text>
    <body>
      <div1>
        <p n="1">
          <s n="1">
            <w lemma="reyna" type="sþghen">Reynt</w>
            <w lemma="verða" type="sfg3en">verður</w>
            <w lemma="til" type="af">til</w>
            <w lemma="þraut" type="nvee">þrautar</w>
            <w lemma="í" type="af">í</w>
            <w lemma="dagur" type="nkeo">dag</w>
            <w lemma="að" type="cn">að</w>
            <w lemma="ná" type="sng">ná</w>
            <w lemma="samkomulag" type="nheþ">samkomulagi</w>
            <w lemma="um" type="af">um</w>
            <w lemma="afgreiðsla" type="nveo">afgreiðslu</w>
            <w lemma="stjórnarskrármál" type="nheeg">stjórnarskrármálsins</w>
            <w lemma="á" type="af">á</w>
            <w lemma="Alþingi" type="nheþ-s">Alþingi</w>
            <w lemma="svo" type="aa">svo</w>
            <w lemma="hægur" type="lhensf">hægt</w>
            <w lemma="verða" type="svg3en">verði</w>
            <w lemma="að" type="cn">að</w>
            <w lemma="ljúka" type="sng">ljúka</w>
            <w lemma="þingstarf" type="nhfþ">þingstörfum</w>
            <c type="pl">.</c>
          </s>
          <s n="2">
            <w lemma="formaður" type="nkfn">Formenn</w>
            <w lemma="stjórnmálaflokkur" type="nkfeg">stjórnmálaflokkanna</w>
            <w lemma="munu" type="sfg3fn">munu</w>
            <w lemma="væntanlega" type="aa">væntanlega</w>
            <w lemma="funda" type="sng">funda</w>
            <w lemma="um" type="af">um</w>
            <w lemma="staða" type="nveog">stöðuna</w>
            <w lemma="síðar" type="aam">síðar</w>
            <w lemma="í" type="af">í</w>
            <w lemma="dagur" type="nkeo">dag</w>
            <c type="pl">.</c>
          </s>
        </p>
        <p n="2">
          <s n="1">
            <w lemma="fjölmargur" type="lhfnsf">Fjölmörg</w>
            <w lemma="mál" type="nhfn">mál</w>
            <w lemma="bíða" type="sfg3fn">bíða</w>
            <w lemma="enn" type="aa">enn</w>
            <w lemma="afgreiðsla" type="nveo">afgreiðslu</w>
            <w lemma="á" type="af">á</w>
            <w lemma="Alþingi" type="nheþ-s">Alþingi</w>
            <w lemma="en" type="c">en</w>
            <w lemma="samkvæmt" type="af">samkvæmt</w>
            <w lemma="starfsáætlun" type="nveþ">starfsáætlun</w>
            <w lemma="eiga" type="sfg3eþ">átti</w>
            <w lemma="þingstarf" type="nhfþ">þingstörfum</w>
            <w lemma="að" type="cn">að</w>
            <w lemma="ljúka" type="sng">ljúka</w>
            <w lemma="á" type="af">á</w>
            <w lemma="föstudagur" type="nkeo">föstudag</w>
            <c type="pl">.</c>
          </s>
          <s n="2">
            <w lemma="ágreiningur" type="nken">Ágreiningur</w>
            <w lemma="um" type="af">um</w>
            <w lemma="stjórnarskrármál" type="nheog">stjórnarskrármálið</w>
            <w lemma="hafa" type="sfg3en">hefur</w>
            <w lemma="valda" type="sþghen">valdið</w>
            <w lemma="það" type="fpheþ">því</w>
            <w lemma="að" type="c">að</w>
            <w lemma="ekki" type="aa">ekki</w>
            <w lemma="hafa" type="sfg3en">hefur</w>
            <w lemma="ná" type="sþmhen">náðst</w>
            <w lemma="samkomulag" type="nhen">samkomulag</w>
            <w lemma="milli" type="af">milli</w>
            <w lemma="þingflokkur" type="nkfeg">þingflokkanna</w>
            <w lemma="um" type="af">um</w>
            <w lemma="að" type="cn">að</w>
            <w lemma="ljúka" type="sng">ljúka</w>
            <w lemma="þingstarf" type="nhfþ">þingstörfum</w>
            <c type="pl">.</c>
          </s>
          <s n="3">
            <w lemma="Árni" type="nken-s">Árni</w>
            <w lemma="Páll" type="nken-s">Páll</w>
            <w lemma="Árnason" type="nken-s">Árnason</w>
            <c type="pk">,</c>
            <w lemma="formaður" type="nken">formaður</w>
            <w lemma="Samfylkingin" type="nveegs">Samfylkingarinnar</w>
            <c type="pk">,</c>
            <w lemma="leggja" type="sfg3eþ">lagði</w>
            <w lemma="í" type="aa">í</w>
            <w lemma="gær" type="aa">gær</w>
            <w lemma="fram" type="aa">fram</w>
            <w lemma="sáttatilboð" type="nheo">sáttatilboð</w>
            <w lemma="til" type="af">til</w>
            <w lemma="formaður" type="nkfe">formanna</w>
            <w lemma="stjórnarandstöðuflokkur" type="nkfeg">stjórnarandstöðuflokkanna</w>
            <c type="pk">,</c>
            <w lemma="en" type="c">en</w>
            <w lemma="búa" type="sþmhen">búist</w>
            <w lemma="vera" type="sfg3en">er</w>
            <w lemma="við" type="af">við</w>
            <w lemma="það" type="fpheþ">því</w>
            <w lemma="að" type="c">að</w>
            <w lemma="formaður" type="nkfng">formennirnir</w>
            <w lemma="funda" type="svg3fn">fundi</w>
            <w lemma="síðar" type="aam">síðar</w>
            <w lemma="í" type="af">í</w>
            <w lemma="dagur" type="nkeo">dag</w>
            <c type="pl">.</c>
          </s>
          <s n="4">
            <w lemma="Samfylkingin" type="nvengs">Samfylkingin</w>
            <w lemma="vilja" type="sfg3en">vill</w>
            <w lemma="freista" type="sng">freista</w>
            <w lemma="það" type="fphee">þess</w>
            <w lemma="að" type="cn">að</w>
            <w lemma="ná" type="sng">ná</w>
            <w lemma="inn" type="aa">inn</w>
            <w lemma="auðlindaákvæði" type="nheþg">auðlindaákvæðinu</w>
            <w lemma="fyrir" type="af">fyrir</w>
            <w lemma="þinglok" type="nhfo">þinglok</w>
            <w lemma="og" type="c">og</w>
            <w lemma="einnig" type="aa">einnig</w>
            <w lemma="klára" type="sng">klára</w>
            <w lemma="breyting" type="nvfo">breytingar</w>
            <w lemma="á" type="af">á</w>
            <w lemma="breytingarákvæði" type="nheþ">breytingarákvæði</w>
            <w lemma="stjórnarskrá" type="nveeg">stjórnarskrárinnar</w>
            <c type="pl">.</c>
          </s>
          <s n="5">
            <w lemma="ekki" type="aa">Ekki</w>
            <w lemma="vera" type="sfg3en">er</w>
            <w lemma="búinn" type="lhensf">búið</w>
            <w lemma="að" type="cn">að</w>
            <w lemma="boða" type="sng">boða</w>
            <w lemma="til" type="af">til</w>
            <w lemma="þingfundur" type="nkee">þingfundar</w>
            <w lemma="á" type="af">á</w>
            <w lemma="morgunn" type="nkeo">morgun</w>
            <c type="pl">.</c>
          </s>
          <s n="6">
            <w lemma="Ásta" type="nven-s">Ásta</w>
            <w lemma="Ragnheiður" type="nven-s">Ragnheiður</w>
            <w lemma="Jóhannesdóttir" type="nven-s">Jóhannesdóttir</w>
            <c type="pk">,</c>
            <w lemma="forseti" type="nken">forseti</w>
            <w lemma="Alþingi" type="nhee-s">Alþingis</w>
            <c type="pk">,</c>
            <w lemma="segja" type="sfg3eþ">sagði</w>
            <w lemma="í" type="af">í</w>
            <w lemma="samtal" type="nheþ">samtali</w>
            <w lemma="við" type="af">við</w>
            <w lemma="fréttastofa" type="nveo">fréttastofu</w>
            <w lemma="að" type="c">að</w>
            <w lemma="hún" type="fpven">hún</w>
            <w lemma="munu" type="svg3en">muni</w>
            <w lemma="meta" type="sng">meta</w>
            <w lemma="staða" type="nveog">stöðuna</w>
            <w lemma="í" type="af">í</w>
            <w lemma="kvöld" type="nheo">kvöld</w>
            <w lemma="eftir" type="af">eftir</w>
            <w lemma="fundur" type="nkeo">fund</w>
            <w lemma="formaður" type="nkfeg">formannanna</w>
            <c type="pl">.</c>
          </s>
        </p>
      </div1>
    </body>
  </text>
</TEI>
