<?xml version="1.0" encoding="utf-8"?>
<TEI xmlns="http://www.tei-c.org/ns/1.0">
  <teiHeader>
    <fileDesc>
      <titleStmt>
        <title>
          <title type="main">Heillaóskir frá Íslandi</title>
        </title>
        <respStmt>
          <resp xml:lang="is">Söfnun og úrvinnsla texta</resp>
          <resp xml:lang="en">Collection and processing of text</resp>
          <name xml:lang="is">Stofnun Árna Magnússonar í íslenskum fræðum</name>
          <name xml:lang="en">The Arni Magnusson Institute for Icelandic Studies</name>
        </respStmt>
      </titleStmt>
      <editionStmt>
        <p xml:lang="is">Íslensk risamálheild (2019)</p>
        <p xml:lang="en">Tagged Icelandic Gigaword Corpus (2019)</p>
      </editionStmt>
      <publicationStmt>
        <distributor xml:lang="is">Stofnun Árna Magnússonar í íslenskum fræðum</distributor>
        <distributor xml:lang="en">The Arni Magnusson Institute for Icelandic Studies</distributor>
        <address>
          <addrLine xml:lang="is">Árnagarður við Suðurgötu, 107 Reykjavík, Íslandi</addrLine>
          <addrLine xml:lang="en">Árnagarður Suðurgata, 107 Reykjavik, Iceland</addrLine>
          <addrLine>
            <email>arnastofnun@arnastofnun.is</email>
          </addrLine>
        </address>
        <idno type="risam">G-25-2539555</idno>
        <availability>
          <p xml:lang="is">Þessi texti er til notkunar í málrannsóknum og máltækniverkefnum um allan heim með sérstöku leyfi, sjá rmh2Hdr.xml</p>
          <p xml:lang="en">This text is available for use in language research and language technology projects world wide with a special license, see rmh2Hdr.xml</p>
        </availability>
        <date>2020-05-26</date>
      </publicationStmt>
      <sourceDesc>
        <biblStruct>
          <analytic>
            <title>
              <title type="main">Heillaóskir frá Íslandi</title>
            </title>
            <date when="2013-03-14T12:00:00">14.03 2013 kl. 12:00:00</date>
          </analytic>
          <monogr>
            <title>Bylgjan</title>
            <imprint>
              <publisher>365 miðlar hf.</publisher>
              <pubPlace>Reykjavík</pubPlace>
            </imprint>
          </monogr>
        </biblStruct>
      </sourceDesc>
    </fileDesc>
    <encodingDesc>
      <projectDesc>
        <p xml:lang="is">Sjá lýsingu á verkefninu í rmh2Hdr.xml.</p>
        <p xml:lang="en">See description of project in rmh2Hdr.xml.</p>
      </projectDesc>
      <tagsDecl>
        <namespace name="http://www.tei-c.org/ns/1.0">
          <tagUsage gi="text" occurs="1"/>
          <tagUsage gi="body" occurs="1"/>
          <tagUsage gi="div1" occurs="1"/>
          <tagUsage gi="p" occurs="1"/>
          <tagUsage gi="s" occurs="3"/>
          <tagUsage gi="w" occurs="69"/>
          <tagUsage gi="c" occurs="9"/>
        </namespace>
      </tagsDecl>
    </encodingDesc>
    <profileDesc>
     <textClass>
      <keywords scheme="#RMH">
       <list>
        <item>Frétt – almennt</item>
       </list>
      </keywords>
     </textClass>
    </profileDesc>
  </teiHeader>
  <text>
    <body>
      <div1>
        <p n="1">
          <s n="1">
            <w lemma="Ólafur" type="nken-s">Ólafur</w>
            <w lemma="Ragnar" type="nken-s">Ragnar</w>
            <w lemma="Grímsson" type="nken-s">Grímsson</w>
            <c type="pk">,</c>
            <w lemma="forseti" type="nken">forseti</w>
            <w lemma="Ísland" type="nhee-s">Íslands</w>
            <c type="pk">,</c>
            <w lemma="senda" type="sfg3eþ">sendi</w>
            <w lemma="í" type="af">í</w>
            <w lemma="morgunn" type="nkeo">morgun</w>
            <w lemma="nýkjörinn" type="lkeþsf">nýkjörnum</w>
            <w lemma="páfi" type="nkeþ">páfa</w>
            <c type="pk">,</c>
            <w lemma="Frans" type="nkeþ-s">Frans</w>
            <w lemma="i" type="ta">I</w>
            <c type="pk">,</c>
            <w lemma="heillaósk" type="nvfo">heillaóskir</w>
            <w lemma="frá" type="af">frá</w>
            <w lemma="sig" type="fpvfþ">sér</w>
            <w lemma="og" type="c">og</w>
            <w lemma="íslenskur" type="lveþvf">íslensku</w>
            <w lemma="þjóð" type="nveþg">þjóðinni</w>
            <c type="pl">.</c>
          </s>
          <s n="2">
            <w lemma="í" type="af">Í</w>
            <w lemma="kveðja" type="nveþg">kveðjunni</w>
            <w lemma="árétta" type="sfg3eþ">áréttaði</w>
            <w lemma="forseti" type="nken">forseti</w>
            <w lemma="tengsl" type="nhfo">tengsl</w>
            <w lemma="Íslendingur" type="nkfe-s">Íslendinga</w>
            <w lemma="við" type="af">við</w>
            <w lemma="hinn" type="gveo">hina</w>
            <w lemma="kaþólskur" type="lveovf">kaþólsku</w>
            <w lemma="kirkja" type="nveo">kirkju</w>
            <c type="pk">,</c>
            <w lemma="bæði" type="c">bæði</w>
            <w lemma="á" type="af">á</w>
            <w lemma="fyrri" type="lvfþvm">fyrri</w>
            <w lemma="öld" type="nvfþ">öldum</w>
            <w lemma="og" type="c">og</w>
            <w lemma="með" type="af">með</w>
            <w lemma="vaxandi" type="lkeþof">vaxandi</w>
            <w lemma="fjöldi" type="nkeþ">fjölda</w>
            <w lemma="kaþólskur" type="lkfesf">kaþólskra</w>
            <w lemma="íbúi" type="nkfe">íbúa</w>
            <w lemma="land" type="nheeg">landsins</w>
            <w lemma="á" type="af">á</w>
            <w lemma="undanfarinn" type="lhfþsf">undanförnum</w>
            <w lemma="ár" type="nhfþ">árum</w>
            <c type="pl">.</c>
          </s>
          <s n="3">
            <w lemma="ennfremur" type="aa">Ennfremur</w>
            <w lemma="minna" type="sfm3eþ">minntist</w>
            <w lemma="forseti" type="nken">forseti</w>
            <w lemma="heimsókn" type="nvee">heimsóknar</w>
            <w lemma="til" type="af">til</w>
            <w lemma="Páfagarður" type="nkee-s">Páfagarðs</w>
            <w lemma="fyrir" type="af">fyrir</w>
            <w lemma="tveir" type="tfhfþ">tveimur</w>
            <w lemma="ár" type="nhfþ">árum</w>
            <w lemma="þegar" type="c">þegar</w>
            <w lemma="hann" type="fpken">hann</w>
            <w lemma="ásamt" type="af">ásamt</w>
            <w lemma="Snæfellingur" type="nkfþ-s">Snæfellingum</w>
            <w lemma="afhenda" type="sfg3eþ">afhenti</w>
            <w lemma="Páfagarður" type="nkeþ-s">Páfagarði</w>
            <w lemma="stytta" type="nveþ">styttu</w>
            <w lemma="af" type="af">af</w>
            <w lemma="Guðríður" type="nveþ-s">Guðríði</w>
            <w lemma="Þorbjarnardóttir" type="nveþ-s">Þorbjarnardóttur</w>
            <c type="pk">,</c>
            <w lemma="tákn" type="nhfo">tákn</w>
            <w lemma="um" type="af">um</w>
            <w lemma="náinn" type="lhfosf">náin</w>
            <w lemma="sögulegur" type="lhfosf">söguleg</w>
            <w lemma="tengsl" type="nhfo">tengsl</w>
            <w lemma="kirkja" type="nvee">kirkju</w>
            <w lemma="og" type="c">og</w>
            <w lemma="þjóð" type="nvee">þjóðar</w>
            <c type="pl">.</c>
          </s>
        </p>
      </div1>
    </body>
  </text>
</TEI>
