<?xml version="1.0" encoding="utf-8"?>
<TEI xmlns="http://www.tei-c.org/ns/1.0">
  <teiHeader>
    <fileDesc>
      <titleStmt>
        <title>
          <title type="main">Vatíkanið - Undirbúningur að kjöri næsta páfa hefst í dag</title>
        </title>
        <respStmt>
          <resp xml:lang="is">Söfnun og úrvinnsla texta</resp>
          <resp xml:lang="en">Collection and processing of text</resp>
          <name xml:lang="is">Stofnun Árna Magnússonar í íslenskum fræðum</name>
          <name xml:lang="en">The Arni Magnusson Institute for Icelandic Studies</name>
        </respStmt>
      </titleStmt>
      <editionStmt>
        <p xml:lang="is">Íslensk risamálheild (2019)</p>
        <p xml:lang="en">Tagged Icelandic Gigaword Corpus (2019)</p>
      </editionStmt>
      <publicationStmt>
        <distributor xml:lang="is">Stofnun Árna Magnússonar í íslenskum fræðum</distributor>
        <distributor xml:lang="en">The Arni Magnusson Institute for Icelandic Studies</distributor>
        <address>
          <addrLine xml:lang="is">Árnagarður við Suðurgötu, 107 Reykjavík, Íslandi</addrLine>
          <addrLine xml:lang="en">Árnagarður Suðurgata, 107 Reykjavik, Iceland</addrLine>
          <addrLine>
            <email>arnastofnun@arnastofnun.is</email>
          </addrLine>
        </address>
        <idno type="risam">G-25-2547165</idno>
        <availability>
          <p xml:lang="is">Þessi texti er til notkunar í málrannsóknum og máltækniverkefnum um allan heim með sérstöku leyfi, sjá rmh2Hdr.xml</p>
          <p xml:lang="en">This text is available for use in language research and language technology projects world wide with a special license, see rmh2Hdr.xml</p>
        </availability>
        <date>2020-05-26</date>
      </publicationStmt>
      <sourceDesc>
        <biblStruct>
          <analytic>
            <title>
              <title type="main">Vatíkanið - Undirbúningur að kjöri næsta páfa hefst í dag</title>
            </title>
            <date when="2013-03-04T12:00:00">04.03 2013 kl. 12:00:00</date>
          </analytic>
          <monogr>
            <title>Bylgjan</title>
            <imprint>
              <publisher>365 miðlar hf.</publisher>
              <pubPlace>Reykjavík</pubPlace>
            </imprint>
          </monogr>
        </biblStruct>
      </sourceDesc>
    </fileDesc>
    <encodingDesc>
      <projectDesc>
        <p xml:lang="is">Sjá lýsingu á verkefninu í rmh2Hdr.xml.</p>
        <p xml:lang="en">See description of project in rmh2Hdr.xml.</p>
      </projectDesc>
      <tagsDecl>
        <namespace name="http://www.tei-c.org/ns/1.0">
          <tagUsage gi="text" occurs="1"/>
          <tagUsage gi="body" occurs="1"/>
          <tagUsage gi="div1" occurs="1"/>
          <tagUsage gi="p" occurs="1"/>
          <tagUsage gi="s" occurs="4"/>
          <tagUsage gi="w" occurs="52"/>
          <tagUsage gi="c" occurs="4"/>
        </namespace>
      </tagsDecl>
    </encodingDesc>
    <profileDesc>
     <textClass>
      <keywords scheme="#RMH">
       <list>
        <item>Frétt – almennt</item>
       </list>
      </keywords>
     </textClass>
    </profileDesc>
  </teiHeader>
  <text>
    <body>
      <div1>
        <p n="1">
          <s n="1">
            <w lemma="undirbúningur" type="nken">Undirbúningur</w>
            <w lemma="að" type="af">að</w>
            <w lemma="kjör" type="nheþ">kjöri</w>
            <w lemma="næstur" type="lvenve">næsta</w>
            <w lemma="páfi" type="nkee">páfa</w>
            <w lemma="hafa" type="sfm3en">hefst</w>
            <w lemma="í" type="af">í</w>
            <w lemma="dagur" type="nkeo">dag</w>
            <c type="pl">.</c>
          </s>
          <s n="2">
            <w lemma="þá" type="aa">Þá</w>
            <w lemma="munu" type="sfg3fn">munu</w>
            <w lemma="115" type="ta">115</w>
            <w lemma="kardínáli" type="nkfn">kardínálar</w>
            <w lemma="koma" type="sng">koma</w>
            <w lemma="saman" type="aa">saman</w>
            <w lemma="til" type="af">til</w>
            <w lemma="fyrstur" type="lkeeve">fyrsta</w>
            <w lemma="undirbúningsfundur" type="nkee">undirbúningsfundar</w>
            <w lemma="fyrir" type="af">fyrir</w>
            <w lemma="kjörinn" type="lheosf">kjörið</w>
            <c type="pl">.</c>
          </s>
          <s n="3">
            <w lemma="telja" type="sþghen">Talið</w>
            <w lemma="vera" type="sfg3en">er</w>
            <w lemma="að" type="c">að</w>
            <w lemma="fundur" type="nkfng">fundirnir</w>
            <w lemma="munu" type="svg3fn">muni</w>
            <w lemma="standa" type="sng">standa</w>
            <w lemma="einhver" type="fohen">eitthvað</w>
            <w lemma="fram" type="aa">fram</w>
            <w lemma="eftir" type="af">eftir</w>
            <w lemma="vika" type="nveþg">vikunni</w>
            <c type="pl">.</c>
          </s>
          <s n="4">
            <w lemma="að" type="af">Að</w>
            <w lemma="sá" type="fakfþ">þeim</w>
            <w lemma="lokinn" type="lvfþsf">loknum</w>
            <w lemma="verða" type="sfg3fn">verða</w>
            <w lemma="kardínáli" type="nkfng">kardínálarnir</w>
            <w lemma="loka" type="sþgkfn">lokaðir</w>
            <w lemma="inni" type="aa">inni</w>
            <w lemma="í" type="af">í</w>
            <w lemma="sixtínska" type="nveþ">sixtínsku</w>
            <w lemma="kapella" type="nveþg">kapellunni</w>
            <w lemma="og" type="c">og</w>
            <w lemma="verða" type="sfg3en">verður</w>
            <w lemma="ekki" type="aa">ekki</w>
            <w lemma="hleypa" type="sþghen">hleypt</w>
            <w lemma="út" type="aa">út</w>
            <w lemma="aftur" type="aa">aftur</w>
            <w lemma="snemma" type="aam">fyrr</w>
            <w lemma="en" type="c">en</w>
            <w lemma="hann" type="fpkfn">þeir</w>
            <w lemma="hafa" type="sfg3fn">hafa</w>
            <w lemma="velja" type="sþghen">valið</w>
            <w lemma="nýr" type="lkeosf">nýjan</w>
            <w lemma="páfi" type="nkeo">páfa</w>
            <c type="pl">.</c>
          </s>
        </p>
      </div1>
    </body>
  </text>
</TEI>
