<?xml version="1.0" encoding="utf-8"?>
<TEI xmlns="http://www.tei-c.org/ns/1.0">
  <teiHeader>
    <fileDesc>
      <titleStmt>
        <title>
          <title type="main">Sinubruni</title>
        </title>
        <respStmt>
          <resp xml:lang="is">Söfnun og úrvinnsla texta</resp>
          <resp xml:lang="en">Collection and processing of text</resp>
          <name xml:lang="is">Stofnun Árna Magnússonar í íslenskum fræðum</name>
          <name xml:lang="en">The Arni Magnusson Institute for Icelandic Studies</name>
        </respStmt>
      </titleStmt>
      <editionStmt>
        <p xml:lang="is">Íslensk risamálheild (2019)</p>
        <p xml:lang="en">Tagged Icelandic Gigaword Corpus (2019)</p>
      </editionStmt>
      <publicationStmt>
        <distributor xml:lang="is">Stofnun Árna Magnússonar í íslenskum fræðum</distributor>
        <distributor xml:lang="en">The Arni Magnusson Institute for Icelandic Studies</distributor>
        <address>
          <addrLine xml:lang="is">Árnagarður við Suðurgötu, 107 Reykjavík, Íslandi</addrLine>
          <addrLine xml:lang="en">Árnagarður Suðurgata, 107 Reykjavik, Iceland</addrLine>
          <addrLine>
            <email>arnastofnun@arnastofnun.is</email>
          </addrLine>
        </address>
        <idno type="risam">G-25-2506064</idno>
        <availability>
          <p xml:lang="is">Þessi texti er til notkunar í málrannsóknum og máltækniverkefnum um allan heim með sérstöku leyfi, sjá rmh2Hdr.xml</p>
          <p xml:lang="en">This text is available for use in language research and language technology projects world wide with a special license, see rmh2Hdr.xml</p>
        </availability>
        <date>2020-05-26</date>
      </publicationStmt>
      <sourceDesc>
        <biblStruct>
          <analytic>
            <title>
              <title type="main">Sinubruni</title>
            </title>
            <date when="2013-03-19T08:00:00">19.03 2013 kl. 08:00:00</date>
          </analytic>
          <monogr>
            <title>Bylgjan</title>
            <imprint>
              <publisher>365 miðlar hf.</publisher>
              <pubPlace>Reykjavík</pubPlace>
            </imprint>
          </monogr>
        </biblStruct>
      </sourceDesc>
    </fileDesc>
    <encodingDesc>
      <projectDesc>
        <p xml:lang="is">Sjá lýsingu á verkefninu í rmh2Hdr.xml.</p>
        <p xml:lang="en">See description of project in rmh2Hdr.xml.</p>
      </projectDesc>
      <tagsDecl>
        <namespace name="http://www.tei-c.org/ns/1.0">
          <tagUsage gi="text" occurs="1"/>
          <tagUsage gi="body" occurs="1"/>
          <tagUsage gi="div1" occurs="1"/>
          <tagUsage gi="p" occurs="1"/>
          <tagUsage gi="s" occurs="2"/>
          <tagUsage gi="w" occurs="43"/>
          <tagUsage gi="c" occurs="2"/>
        </namespace>
      </tagsDecl>
    </encodingDesc>
    <profileDesc>
     <textClass>
      <keywords scheme="#RMH">
       <list>
        <item>Frétt – almennt</item>
       </list>
      </keywords>
     </textClass>
    </profileDesc>
  </teiHeader>
  <text>
    <body>
      <div1>
        <p n="1">
          <s n="1">
            <w lemma="tilkynnt" type="nhen">Tilkynnt</w>
            <w lemma="vera" type="sfg3eþ">var</w>
            <w lemma="um" type="af">um</w>
            <w lemma="sinubruni" type="nkeo">sinubruna</w>
            <w lemma="uppi" type="aae">efst</w>
            <w lemma="í" type="af">í</w>
            <w lemma="Húsahverfi" type="nheþgs">Húsahverfinu</w>
            <w lemma="í" type="af">í</w>
            <w lemma="Reykjavík" type="nveþ-s">Reykjavík</w>
            <w lemma="um" type="aa">um</w>
            <w lemma="klukka" type="nveng">klukkan</w>
            <w lemma="hálf" type="aa">hálf</w>
            <w lemma="fimm" type="ta">fimm</w>
            <w lemma="í" type="af">í</w>
            <w lemma="morgunn" type="nkeo">morgun</w>
            <w lemma="og" type="c">og</w>
            <w lemma="slökkvilið" type="nheng">slökkviliðið</w>
            <w lemma="þegar" type="aa">þegar</w>
            <w lemma="senda" type="sþghen">sent</w>
            <w lemma="á" type="af">á</w>
            <w lemma="staður" type="nkeog">staðinn</w>
            <c type="pl">.</c>
          </s>
          <s n="2">
            <w lemma="þegar" type="c">Þegar</w>
            <w lemma="það" type="fphen">það</w>
            <w lemma="koma" type="sfg3eþ">kom</w>
            <w lemma="á" type="af">á</w>
            <w lemma="vettvangur" type="nkeo">vettvang</w>
            <w lemma="hafa" type="sfg3eþ">hafði</w>
            <w lemma="eldur" type="nkeng">eldurinn</w>
            <w lemma="ekki" type="aa">ekki</w>
            <w lemma="ná" type="sþghen">náð</w>
            <w lemma="mikill" type="lveþsf">mikilli</w>
            <w lemma="útbreiðsla" type="nveþ">útbreiðslu</w>
            <w lemma="og" type="c">og</w>
            <w lemma="ógna" type="sfg3eþ">ógnaði</w>
            <w lemma="ekki" type="aa">ekki</w>
            <w lemma="mannvirki" type="nhfþ">mannvirkjum</w>
            <w lemma="þannig" type="aa">þannig</w>
            <w lemma="að" type="c">að</w>
            <w lemma="greiðlega" type="aa">greiðlega</w>
            <w lemma="ganga" type="sfg3eþ">gekk</w>
            <w lemma="að" type="cn">að</w>
            <w lemma="slökkva" type="sng">slökkva</w>
            <w lemma="hann" type="fpkeo">hann</w>
            <c type="pl">.</c>
          </s>
        </p>
      </div1>
    </body>
  </text>
</TEI>
