<?xml version="1.0" encoding="utf-8"?>
<TEI xmlns="http://www.tei-c.org/ns/1.0">
  <teiHeader>
    <fileDesc>
      <titleStmt>
        <title>
          <title type="main">Skoðanakönnun</title>
        </title>
        <respStmt>
          <resp xml:lang="is">Söfnun og úrvinnsla texta</resp>
          <resp xml:lang="en">Collection and processing of text</resp>
          <name xml:lang="is">Stofnun Árna Magnússonar í íslenskum fræðum</name>
          <name xml:lang="en">The Arni Magnusson Institute for Icelandic Studies</name>
        </respStmt>
      </titleStmt>
      <editionStmt>
        <p xml:lang="is">Íslensk risamálheild (2019)</p>
        <p xml:lang="en">Tagged Icelandic Gigaword Corpus (2019)</p>
      </editionStmt>
      <publicationStmt>
        <distributor xml:lang="is">Stofnun Árna Magnússonar í íslenskum fræðum</distributor>
        <distributor xml:lang="en">The Arni Magnusson Institute for Icelandic Studies</distributor>
        <address>
          <addrLine xml:lang="is">Árnagarður við Suðurgötu, 107 Reykjavík, Íslandi</addrLine>
          <addrLine xml:lang="en">Árnagarður Suðurgata, 107 Reykjavik, Iceland</addrLine>
          <addrLine>
            <email>arnastofnun@arnastofnun.is</email>
          </addrLine>
        </address>
        <idno type="risam">G-25-2545985</idno>
        <availability>
          <p xml:lang="is">Þessi texti er til notkunar í málrannsóknum og máltækniverkefnum um allan heim með sérstöku leyfi, sjá rmh2Hdr.xml</p>
          <p xml:lang="en">This text is available for use in language research and language technology projects world wide with a special license, see rmh2Hdr.xml</p>
        </availability>
        <date>2020-05-26</date>
      </publicationStmt>
      <sourceDesc>
        <biblStruct>
          <analytic>
            <title>
              <title type="main">Skoðanakönnun</title>
            </title>
            <date when="2013-03-01T08:00:00">01.03 2013 kl. 08:00:00</date>
          </analytic>
          <monogr>
            <title>Bylgjan</title>
            <imprint>
              <publisher>365 miðlar hf.</publisher>
              <pubPlace>Reykjavík</pubPlace>
            </imprint>
          </monogr>
        </biblStruct>
      </sourceDesc>
    </fileDesc>
    <encodingDesc>
      <projectDesc>
        <p xml:lang="is">Sjá lýsingu á verkefninu í rmh2Hdr.xml.</p>
        <p xml:lang="en">See description of project in rmh2Hdr.xml.</p>
      </projectDesc>
      <tagsDecl>
        <namespace name="http://www.tei-c.org/ns/1.0">
          <tagUsage gi="text" occurs="1"/>
          <tagUsage gi="body" occurs="1"/>
          <tagUsage gi="div1" occurs="1"/>
          <tagUsage gi="p" occurs="1"/>
          <tagUsage gi="s" occurs="6"/>
          <tagUsage gi="w" occurs="96"/>
          <tagUsage gi="c" occurs="9"/>
        </namespace>
      </tagsDecl>
    </encodingDesc>
    <profileDesc>
     <textClass>
      <keywords scheme="#RMH">
       <list>
        <item>Frétt – almennt</item>
       </list>
      </keywords>
     </textClass>
    </profileDesc>
  </teiHeader>
  <text>
    <body>
      <div1>
        <p n="1">
          <s n="1">
            <w lemma="rösklega" type="aa">Rösklega</w>
            <w lemma="fjórðungur" type="nken">fjórðungur</w>
            <w lemma="sá" type="fakfe">þeirra</w>
            <w lemma="kjósandi" type="nkfe">kjósenda</w>
            <w lemma="sem" type="ct">sem</w>
            <w lemma="taka" type="sfg3fþ">tóku</w>
            <w lemma="afstaða" type="nveo">afstöðu</w>
            <w lemma="í" type="af">í</w>
            <w lemma="nýr" type="lveþsf">nýrri</w>
            <w lemma="könnun" type="nveþ">könnun</w>
            <w lemma="Stöð" type="nvee-s">Stöðvar</w>
            <w lemma="2" type="ta">2</w>
            <w lemma="og" type="c">og</w>
            <w lemma="Fréttablaðið" type="nheegs">Fréttablaðsins</w>
            <w lemma="munu" type="svg3eþ">myndi</w>
            <w lemma="kjósa" type="sng">kjósa</w>
            <w lemma="Framsóknarflokkur" type="nkeogs">Framsóknarflokkinn</w>
            <c type="pl">.</c>
          </s>
          <s n="2">
            <w lemma="fylgi" type="nhen">Fylgi</w>
            <w lemma="við" type="af">við</w>
            <w lemma="Sjálfstæðisflokkur" type="nkeogs">Sjálfstæðisflokkinn</w>
            <w lemma="dala" type="sfg3en">dalar</w>
            <w lemma="frá" type="af">frá</w>
            <w lemma="síðari" type="lveþve">síðustu</w>
            <w lemma="könnun" type="nveþ">könnun</w>
            <c type="pl">.</c>
          </s>
          <s n="3">
            <w lemma="bjartur" type="lvensf">Björt</w>
            <w lemma="framtíð" type="nven">framtíð</w>
            <w lemma="tapa" type="sfg3en">tapar</w>
            <w lemma="mikill" type="lheþsf">miklu</w>
            <w lemma="fylgi" type="nheþ">fylgi</w>
            <c type="pl">.</c>
          </s>
          <s n="4">
            <w lemma="báðir" type="fokfn">Báðir</w>
            <w lemma="stjórnarflokkur" type="nkfng">stjórnarflokkarnir</w>
            <w lemma="eða" type="c">eða</w>
            <w lemma="Samfylkingin" type="nvengs">Samfylkingin</w>
            <w lemma="og" type="c">og</w>
            <w lemma="Vinstri-grænn" type="lkfnsf">Vinstri-grænir</w>
            <w lemma="vera" type="sfg3fn">eru</w>
            <w lemma="að" type="cn">að</w>
            <w lemma="koma" type="sng">koma</w>
            <w lemma="upp" type="aa">upp</w>
            <w lemma="úr" type="af">úr</w>
            <w lemma="öldudalur" type="nkeþ">öldudal</w>
            <w lemma="síðari" type="lveeve">síðustu</w>
            <w lemma="könnun" type="nvee">könnunar</w>
            <w lemma="en" type="c">en</w>
            <w lemma="annar" type="fohfn">önnur</w>
            <w lemma="framboð" type="nhfn">framboð</w>
            <w lemma="mæla" type="sfm3fn">mælast</w>
            <w lemma="allur" type="fohfn">öll</w>
            <w lemma="innan" type="aa">innan</w>
            <w lemma="við" type="af">við</w>
            <w lemma="það" type="fphfo">þau</w>
            <w lemma="5%" type="tp">5%</w>
            <w lemma="sem" type="ct">sem</w>
            <w lemma="þurfa" type="sfg3en">þarf</w>
            <w lemma="til" type="af">til</w>
            <w lemma="að" type="cn">að</w>
            <w lemma="koma" type="sng">koma</w>
            <w lemma="maður" type="nkeþ">manni</w>
            <w lemma="á" type="af">á</w>
            <w lemma="þing" type="nheo">þing</w>
            <c type="pl">.</c>
          </s>
          <s n="5">
            <w lemma="í" type="af">Í</w>
            <w lemma="könnun" type="nveþg">könnuninni</w>
            <w lemma="fá" type="sfg3eþ">fékk</w>
            <w lemma="Framsóknarflokkur" type="nkengs">Framsóknarflokkurinn</w>
            <w lemma="liðlega" type="aa">liðlega</w>
            <w lemma="26%" type="tp">26%</w>
            <c type="pk">,</c>
            <w lemma="Sjálfstæðisflokkur" type="nkengs">Sjálfstæðisflokkurinn</w>
            <w lemma="29%" type="tp">29%</w>
            <c type="pk">,</c>
            <w lemma="Samfylkingin" type="nvengs">Samfylkingin</w>
            <w lemma="12,8" type="ta">12,8</w>
            <c type="pk">,</c>
            <w lemma="Vinstri-grænn" type="lkfnsf">Vinstri-grænir</w>
            <w lemma="11,8" type="ta">11,8</w>
            <w lemma="og" type="c">og</w>
            <w lemma="bjartur" type="lvensf">Björt</w>
            <w lemma="framtíð" type="nven">framtíð</w>
            <w lemma="8,7%" type="tp">8,7%</w>
            <w lemma="fylgi" type="nheo">fylgi</w>
            <c type="pl">.</c>
          </s>
          <s n="6">
            <w lemma="athyglisverður" type="lvfnve">Athyglisverðustu</w>
            <w lemma="niðurstaða" type="nvfn">niðurstöður</w>
            <w lemma="vera" type="sfg3fn">eru</w>
            <w lemma="að" type="c">að</w>
            <w lemma="Sjálfstæðisflokkur" type="nkengs">Sjálfstæðisflokkurinn</w>
            <w lemma="skulu" type="svg3en">skuli</w>
            <w lemma="ekki" type="aa">ekki</w>
            <w lemma="hafa" type="sng">hafa</w>
            <w lemma="auka" type="sþghen">aukið</w>
            <w lemma="við" type="af">við</w>
            <w lemma="fylgi" type="nheo">fylgi</w>
            <w lemma="sinn" type="feheo">sitt</w>
            <w lemma="að" type="af">að</w>
            <w lemma="nýafstaðinn" type="lkeþsf">nýafstöðnum</w>
            <w lemma="landsfundur" type="nkeþ">landsfundi</w>
            <w lemma="og" type="c">og</w>
            <w lemma="fylgishrun" type="nveþ">fylgishrun</w>
            <w lemma="Bjartur" type="nkee-s">Bjartrar</w>
            <w lemma="framtíð" type="nvee">framtíðar</w>
            <c type="pl">.</c>
          </s>
        </p>
      </div1>
    </body>
  </text>
</TEI>
