<?xml version="1.0" encoding="utf-8"?>
<TEI xmlns="http://www.tei-c.org/ns/1.0">
  <teiHeader>
    <fileDesc>
      <titleStmt>
        <title>
          <title type="main">Hefur áhuga á samstarfi</title>
        </title>
        <respStmt>
          <resp xml:lang="is">Söfnun og úrvinnsla texta</resp>
          <resp xml:lang="en">Collection and processing of text</resp>
          <name xml:lang="is">Stofnun Árna Magnússonar í íslenskum fræðum</name>
          <name xml:lang="en">The Arni Magnusson Institute for Icelandic Studies</name>
        </respStmt>
      </titleStmt>
      <editionStmt>
        <p xml:lang="is">Íslensk risamálheild (2019)</p>
        <p xml:lang="en">Tagged Icelandic Gigaword Corpus (2019)</p>
      </editionStmt>
      <publicationStmt>
        <distributor xml:lang="is">Stofnun Árna Magnússonar í íslenskum fræðum</distributor>
        <distributor xml:lang="en">The Arni Magnusson Institute for Icelandic Studies</distributor>
        <address>
          <addrLine xml:lang="is">Árnagarður við Suðurgötu, 107 Reykjavík, Íslandi</addrLine>
          <addrLine xml:lang="en">Árnagarður Suðurgata, 107 Reykjavik, Iceland</addrLine>
          <addrLine>
            <email>arnastofnun@arnastofnun.is</email>
          </addrLine>
        </address>
        <idno type="risam">G-25-2541634</idno>
        <availability>
          <p xml:lang="is">Þessi texti er til notkunar í málrannsóknum og máltækniverkefnum um allan heim með sérstöku leyfi, sjá rmh2Hdr.xml</p>
          <p xml:lang="en">This text is available for use in language research and language technology projects world wide with a special license, see rmh2Hdr.xml</p>
        </availability>
        <date>2020-05-26</date>
      </publicationStmt>
      <sourceDesc>
        <biblStruct>
          <analytic>
            <title>
              <title type="main">Hefur áhuga á samstarfi</title>
            </title>
            <date when="2013-03-22T12:00:00">22.03 2013 kl. 12:00:00</date>
          </analytic>
          <monogr>
            <title>Bylgjan</title>
            <imprint>
              <publisher>365 miðlar hf.</publisher>
              <pubPlace>Reykjavík</pubPlace>
            </imprint>
          </monogr>
        </biblStruct>
      </sourceDesc>
    </fileDesc>
    <encodingDesc>
      <projectDesc>
        <p xml:lang="is">Sjá lýsingu á verkefninu í rmh2Hdr.xml.</p>
        <p xml:lang="en">See description of project in rmh2Hdr.xml.</p>
      </projectDesc>
      <tagsDecl>
        <namespace name="http://www.tei-c.org/ns/1.0">
          <tagUsage gi="text" occurs="1"/>
          <tagUsage gi="body" occurs="1"/>
          <tagUsage gi="div1" occurs="1"/>
          <tagUsage gi="p" occurs="2"/>
          <tagUsage gi="s" occurs="11"/>
          <tagUsage gi="w" occurs="217"/>
          <tagUsage gi="c" occurs="15"/>
        </namespace>
      </tagsDecl>
    </encodingDesc>
    <profileDesc>
     <textClass>
      <keywords scheme="#RMH">
       <list>
        <item>Frétt – almennt</item>
       </list>
      </keywords>
     </textClass>
    </profileDesc>
  </teiHeader>
  <text>
    <body>
      <div1>
        <p n="1">
          <s n="1">
            <w lemma="Olíu-" type="kt">Olíu-</w>
            <w lemma="og" type="c">og</w>
            <w lemma="orkumálaráðherra" type="nken">orkumálaráðherra</w>
            <w lemma="Noregur" type="nkee-s">Noregs</w>
            <w lemma="hafa" type="sfg3en">hefur</w>
            <w lemma="lýsa" type="sþghen">lýst</w>
            <w lemma="yfir" type="aa">yfir</w>
            <w lemma="áhugi" type="nkeþ">áhuga</w>
            <w lemma="á" type="af">á</w>
            <w lemma="samstarf" type="nheþ">samstarfi</w>
            <w lemma="við" type="af">við</w>
            <w lemma="Íslendingur" type="nkfo-s">Íslendinga</w>
            <w lemma="á" type="af">á</w>
            <w lemma="Drekasvæðið" type="nheþgs">Drekasvæðinu</w>
            <c type="pl">.</c>
          </s>
          <s n="2">
            <w lemma="Norðmaður" type="nkfn-s">Norðmenn</w>
            <w lemma="eiga" type="sfg3fn">eiga</w>
            <w lemma="þó" type="aa">þó</w>
            <w lemma="eftir" type="aa">eftir</w>
            <w lemma="að" type="cn">að</w>
            <w lemma="taka" type="sng">taka</w>
            <w lemma="formlegur" type="lveosf">formlega</w>
            <w lemma="ákvörðun" type="nveo">ákvörðun</w>
            <w lemma="um" type="af">um</w>
            <w lemma="leit" type="nveo">leit</w>
            <w lemma="og" type="c">og</w>
            <w lemma="vinnsla" type="nveo">vinnslu</w>
            <w lemma="á" type="af">á</w>
            <w lemma="svæði" type="nheþg">svæðinu</w>
            <c type="pl">.</c>
          </s>
        </p>
        <p n="2">
          <s n="1">
            <w lemma="þessi" type="fahen">Þetta</w>
            <w lemma="koma" type="sfg3eþ">kom</w>
            <w lemma="fram" type="aa">fram</w>
            <w lemma="á" type="af">á</w>
            <w lemma="fundur" type="nkeþ">fundi</w>
            <w lemma="Össur" type="nkee-s">Össurar</w>
            <w lemma="Skarphéðinsson" type="nkee-s">Skarphéðinssonar</w>
            <c type="pk">,</c>
            <w lemma="utanríkisráðherra" type="nkee">utanríkisráðherra</w>
            <w lemma="og" type="c">og</w>
            <w lemma="Ola" type="nkee-s">Ola</w>
            <w lemma="Borten" type="n----s">Borten</w>
            <w lemma="Moe" type="n----s">Moe</w>
            <c type="pk">,</c>
            <w lemma="olíu-" type="kt">olíu-</w>
            <w lemma="og" type="c">og</w>
            <w lemma="orkumálaráðherra" type="nkee">orkumálaráðherra</w>
            <w lemma="Noregur" type="nkee-s">Noregs</w>
            <w lemma="í" type="af">í</w>
            <w lemma="morgunn" type="nkeo">morgun</w>
            <c type="pl">.</c>
          </s>
          <s n="2">
            <w lemma="Össur" type="nken-s">Össur</w>
            <w lemma="vera" type="sfg3en">er</w>
            <w lemma="nú" type="aa">nú</w>
            <w lemma="í" type="af">í</w>
            <w lemma="opinber" type="lveþsf">opinberri</w>
            <w lemma="heimsókn" type="nveþ">heimsókn</w>
            <w lemma="í" type="af">í</w>
            <w lemma="Noregur" type="nkeþ-s">Noregi</w>
            <w lemma="en" type="c">en</w>
            <w lemma="þar" type="aa">þar</w>
            <w lemma="munu" type="sfg3en">mun</w>
            <w lemma="hann" type="fpken">hann</w>
            <w lemma="funda" type="sng">funda</w>
            <w lemma="með" type="af">með</w>
            <w lemma="norskur" type="lkfþsf">norskum</w>
            <w lemma="ráðamaður" type="nkfþ">ráðamönnum</w>
            <w lemma="og" type="c">og</w>
            <w lemma="Haraldur" type="nkeþ-s">Haraldi</w>
            <w lemma="V" type="nkee-s">V</w>
            <w lemma="Noregskonungur" type="nkeþ-s">Noregskonungi</w>
            <c type="pl">.</c>
          </s>
          <s n="3">
            <w lemma="á" type="af">Á</w>
            <w lemma="fundur" type="nkeþg">fundinum</w>
            <w lemma="í" type="af">í</w>
            <w lemma="morgunn" type="nkeo">morgun</w>
            <w lemma="kynna" type="sfg3eþ">kynnti</w>
            <w lemma="Össur" type="nken-s">Össur</w>
            <w lemma="hugmynd" type="nvfo">hugmyndir</w>
            <w lemma="sinn" type="fevfo">sínar</w>
            <w lemma="um" type="af">um</w>
            <w lemma="að" type="c">að</w>
            <w lemma="Íslendingur" type="nkfn-s">Íslendingar</w>
            <c type="pk">,</c>
            <w lemma="Norðmaður" type="nkfn-s">Norðmenn</w>
            <w lemma="og" type="c">og</w>
            <w lemma="Grænlendingur" type="nkfn-s">Grænlendingar</w>
            <w lemma="koma" type="svg3fn">komi</w>
            <w lemma="upp" type="aa">upp</w>
            <w lemma="þjónusta" type="nveo">þjónustu</w>
            <w lemma="á" type="af">á</w>
            <w lemma="Ísland" type="nheþ-s">Íslandi</w>
            <w lemma="við" type="af">við</w>
            <w lemma="væntanlegur" type="lhfosf">væntanleg</w>
            <w lemma="olíusvæði" type="nhfo">olíusvæði</w>
            <w lemma="þjóð" type="nvfeg">þjóðanna</w>
            <w lemma="norðan" type="af">norðan</w>
            <w lemma="Ísland" type="nhee-s">Íslands</w>
            <c type="pk">,</c>
            <w lemma="þ.e." type="ks">þ.e.</w>
            <w lemma="á" type="af">á</w>
            <w lemma="Drekasvæðið" type="nheþgs">Drekasvæðinu</w>
            <w lemma="Noregsmeg" type="nvengs">Noregsmegin</w>
            <w lemma="markalína" type="nveeg">markalínunnar</w>
            <w lemma="á" type="af">á</w>
            <w lemma="Jan" type="nveþ-s">Jan</w>
            <w lemma="Mayen" type="n-eo-s">Mayen</w>
            <w lemma="hryggur" type="nkeþg">hryggnum</w>
            <w lemma="og" type="c">og</w>
            <w lemma="við" type="af">við</w>
            <w lemma="Austur-Grænland" type="nheo-s">Austur-Grænland</w>
            <c type="pl">.</c>
          </s>
          <s n="4">
            <w lemma="lýsa" type="sfg3eþ">Lýsti</w>
            <w lemma="utanríkisráðherra" type="nken">utanríkisráðherra</w>
            <w lemma="sá" type="faheþ">því</w>
            <w lemma="sjónarmið" type="nheþ">sjónarmiði</w>
            <w lemma="að" type="c">að</w>
            <w lemma="ekki" type="aa">ekki</w>
            <w lemma="verða" type="svg3eþ">yrði</w>
            <w lemma="hægur" type="lhensf">hægt</w>
            <w lemma="að" type="cn">að</w>
            <w lemma="byggja" type="sng">byggja</w>
            <w lemma="mikill" type="lveosf">mikla</w>
            <w lemma="aðstaða" type="nveo">aðstöðu</w>
            <w lemma="á" type="af">á</w>
            <w lemma="Jan" type="nveþ-s">Jan</w>
            <w lemma="Mayen" type="n-eþ-s">Mayen</w>
            <w lemma="sem" type="ct">sem</w>
            <w lemma="vera" type="svg3eþ">væri</w>
            <w lemma="að" type="af">að</w>
            <w lemma="mikill" type="lheþse">mestu</w>
            <w lemma="friða" type="sþgven">friðuð</w>
            <w lemma="vegna" type="af">vegna</w>
            <w lemma="náttúruverndarsjónarmið" type="nhfe">náttúruverndarsjónarmiða</w>
            <w lemma="og" type="c">og</w>
            <w lemma="telja" type="sfg3eþ">taldi</w>
            <w lemma="það" type="fpheo">það</w>
            <w lemma="óæskilegur" type="lheosf">óæskilegt</w>
            <c type="pl">.</c>
          </s>
          <s n="5">
            <w lemma="Ola" type="n----s">Ola</w>
            <w lemma="Borten" type="n----s">Borten</w>
            <w lemma="Moe" type="n----s">Moe</w>
            <w lemma="segja" type="sfg3eþ">sagði</w>
            <w lemma="að" type="c">að</w>
            <w lemma="Norðmaður" type="nkfn-s">Norðmenn</w>
            <w lemma="munu" type="svg3fþ">myndu</w>
            <w lemma="nota" type="sng">nota</w>
            <w lemma="næstur" type="lheove">næsta</w>
            <w lemma="ár" type="nheo">ár</w>
            <w lemma="til" type="af">til</w>
            <w lemma="að" type="cn">að</w>
            <w lemma="greina" type="sng">greina</w>
            <w lemma="og" type="c">og</w>
            <w lemma="afla" type="sng">afla</w>
            <w lemma="frekur" type="lhfevm">frekari</w>
            <w lemma="gagn" type="nhfe">gagna</w>
            <w lemma="m.a." type="ks">m.a.</w>
            <w lemma="með" type="af">með</w>
            <w lemma="sýnataki" type="nkfþ">sýnatökum</w>
            <w lemma="til" type="af">til</w>
            <w lemma="að" type="cn">að</w>
            <w lemma="kanna" type="sng">kanna</w>
            <w lemma="vel" type="aam">betur</w>
            <w lemma="jarðlag" type="nhfo">jarðlög</w>
            <w lemma="sinn" type="fehfo">sín</w>
            <w lemma="megin" type="aa">megin</w>
            <w lemma="á" type="af">á</w>
            <w lemma="svæði" type="nheþg">svæðinu</w>
            <c type="pl">.</c>
          </s>
          <s n="6">
            <w lemma="hann" type="fpken">Hann</w>
            <w lemma="upplýsa" type="sfg3eþ">upplýsti</w>
            <w lemma="að" type="af">að</w>
            <w lemma="það" type="fpheþ">því</w>
            <w lemma="verða" type="svg3eþ">yrði</w>
            <w lemma="ljúka" type="sþghen">lokið</w>
            <w lemma="1." type="lkeove">1.</w>
            <w lemma="mars" type="nkeo">mars</w>
            <w lemma="á" type="af">á</w>
            <w lemma="næstur" type="lheþve">næsta</w>
            <w lemma="ár" type="nheþ">ári</w>
            <c type="pl">.</c>
          </s>
          <s n="7">
            <w lemma="í" type="af">Í</w>
            <w lemma="skýrsla" type="nvfþ">skýrslum</w>
            <w lemma="frá" type="af">frá</w>
            <w lemma="norskur" type="lheþvf">norska</w>
            <w lemma="olíuráðuneyti" type="nheþg">olíuráðuneytinu</w>
            <w lemma="vera" type="sfg3en">er</w>
            <w lemma="spá" type="sþghen">spáð</w>
            <w lemma="að" type="c">að</w>
            <w lemma="á" type="af">á</w>
            <w lemma="svæði" type="nheþg">svæðinu</w>
            <w lemma="mega" type="svg3en">megi</w>
            <w lemma="gera" type="sng">gera</w>
            <w lemma="ráð" type="nheo">ráð</w>
            <w lemma="fyrir" type="af">fyrir</w>
            <w lemma="að" type="cn">að</w>
            <w lemma="finna" type="sng">finna</w>
            <w lemma="frá" type="af">frá</w>
            <w lemma="90" type="ta">90</w>
            <w lemma="upp" type="aa">upp</w>
            <w lemma="í" type="af">í</w>
            <w lemma="240" type="ta">240</w>
            <w lemma="milljón" type="nvfo">milljónir</w>
            <w lemma="rúmmetri" type="nkfe">rúmmetra</w>
            <w lemma="af" type="af">af</w>
            <w lemma="olía" type="nveþ">olíu</w>
            <c type="pl">.</c>
          </s>
          <s n="8">
            <w lemma="Össur" type="nken-s">Össur</w>
            <w lemma="segja" type="sfm3en">segist</w>
            <w lemma="vera" type="sng">vera</w>
            <w lemma="afar" type="aa">afar</w>
            <w lemma="ánægður" type="lkensf">ánægður</w>
            <w lemma="með" type="af">með</w>
            <w lemma="fundur" type="nkeog">fundinn</w>
            <w lemma="í" type="af">í</w>
            <w lemma="morgunn" type="nkeo">morgun</w>
            <c type="pl">.</c>
          </s>
          <s n="9">
            <w lemma="hann" type="fpken">Hann</w>
            <w lemma="telja" type="sfg3en">telur</w>
            <w lemma="að" type="c">að</w>
            <w lemma="samstarf" type="nhen">samstarf</w>
            <w lemma="á" type="af">á</w>
            <w lemma="svið" type="nheþ">sviði</w>
            <w lemma="þjónusta" type="nvee">þjónustu</w>
            <w lemma="við" type="af">við</w>
            <w lemma="olíusvæði" type="nhfog">olíusvæðin</w>
            <w lemma="verða" type="svg3en">verði</w>
            <w lemma="koma" type="sþgven">komin</w>
            <w lemma="áleiðis" type="aa">áleiðis</w>
            <w lemma="ár" type="nheog">árið</w>
            <w lemma="2025" type="ta">2025</w>
            <c type="pl">.</c>
          </s>
        </p>
      </div1>
    </body>
  </text>
</TEI>
