<?xml version="1.0" encoding="utf-8"?>
<TEI xmlns="http://www.tei-c.org/ns/1.0">
  <teiHeader>
    <fileDesc>
      <titleStmt>
        <title>
          <title type="main">Stjórnarskrármálið</title>
        </title>
        <respStmt>
          <resp xml:lang="is">Söfnun og úrvinnsla texta</resp>
          <resp xml:lang="en">Collection and processing of text</resp>
          <name xml:lang="is">Stofnun Árna Magnússonar í íslenskum fræðum</name>
          <name xml:lang="en">The Arni Magnusson Institute for Icelandic Studies</name>
        </respStmt>
      </titleStmt>
      <editionStmt>
        <p xml:lang="is">Íslensk risamálheild (2019)</p>
        <p xml:lang="en">Tagged Icelandic Gigaword Corpus (2019)</p>
      </editionStmt>
      <publicationStmt>
        <distributor xml:lang="is">Stofnun Árna Magnússonar í íslenskum fræðum</distributor>
        <distributor xml:lang="en">The Arni Magnusson Institute for Icelandic Studies</distributor>
        <address>
          <addrLine xml:lang="is">Árnagarður við Suðurgötu, 107 Reykjavík, Íslandi</addrLine>
          <addrLine xml:lang="en">Árnagarður Suðurgata, 107 Reykjavik, Iceland</addrLine>
          <addrLine>
            <email>arnastofnun@arnastofnun.is</email>
          </addrLine>
        </address>
        <idno type="risam">G-25-2505168</idno>
        <availability>
          <p xml:lang="is">Þessi texti er til notkunar í málrannsóknum og máltækniverkefnum um allan heim með sérstöku leyfi, sjá rmh2Hdr.xml</p>
          <p xml:lang="en">This text is available for use in language research and language technology projects world wide with a special license, see rmh2Hdr.xml</p>
        </availability>
        <date>2020-05-26</date>
      </publicationStmt>
      <sourceDesc>
        <biblStruct>
          <analytic>
            <title>
              <title type="main">Stjórnarskrármálið</title>
            </title>
            <date when="2013-03-15T12:00:00">15.03 2013 kl. 12:00:00</date>
          </analytic>
          <monogr>
            <title>Bylgjan</title>
            <imprint>
              <publisher>365 miðlar hf.</publisher>
              <pubPlace>Reykjavík</pubPlace>
            </imprint>
          </monogr>
        </biblStruct>
      </sourceDesc>
    </fileDesc>
    <encodingDesc>
      <projectDesc>
        <p xml:lang="is">Sjá lýsingu á verkefninu í rmh2Hdr.xml.</p>
        <p xml:lang="en">See description of project in rmh2Hdr.xml.</p>
      </projectDesc>
      <tagsDecl>
        <namespace name="http://www.tei-c.org/ns/1.0">
          <tagUsage gi="text" occurs="1"/>
          <tagUsage gi="body" occurs="1"/>
          <tagUsage gi="div1" occurs="1"/>
          <tagUsage gi="p" occurs="5"/>
          <tagUsage gi="s" occurs="11"/>
          <tagUsage gi="w" occurs="234"/>
          <tagUsage gi="c" occurs="21"/>
        </namespace>
      </tagsDecl>
    </encodingDesc>
    <profileDesc>
     <textClass>
      <keywords scheme="#RMH">
       <list>
        <item>Frétt – almennt</item>
       </list>
      </keywords>
     </textClass>
    </profileDesc>
  </teiHeader>
  <text>
    <body>
      <div1>
        <p n="1">
          <s n="1">
            <w lemma="Margrét" type="nven-s">Margrét</w>
            <w lemma="Tryggvadóttir" type="nven-s">Tryggvadóttir</w>
            <c type="pk">,</c>
            <w lemma="þingmaður" type="nken">þingmaður</w>
            <w lemma="Hreyfingin" type="nveegs">Hreyfingarinnar</w>
            <c type="pk">,</c>
            <w lemma="segja" type="sfg3en">segir</w>
            <w lemma="ótækur" type="lheosf">ótækt</w>
            <w lemma="að" type="c">að</w>
            <w lemma="þingmaður" type="nkfn">þingmenn</w>
            <w lemma="geta" type="svg3fn">geti</w>
            <w lemma="varpa" type="sþghen">varpað</w>
            <w lemma="ábyrgð" type="nveþg">ábyrgðinni</w>
            <w lemma="á" type="af">á</w>
            <w lemma="stjórnarskrármál" type="nheþg">stjórnarskrármálinu</w>
            <w lemma="yfir" type="aa">yfir</w>
            <w lemma="á" type="af">á</w>
            <w lemma="næstur" type="lheove">næsta</w>
            <w lemma="þing" type="nheo">þing</w>
            <c type="pl">.</c>
          </s>
          <s n="2">
            <w lemma="hún" type="fpven">Hún</w>
            <w lemma="vilja" type="sfg3en">vill</w>
            <w lemma="að" type="c">að</w>
            <w lemma="Alþingi" type="nhen-s">Alþingi</w>
            <w lemma="taka" type="svg3en">taki</w>
            <w lemma="afstaða" type="nveo">afstöðu</w>
            <w lemma="til" type="af">til</w>
            <w lemma="mál" type="nheeg">málsins</w>
            <w lemma="fyrir" type="af">fyrir</w>
            <w lemma="kosning" type="nvfo">kosningar</w>
            <c type="pl">.</c>
          </s>
        </p>
        <p n="2">
          <s n="1">
            <w lemma="Stjórnskipunar-" type="kt">Stjórnskipunar-</w>
            <w lemma="og" type="c">og</w>
            <w lemma="eftirlitsnefnd" type="nven">eftirlitsnefnd</w>
            <w lemma="Alþingi" type="nhee-s">Alþingis</w>
            <w lemma="afgreiða" type="sfg3eþ">afgreiddi</w>
            <w lemma="í" type="aa">í</w>
            <w lemma="gær" type="aa">gær</w>
            <w lemma="stjórnarskrárfrumvarp" type="nheo">stjórnarskrárfrumvarp</w>
            <w lemma="formaður" type="nkfe">formanna</w>
            <w lemma="stjórnarflokkur" type="nkfeg">stjórnarflokkanna</w>
            <w lemma="og" type="c">og</w>
            <w lemma="Bjartur" type="nkee-s">Bjartrar</w>
            <w lemma="framtíð" type="nvee">framtíðar</w>
            <w lemma="úr" type="af">úr</w>
            <w lemma="nefnd" type="nveþ">nefnd</w>
            <c type="pl">.</c>
          </s>
          <s n="2">
            <w lemma="frumvarp" type="nhen">Frumvarp</w>
            <w lemma="það" type="fphfe">þeirra</w>
            <w lemma="fela" type="sfg3en">felur</w>
            <w lemma="í" type="af">í</w>
            <w lemma="sig" type="fpheþ">sér</w>
            <w lemma="breyting" type="nvfo">breytingar</w>
            <w lemma="á" type="af">á</w>
            <w lemma="breytingarákvæði" type="nheþ">breytingarákvæði</w>
            <w lemma="stjórnarskrá" type="nveeg">stjórnarskrárinnar</w>
            <w lemma="þannig" type="aa">þannig</w>
            <w lemma="að" type="c">að</w>
            <w lemma="ekki" type="aa">ekki</w>
            <w lemma="þurfa" type="svg3en">þurfi</w>
            <w lemma="að" type="cn">að</w>
            <w lemma="boða" type="sng">boða</w>
            <w lemma="til" type="af">til</w>
            <w lemma="kosning" type="nvfe">kosninga</w>
            <w lemma="til" type="af">til</w>
            <w lemma="að" type="cn">að</w>
            <w lemma="breyta" type="sng">breyta</w>
            <w lemma="stjórnarskrá" type="nveþg">stjórnarskránni</w>
            <c type="pl">.</c>
          </s>
          <s n="3">
            <w lemma="Margrét" type="nven-s">Margrét</w>
            <w lemma="Tryggvadóttir" type="nven-s">Tryggvadóttir</w>
            <c type="pk">,</c>
            <w lemma="þingmaður" type="nken">þingmaður</w>
            <w lemma="Hreyfingin" type="nveegs">Hreyfingarinnar</w>
            <c type="pk">,</c>
            <w lemma="leggja" type="sfg3eþ">lagði</w>
            <w lemma="hinn" type="fakee">hins</w>
            <w lemma="vegur" type="nkee">vegar</w>
            <w lemma="fram" type="aa">fram</w>
            <w lemma="breytingartillaga" type="nveo">breytingartillögu</w>
            <w lemma="við" type="af">við</w>
            <w lemma="frumvarp" type="nheog">frumvarpið</w>
            <w lemma="sem" type="ct">sem</w>
            <w lemma="fela" type="sfg3en">felur</w>
            <w lemma="í" type="af">í</w>
            <w lemma="sig" type="fpkeþ">sér</w>
            <w lemma="að" type="c">að</w>
            <w lemma="stjórnarskrárfrumvarp" type="nheng">stjórnarskrárfrumvarpið</w>
            <w lemma="sem" type="ct">sem</w>
            <w lemma="byggja" type="sfg3en">byggir</w>
            <w lemma="á" type="af">á</w>
            <w lemma="tillaga" type="nveþ">tillögu</w>
            <w lemma="stjórnlagaráð" type="nhee">stjórnlagaráðs</w>
            <w lemma="verða" type="svg3en">verði</w>
            <w lemma="samþykkja" type="sþgven">samþykkt</w>
            <w lemma="í" type="af">í</w>
            <w lemma="heild" type="nveþ">heild</w>
            <c type="pl">.</c>
          </s>
        </p>
        <p n="3">
          <s n="1">
            <w lemma="Margrét" type="nven-s">Margrét</w>
            <w lemma="Tryggvadóttir" type="nven-s">Tryggvadóttir</w>
            <c type="pk">,</c>
            <w lemma="þingmaður" type="nken">þingmaður</w>
            <w lemma="Hreyfingin" type="nveegs">Hreyfingarinnar</w>
            <c type="pa">:</c>
            <w lemma="ég" type="fp1eþ">Mér</w>
            <w lemma="finna" type="sfm3en">finnst</w>
            <w lemma="ótækur" type="lhensf">ótækt</w>
            <w lemma="að" type="c">að</w>
            <w lemma="þingmaður" type="nkfn">þingmenn</w>
            <w lemma="geta" type="svg3fn">geti</w>
            <w lemma="varpa" type="sþghen">varpað</w>
            <w lemma="bara" type="aa">bara</w>
            <w lemma="bolti" type="nkeþg">boltanum</w>
            <w lemma="yfir" type="aa">yfir</w>
            <w lemma="á" type="af">á</w>
            <w lemma="eh" type="au">eh</w>
            <w lemma="næstur" type="lheove">næsta</w>
            <w lemma="þing" type="nheo">þing</w>
            <c type="pl">.</c>
          </s>
          <s n="2">
            <w lemma="þessi" type="fahen">Þetta</w>
            <w lemma="vera" type="sfg3en">er</w>
            <w lemma="mál" type="nhen">mál</w>
            <w lemma="sem" type="ct">sem</w>
            <w lemma="að" type="c">að</w>
            <w lemma="hefja" type="sfm3eþ">hófst</w>
            <w lemma="á" type="af">á</w>
            <w lemma="þessi" type="faheþ">þessu</w>
            <w lemma="þing" type="nheþ">þingi</w>
            <w lemma="og" type="c">og</w>
            <w lemma="ég" type="fp1fþ">okkur</w>
            <w lemma="bera" type="sfg3en">ber</w>
            <w lemma="bara" type="aa">bara</w>
            <w lemma="siðferðislegur" type="lvensf">siðferðisleg</w>
            <w lemma="skylda" type="nven">skylda</w>
            <w lemma="til" type="af">til</w>
            <w lemma="það" type="fphee">þess</w>
            <w lemma="að" type="cn">að</w>
            <w lemma="klára" type="sng">klára</w>
            <c type="pl">.</c>
          </s>
          <s n="3">
            <w lemma="ég" type="fp1fn">Við</w>
            <w lemma="vera" type="sfg1fn">erum</w>
            <w lemma="búinn" type="lhfnsf">búin</w>
            <w lemma="að" type="cn">að</w>
            <w lemma="bjóða" type="sng">bjóða</w>
            <w lemma="þjóð" type="nveþg">þjóðinni</w>
            <w lemma="aftur" type="aa">aftur</w>
            <w lemma="og" type="c">og</w>
            <w lemma="aftur" type="aa">aftur</w>
            <w lemma="að" type="af">að</w>
            <w lemma="borð" type="nheþg">borðinu</w>
            <w lemma="og" type="c">og</w>
            <c type="pk">,</c>
            <w lemma="og" type="c">og</w>
            <w lemma="ég" type="fp1fþ">okkur</w>
            <w lemma="bera" type="sfg3en">ber</w>
            <w lemma="bara" type="aa">bara</w>
            <w lemma="að" type="cn">að</w>
            <w lemma="virða" type="sng">virða</w>
            <w lemma="niðurstaða" type="nveo">niðurstöðu</w>
            <w lemma="þjóðaratkvæðagreiðsla" type="nveeg">þjóðaratkvæðagreiðslunnar</w>
            <c type="pl">.</c>
          </s>
        </p>
        <p n="4">
          <s n="1">
            <w lemma="Margrét" type="nven-s">Margrét</w>
            <w lemma="vilja" type="sfg3en">vill</w>
            <w lemma="með" type="af">með</w>
            <w lemma="þessi" type="faheþ">þessu</w>
            <w lemma="knýja" type="sng">knýja</w>
            <w lemma="fram" type="aa">fram</w>
            <w lemma="afstaða" type="nveo">afstöðu</w>
            <w lemma="þingmaður" type="nkfe">þingmanna</w>
            <w lemma="til" type="af">til</w>
            <w lemma="mál" type="nheeg">málsins</w>
            <c type="pl">.</c>
          </s>
        </p>
        <p n="5">
          <s n="1">
            <w lemma="Margrét" type="nven-s">Margrét</w>
            <w lemma="Tryggvadóttir" type="nven-s">Tryggvadóttir</w>
            <c type="pa">:</c>
            <w lemma="jú" type="au">Jú</w>
            <w lemma="ég" type="fp1eþ">mér</w>
            <w lemma="finna" type="sfm3en">finnst</w>
            <w lemma="maður" type="nkfn">menn</w>
            <w lemma="ekki" type="aa">ekki</w>
            <w lemma="geta" type="sng">geta</w>
            <w lemma="henda" type="sþghen">hent</w>
            <w lemma="þessi" type="faheþ">þessu</w>
            <w lemma="frá" type="af">frá</w>
            <w lemma="sig" type="fpkfþ">sér</w>
            <w lemma="og" type="c">og</w>
            <w lemma="ég" type="fp1en">ég</w>
            <w lemma="vita" type="sfg1en">veit</w>
            <w lemma="að" type="c">að</w>
            <w lemma="það" type="fphen">það</w>
            <w lemma="vera" type="sfg3fn">eru</w>
            <w lemma="margur" type="lkfnsf">margir</w>
            <w lemma="þingmaður" type="nkfn">þingmenn</w>
            <w lemma="sammála" type="lkfnof">sammála</w>
            <w lemma="ég" type="fp1eþ">mér</w>
            <w lemma="og" type="c">og</w>
            <w lemma="vilja" type="sfg3fn">vilja</w>
            <w lemma="fá" type="sng">fá</w>
            <w lemma="að" type="cn">að</w>
            <w lemma="segja" type="sng">segja</w>
            <w lemma="hugur" type="nkeo">hug</w>
            <w lemma="sinn" type="fekeo">sinn</w>
            <w lemma="í" type="af">í</w>
            <w lemma="mál" type="nheþg">málinu</w>
            <w lemma="í" type="af">í</w>
            <w lemma="þingsalur" type="nkeþ">þingsal</w>
            <w lemma="og" type="c">og</w>
            <w lemma="ég" type="fp1fn">við</w>
            <w lemma="geta" type="sfg1fn">getum</w>
            <w lemma="ekki" type="aa">ekki</w>
            <w lemma="með" type="af">með</w>
            <w lemma="nokkur" type="fokeþ">nokkrum</w>
            <w lemma="háttur" type="nkeþ">hætti</w>
            <w lemma="þótt" type="c">þótt</w>
            <w lemma="að" type="c">að</w>
            <w lemma="ég" type="fp1fn">við</w>
            <w lemma="samþykkja" type="sfg1fn">samþykkjum</w>
            <w lemma="einhver" type="foveo">einhverja</w>
            <w lemma="þingsályktun" type="nvee">þingsályktunar</w>
            <w lemma="[...]" type="ks">[...]</w>
            <w lemma="eða" type="c">eða</w>
            <w lemma="starf" type="nheng">starfið</w>
            <w lemma="halda" type="svg3en">haldi</w>
            <w lemma="áfram" type="aa">áfram</w>
            <w lemma="á" type="af">á</w>
            <w lemma="næstur" type="lheþve">næsta</w>
            <w lemma="þing" type="nheþ">þingi</w>
            <c type="pk">,</c>
            <w lemma="ég" type="fp1fn">við</w>
            <w lemma="geta" type="sfg1fn">getum</w>
            <w lemma="ekki" type="aa">ekki</w>
            <w lemma="binda" type="sþghen">bundið</w>
            <w lemma="næstur" type="lheove">næsta</w>
            <w lemma="þing" type="nheo">þing</w>
            <c type="pl">.</c>
          </s>
          <s n="2">
            <w lemma="ég" type="fp1fn">Við</w>
            <w lemma="vita" type="sfg1fn">vitum</w>
            <w lemma="ekki" type="aa">ekki</w>
            <w lemma="hvaða" type="fskfn">hvaða</w>
            <w lemma="þingmaður" type="nkfn">þingmenn</w>
            <w lemma="sitja" type="sfg3fn">sitja</w>
            <w lemma="þar" type="aa">þar</w>
            <w lemma="og" type="c">og</w>
            <w lemma="hann" type="fpkfn">þeir</w>
            <w lemma="vera" type="sfg3fn">eru</w>
            <w lemma="bara" type="aa">bara</w>
            <w lemma="binda" type="sþgkfn">bundnir</w>
            <w lemma="af" type="af">af</w>
            <w lemma="sinn" type="feheþ">sínu</w>
            <w lemma="eigin" type="lveþof">eigin</w>
            <c type="pk">,</c>
            <w lemma="sinn" type="feveþ">sinni</w>
            <w lemma="eigin" type="lveþof">eigin</w>
            <w lemma="samviska" type="nveþ">samvisku</w>
            <c type="pl">.</c>
          </s>
        </p>
      </div1>
    </body>
  </text>
</TEI>
