<?xml version="1.0" encoding="utf-8"?>
<TEI xmlns="http://www.tei-c.org/ns/1.0">
  <teiHeader>
    <fileDesc>
      <titleStmt>
        <title>
          <title type="main">Stofna nýtt kvenfélag utan SÁÁ</title>
        </title>
        <respStmt>
          <resp xml:lang="is">Söfnun og úrvinnsla texta</resp>
          <resp xml:lang="en">Collection and processing of text</resp>
          <name xml:lang="is">Stofnun Árna Magnússonar í íslenskum fræðum</name>
          <name xml:lang="en">The Arni Magnusson Institute for Icelandic Studies</name>
        </respStmt>
      </titleStmt>
      <editionStmt>
        <p xml:lang="is">Íslensk risamálheild (2019)</p>
        <p xml:lang="en">Tagged Icelandic Gigaword Corpus (2019)</p>
      </editionStmt>
      <publicationStmt>
        <distributor xml:lang="is">Stofnun Árna Magnússonar í íslenskum fræðum</distributor>
        <distributor xml:lang="en">The Arni Magnusson Institute for Icelandic Studies</distributor>
        <address>
          <addrLine xml:lang="is">Árnagarður við Suðurgötu, 107 Reykjavík, Íslandi</addrLine>
          <addrLine xml:lang="en">Árnagarður Suðurgata, 107 Reykjavik, Iceland</addrLine>
          <addrLine>
            <email>arnastofnun@arnastofnun.is</email>
          </addrLine>
        </address>
        <idno type="risam">G-25-2539263</idno>
        <availability>
          <p xml:lang="is">Þessi texti er til notkunar í málrannsóknum og máltækniverkefnum um allan heim með sérstöku leyfi, sjá rmh2Hdr.xml</p>
          <p xml:lang="en">This text is available for use in language research and language technology projects world wide with a special license, see rmh2Hdr.xml</p>
        </availability>
        <date>2020-05-26</date>
      </publicationStmt>
      <sourceDesc>
        <biblStruct>
          <analytic>
            <title>
              <title type="main">Stofna nýtt kvenfélag utan SÁÁ</title>
            </title>
            <date when="2013-03-05T12:00:00">05.03 2013 kl. 12:00:00</date>
          </analytic>
          <monogr>
            <title>Bylgjan</title>
            <imprint>
              <publisher>365 miðlar hf.</publisher>
              <pubPlace>Reykjavík</pubPlace>
            </imprint>
          </monogr>
        </biblStruct>
      </sourceDesc>
    </fileDesc>
    <encodingDesc>
      <projectDesc>
        <p xml:lang="is">Sjá lýsingu á verkefninu í rmh2Hdr.xml.</p>
        <p xml:lang="en">See description of project in rmh2Hdr.xml.</p>
      </projectDesc>
      <tagsDecl>
        <namespace name="http://www.tei-c.org/ns/1.0">
          <tagUsage gi="text" occurs="1"/>
          <tagUsage gi="body" occurs="1"/>
          <tagUsage gi="div1" occurs="1"/>
          <tagUsage gi="p" occurs="5"/>
          <tagUsage gi="s" occurs="12"/>
          <tagUsage gi="w" occurs="291"/>
          <tagUsage gi="c" occurs="26"/>
        </namespace>
      </tagsDecl>
    </encodingDesc>
    <profileDesc>
     <textClass>
      <keywords scheme="#RMH">
       <list>
        <item>Frétt – almennt</item>
       </list>
      </keywords>
     </textClass>
    </profileDesc>
  </teiHeader>
  <text>
    <body>
      <div1>
        <p n="1">
          <s n="1">
            <w lemma="aðstandandi" type="nkfn">Aðstandendur</w>
            <w lemma="kvenfélag" type="nhee">kvenfélags</w>
            <w lemma="sem" type="ct">sem</w>
            <w lemma="stofna" type="sþghen">stofnað</w>
            <w lemma="vera" type="sfg3eþ">var</w>
            <w lemma="innan" type="af">innan</w>
            <w lemma="SÁÁ" type="nhen-s">SÁÁ</w>
            <w lemma="í" type="af">í</w>
            <w lemma="fyrri" type="lheovm">fyrra</w>
            <w lemma="segja" type="sng">segja</w>
            <w lemma="starf" type="nheþg">starfinu</w>
            <w lemma="ekki" type="aa">ekki</w>
            <w lemma="lengi" type="aam">lengur</w>
            <w lemma="vær" type="lheosf">vært</w>
            <w lemma="innan" type="af">innan</w>
            <w lemma="samtök" type="nhfeg">samtakanna</w>
            <c type="pl">.</c>
          </s>
          <s n="2">
            <w lemma="ekki" type="aa">Ekki</w>
            <w lemma="virða" type="sfm3en">virðist</w>
            <w lemma="mega" type="sng">mega</w>
            <w lemma="spyrja" type="sng">spyrja</w>
            <w lemma="spurning" type="nvfe">spurninga</w>
            <w lemma="og" type="c">og</w>
            <w lemma="hafa" type="sng">hafa</w>
            <w lemma="skoðun" type="nvfo">skoðanir</w>
            <w lemma="á" type="af">á</w>
            <w lemma="starf" type="nheþ">starfi</w>
            <w lemma="SÁÁ" type="nheo-s">SÁÁ</w>
            <c type="pl">.</c>
          </s>
          <s n="3">
            <w lemma="Karen" type="nven-s">Karen</w>
            <w lemma="Kjartansdóttir" type="nven-s">Kjartansdóttir</w>
            <w lemma="ræða" type="sfg3eþ">ræddi</w>
            <w lemma="við" type="af">við</w>
            <w lemma="Ilmur" type="nveo-s">Ilmi</w>
            <w lemma="Kristjánsdóttir" type="nveo-s">Kristjánsdóttur</w>
            <w lemma="um" type="af">um</w>
            <w lemma="aðskilnaður" type="nkeog">aðskilnaðinn</w>
            <c type="pl">.</c>
          </s>
        </p>
        <p n="2">
          <s n="1">
            <w lemma="hópur" type="nken">Hópur</w>
            <w lemma="kona" type="nvfe">kvenna</w>
            <w lemma="hafa" type="sfg3en">hefur</w>
            <w lemma="boða" type="sþghen">boðað</w>
            <w lemma="til" type="af">til</w>
            <w lemma="stofnfundur" type="nkee">stofnfundar</w>
            <w lemma="nýr" type="lheesf">nýs</w>
            <w lemma="kvenfélag" type="nhee">kvenfélags</w>
            <w lemma="sem" type="ct">sem</w>
            <w lemma="fjalla" type="sng">fjalla</w>
            <w lemma="eiga" type="sfg3en">á</w>
            <w lemma="um" type="af">um</w>
            <w lemma="málefni" type="nhfo">málefni</w>
            <w lemma="kona" type="nvfe">kvenna</w>
            <w lemma="með" type="af">með</w>
            <w lemma="áfengis-" type="kt">áfengis-</w>
            <w lemma="og" type="c">og</w>
            <w lemma="fíkniefnavandi" type="nkeþ">fíkniefnavanda</w>
            <c type="pl">.</c>
          </s>
          <s n="2">
            <w lemma="félag" type="nheng">Félagið</w>
            <w lemma="hafa" type="sfg3en">hefur</w>
            <w lemma="fá" type="sþghen">fengið</w>
            <w lemma="nafn" type="nheog">nafnið</w>
            <w lemma="Rót" type="nhfogs">Rótin</w>
            <w lemma="og" type="c">og</w>
            <w lemma="verða" type="sfg3en">verður</w>
            <w lemma="formlega" type="aa">formlega</w>
            <w lemma="stofna" type="sþghen">stofnað</w>
            <w lemma="á" type="af">á</w>
            <w lemma="föstudagur" type="nkeog">föstudaginn</w>
            <w lemma="í" type="af">í</w>
            <w lemma="kvennaheimili" type="nheþg">kvennaheimilinu</w>
            <w lemma="að" type="af">að</w>
            <w lemma="Hallveigarstað" type="nhfþ-s">Hallveigarstöðum</w>
            <c type="pl">.</c>
          </s>
          <s n="3">
            <w lemma="en" type="c">En</w>
            <w lemma="það" type="fphen">það</w>
            <w lemma="vera" type="sfg3eþ">var</w>
            <w lemma="aðeins" type="aa">aðeins</w>
            <w lemma="í" type="af">í</w>
            <w lemma="lok" type="nhfo">lok</w>
            <w lemma="september" type="nkee">september</w>
            <w lemma="sem" type="ct">sem</w>
            <w lemma="að" type="c">að</w>
            <w lemma="stofnfundur" type="nken">stofnfundur</w>
            <w lemma="kvenfélag" type="nhee">kvenfélags</w>
            <w lemma="SÁÁ" type="nhen-s">SÁÁ</w>
            <w lemma="vera" type="sfg3eþ">var</w>
            <w lemma="halda" type="sþgken">haldinn</w>
            <c type="pl">.</c>
          </s>
          <s n="4">
            <w lemma="sá" type="faheo">Það</w>
            <w lemma="félag" type="nhen">félag</w>
            <w lemma="hafa" type="sfg3en">hefur</w>
            <w lemma="Gunnar" type="nken-s">Gunnar</w>
            <w lemma="Smári" type="nken-s">Smári</w>
            <w lemma="Egilsson" type="nken-s">Egilsson</w>
            <c type="pk">,</c>
            <w lemma="formaður" type="nken">formaður</w>
            <w lemma="SÁÁ" type="nhee-s">SÁÁ</w>
            <c type="pk">,</c>
            <w lemma="gagnrýna" type="sþghen">gagnrýnt</w>
            <w lemma="fyrir" type="af">fyrir</w>
            <w lemma="að" type="cn">að</w>
            <w lemma="fara" type="sng">fara</w>
            <w lemma="ekki" type="aa">ekki</w>
            <w lemma="eftir" type="af">eftir</w>
            <w lemma="hefð" type="nvfþ">hefðum</w>
            <w lemma="samtök" type="nhfeg">samtakanna</w>
            <w lemma="SÁÁ" type="nheþ-s">SÁÁ</w>
            <w lemma="og" type="c">og</w>
            <w lemma="fyrir" type="af">fyrir</w>
            <w lemma="að" type="cn">að</w>
            <w lemma="færa" type="sng">færa</w>
            <w lemma="sig" type="fpheo">sig</w>
            <w lemma="of" type="aa">of</w>
            <w lemma="mikill" type="lheosf">mikið</w>
            <w lemma="inn" type="aa">inn</w>
            <w lemma="á" type="af">á</w>
            <w lemma="svið" type="nheo">svið</w>
            <w lemma="fagfólk" type="nhee">fagfólks</w>
            <c type="pl">.</c>
          </s>
          <s n="5">
            <w lemma="Ilmur" type="nven-s">Ilmur</w>
            <w lemma="Kristjánsdóttir" type="nven-s">Kristjánsdóttir</w>
            <w lemma="ef" type="c">ef</w>
            <w lemma="meðal" type="af">meðal</w>
            <w lemma="sá" type="favfe">þeirra</w>
            <w lemma="kona" type="nvfe">kvenna</w>
            <w lemma="sem" type="ct">sem</w>
            <w lemma="tala" type="sþghen">talað</w>
            <w lemma="hafa" type="sfg3en">hefur</w>
            <w lemma="fyrir" type="af">fyrir</w>
            <w lemma="kvenfélag" type="nheog">kvenfélagið</w>
            <c type="pl">.</c>
          </s>
        </p>
        <p n="3">
          <s n="1">
            <w lemma="Ilmur" type="nven-s">Ilmur</w>
            <w lemma="Kristjánsdóttir" type="nven-s">Kristjánsdóttir</w>
            <c type="pk">,</c>
            <w lemma="leikkona" type="nven">leikkona</w>
            <c type="pa">:</c>
            <w lemma="færa" type="sfg1fn">Færum</w>
            <w lemma="ég" type="fp1fo">okkur</w>
            <w lemma="út" type="aa">út</w>
            <w lemma="úr" type="af">úr</w>
            <w lemma="SÁÁ" type="nheþ-s">SÁÁ</w>
            <w lemma="núna" type="aa">núna</w>
            <w lemma="bara" type="aa">bara</w>
            <w lemma="einfaldlega" type="aa">einfaldlega</w>
            <w lemma="það" type="fpheþ">því</w>
            <w lemma="að" type="c">að</w>
            <w lemma="ég" type="fp1fn">við</w>
            <c type="pk">,</c>
            <w lemma="það" type="fphen">það</w>
            <w lemma="vera" type="sfg3en">er</w>
            <w lemma="eiginlega" type="aa">eiginlega</w>
            <w lemma="sá" type="faven">sú</w>
            <w lemma="tilfinning" type="nven">tilfinning</w>
            <w lemma="að" type="c">að</w>
            <w lemma="það" type="fphen">það</w>
            <w lemma="vera" type="svg3en">sé</w>
            <w lemma="ekki" type="aa">ekki</w>
            <w lemma="pláss" type="nhen">pláss</w>
            <w lemma="fyrir" type="af">fyrir</w>
            <w lemma="ég" type="fp1fþ">okkur</w>
            <w lemma="þar" type="aa">þar</w>
            <w lemma="og" type="c">og</w>
            <w lemma="ég" type="fp1fe">okkar</w>
            <w lemma="rödd" type="nven">rödd</w>
            <w lemma="hérna" type="aa">hérna</w>
            <w lemma="við" type="aa">við</w>
            <c type="pk">,</c>
            <w lemma="þessi" type="fahen">þetta</w>
            <w lemma="félag" type="nhen">félag</w>
            <w lemma="vera" type="sfg3eþ">var</w>
            <w lemma="stofna" type="sþghen">stofnað</w>
            <w lemma="í" type="af">í</w>
            <w lemma="haust" type="nheo">haust</w>
            <c type="pk">,</c>
            <w lemma="það" type="fphen">það</w>
            <w lemma="vera" type="sfg3eþ">var</w>
            <w lemma="frumkvæði" type="nhen">frumkvæði</w>
            <w lemma="Gunnar" type="nkee-s">Gunnars</w>
            <w lemma="Smári" type="nkee-s">Smára</w>
            <w lemma="meðal" type="af">meðal</w>
            <w lemma="annar" type="fohee">annars</w>
            <w lemma="og" type="c">og</w>
            <w lemma="hann" type="fpken">hann</w>
            <w lemma="vera" type="sfg3en">er</w>
            <w lemma="enginn" type="fohen">ekkert</w>
            <w lemma="vondur" type="lkensf">vondur</w>
            <w lemma="maður" type="nken">maður</w>
            <w lemma="og" type="c">og</w>
            <w lemma="hann" type="fpken">hann</w>
            <w lemma="vilja" type="sfg3en">vill</w>
            <w lemma="alveg" type="aa">alveg</w>
            <w lemma="gera" type="sng">gera</w>
            <w lemma="mikill" type="lheosf">mikið</w>
            <c type="pk">,</c>
            <w lemma="það" type="fphen">það</w>
            <w lemma="vera" type="sfg3en">er</w>
            <w lemma="bara" type="aa">bara</w>
            <w lemma="eins" type="aa">eins</w>
            <w lemma="og" type="c">og</w>
            <w lemma="það" type="fphen">það</w>
            <w lemma="vera" type="svg3en">sé</w>
            <c type="pk">,</c>
            <w lemma="kannski" type="aa">kannski</w>
            <w lemma="vera" type="sfg3en">er</w>
            <w lemma="þessi" type="fahen">þetta</w>
            <w lemma="bara" type="aa">bara</w>
            <c type="pk">,</c>
            <w lemma="það" type="fphen">það</w>
            <w lemma="vera" type="sfg3en">er</w>
            <w lemma="alveg" type="aa">alveg</w>
            <w lemma="koma" type="sþgken">kominn</w>
            <w lemma="tími" type="nken">tími</w>
            <w lemma="á" type="af">á</w>
            <w lemma="að" type="c">að</w>
            <w lemma="SÁÁ" type="nhen-s">SÁÁ</w>
            <w lemma="fara" type="svg3en">fari</w>
            <w lemma="í" type="af">í</w>
            <w lemma="smá" type="lkeoof">smá</w>
            <w lemma="uppskurður" type="nkeo">uppskurð</w>
            <w lemma="og" type="c">og</w>
            <w lemma="SÁÁ" type="nhen-s">SÁÁ</w>
            <w lemma="vera" type="sfg3en">er</w>
            <w lemma="frábær" type="lhensf">frábært</w>
            <w lemma="félag" type="nhen">félag</w>
            <w lemma="og" type="c">og</w>
            <w lemma="hjálp" type="nvee">hjálpar</w>
            <w lemma="margur" type="lhfnsf">mörg</w>
            <w lemma="þúsund" type="to">þúsund</w>
            <w lemma="maður" type="nkee">manns</w>
            <w lemma="en" type="c">en</w>
            <w lemma="það" type="fphen">það</w>
            <w lemma="vera" type="sfg3en">er</w>
            <w lemma="ekki" type="aa">ekki</w>
            <w lemma="hefja" type="sþghen">hafið</w>
            <w lemma="yfir" type="af">yfir</w>
            <w lemma="gagnrýni" type="nveþ">gagnrýni</w>
            <c type="pl">.</c>
          </s>
        </p>
        <p n="4">
          <s n="1">
            <w lemma="en" type="c">En</w>
            <w lemma="að" type="af">að</w>
            <w lemma="hver" type="fsheþ">hverju</w>
            <w lemma="beina" type="sfm3en">beinist</w>
            <w lemma="gagnrýni" type="nven">gagnrýni</w>
            <w lemma="kona" type="nvfeg">kvennanna</w>
            <w lemma="á" type="af">á</w>
            <w lemma="starf" type="nhfo">störf</w>
            <w lemma="SÁÁ" type="nhee-s">SÁÁ</w>
            <w lemma="gjarnan" type="aae">helst</w>
            <c type="pl">?</c>
          </s>
        </p>
        <p n="5">
          <s n="1">
            <w lemma="Ilmur" type="nven-s">Ilmur</w>
            <w lemma="Kristjánsdóttir" type="nven-s">Kristjánsdóttir</w>
            <c type="pa">:</c>
            <w lemma="ég" type="fp1fn">Við</w>
            <w lemma="vera" type="sfg1fn">erum</w>
            <w lemma="ekki" type="aa">ekki</w>
            <w lemma="að" type="af">að</w>
            <w lemma="þessi" type="faheþ">þessu</w>
            <w lemma="til" type="af">til</w>
            <w lemma="að" type="cn">að</w>
            <w lemma="fara" type="sng">fara</w>
            <w lemma="í" type="af">í</w>
            <w lemma="stríð" type="nheo">stríð</w>
            <w lemma="við" type="af">við</w>
            <w lemma="SÁÁ" type="nheo-s">SÁÁ</w>
            <c type="pk">,</c>
            <w lemma="ég" type="fp1fn">við</w>
            <w lemma="vera" type="sfg1fn">erum</w>
            <w lemma="að" type="af">að</w>
            <w lemma="þessi" type="faheþ">þessu</w>
            <w lemma="til" type="af">til</w>
            <w lemma="það" type="fphee">þess</w>
            <w lemma="að" type="cn">að</w>
            <w lemma="stækka" type="sng">stækka</w>
            <w lemma="ég" type="fp1fo">okkur</w>
            <c type="pk">,</c>
            <w lemma="til" type="af">til</w>
            <w lemma="það" type="fphee">þess</w>
            <w lemma="að" type="cn">að</w>
            <w lemma="hafa" type="sng">hafa</w>
            <w lemma="mikill" type="lheovm">meira</w>
            <w lemma="pláss" type="nheo">pláss</w>
            <w lemma="fyrir" type="af">fyrir</w>
            <w lemma="ég" type="fp1fe">okkar</w>
            <w lemma="rödd" type="nveþ">rödd</w>
            <w lemma="og" type="c">og</w>
            <w lemma="fyrir" type="af">fyrir</w>
            <w lemma="ég" type="fp1fe">okkar</w>
            <w lemma="sjónarmið" type="nhfo">sjónarmið</w>
            <w lemma="í" type="af">í</w>
            <w lemma="raun" type="nveþg">rauninni</w>
            <c type="pl">.</c>
          </s>
          <s n="2">
            <w lemma="það" type="fphen">Það</w>
            <w lemma="vera" type="sfg3en">er</w>
            <w lemma="hérna" type="aa">hérna</w>
            <c type="pk">,</c>
            <w lemma="SÁÁ" type="nhen-s">SÁÁ</w>
            <w lemma="vera" type="sfg3en">er</w>
            <w lemma="fínn" type="lhensf">fínt</w>
            <w lemma="félag" type="nhen">félag</w>
            <w lemma="og" type="c">og</w>
            <w lemma="vera" type="sfg3en">er</w>
            <w lemma="búinn" type="lhensf">búið</w>
            <w lemma="að" type="cn">að</w>
            <w lemma="hjálpa" type="sng">hjálpa</w>
            <w lemma="margur" type="lhfosf">mörg</w>
            <w lemma="þúsund" type="nhfo">þúsund</w>
            <w lemma="maður" type="nkee">manns</w>
            <w lemma="en" type="c">en</w>
            <w lemma="það" type="fphen">það</w>
            <w lemma="vera" type="sfg3en">er</w>
            <w lemma="ekki" type="aa">ekki</w>
            <w lemma="hefja" type="sþghen">hafið</w>
            <w lemma="yfir" type="af">yfir</w>
            <w lemma="gagnrýni" type="nveo">gagnrýni</w>
            <w lemma="samt" type="aa">samt</w>
            <w lemma="sem" type="c">sem</w>
            <w lemma="áður" type="aa">áður</w>
            <c type="pl">.</c>
          </s>
        </p>
      </div1>
    </body>
  </text>
</TEI>
