<?xml version="1.0" encoding="utf-8"?>
<TEI xmlns="http://www.tei-c.org/ns/1.0">
  <teiHeader>
    <fileDesc>
      <titleStmt>
        <title>
          <title type="main">Ætlar ekki að reisa Hverahlíðarvirkjun</title>
        </title>
        <respStmt>
          <resp xml:lang="is">Söfnun og úrvinnsla texta</resp>
          <resp xml:lang="en">Collection and processing of text</resp>
          <name xml:lang="is">Stofnun Árna Magnússonar í íslenskum fræðum</name>
          <name xml:lang="en">The Arni Magnusson Institute for Icelandic Studies</name>
        </respStmt>
      </titleStmt>
      <editionStmt>
        <p xml:lang="is">Íslensk risamálheild (2019)</p>
        <p xml:lang="en">Tagged Icelandic Gigaword Corpus (2019)</p>
      </editionStmt>
      <publicationStmt>
        <distributor xml:lang="is">Stofnun Árna Magnússonar í íslenskum fræðum</distributor>
        <distributor xml:lang="en">The Arni Magnusson Institute for Icelandic Studies</distributor>
        <address>
          <addrLine xml:lang="is">Árnagarður við Suðurgötu, 107 Reykjavík, Íslandi</addrLine>
          <addrLine xml:lang="en">Árnagarður Suðurgata, 107 Reykjavik, Iceland</addrLine>
          <addrLine>
            <email>arnastofnun@arnastofnun.is</email>
          </addrLine>
        </address>
        <idno type="risam">G-25-2544682</idno>
        <availability>
          <p xml:lang="is">Þessi texti er til notkunar í málrannsóknum og máltækniverkefnum um allan heim með sérstöku leyfi, sjá rmh2Hdr.xml</p>
          <p xml:lang="en">This text is available for use in language research and language technology projects world wide with a special license, see rmh2Hdr.xml</p>
        </availability>
        <date>2020-05-26</date>
      </publicationStmt>
      <sourceDesc>
        <biblStruct>
          <analytic>
            <title>
              <title type="main">Ætlar ekki að reisa Hverahlíðarvirkjun</title>
            </title>
            <date when="2013-03-27T08:00:00">27.03 2013 kl. 08:00:00</date>
          </analytic>
          <monogr>
            <title>Bylgjan</title>
            <imprint>
              <publisher>365 miðlar hf.</publisher>
              <pubPlace>Reykjavík</pubPlace>
            </imprint>
          </monogr>
        </biblStruct>
      </sourceDesc>
    </fileDesc>
    <encodingDesc>
      <projectDesc>
        <p xml:lang="is">Sjá lýsingu á verkefninu í rmh2Hdr.xml.</p>
        <p xml:lang="en">See description of project in rmh2Hdr.xml.</p>
      </projectDesc>
      <tagsDecl>
        <namespace name="http://www.tei-c.org/ns/1.0">
          <tagUsage gi="text" occurs="1"/>
          <tagUsage gi="body" occurs="1"/>
          <tagUsage gi="div1" occurs="1"/>
          <tagUsage gi="p" occurs="1"/>
          <tagUsage gi="s" occurs="4"/>
          <tagUsage gi="w" occurs="83"/>
          <tagUsage gi="c" occurs="5"/>
        </namespace>
      </tagsDecl>
    </encodingDesc>
    <profileDesc>
     <textClass>
      <keywords scheme="#RMH">
       <list>
        <item>Frétt – almennt</item>
       </list>
      </keywords>
     </textClass>
    </profileDesc>
  </teiHeader>
  <text>
    <body>
      <div1>
        <p n="1">
          <s n="1">
            <w lemma="Orkuveita" type="nven-s">Orkuveita</w>
            <w lemma="Reykjavík" type="nvee-s">Reykjavíkur</w>
            <w lemma="ætla" type="sfg3en">ætlar</w>
            <w lemma="ekki" type="aa">ekki</w>
            <w lemma="að" type="cn">að</w>
            <w lemma="reisa" type="sng">reisa</w>
            <w lemma="Hverahlíðarvirkjun" type="nveo-s">Hverahlíðarvirkjun</w>
            <w lemma="eða" type="c">eða</w>
            <w lemma="ráða" type="snm">ráðast</w>
            <w lemma="í" type="af">í</w>
            <w lemma="annar" type="fovfo">aðrar</w>
            <w lemma="nýr" type="lvfosf">nýjar</w>
            <w lemma="virkjun" type="nvfo">virkjanir</w>
            <w lemma="á" type="af">á</w>
            <w lemma="Hellisheiði" type="nveþ-s">Hellisheiði</w>
            <w lemma="snemma" type="aam">fyrr</w>
            <w lemma="en" type="c">en</w>
            <w lemma="mengunarvandi" type="nken">mengunarvandi</w>
            <w lemma="vegna" type="af">vegna</w>
            <w lemma="útblástur" type="nkee">útblásturs</w>
            <w lemma="brennisteinsvetni" type="nhee">brennisteinsvetnis</w>
            <w lemma="verða" type="sfg3en">verður</w>
            <w lemma="leysa" type="sþgken">leystur</w>
            <c type="pl">.</c>
          </s>
          <s n="2">
            <w lemma="ráðgera" type="sþghen">Ráðgert</w>
            <w lemma="hafa" type="sfg3en">hefur</w>
            <w lemma="vera" type="sþghen">verið</w>
            <w lemma="að" type="c">að</w>
            <w lemma="Hverahlíðarvirkjun" type="nven-s">Hverahlíðarvirkjun</w>
            <w lemma="sjá" type="svg3en">sjái</w>
            <w lemma="fyrirhugaður" type="lheþsf">fyrirhuguðu</w>
            <w lemma="álver" type="nheþ">álveri</w>
            <w lemma="Norðurál" type="nhee-s">Norðuráls</w>
            <w lemma="í" type="af">í</w>
            <w lemma="Helguvík" type="nveo-s">Helguvík</w>
            <w lemma="fyrir" type="af">fyrir</w>
            <w lemma="orka" type="nveo">orku</w>
            <c type="pl">.</c>
          </s>
          <s n="3">
            <w lemma="Bjarni" type="nken-s">Bjarni</w>
            <w lemma="Bjarnason" type="nken-s">Bjarnason</w>
            <c type="pk">,</c>
            <w lemma="forstjóri" type="nken">forstjóri</w>
            <w lemma="Orkuveitan" type="nveegs">Orkuveitunnar</w>
            <w lemma="segja" type="sfg3en">segir</w>
            <w lemma="í" type="af">í</w>
            <w lemma="viðtal" type="nheþ">viðtali</w>
            <w lemma="við" type="af">við</w>
            <w lemma="Fréttablaðið" type="nheogs">Fréttablaðið</w>
            <w lemma="að" type="c">að</w>
            <w lemma="fyrirtæki" type="nhen">fyrirtæki</w>
            <w lemma="hafa" type="svg3en">hafi</w>
            <w lemma="jafnframt" type="aa">jafnframt</w>
            <w lemma="óska" type="sþghen">óskað</w>
            <w lemma="eftir" type="af">eftir</w>
            <w lemma="frestun" type="nveþ">frestun</w>
            <w lemma="á" type="af">á</w>
            <w lemma="gildistaka" type="nveþ">gildistöku</w>
            <w lemma="reglugerð" type="nvee">reglugerðar</w>
            <w lemma="um" type="af">um</w>
            <w lemma="hertur" type="lhfosf">hert</w>
            <w lemma="skilyrði" type="nhfo">skilyrði</w>
            <w lemma="vegna" type="af">vegna</w>
            <w lemma="útblástur" type="nkee">útblásturs</w>
            <w lemma="brennisteinsvetni" type="nhee">brennisteinsvetnis</w>
            <w lemma="til" type="af">til</w>
            <w lemma="ár" type="nheeg">ársins</w>
            <w lemma="2020" type="ta">2020</w>
            <c type="pl">.</c>
          </s>
          <s n="4">
            <w lemma="orkuveita" type="nveng">Orkuveitan</w>
            <w lemma="ásamt" type="af">ásamt</w>
            <w lemma="Landsvirkjun" type="nveþ-s">Landsvirkjun</w>
            <w lemma="og" type="c">og</w>
            <w lemma="HS" type="n----s">HS</w>
            <w lemma="Orka" type="nveþ-s">Orku</w>
            <w lemma="vinna" type="sfg3fn">vinna</w>
            <w lemma="nú" type="aa">nú</w>
            <w lemma="saman" type="aa">saman</w>
            <w lemma="að" type="af">að</w>
            <w lemma="tilraun" type="nvfþ">tilraunum</w>
            <w lemma="til" type="af">til</w>
            <w lemma="að" type="cn">að</w>
            <w lemma="koma" type="sng">koma</w>
            <w lemma="í" type="af">í</w>
            <w lemma="vegur" type="nkeo">veg</w>
            <w lemma="fyrir" type="af">fyrir</w>
            <w lemma="svona" type="lveþof">svona</w>
            <w lemma="mengun" type="nveo">mengun</w>
            <c type="pl">.</c>
          </s>
        </p>
      </div1>
    </body>
  </text>
</TEI>
