<?xml version="1.0" encoding="utf-8"?>
<TEI xmlns="http://www.tei-c.org/ns/1.0">
  <teiHeader>
    <fileDesc>
      <titleStmt>
        <title>
          <title type="main">Lögreglumál</title>
        </title>
        <respStmt>
          <resp xml:lang="is">Söfnun og úrvinnsla texta</resp>
          <resp xml:lang="en">Collection and processing of text</resp>
          <name xml:lang="is">Stofnun Árna Magnússonar í íslenskum fræðum</name>
          <name xml:lang="en">The Arni Magnusson Institute for Icelandic Studies</name>
        </respStmt>
      </titleStmt>
      <editionStmt>
        <p xml:lang="is">Íslensk risamálheild (2019)</p>
        <p xml:lang="en">Tagged Icelandic Gigaword Corpus (2019)</p>
      </editionStmt>
      <publicationStmt>
        <distributor xml:lang="is">Stofnun Árna Magnússonar í íslenskum fræðum</distributor>
        <distributor xml:lang="en">The Arni Magnusson Institute for Icelandic Studies</distributor>
        <address>
          <addrLine xml:lang="is">Árnagarður við Suðurgötu, 107 Reykjavík, Íslandi</addrLine>
          <addrLine xml:lang="en">Árnagarður Suðurgata, 107 Reykjavik, Iceland</addrLine>
          <addrLine>
            <email>arnastofnun@arnastofnun.is</email>
          </addrLine>
        </address>
        <idno type="risam">G-25-2542787</idno>
        <availability>
          <p xml:lang="is">Þessi texti er til notkunar í málrannsóknum og máltækniverkefnum um allan heim með sérstöku leyfi, sjá rmh2Hdr.xml</p>
          <p xml:lang="en">This text is available for use in language research and language technology projects world wide with a special license, see rmh2Hdr.xml</p>
        </availability>
        <date>2020-05-26</date>
      </publicationStmt>
      <sourceDesc>
        <biblStruct>
          <analytic>
            <title>
              <title type="main">Lögreglumál</title>
            </title>
            <date when="2013-03-31T12:00:00">31.03 2013 kl. 12:00:00</date>
          </analytic>
          <monogr>
            <title>Bylgjan</title>
            <imprint>
              <publisher>365 miðlar hf.</publisher>
              <pubPlace>Reykjavík</pubPlace>
            </imprint>
          </monogr>
        </biblStruct>
      </sourceDesc>
    </fileDesc>
    <encodingDesc>
      <projectDesc>
        <p xml:lang="is">Sjá lýsingu á verkefninu í rmh2Hdr.xml.</p>
        <p xml:lang="en">See description of project in rmh2Hdr.xml.</p>
      </projectDesc>
      <tagsDecl>
        <namespace name="http://www.tei-c.org/ns/1.0">
          <tagUsage gi="text" occurs="1"/>
          <tagUsage gi="body" occurs="1"/>
          <tagUsage gi="div1" occurs="1"/>
          <tagUsage gi="p" occurs="2"/>
          <tagUsage gi="s" occurs="13"/>
          <tagUsage gi="w" occurs="241"/>
          <tagUsage gi="c" occurs="15"/>
        </namespace>
      </tagsDecl>
    </encodingDesc>
    <profileDesc>
     <textClass>
      <keywords scheme="#RMH">
       <list>
        <item>Frétt – almennt</item>
       </list>
      </keywords>
     </textClass>
    </profileDesc>
  </teiHeader>
  <text>
    <body>
      <div1>
        <p n="1">
          <s n="1">
            <w lemma="lögregla" type="nveng">Lögreglan</w>
            <w lemma="lenda" type="sfg3eþ">lenti</w>
            <w lemma="í" type="af">í</w>
            <w lemma="eftirför" type="nveþ">eftirför</w>
            <w lemma="í" type="af">í</w>
            <w lemma="nótt" type="nveþ">nótt</w>
            <w lemma="og" type="c">og</w>
            <w lemma="harður" type="lvensf">hörð</w>
            <w lemma="aftanákeyrsla" type="nven">aftanákeyrsla</w>
            <w lemma="verða" type="sfg3eþ">varð</w>
            <w lemma="á" type="af">á</w>
            <w lemma="gatnamót" type="nhfþ">gatnamótum</w>
            <w lemma="Breiðholtsbraut" type="nvee-s">Breiðholtsbrautar</w>
            <w lemma="og" type="c">og</w>
            <w lemma="Reykjanesbraut" type="nvee-s">Reykjanesbrautar</w>
            <w lemma="í" type="af">í</w>
            <w lemma="morgunn" type="nkeo">morgun</w>
            <c type="pl">.</c>
          </s>
        </p>
        <p n="2">
          <s n="1">
            <w lemma="slys" type="nheng">Slysið</w>
            <w lemma="verða" type="sfg3eþ">varð</w>
            <w lemma="um" type="aa">um</w>
            <w lemma="klukka" type="nveng">klukkan</w>
            <w lemma="níu" type="ta">níu</w>
            <w lemma="í" type="af">í</w>
            <w lemma="morgunn" type="nkeo">morgun</w>
            <w lemma="en" type="c">en</w>
            <w lemma="meiðsl" type="nhfn">meiðsl</w>
            <w lemma="ökumaður" type="nkeeg">ökumannsins</w>
            <w lemma="vera" type="sfg3fn">eru</w>
            <w lemma="ekki" type="aa">ekki</w>
            <w lemma="telja" type="sþghfn">talin</w>
            <w lemma="alvarlegur" type="lhfnsf">alvarleg</w>
            <c type="pl">.</c>
          </s>
          <s n="2">
            <w lemma="slys" type="nheng">Slysið</w>
            <w lemma="verða" type="sfg3eþ">varð</w>
            <w lemma="með" type="af">með</w>
            <w lemma="sá" type="fakeþ">þeim</w>
            <w lemma="háttur" type="nkeþ">hætti</w>
            <w lemma="að" type="c">að</w>
            <w lemma="fólksbíl" type="nken">fólksbíl</w>
            <w lemma="vera" type="sfg3eþ">var</w>
            <w lemma="aka" type="sþghen">ekið</w>
            <w lemma="aftan" type="aa">aftan</w>
            <w lemma="á" type="af">á</w>
            <w lemma="rúta" type="nveo">rútu</w>
            <w lemma="og" type="c">og</w>
            <w lemma="vera" type="sfg3fn">eru</w>
            <w lemma="báðir" type="fokfn">báðir</w>
            <w lemma="bíll" type="nkfng">bílarnir</w>
            <w lemma="mikill" type="lhensf">mikið</w>
            <w lemma="skemmd" type="nvfn">skemmdir</w>
            <c type="pl">.</c>
          </s>
          <s n="3">
            <w lemma="tveir" type="tfkfn">Tveir</w>
            <w lemma="vera" type="sfg3fþ">voru</w>
            <w lemma="grípa" type="sþgkfn">gripnir</w>
            <w lemma="glóðvolgur" type="lkfnsf">glóðvolgir</w>
            <w lemma="á" type="af">á</w>
            <w lemma="miðnætti" type="nheþ">miðnætti</w>
            <w lemma="með" type="af">með</w>
            <w lemma="poki" type="nkeþ">poka</w>
            <w lemma="fullur" type="lkfosf">fulla</w>
            <w lemma="af" type="af">af</w>
            <w lemma="góss" type="nheþ">góssi</w>
            <c type="pk">,</c>
            <w lemma="skríða" type="slg">skríðandi</w>
            <w lemma="út" type="aa">út</w>
            <w lemma="um" type="af">um</w>
            <w lemma="gluggi" type="nkeo">glugga</w>
            <w lemma="apótek" type="nhee">apóteks</w>
            <w lemma="í" type="af">í</w>
            <w lemma="austurbær" type="nkeþg">austurbænum</w>
            <w lemma="en" type="c">en</w>
            <w lemma="hann" type="fpkfn">þeir</w>
            <w lemma="hafa" type="sfg3fþ">höfðu</w>
            <w lemma="skammur" type="lheþsf">skömmu</w>
            <w lemma="áður" type="aa">áður</w>
            <w lemma="brjóta" type="sþghen">brotið</w>
            <w lemma="rúða" type="nveo">rúðu</w>
            <w lemma="þar" type="aa">þar</w>
            <w lemma="og" type="c">og</w>
            <w lemma="fara" type="sþghen">farið</w>
            <w lemma="inn" type="aa">inn</w>
            <c type="pl">.</c>
          </s>
          <s n="4">
            <w lemma="söngur" type="nkeng">Söngurinn</w>
            <w lemma="í" type="af">í</w>
            <w lemma="vælandi" type="lheþof">vælandi</w>
            <w lemma="öryggiskerfi" type="nheþg">öryggiskerfinu</w>
            <w lemma="vekja" type="sfg3eþ">vakti</w>
            <w lemma="forvitni" type="nven">forvitni</w>
            <w lemma="svefnvana" type="lkeoof">svefnvana</w>
            <w lemma="vegfarandi" type="nkee">vegfaranda</w>
            <w lemma="sem" type="ct">sem</w>
            <w lemma="gera" type="sfg3eþ">gerði</w>
            <w lemma="lögregla" type="nveþ">lögreglu</w>
            <w lemma="viðvar" type="lheosf">viðvart</w>
            <c type="pl">.</c>
          </s>
          <s n="5">
            <w lemma="gista" type="sfg3fn">Gista</w>
            <w lemma="hann" type="fpkfn">þeir</w>
            <w lemma="nú" type="aa">nú</w>
            <w lemma="fangageymsla" type="nveo">fangageymslu</w>
            <w lemma="og" type="c">og</w>
            <w lemma="bíða" type="sng">bíða</w>
            <w lemma="yfirheyrsla" type="nvee">yfirheyrslu</w>
            <c type="pl">.</c>
          </s>
          <s n="6">
            <w lemma="þá" type="aa">Þá</w>
            <w lemma="vera" type="sfg3eþ">var</w>
            <w lemma="einn" type="lkensf">einn</w>
            <w lemma="grípa" type="sþgken">gripinn</w>
            <w lemma="við" type="af">við</w>
            <w lemma="að" type="cn">að</w>
            <w lemma="fara" type="sng">fara</w>
            <w lemma="inn" type="aa">inn</w>
            <w lemma="í" type="af">í</w>
            <w lemma="bíll" type="nkfo">bíla</w>
            <w lemma="í" type="af">í</w>
            <w lemma="austurborg" type="nveþg">austurborginni</w>
            <w lemma="með" type="af">með</w>
            <w lemma="fullur" type="lkfosf">fulla</w>
            <w lemma="vasi" type="nkfo">vasa</w>
            <w lemma="af" type="af">af</w>
            <w lemma="sólgleraugu" type="nhfþ">sólgleraugum</w>
            <w lemma="og" type="c">og</w>
            <w lemma="annar" type="fokfþ">öðrum</w>
            <w lemma="lausamunir" type="nkfþ">lausamunum</w>
            <w lemma="úr" type="af">úr</w>
            <w lemma="bifreið" type="nvfþ">bifreiðum</w>
            <w lemma="sem" type="ct">sem</w>
            <w lemma="verða" type="sfg3fþ">urðu</w>
            <w lemma="á" type="af">á</w>
            <w lemma="vegur" type="nkeþ">vegi</w>
            <w lemma="hann" type="fpkee">hans</w>
            <c type="pl">.</c>
          </s>
          <s n="7">
            <w lemma="hafa" type="sfg3eþ">Hafði</w>
            <w lemma="þessi" type="faven">þessi</w>
            <w lemma="sjá" type="sþghen">séð</w>
            <w lemma="sig" type="fpkeþ">sér</w>
            <w lemma="leikur" type="nkeo">leik</w>
            <w lemma="á" type="af">á</w>
            <w lemma="borð" type="nheþ">borði</w>
            <w lemma="og" type="c">og</w>
            <w lemma="ganga" type="sþghen">gengið</w>
            <w lemma="milli" type="af">milli</w>
            <w lemma="bíll" type="nkfe">bíla</w>
            <w lemma="og" type="c">og</w>
            <w lemma="fara" type="sþghen">farið</w>
            <w lemma="inn" type="aa">inn</w>
            <w lemma="í" type="af">í</w>
            <w lemma="sá" type="fakfo">þá</w>
            <w lemma="sem" type="ct">sem</w>
            <w lemma="vera" type="sfg3fþ">voru</w>
            <w lemma="ólæstur" type="lkfnsf">ólæstir</w>
            <c type="pl">.</c>
          </s>
          <s n="8">
            <w lemma="lögreglumaður" type="nkfn">Lögreglumenn</w>
            <w lemma="ætla" type="sfg3fþ">ætluðu</w>
            <w lemma="að" type="cn">að</w>
            <w lemma="hafa" type="sng">hafa</w>
            <w lemma="afskipti" type="nhfo">afskipti</w>
            <w lemma="af" type="af">af</w>
            <w lemma="ökumaður" type="nkeþ">ökumanni</w>
            <w lemma="á" type="af">á</w>
            <w lemma="Reykjanesbraut" type="nveþ-s">Reykjanesbraut</w>
            <w lemma="við" type="af">við</w>
            <w lemma="Kópavogur" type="nkeo-s">Kópavog</w>
            <w lemma="í" type="af">í</w>
            <w lemma="fjórði" type="lkeþvf">fjórða</w>
            <w lemma="tími" type="nkeþg">tímanum</w>
            <w lemma="í" type="af">í</w>
            <w lemma="nótt" type="nveo">nótt</w>
            <c type="pl">.</c>
          </s>
          <s n="9">
            <w lemma="ökumaður" type="nkeng">Ökumaðurinn</w>
            <w lemma="sinna" type="sfg3eþ">sinnti</w>
            <w lemma="ekki" type="aa">ekki</w>
            <w lemma="stöðvunarmerki" type="nhfþ">stöðvunarmerkjum</w>
            <w lemma="lögregla" type="nvee">lögreglu</w>
            <w lemma="og" type="c">og</w>
            <w lemma="hefja" type="sfm3eþ">hófst</w>
            <w lemma="eftirför" type="nven">eftirför</w>
            <w lemma="þar" type="aa">þar</w>
            <w lemma="sem" type="c">sem</w>
            <w lemma="ökumaður" type="nkeng">ökumaðurinn</w>
            <w lemma="aka" type="sfg3eþ">ók</w>
            <w lemma="í" type="af">í</w>
            <w lemma="Hafnarfjörður" type="nkeo-s">Hafnarfjörð</w>
            <w lemma="og" type="c">og</w>
            <w lemma="vera" type="sfg3eþ">var</w>
            <w lemma="síðar" type="aam">síðar</w>
            <w lemma="stöðva" type="sþgken">stöðvaður</w>
            <w lemma="þar" type="aa">þar</w>
            <c type="pl">.</c>
          </s>
          <s n="10">
            <w lemma="þá" type="aa">Þá</w>
            <w lemma="hafa" type="sfg3eþ">hafði</w>
            <w lemma="ökumaður" type="nkeng">ökumaðurinn</w>
            <w lemma="aka" type="sþghen">ekið</w>
            <w lemma="yfir" type="af">yfir</w>
            <w lemma="gatnamót" type="nhfo">gatnamót</w>
            <w lemma="mót" type="af">mót</w>
            <w lemma="rauður" type="lheþsf">rauðu</w>
            <w lemma="ljós" type="nheþ">ljósi</w>
            <w lemma="og" type="c">og</w>
            <w lemma="ekki" type="aa">ekki</w>
            <w lemma="virtur" type="lhensf">virt</w>
            <w lemma="umferðarmerki" type="nheo">umferðarmerki</w>
            <w lemma="eða" type="c">eða</w>
            <w lemma="stöðvunarmerki" type="nhfo">stöðvunarmerki</w>
            <w lemma="lögregla" type="nvee">lögreglu</w>
            <c type="pl">.</c>
          </s>
          <s n="11">
            <w lemma="ökumaður" type="nkeng">Ökumaðurinn</w>
            <w lemma="vera" type="sfg3en">er</w>
            <w lemma="gruna" type="sþgken">grunaður</w>
            <w lemma="um" type="af">um</w>
            <w lemma="akstur" type="nkeo">akstur</w>
            <w lemma="bifreið" type="nvee">bifreiðar</w>
            <w lemma="undir" type="af">undir</w>
            <w lemma="áhrif" type="nhfþ">áhrifum</w>
            <w lemma="fíkniefni" type="nhfe">fíkniefna</w>
            <w lemma="og" type="c">og</w>
            <w lemma="vera" type="sfg3eþ">var</w>
            <w lemma="hann" type="fpken">hann</w>
            <w lemma="að" type="af">að</w>
            <w lemma="sýnataka" type="nveþ">sýnatöku</w>
            <w lemma="lokinn" type="lveþsf">lokinni</w>
            <w lemma="vista" type="sþgken">vistaður</w>
            <w lemma="í" type="af">í</w>
            <w lemma="fangageymsla" type="nveþ">fangageymslu</w>
            <w lemma="fyrir" type="af">fyrir</w>
            <w lemma="rannsókn" type="nveþ">rannsókn</w>
            <w lemma="mál" type="nheeg">málsins</w>
            <c type="pl">.</c>
          </s>
          <s n="12">
            <w lemma="töluverður" type="lkensf">Töluverður</w>
            <w lemma="fjöldi" type="nken">fjöldi</w>
            <w lemma="skemmta" type="sfg3eþ">skemmti</w>
            <w lemma="sig" type="fpkeþ">sér</w>
            <w lemma="svo" type="aa">svo</w>
            <w lemma="á" type="af">á</w>
            <w lemma="ísfirskur" type="lveþvf">ísfirsku</w>
            <w lemma="hátíð" type="nveþg">hátíðinni</w>
            <w lemma="aldrei" type="aa">Aldrei</w>
            <w lemma="fara" type="sfg1eþ">fór</w>
            <w lemma="ég" type="fp1en">ég</w>
            <w lemma="suður" type="aa">suður</w>
            <w lemma="í" type="aa">í</w>
            <w lemma="gær" type="aa">gær</w>
            <w lemma="og" type="c">og</w>
            <w lemma="nótt" type="nveo">nótt</w>
            <w lemma="og" type="c">og</w>
            <w lemma="ganga" type="sfg3eþ">gekk</w>
            <w lemma="skemmtanahald" type="nhen">skemmtanahald</w>
            <w lemma="nokkur" type="fohen">nokkuð</w>
            <w lemma="vel" type="aa">vel</w>
            <c type="pk">,</c>
            <w lemma="að" type="af">að</w>
            <w lemma="sögn" type="nveþ">sögn</w>
            <w lemma="lögregla" type="nvee">lögreglu</w>
            <w lemma="fyrir" type="aa">fyrir</w>
            <w lemma="vestan" type="aa">vestan</w>
            <c type="pl">.</c>
          </s>
        </p>
      </div1>
    </body>
  </text>
</TEI>
