<?xml version="1.0" encoding="utf-8"?>
<TEI xmlns="http://www.tei-c.org/ns/1.0">
  <teiHeader>
    <fileDesc>
      <titleStmt>
        <title>
          <title type="main">Lægir í nótt</title>
        </title>
        <respStmt>
          <resp xml:lang="is">Söfnun og úrvinnsla texta</resp>
          <resp xml:lang="en">Collection and processing of text</resp>
          <name xml:lang="is">Stofnun Árna Magnússonar í íslenskum fræðum</name>
          <name xml:lang="en">The Arni Magnusson Institute for Icelandic Studies</name>
        </respStmt>
      </titleStmt>
      <editionStmt>
        <p xml:lang="is">Íslensk risamálheild (2019)</p>
        <p xml:lang="en">Tagged Icelandic Gigaword Corpus (2019)</p>
      </editionStmt>
      <publicationStmt>
        <distributor xml:lang="is">Stofnun Árna Magnússonar í íslenskum fræðum</distributor>
        <distributor xml:lang="en">The Arni Magnusson Institute for Icelandic Studies</distributor>
        <address>
          <addrLine xml:lang="is">Árnagarður við Suðurgötu, 107 Reykjavík, Íslandi</addrLine>
          <addrLine xml:lang="en">Árnagarður Suðurgata, 107 Reykjavik, Iceland</addrLine>
          <addrLine>
            <email>arnastofnun@arnastofnun.is</email>
          </addrLine>
        </address>
        <idno type="risam">G-25-2538715</idno>
        <availability>
          <p xml:lang="is">Þessi texti er til notkunar í málrannsóknum og máltækniverkefnum um allan heim með sérstöku leyfi, sjá rmh2Hdr.xml</p>
          <p xml:lang="en">This text is available for use in language research and language technology projects world wide with a special license, see rmh2Hdr.xml</p>
        </availability>
        <date>2020-05-26</date>
      </publicationStmt>
      <sourceDesc>
        <biblStruct>
          <analytic>
            <title>
              <title type="main">Lægir í nótt</title>
            </title>
            <date when="2013-03-06T12:00:00">06.03 2013 kl. 12:00:00</date>
          </analytic>
          <monogr>
            <title>Bylgjan</title>
            <imprint>
              <publisher>365 miðlar hf.</publisher>
              <pubPlace>Reykjavík</pubPlace>
            </imprint>
          </monogr>
        </biblStruct>
      </sourceDesc>
    </fileDesc>
    <encodingDesc>
      <projectDesc>
        <p xml:lang="is">Sjá lýsingu á verkefninu í rmh2Hdr.xml.</p>
        <p xml:lang="en">See description of project in rmh2Hdr.xml.</p>
      </projectDesc>
      <tagsDecl>
        <namespace name="http://www.tei-c.org/ns/1.0">
          <tagUsage gi="text" occurs="1"/>
          <tagUsage gi="body" occurs="1"/>
          <tagUsage gi="div1" occurs="1"/>
          <tagUsage gi="p" occurs="4"/>
          <tagUsage gi="s" occurs="8"/>
          <tagUsage gi="w" occurs="159"/>
          <tagUsage gi="c" occurs="19"/>
        </namespace>
      </tagsDecl>
    </encodingDesc>
    <profileDesc>
     <textClass>
      <keywords scheme="#RMH">
       <list>
        <item>Frétt – almennt</item>
       </list>
      </keywords>
     </textClass>
    </profileDesc>
  </teiHeader>
  <text>
    <body>
      <div1>
        <p n="1">
          <s n="1">
            <w lemma="á" type="af">Á</w>
            <w lemma="Veðurstofa" type="nveþgs">Veðurstofunni</w>
            <w lemma="vera" type="sfg3en">er</w>
            <w lemma="búa" type="sþmhen">búist</w>
            <w lemma="við" type="af">við</w>
            <w lemma="að" type="c">að</w>
            <w lemma="veður" type="nheng">veðrið</w>
            <w lemma="liggja" type="svg3eþ">lægi</w>
            <w lemma="ekki" type="aa">ekki</w>
            <w lemma="snemma" type="aam">fyrr</w>
            <w lemma="en" type="c">en</w>
            <w lemma="í" type="af">í</w>
            <w lemma="nótt" type="nveo">nótt</w>
            <c type="pl">.</c>
          </s>
          <s n="2">
            <w lemma="það" type="fphen">Það</w>
            <w lemma="vera" type="sfg3en">er</w>
            <w lemma="nú" type="aa">nú</w>
            <w lemma="slæmur" type="lhense">verst</w>
            <w lemma="í" type="af">í</w>
            <w lemma="Öræfasveit" type="nveþ-s">Öræfasveit</w>
            <w lemma="þar" type="aa">þar</w>
            <w lemma="sem" type="c">sem</w>
            <w lemma="sterkur" type="lvfnve">sterkustu</w>
            <w lemma="hviða" type="nvfng">hviðurnar</w>
            <w lemma="ná" type="sfg3fn">ná</w>
            <w lemma="upp" type="aa">upp</w>
            <w lemma="í" type="af">í</w>
            <w lemma="50" type="ta">50</w>
            <w lemma="metri" type="nkfo">metra</w>
            <w lemma="á" type="af">á</w>
            <w lemma="sekúnda" type="nveþ">sekúndu</w>
            <c type="pl">.</c>
          </s>
        </p>
        <p n="2">
          <s n="1">
            <w lemma="Sigurður" type="nken-s">Sigurður</w>
            <w lemma="Jónsson" type="nken-s">Jónsson</w>
            <c type="pk">,</c>
            <w lemma="veðurfræðingur" type="nken">veðurfræðingur</w>
            <w lemma="á" type="af">á</w>
            <w lemma="Veðurstofa" type="nveþ-s">Veðurstofu</w>
            <w lemma="Ísland" type="nhee-s">Íslands</w>
            <c type="pa">:</c>
            <w lemma="sko" type="aa">Sko</w>
            <c type="pk">,</c>
            <w lemma="það" type="fphen">það</w>
            <w lemma="verða" type="sfg3en">verður</w>
            <w lemma="nú" type="aa">nú</w>
            <w lemma="bara" type="aa">bara</w>
            <w lemma="stormur" type="nken">stormur</w>
            <w lemma="hérna" type="aa">hérna</w>
            <w lemma="víða" type="aa">víða</w>
            <w lemma="um" type="af">um</w>
            <w lemma="land" type="nheo">land</w>
            <w lemma="í" type="af">í</w>
            <w lemma="dagur" type="nkeo">dag</w>
            <c type="pk">,</c>
            <w lemma="hvasst" type="aae">hvassast</w>
            <w lemma="hérna" type="aa">hérna</w>
            <w lemma="við" type="af">við</w>
            <w lemma="suðurströnd" type="nveog">suðurströndina</w>
            <c type="pk">,</c>
            <w lemma="alveg" type="aa">alveg</w>
            <w lemma="25" type="ta">25</w>
            <w lemma="til" type="aa">til</w>
            <w lemma="28" type="ta">28</w>
            <w lemma="metri" type="nkfn">metrar</w>
            <w lemma="á" type="af">á</w>
            <w lemma="sekúnda" type="nveþ">sekúndu</w>
            <w lemma="sumur" type="fokee">sums</w>
            <w lemma="staður" type="nkee">staðar</w>
            <c type="pl">.</c>
          </s>
          <s n="2">
            <w lemma="það" type="fphen">Það</w>
            <w lemma="fara" type="sfg3en">fer</w>
            <w lemma="svona" type="aa">svona</w>
            <w lemma="aðeins" type="aa">aðeins</w>
            <w lemma="að" type="cn">að</w>
            <w lemma="draga" type="sng">draga</w>
            <w lemma="úr" type="af">úr</w>
            <w lemma="úrkoma" type="nveþg">úrkomunni</w>
            <w lemma="hérna" type="aa">hérna</w>
            <w lemma="suðvestanland" type="nhee">suðvestanlands</w>
            <w lemma="eftir" type="af">eftir</w>
            <w lemma="hádegi" type="nheo">hádegi</w>
            <w lemma="en" type="c">en</w>
            <w lemma="það" type="fphen">það</w>
            <w lemma="verða" type="sfg3en">verður</w>
            <w lemma="áfram" type="aa">áfram</w>
            <w lemma="svona" type="aa">svona</w>
            <w lemma="blindur" type="lhensf">blint</w>
            <c type="pk">,</c>
            <w lemma="skafrenningur" type="nken">skafrenningur</w>
            <w lemma="og" type="c">og</w>
            <w lemma="kóf" type="nhen">kóf</w>
            <c type="pl">.</c>
          </s>
          <s n="3">
            <w lemma="þannig" type="aa">Þannig</w>
            <w lemma="að" type="c">að</w>
            <w lemma="það" type="fphen">það</w>
            <w lemma="fara" type="sfg3en">fer</w>
            <w lemma="enginn" type="fohen">ekkert</w>
            <w lemma="að" type="cn">að</w>
            <w lemma="laga" type="snm">lagast</w>
            <w lemma="veður" type="nheog">veðrið</w>
            <w lemma="að" type="af">að</w>
            <w lemma="ráð" type="nheþ">ráði</w>
            <w lemma="snemma" type="aam">fyrr</w>
            <w lemma="en" type="c">en</w>
            <w lemma="í" type="af">í</w>
            <w lemma="nótt" type="nveo">nótt</w>
            <c type="pl">.</c>
          </s>
          <s n="4">
            <w lemma="ja" type="au">Ja</w>
            <c type="pk">,</c>
            <w lemma="á" type="af">á</w>
            <w lemma="morgunn" type="nkeo">morgun</w>
            <w lemma="vera" type="sfg3en">er</w>
            <w lemma="það" type="fphen">það</w>
            <w lemma="verða" type="sþghen">orðið</w>
            <w lemma="skárri" type="lhenvm">skárra</w>
            <c type="pk">,</c>
            <w lemma="það" type="fphen">það</w>
            <w lemma="vera" type="sfg3en">er</w>
            <w lemma="samt" type="aa">samt</w>
            <w lemma="áfram" type="aa">áfram</w>
            <w lemma="stormur" type="nken">stormur</w>
            <w lemma="sumur" type="fokee">sums</w>
            <w lemma="staður" type="nkee">staðar</w>
            <w lemma="sunnanlands" type="aa">sunnanlands</w>
            <w lemma="við" type="af">við</w>
            <w lemma="hérna" type="aa">hérna</w>
            <w lemma="strönd" type="nveog">ströndina</w>
            <w lemma="og" type="c">og</w>
            <w lemma="skafrenningur" type="nken">skafrenningur</w>
            <w lemma="eða" type="c">eða</w>
            <w lemma="éljagangur" type="nken">éljagangur</w>
            <w lemma="en" type="c">en</w>
            <w lemma="svona" type="aa">svona</w>
            <w lemma="gjarnan" type="aam">heldur</w>
            <w lemma="skárri" type="lhenvm">skárra</w>
            <w lemma="í" type="af">í</w>
            <w lemma="annar" type="fokfþ">öðrum</w>
            <w lemma="landshluti" type="nkfþ">landshlutum</w>
            <c type="pl">.</c>
          </s>
        </p>
        <p n="3">
          <s n="1">
            <w lemma="Andri" type="nken-s">Andri</w>
            <w lemma="Ólafsson" type="nken-s">Ólafsson</w>
            <c type="pa">:</c>
            <w lemma="og" type="c">Og</w>
            <w lemma="svo" type="aa">svo</w>
            <w lemma="eiga" type="sfg3fþ">áttu</w>
            <w lemma="von" type="nveo">von</w>
            <w lemma="á" type="af">á</w>
            <w lemma="ágæti" type="nhee">ágætis</w>
            <w lemma="veður" type="nheþ">veðri</w>
            <w lemma="um" type="af">um</w>
            <w lemma="helgi" type="nveog">helgina</w>
            <w lemma="eða" type="c">eða</w>
            <w lemma="hver" type="fshen">hvað</w>
            <c type="pl">?</c>
          </s>
        </p>
        <p n="4">
          <s n="1">
            <w lemma="Sigurður" type="nken-s">Sigurður</w>
            <w lemma="Jónsson" type="nken-s">Jónsson</w>
            <c type="pa">:</c>
            <w lemma="já" type="au">Já</w>
            <c type="pk">,</c>
            <w lemma="það" type="fphen">það</w>
            <w lemma="verða" type="sfg3en">verður</w>
            <w lemma="skárri" type="lhenvm">skárra</w>
            <w lemma="á" type="af">á</w>
            <w lemma="sunnudagur" type="nkeþg">sunnudeginum</w>
            <w lemma="og" type="c">og</w>
            <w lemma="mánudagur" type="nkeþ">mánudegi</w>
            <w lemma="og" type="c">og</w>
            <w lemma="þriðjudagur" type="nkeþ">þriðjudegi</w>
            <w lemma="þá" type="aa">þá</w>
            <w lemma="vera" type="sfg3en">er</w>
            <w lemma="svona" type="aa">svona</w>
            <w lemma="vera" type="sfg3en">er</w>
            <w lemma="frekar" type="aam">frekar</w>
            <w lemma="hægur" type="lkfnsf">hægir</w>
            <w lemma="vindur" type="nkfn">vindar</w>
            <w lemma="og" type="c">og</w>
            <w lemma="úrkomulítill" type="lhensf">úrkomulítið</w>
            <c type="pl">.</c>
          </s>
        </p>
      </div1>
    </body>
  </text>
</TEI>
