<?xml version="1.0" encoding="utf-8"?>
<TEI xmlns="http://www.tei-c.org/ns/1.0">
  <teiHeader>
    <fileDesc>
      <titleStmt>
        <title>
          <title type="main">Innbrot</title>
        </title>
        <respStmt>
          <resp xml:lang="is">Söfnun og úrvinnsla texta</resp>
          <resp xml:lang="en">Collection and processing of text</resp>
          <name xml:lang="is">Stofnun Árna Magnússonar í íslenskum fræðum</name>
          <name xml:lang="en">The Arni Magnusson Institute for Icelandic Studies</name>
        </respStmt>
      </titleStmt>
      <editionStmt>
        <p xml:lang="is">Íslensk risamálheild (2019)</p>
        <p xml:lang="en">Tagged Icelandic Gigaword Corpus (2019)</p>
      </editionStmt>
      <publicationStmt>
        <distributor xml:lang="is">Stofnun Árna Magnússonar í íslenskum fræðum</distributor>
        <distributor xml:lang="en">The Arni Magnusson Institute for Icelandic Studies</distributor>
        <address>
          <addrLine xml:lang="is">Árnagarður við Suðurgötu, 107 Reykjavík, Íslandi</addrLine>
          <addrLine xml:lang="en">Árnagarður Suðurgata, 107 Reykjavik, Iceland</addrLine>
          <addrLine>
            <email>arnastofnun@arnastofnun.is</email>
          </addrLine>
        </address>
        <idno type="risam">G-25-2545547</idno>
        <availability>
          <p xml:lang="is">Þessi texti er til notkunar í málrannsóknum og máltækniverkefnum um allan heim með sérstöku leyfi, sjá rmh2Hdr.xml</p>
          <p xml:lang="en">This text is available for use in language research and language technology projects world wide with a special license, see rmh2Hdr.xml</p>
        </availability>
        <date>2020-05-26</date>
      </publicationStmt>
      <sourceDesc>
        <biblStruct>
          <analytic>
            <title>
              <title type="main">Innbrot</title>
            </title>
            <date when="2013-03-14T08:00:00">14.03 2013 kl. 08:00:00</date>
          </analytic>
          <monogr>
            <title>Bylgjan</title>
            <imprint>
              <publisher>365 miðlar hf.</publisher>
              <pubPlace>Reykjavík</pubPlace>
            </imprint>
          </monogr>
        </biblStruct>
      </sourceDesc>
    </fileDesc>
    <encodingDesc>
      <projectDesc>
        <p xml:lang="is">Sjá lýsingu á verkefninu í rmh2Hdr.xml.</p>
        <p xml:lang="en">See description of project in rmh2Hdr.xml.</p>
      </projectDesc>
      <tagsDecl>
        <namespace name="http://www.tei-c.org/ns/1.0">
          <tagUsage gi="text" occurs="1"/>
          <tagUsage gi="body" occurs="1"/>
          <tagUsage gi="div1" occurs="1"/>
          <tagUsage gi="p" occurs="1"/>
          <tagUsage gi="s" occurs="5"/>
          <tagUsage gi="w" occurs="54"/>
          <tagUsage gi="c" occurs="5"/>
        </namespace>
      </tagsDecl>
    </encodingDesc>
    <profileDesc>
     <textClass>
      <keywords scheme="#RMH">
       <list>
        <item>Frétt – almennt</item>
       </list>
      </keywords>
     </textClass>
    </profileDesc>
  </teiHeader>
  <text>
    <body>
      <div1>
        <p n="1">
          <s n="1">
            <w lemma="Brotist" type="n----s">Brotist</w>
            <w lemma="vera" type="sfg3eþ">var</w>
            <w lemma="inn" type="aa">inn</w>
            <w lemma="í" type="af">í</w>
            <w lemma="söluturn" type="nkeo">söluturn</w>
            <w lemma="í" type="af">í</w>
            <w lemma="austurborg" type="nveþg">austurborginni</w>
            <w lemma="í" type="af">í</w>
            <w lemma="nótt" type="nveo">nótt</w>
            <w lemma="og" type="c">og</w>
            <w lemma="þaðan" type="aa">þaðan</w>
            <w lemma="m.a." type="ks">m.a.</w>
            <w lemma="stela" type="sþghen">stolið</w>
            <w lemma="tóbak" type="nheþ">tóbaki</w>
            <c type="pl">.</c>
          </s>
          <s n="2">
            <w lemma="þjófur" type="nkeng">Þjófurinn</w>
            <w lemma="brjóta" type="sfg3eþ">braut</w>
            <w lemma="rúða" type="nveo">rúðu</w>
            <w lemma="í" type="af">í</w>
            <w lemma="bílalúga" type="nveþ">bílalúgu</w>
            <w lemma="og" type="c">og</w>
            <w lemma="skríða" type="sfg3eþ">skreið</w>
            <w lemma="þar" type="aa">þar</w>
            <w lemma="inn" type="aa">inn</w>
            <c type="pl">.</c>
          </s>
          <s n="3">
            <w lemma="hann" type="fpken">Hann</w>
            <w lemma="koma" type="sfm3eþ">komst</w>
            <w lemma="undan" type="aa">undan</w>
            <w lemma="með" type="af">með</w>
            <w lemma="þýfi" type="nheog">þýfið</w>
            <w lemma="og" type="c">og</w>
            <w lemma="vera" type="sfg3en">er</w>
            <w lemma="nú" type="aa">nú</w>
            <w lemma="leita" type="sþghen">leitað</w>
            <c type="pl">.</c>
          </s>
          <s n="4">
            <w lemma="ekki" type="aa">Ekki</w>
            <w lemma="liggja" type="sfg3en">liggur</w>
            <w lemma="endanlega" type="aa">endanlega</w>
            <w lemma="fyrir" type="aa">fyrir</w>
            <w lemma="hversu" type="aa">hversu</w>
            <w lemma="mikill" type="lheþsf">miklu</w>
            <w lemma="hann" type="fpken">hann</w>
            <w lemma="stela" type="sfg3eþ">stal</w>
            <c type="pl">.</c>
          </s>
          <s n="5">
            <w lemma="tóbak" type="nhen">Tóbak</w>
            <w lemma="vera" type="sfg3en">er</w>
            <w lemma="verða" type="sþghen">orðið</w>
            <w lemma="eftirsóttur" type="lvensf">eftirsótt</w>
            <w lemma="meðal" type="af">meðal</w>
            <w lemma="innbrotsþjófur" type="nkfe">innbrotsþjófa</w>
            <w lemma="enda" type="c">enda</w>
            <w lemma="kosta" type="sfg3en">kostar</w>
            <w lemma="pakki" type="nkeng">pakkinn</w>
            <w lemma="nú" type="aa">nú</w>
            <w lemma="á" type="af">á</w>
            <w lemma="annar" type="foheo">annað</w>
            <w lemma="þúsund" type="tfvfo">þúsund</w>
            <w lemma="króna" type="nvfo">krónur</w>
            <c type="pl">.</c>
          </s>
        </p>
      </div1>
    </body>
  </text>
</TEI>
