<?xml version="1.0" encoding="utf-8"?>
<TEI xmlns="http://www.tei-c.org/ns/1.0">
  <teiHeader>
    <fileDesc>
      <titleStmt>
        <title>
          <title type="main">Rannsókn á lokastigi</title>
        </title>
        <respStmt>
          <resp xml:lang="is">Söfnun og úrvinnsla texta</resp>
          <resp xml:lang="en">Collection and processing of text</resp>
          <name xml:lang="is">Stofnun Árna Magnússonar í íslenskum fræðum</name>
          <name xml:lang="en">The Arni Magnusson Institute for Icelandic Studies</name>
        </respStmt>
      </titleStmt>
      <editionStmt>
        <p xml:lang="is">Íslensk risamálheild (2019)</p>
        <p xml:lang="en">Tagged Icelandic Gigaword Corpus (2019)</p>
      </editionStmt>
      <publicationStmt>
        <distributor xml:lang="is">Stofnun Árna Magnússonar í íslenskum fræðum</distributor>
        <distributor xml:lang="en">The Arni Magnusson Institute for Icelandic Studies</distributor>
        <address>
          <addrLine xml:lang="is">Árnagarður við Suðurgötu, 107 Reykjavík, Íslandi</addrLine>
          <addrLine xml:lang="en">Árnagarður Suðurgata, 107 Reykjavik, Iceland</addrLine>
          <addrLine>
            <email>arnastofnun@arnastofnun.is</email>
          </addrLine>
        </address>
        <idno type="risam">G-25-2538442</idno>
        <availability>
          <p xml:lang="is">Þessi texti er til notkunar í málrannsóknum og máltækniverkefnum um allan heim með sérstöku leyfi, sjá rmh2Hdr.xml</p>
          <p xml:lang="en">This text is available for use in language research and language technology projects world wide with a special license, see rmh2Hdr.xml</p>
        </availability>
        <date>2020-05-26</date>
      </publicationStmt>
      <sourceDesc>
        <biblStruct>
          <analytic>
            <title>
              <title type="main">Rannsókn á lokastigi</title>
            </title>
            <date when="2013-03-17T12:00:00">17.03 2013 kl. 12:00:00</date>
          </analytic>
          <monogr>
            <title>Bylgjan</title>
            <imprint>
              <publisher>365 miðlar hf.</publisher>
              <pubPlace>Reykjavík</pubPlace>
            </imprint>
          </monogr>
        </biblStruct>
      </sourceDesc>
    </fileDesc>
    <encodingDesc>
      <projectDesc>
        <p xml:lang="is">Sjá lýsingu á verkefninu í rmh2Hdr.xml.</p>
        <p xml:lang="en">See description of project in rmh2Hdr.xml.</p>
      </projectDesc>
      <tagsDecl>
        <namespace name="http://www.tei-c.org/ns/1.0">
          <tagUsage gi="text" occurs="1"/>
          <tagUsage gi="body" occurs="1"/>
          <tagUsage gi="div1" occurs="1"/>
          <tagUsage gi="p" occurs="2"/>
          <tagUsage gi="s" occurs="14"/>
          <tagUsage gi="w" occurs="318"/>
          <tagUsage gi="c" occurs="25"/>
        </namespace>
      </tagsDecl>
    </encodingDesc>
    <profileDesc>
     <textClass>
      <keywords scheme="#RMH">
       <list>
        <item>Frétt – almennt</item>
       </list>
      </keywords>
     </textClass>
    </profileDesc>
  </teiHeader>
  <text>
    <body>
      <div1>
        <p n="1">
          <s n="1">
            <w lemma="rannsókn" type="nven">Rannsókn</w>
            <w lemma="sérstakur" type="lkeesf">sérstaks</w>
            <w lemma="saksóknari" type="nkee">saksóknara</w>
            <w lemma="á" type="af">á</w>
            <w lemma="Stím-mál" type="nheþgs">Stím-málinu</w>
            <w lemma="svokallaður" type="lheþvf">svokallaða</w>
            <w lemma="vera" type="sfg3en">er</w>
            <w lemma="á" type="af">á</w>
            <w lemma="lokastig" type="nheþ">lokastigi</w>
            <w lemma="og" type="c">og</w>
            <w lemma="ákvörðun" type="nven">ákvörðun</w>
            <w lemma="um" type="af">um</w>
            <w lemma="saksókn" type="nveo">saksókn</w>
            <w lemma="eða" type="c">eða</w>
            <w lemma="niðurfelling" type="nveo">niðurfellingu</w>
            <w lemma="mál" type="nheeg">málsins</w>
            <w lemma="verða" type="sfg3en">verður</w>
            <w lemma="taka" type="sþgven">tekin</w>
            <w lemma="í" type="af">í</w>
            <w lemma="næstur" type="lveþve">næstu</w>
            <w lemma="vika" type="nveþ">viku</w>
            <c type="pl">.</c>
          </s>
        </p>
        <p n="2">
          <s n="1">
            <w lemma="stím" type="nhen">Stím</w>
            <w lemma="ehf" type="ks">ehf</w>
            <w lemma="vera" type="sfg3eþ">var</w>
            <w lemma="stofna" type="sþghen">stofnað</w>
            <w lemma="í" type="af">í</w>
            <w lemma="nóvember" type="nkeþ">nóvember</w>
            <w lemma="2007" type="ta">2007</w>
            <w lemma="og" type="c">og</w>
            <w lemma="kaupa" type="sfg3eþ">keypti</w>
            <w lemma="félag" type="nheng">félagið</w>
            <w lemma="hlutabréf" type="nhfo">hlutabréf</w>
            <w lemma="í" type="af">í</w>
            <w lemma="FL" type="n----s">FL</w>
            <w lemma="Group" type="e">Group</w>
            <w lemma="og" type="c">og</w>
            <w lemma="Glitnir" type="nkeo-s">Glitni</w>
            <w lemma="banki" type="nkeo">banka</w>
            <w lemma="fyrir" type="af">fyrir</w>
            <w lemma="samtals" type="aa">samtals</w>
            <w lemma="24,8" type="ta">24,8</w>
            <w lemma="milljarður" type="nkfo">milljarða</w>
            <w lemma="króna" type="nvfe">króna</w>
            <c type="pl">.</c>
          </s>
          <s n="2">
            <w lemma="stím" type="nven">Stím</w>
            <w lemma="kaupa" type="sfg3eþ">keypti</w>
            <w lemma="3,8%" type="tp">3,8%</w>
            <w lemma="hlutur" type="nkeo">hlut</w>
            <w lemma="í" type="af">í</w>
            <w lemma="FL" type="n----s">FL</w>
            <w lemma="Group" type="e">Group</w>
            <w lemma="og" type="c">og</w>
            <w lemma="4,3%" type="tp">4,3%</w>
            <w lemma="hlutur" type="nkeo">hlut</w>
            <w lemma="í" type="af">í</w>
            <w lemma="Glitnir" type="nkeþ-s">Glitni</w>
            <c type="pl">.</c>
          </s>
          <s n="3">
            <w lemma="Glitnir" type="nken-s">Glitnir</w>
            <w lemma="lána" type="sfg3eþ">lánaði</w>
            <w lemma="félag" type="nheþg">félaginu</w>
            <w lemma="samtals" type="aa">samtals</w>
            <w lemma="19,6" type="ta">19,6</w>
            <w lemma="milljarður" type="nkfo">milljarða</w>
            <w lemma="króna" type="nvfe">króna</w>
            <w lemma="vegna" type="af">vegna</w>
            <w lemma="þessi" type="fahfe">þessara</w>
            <w lemma="kaup" type="nhfe">kaupa</w>
            <w lemma="eða" type="c">eða</w>
            <w lemma="tæpur" type="lhfosf">tæp</w>
            <w lemma="80%" type="tp">80%</w>
            <c type="pl">.</c>
          </s>
          <s n="4">
            <w lemma="Glitnir" type="nken-s">Glitnir</w>
            <w lemma="vera" type="sfg3eþ">var</w>
            <w lemma="með" type="af">með</w>
            <w lemma="trygging" type="nveo">tryggingu</w>
            <w lemma="í" type="af">í</w>
            <w lemma="þessi" type="fahfþ">þessum</w>
            <w lemma="hlutabréf" type="nhfþ">hlutabréfum</w>
            <w lemma="í" type="af">í</w>
            <w lemma="staður" type="nkeog">staðinn</w>
            <c type="pl">.</c>
          </s>
          <s n="5">
            <w lemma="slitastjórn" type="nven">Slitastjórn</w>
            <w lemma="Glitnir" type="nkee-s">Glitnis</w>
            <w lemma="hafa" type="sfg3en">hefur</w>
            <w lemma="nú" type="aa">nú</w>
            <w lemma="höfða" type="sþghen">höfðað</w>
            <w lemma="skaðabótamál" type="nheo">skaðabótamál</w>
            <w lemma="á" type="af">á</w>
            <w lemma="hönd" type="nvfo">hendur</w>
            <w lemma="Jakob" type="nkeþ-s">Jakobi</w>
            <w lemma="Valgeir" type="nkeþ-s">Valgeiri</w>
            <w lemma="Flosason" type="nkeþ-s">Flosasyni</w>
            <c type="pk">,</c>
            <w lemma="útgerðarmaður" type="nkeþ">útgerðarmanni</w>
            <w lemma="frá" type="af">frá</w>
            <w lemma="Bolungarvík" type="nveþ-s">Bolungarvík</w>
            <w lemma="og" type="c">og</w>
            <w lemma="fyrrverandi" type="lkeþof">fyrrverandi</w>
            <w lemma="stjórnarformaður" type="nkeþ">stjórnarformanni</w>
            <w lemma="Stím" type="nhee-s">Stíms</w>
            <c type="pk">,</c>
            <w lemma="einn" type="fokeþ">einum</w>
            <w lemma="annar" type="fokeþ">öðrum</w>
            <w lemma="fyrrverandi" type="lkeþof">fyrrverandi</w>
            <w lemma="stjórnarmaður" type="nkeþ">stjórnarmanni</w>
            <w lemma="í" type="af">í</w>
            <w lemma="Stím" type="nheþ-s">Stími</w>
            <w lemma="ehf" type="ks">ehf</w>
            <w lemma="og" type="c">og</w>
            <w lemma="þrír" type="tfkfþ">þremur</w>
            <w lemma="fyrrverandi" type="lkfþof">fyrrverandi</w>
            <w lemma="starfsmaður" type="nkfþ">starfsmönnum</w>
            <w lemma="Glitnir" type="nkee-s">Glitnis</w>
            <w lemma="banki" type="nkfe">banka</w>
            <w lemma="og" type="c">og</w>
            <w lemma="krefja" type="sfg3en">krefur</w>
            <w lemma="þá" type="aa">þá</w>
            <w lemma="sameiginlega" type="aa">sameiginlega</w>
            <w lemma="um" type="aa">um</w>
            <w lemma="300" type="ta">300</w>
            <w lemma="milljón" type="nvfo">milljónir</w>
            <w lemma="króna" type="nvfe">króna</w>
            <w lemma="í" type="af">í</w>
            <w lemma="bót" type="nvfo">bætur</w>
            <c type="pl">.</c>
          </s>
          <s n="6">
            <w lemma="frá" type="af">Frá</w>
            <w lemma="þessi" type="faheþ">þessu</w>
            <w lemma="vera" type="sfg3eþ">var</w>
            <w lemma="greina" type="sþghen">greint</w>
            <w lemma="í" type="af">í</w>
            <w lemma="frétt" type="nvfþ">fréttum</w>
            <w lemma="ég" type="fp1fe">okkar</w>
            <w lemma="í" type="aa">í</w>
            <w lemma="gær" type="aa">gær</w>
            <c type="pl">.</c>
          </s>
          <s n="7">
            <w lemma="óvæntur" type="foken">Óvæntur</w>
            <w lemma="liður" type="nken">liður</w>
            <w lemma="í" type="af">í</w>
            <w lemma="sá" type="faveþ">þeirri</w>
            <w lemma="atburðarás" type="nveþ">atburðarás</w>
            <w lemma="vera" type="sfg3eþ">var</w>
            <w lemma="þegar" type="c">þegar</w>
            <w lemma="lögmaður" type="nken">lögmaður</w>
            <w lemma="Jakob" type="nkee-s">Jakobs</w>
            <w lemma="Valgeir" type="nkee-s">Valgeirs</w>
            <c type="pk">,</c>
            <w lemma="Sigurður" type="nken-s">Sigurður</w>
            <w lemma="G." type="ks">G.</w>
            <w lemma="Guðjónsson" type="nken-s">Guðjónsson</w>
            <c type="pk">,</c>
            <w lemma="hæstaréttarlögmaður" type="nken">hæstaréttarlögmaður</w>
            <c type="pk">,</c>
            <w lemma="vera" type="sfg3eþ">var</w>
            <w lemma="kæra" type="sþgken">kærður</w>
            <w lemma="til" type="af">til</w>
            <w lemma="siðanefnd" type="nvee">siðanefndar</w>
            <w lemma="Lögmannafélag" type="nhee-s">Lögmannafélags</w>
            <w lemma="Ísland" type="nhee-s">Íslands</w>
            <w lemma="vegna" type="af">vegna</w>
            <w lemma="bréf" type="nhfe">bréfa</w>
            <w lemma="sem" type="ct">sem</w>
            <w lemma="hann" type="fpken">hann</w>
            <w lemma="senda" type="sfg3eþ">sendi</w>
            <w lemma="lögmaður" type="nkfþ">lögmönnum</w>
            <w lemma="Glitnir" type="nkee-s">Glitnis</w>
            <w lemma="banki" type="nkee">banka</w>
            <c type="pk">,</c>
            <w lemma="en" type="c">en</w>
            <w lemma="þrotabú" type="nhen">þrotabú</w>
            <w lemma="banki" type="nkeeg">bankans</w>
            <w lemma="hafa" type="sfg3en">hefur</w>
            <w lemma="nýta" type="sþghen">nýtt</w>
            <w lemma="sig" type="fpheþ">sér</w>
            <w lemma="þjónusta" type="nveo">þjónustu</w>
            <w lemma="lögmannsstofa" type="nveeg">lögmannsstofunnar</w>
            <w lemma="Lex" type="n----s">Lex</w>
            <w lemma="í" type="af">í</w>
            <w lemma="þessi" type="faheþ">þessu</w>
            <w lemma="mál" type="nheþ">máli</w>
            <c type="pl">.</c>
          </s>
          <s n="8">
            <w lemma="málefni" type="nhfn">Málefni</w>
            <w lemma="Stímur" type="nkee-s">Stíms</w>
            <w lemma="ehf" type="ks">ehf</w>
            <w lemma="hafa" type="sfg3fn">hafa</w>
            <w lemma="einnig" type="aa">einnig</w>
            <w lemma="vera" type="sþghen">verið</w>
            <w lemma="til" type="af">til</w>
            <w lemma="rannsókn" type="nvee">rannsóknar</w>
            <w lemma="hjá" type="af">hjá</w>
            <w lemma="embætti" type="nheþ">embætti</w>
            <w lemma="sérstakur" type="lkeesf">sérstaks</w>
            <w lemma="saksóknari" type="nkee">saksóknara</w>
            <w lemma="lengi" type="aa">lengi</w>
            <w lemma="og" type="c">og</w>
            <w lemma="mega" type="sfg3en">má</w>
            <w lemma="rekja" type="sng">rekja</w>
            <w lemma="rannsókn" type="nveog">rannsóknina</w>
            <w lemma="allur" type="fohen">allt</w>
            <w lemma="til" type="af">til</w>
            <w lemma="árslok" type="nhfe">ársloka</w>
            <w lemma="ár" type="nheeg">ársins</w>
            <w lemma="2009" type="ta">2009</w>
            <c type="pl">.</c>
          </s>
          <s n="9">
            <w lemma="Lárus" type="nken-s">Lárus</w>
            <w lemma="Welding" type="nven-s">Welding</w>
            <c type="pk">,</c>
            <w lemma="fyrrverandi" type="lkenof">fyrrverandi</w>
            <w lemma="forstjóri" type="nken">forstjóri</w>
            <w lemma="Glitnir" type="nkee-s">Glitnis</w>
            <w lemma="banki" type="nkee">banka</w>
            <c type="pk">,</c>
            <w lemma="vera" type="sfg3en">er</w>
            <w lemma="ásamt" type="af">ásamt</w>
            <w lemma="nokkur" type="fohfþ">nokkrum</w>
            <w lemma="annar" type="fokfþ">öðrum</w>
            <w lemma="með" type="af">með</w>
            <w lemma="réttarstaða" type="nveþ">réttarstöðu</w>
            <w lemma="sakborningur" type="nkee">sakbornings</w>
            <w lemma="vegna" type="af">vegna</w>
            <w lemma="grunur" type="nkee">gruns</w>
            <w lemma="um" type="af">um</w>
            <w lemma="umboðssvik" type="nhfo">umboðssvik</w>
            <w lemma="og" type="c">og</w>
            <w lemma="markaðsmisnotkun" type="nveo">markaðsmisnotkun</w>
            <c type="pl">.</c>
          </s>
          <s n="10">
            <w lemma="grunur" type="nken">Grunur</w>
            <w lemma="leika" type="sfg3en">leikur</w>
            <w lemma="á" type="af">á</w>
            <w lemma="að" type="c">að</w>
            <w lemma="lánveiting" type="nvfn">lánveitingar</w>
            <w lemma="Glitnir" type="nkee-s">Glitnis</w>
            <w lemma="til" type="af">til</w>
            <w lemma="Stímur" type="nkee-s">Stíms</w>
            <w lemma="ehf" type="ks">ehf</w>
            <w lemma="til" type="af">til</w>
            <w lemma="það" type="fphee">þess</w>
            <w lemma="að" type="cn">að</w>
            <w lemma="kaupa" type="sng">kaupa</w>
            <w lemma="hlutabréf" type="nhfo">hlutabréf</w>
            <w lemma="í" type="af">í</w>
            <w lemma="Glitnir" type="nkeþ-s">Glitni</w>
            <w lemma="banki" type="nkeþ">banka</w>
            <w lemma="hafa" type="svg3en">hafi</w>
            <w lemma="vera" type="sþghen">verið</w>
            <w lemma="til" type="af">til</w>
            <w lemma="það" type="fphee">þess</w>
            <w lemma="að" type="cn">að</w>
            <w lemma="hafa" type="sng">hafa</w>
            <w lemma="óeðlilegur" type="lhfosf">óeðlileg</w>
            <w lemma="áhrif" type="nhfo">áhrif</w>
            <w lemma="á" type="af">á</w>
            <w lemma="hlutabréfaverð" type="nheo">hlutabréfaverð</w>
            <w lemma="í" type="af">í</w>
            <w lemma="banki" type="nkeþg">bankanum</w>
            <w lemma="og" type="c">og</w>
            <w lemma="í" type="af">í</w>
            <w lemma="raun" type="nveþ">raun</w>
            <w lemma="til" type="af">til</w>
            <w lemma="það" type="fphee">þess</w>
            <w lemma="að" type="cn">að</w>
            <w lemma="halda" type="sng">halda</w>
            <w lemma="verð" type="nheþ">verði</w>
            <w lemma="það" type="fphfe">þeirra</w>
            <w lemma="uppi" type="aa">uppi</w>
            <c type="pl">.</c>
          </s>
          <s n="11">
            <w lemma="samkvæmt" type="af">Samkvæmt</w>
            <w lemma="heimild" type="nvfþ">heimildum</w>
            <w lemma="fréttastofa" type="nvee">fréttastofu</w>
            <w lemma="vera" type="sfg3en">er</w>
            <w lemma="rannsókn" type="nven">rannsókn</w>
            <w lemma="í" type="af">í</w>
            <w lemma="Stím-mál" type="nheþgs">Stím-málinu</w>
            <w lemma="nú" type="aa">nú</w>
            <w lemma="á" type="af">á</w>
            <w lemma="lokastig" type="nheþ">lokastigi</w>
            <w lemma="hjá" type="af">hjá</w>
            <w lemma="sérstakur" type="lkeþsf">sérstökum</w>
            <w lemma="saksóknari" type="nkeþ">saksóknara</w>
            <w lemma="og" type="c">og</w>
            <w lemma="verða" type="sfg3en">verður</w>
            <w lemma="taka" type="sþgven">tekin</w>
            <w lemma="ákvörðun" type="nven">ákvörðun</w>
            <w lemma="um" type="af">um</w>
            <w lemma="ákæra" type="nveo">ákæru</w>
            <w lemma="eða" type="c">eða</w>
            <w lemma="niðurfelling" type="nveo">niðurfellingu</w>
            <w lemma="mál" type="nheeg">málsins</w>
            <w lemma="í" type="af">í</w>
            <w lemma="næstur" type="lveþve">næstu</w>
            <w lemma="vika" type="nveþ">viku</w>
            <c type="pl">.</c>
          </s>
          <s n="12">
            <w lemma="Stím-mál" type="nheng">Stím-málið</w>
            <w lemma="teygja" type="sfg3en">teygir</w>
            <w lemma="angi" type="nkfo">anga</w>
            <w lemma="sinn" type="fekfo">sína</w>
            <w lemma="inn" type="aa">inn</w>
            <w lemma="í" type="af">í</w>
            <w lemma="annar" type="fovfo">aðrar</w>
            <w lemma="rannsókn" type="nvfo">rannsóknir</w>
            <w lemma="hjá" type="af">hjá</w>
            <w lemma="embætti" type="nheþg">embættinu</w>
            <c type="pl">.</c>
          </s>
          <s n="13">
            <w lemma="ákveðinn" type="lkensf">Ákveðinn</w>
            <w lemma="hluti" type="nken">hluti</w>
            <w lemma="það" type="fphee">þess</w>
            <w lemma="sjá" type="sfm3en">sést</w>
            <w lemma="í" type="af">í</w>
            <w lemma="Aurum-mál" type="nheþgs">Aurum-málinu</w>
            <w lemma="svokallaður" type="lheþvf">svokallaða</w>
            <c type="pk">,</c>
            <w lemma="þá" type="aa">þá</w>
            <w lemma="mega" type="sfg3en">má</w>
            <w lemma="hér" type="aa">hér</w>
            <w lemma="nefna" type="sng">nefna</w>
            <w lemma="mál" type="nheo">mál</w>
            <w lemma="sem" type="ct">sem</w>
            <w lemma="tengja" type="sfm3en">tengist</w>
            <w lemma="fagfjárfestasjóður" type="nkeþg">fagfjárfestasjóðnum</w>
            <w lemma="Glbfx" type="nkeþ-s">GLBFX</w>
            <c type="pk">,</c>
            <w lemma="sem" type="ct">sem</w>
            <w lemma="vera" type="sfg3eþ">var</w>
            <w lemma="í" type="af">í</w>
            <w lemma="varsla" type="nveþ">vörslu</w>
            <w lemma="Glitnir" type="nkee-s">Glitnis</w>
            <c type="pk">,</c>
            <w lemma="en" type="c">en</w>
            <w lemma="sjóður" type="nkeng">sjóðurinn</w>
            <w lemma="kaupa" type="sfg3eþ">keypti</w>
            <w lemma="skuldabréf" type="nhfo">skuldabréf</w>
            <w lemma="af" type="af">af</w>
            <w lemma="Saga" type="n----s">Saga</w>
            <w lemma="Capital" type="e">Capital</w>
            <w lemma="sem" type="ct">sem</w>
            <w lemma="gefa" type="sþghen">gefið</w>
            <w lemma="hafa" type="sfg3eþ">hafði</w>
            <w lemma="vera" type="sþghen">verið</w>
            <w lemma="út" type="aa">út</w>
            <w lemma="af" type="af">af</w>
            <w lemma="Stímir" type="nkeþ-s">Stími</w>
            <w lemma="ehf" type="ks">ehf</w>
            <c type="pl">.</c>
          </s>
        </p>
      </div1>
    </body>
  </text>
</TEI>
