<?xml version="1.0" encoding="utf-8"?>
<TEI xmlns="http://www.tei-c.org/ns/1.0">
  <teiHeader>
    <fileDesc>
      <titleStmt>
        <title>
          <title type="main">Stefnt að flugi til Bandaríkjanna </title>
        </title>
        <respStmt>
          <resp xml:lang="is">Söfnun og úrvinnsla texta</resp>
          <resp xml:lang="en">Collection and processing of text</resp>
          <name xml:lang="is">Stofnun Árna Magnússonar í íslenskum fræðum</name>
          <name xml:lang="en">The Arni Magnusson Institute for Icelandic Studies</name>
        </respStmt>
      </titleStmt>
      <editionStmt>
        <p xml:lang="is">Íslensk risamálheild (2019)</p>
        <p xml:lang="en">Tagged Icelandic Gigaword Corpus (2019)</p>
      </editionStmt>
      <publicationStmt>
        <distributor xml:lang="is">Stofnun Árna Magnússonar í íslenskum fræðum</distributor>
        <distributor xml:lang="en">The Arni Magnusson Institute for Icelandic Studies</distributor>
        <address>
          <addrLine xml:lang="is">Árnagarður við Suðurgötu, 107 Reykjavík, Íslandi</addrLine>
          <addrLine xml:lang="en">Árnagarður Suðurgata, 107 Reykjavik, Iceland</addrLine>
          <addrLine>
            <email>arnastofnun@arnastofnun.is</email>
          </addrLine>
        </address>
        <idno type="risam">G-25-2503600</idno>
        <availability>
          <p xml:lang="is">Þessi texti er til notkunar í málrannsóknum og máltækniverkefnum um allan heim með sérstöku leyfi, sjá rmh2Hdr.xml</p>
          <p xml:lang="en">This text is available for use in language research and language technology projects world wide with a special license, see rmh2Hdr.xml</p>
        </availability>
        <date>2020-05-26</date>
      </publicationStmt>
      <sourceDesc>
        <biblStruct>
          <analytic>
            <title>
              <title type="main">Stefnt að flugi til Bandaríkjanna </title>
            </title>
            <date when="2013-03-11T12:00:00">11.03 2013 kl. 12:00:00</date>
          </analytic>
          <monogr>
            <title>Bylgjan</title>
            <imprint>
              <publisher>365 miðlar hf.</publisher>
              <pubPlace>Reykjavík</pubPlace>
            </imprint>
          </monogr>
        </biblStruct>
      </sourceDesc>
    </fileDesc>
    <encodingDesc>
      <projectDesc>
        <p xml:lang="is">Sjá lýsingu á verkefninu í rmh2Hdr.xml.</p>
        <p xml:lang="en">See description of project in rmh2Hdr.xml.</p>
      </projectDesc>
      <tagsDecl>
        <namespace name="http://www.tei-c.org/ns/1.0">
          <tagUsage gi="text" occurs="1"/>
          <tagUsage gi="body" occurs="1"/>
          <tagUsage gi="div1" occurs="1"/>
          <tagUsage gi="p" occurs="2"/>
          <tagUsage gi="s" occurs="6"/>
          <tagUsage gi="w" occurs="152"/>
          <tagUsage gi="c" occurs="8"/>
        </namespace>
      </tagsDecl>
    </encodingDesc>
    <profileDesc>
     <textClass>
      <keywords scheme="#RMH">
       <list>
        <item>Frétt – almennt</item>
       </list>
      </keywords>
     </textClass>
    </profileDesc>
  </teiHeader>
  <text>
    <body>
      <div1>
        <p n="1">
          <s n="1">
            <w lemma="stefna" type="sþghen">Stefnt</w>
            <w lemma="vera" type="sfg3en">er</w>
            <w lemma="að" type="af">að</w>
            <w lemma="það" type="fpheþ">því</w>
            <w lemma="að" type="c">að</w>
            <w lemma="Wow" type="n----s">Wow</w>
            <w lemma="air" type="x">air</w>
            <w lemma="fá" type="svg3en">fái</w>
            <w lemma="eigin" type="lheosf">eigið</w>
            <w lemma="flugrekstrarleyfi" type="nheo">flugrekstrarleyfi</w>
            <w lemma="í" type="af">í</w>
            <w lemma="haust" type="nheo">haust</w>
            <w lemma="og" type="c">og</w>
            <w lemma="verða" type="svg3en">verði</w>
            <w lemma="þá" type="aa">þá</w>
            <w lemma="alvara" type="nvee">alvöru</w>
            <w lemma="flugfélag" type="nhen">flugfélag</w>
            <w lemma="en" type="c">en</w>
            <w lemma="ekki" type="aa">ekki</w>
            <w lemma="ferðaskrifstofa" type="nven">ferðaskrifstofa</w>
            <w lemma="eins" type="aa">eins</w>
            <w lemma="og" type="c">og</w>
            <w lemma="félag" type="nheng">félagið</w>
            <w lemma="vera" type="sfg3en">er</w>
            <w lemma="núna" type="aa">núna</w>
            <c type="pl">.</c>
          </s>
        </p>
        <p n="2">
          <s n="1">
            <w lemma="þessi" type="faheo">Þetta</w>
            <w lemma="segja" type="sfg3en">segir</w>
            <w lemma="Skúli" type="nken-s">Skúli</w>
            <w lemma="Mogensen" type="nken-s">Mogensen</w>
            <c type="pk">,</c>
            <w lemma="forstjóri" type="nken">forstjóri</w>
            <w lemma="Wow" type="n----s">Wow</w>
            <w lemma="Air" type="n----s">air</w>
            <w lemma="í" type="af">í</w>
            <w lemma="samtal" type="nheþ">samtali</w>
            <w lemma="við" type="af">við</w>
            <w lemma="danskur" type="lheovf">danska</w>
            <w lemma="ferðarit" type="nheog">ferðaritið</w>
            <w lemma="Standur" type="nkeo-s">Stand</w>
            <w lemma="By" type="n----s">By</w>
            <w lemma="og" type="c">og</w>
            <w lemma="greina" type="sþghen">greint</w>
            <w lemma="vera" type="sfg3en">er</w>
            <w lemma="frá" type="aa">frá</w>
            <w lemma="á" type="af">á</w>
            <w lemma="túrista.is" type="v">Túrista.is</w>
            <c type="pl">.</c>
          </s>
          <s n="2">
            <w lemma="þá" type="aa">Þá</w>
            <w lemma="segja" type="sfg3en">segir</w>
            <w lemma="Skúli" type="nken-s">Skúli</w>
            <w lemma="að" type="c">að</w>
            <w lemma="stefna" type="sþghen">stefnt</w>
            <w lemma="vera" type="svg3en">sé</w>
            <w lemma="að" type="af">að</w>
            <w lemma="það" type="fpheþ">því</w>
            <w lemma="að" type="cn">að</w>
            <w lemma="hefja" type="sng">hefja</w>
            <w lemma="flug" type="nheo">flug</w>
            <w lemma="til" type="af">til</w>
            <w lemma="Bandaríkin" type="nhfegs">Bandaríkjanna</w>
            <w lemma="vor" type="nheog">vorið</w>
            <w lemma="2014" type="ta">2014</w>
            <w lemma="eða" type="c">eða</w>
            <w lemma="eftir" type="af">eftir</w>
            <w lemma="rúmur" type="lheosf">rúmt</w>
            <w lemma="ár" type="nheo">ár</w>
            <w lemma="en" type="c">en</w>
            <w lemma="vill" type="x">vill</w>
            <w lemma="ekki" type="aa">ekki</w>
            <w lemma="tilgreina" type="sng">tilgreina</w>
            <w lemma="áfangastaður" type="nkfo">áfangastaði</w>
            <w lemma="að" type="af">að</w>
            <w lemma="svo" type="aa">svo</w>
            <w lemma="staddur" type="lheþsf">stöddu</w>
            <w lemma="nema" type="c">nema</w>
            <w lemma="hver" type="fshen">hvað</w>
            <w lemma="í" type="af">í</w>
            <w lemma="einhver" type="fohfþ">einhverjum</w>
            <w lemma="tilvik" type="nhfþ">tilvikum</w>
            <w lemma="verða" type="svg3en">verði</w>
            <w lemma="fljúga" type="sþghen">flogið</w>
            <w lemma="til" type="af">til</w>
            <w lemma="borg" type="nvfe">borga</w>
            <w lemma="sem" type="ct">sem</w>
            <w lemma="Icelandair" type="n----s">Icelandair</w>
            <w lemma="fljúga" type="sfg3en">flýgur</w>
            <w lemma="líka" type="aa">líka</w>
            <w lemma="til" type="aa">til</w>
            <c type="pl">.</c>
          </s>
          <s n="3">
            <w lemma="notaður" type="lvfnsf">Notaðar</w>
            <w lemma="verða" type="sfg3fn">verða</w>
            <w lemma="Boeing" type="n----s">Boeing</w>
            <w lemma="757" type="ta">757</w>
            <w lemma="vél" type="nvfn">vélar</w>
            <w lemma="í" type="af">í</w>
            <w lemma="þessi" type="faheo">þetta</w>
            <w lemma="flug" type="nheo">flug</w>
            <c type="pk">,</c>
            <w lemma="samskonar" type="lvfnof">samskonar</w>
            <w lemma="og" type="c">og</w>
            <w lemma="Icelandair" type="n----s">Icelandair</w>
            <w lemma="nota" type="sfg3en">notar</w>
            <w lemma="en" type="c">en</w>
            <w lemma="í" type="af">í</w>
            <w lemma="dagur" type="nkeo">dag</w>
            <w lemma="leigja" type="sfg3en">leigir</w>
            <w lemma="félag" type="nheng">félagið</w>
            <w lemma="Airbus" type="n----s">Airbus</w>
            <w lemma="vél" type="nvfo">vélar</w>
            <c type="pl">.</c>
          </s>
          <s n="4">
            <w lemma="velta" type="nven">Velta</w>
            <w lemma="félag" type="nheeg">félagsins</w>
            <w lemma="í" type="af">í</w>
            <w lemma="fyrri" type="lheovm">fyrra</w>
            <w lemma="vera" type="sfg3eþ">var</w>
            <w lemma="rúmlega" type="aa">rúmlega</w>
            <w lemma="12" type="ta">12</w>
            <w lemma="milljarður" type="nkfn">milljarðar</w>
            <w lemma="króna" type="nvfe">króna</w>
            <w lemma="og" type="c">og</w>
            <w lemma="skila" type="sfg3eþ">skilaði</w>
            <w lemma="félag" type="nheng">félagið</w>
            <w lemma="hagnaður" type="nkeþ">hagnaði</w>
            <w lemma="að" type="af">að</w>
            <w lemma="sögn" type="nveþ">sögn</w>
            <w lemma="Skúli" type="nkee-s">Skúla</w>
            <c type="pl">.</c>
          </s>
          <s n="5">
            <w lemma="telja" type="sþghen">Talið</w>
            <w lemma="vera" type="sfg3en">er</w>
            <w lemma="að" type="c">að</w>
            <w lemma="Wow" type="n----s">Wow</w>
            <w lemma="air" type="x">air</w>
            <w lemma="geta" type="svg3en">geti</w>
            <w lemma="hefja" type="sþghen">hafið</w>
            <w lemma="flug" type="nheo">flug</w>
            <w lemma="til" type="af">til</w>
            <w lemma="Bandaríkin" type="nhfegs">Bandaríkjanna</w>
            <w lemma="áður" type="aa">áður</w>
            <w lemma="en" type="c">en</w>
            <w lemma="flugrekstrarleyfi" type="nhen">flugrekstrarleyfi</w>
            <w lemma="vera" type="sfg3en">er</w>
            <w lemma="formlega" type="aa">formlega</w>
            <w lemma="fá" type="sþghen">fengið</w>
            <w lemma="það" type="fpheþ">því</w>
            <w lemma="litháenskur" type="lheovf">litháenska</w>
            <w lemma="flugfélag" type="nheng">flugfélagið</w>
            <w lemma="sem" type="ct">sem</w>
            <w lemma="Wow" type="n----s">Wow</w>
            <w lemma="air" type="e">air</w>
            <w lemma="leigja" type="sfg3en">leigir</w>
            <w lemma="flugvél" type="nvfo">flugvélar</w>
            <w lemma="af" type="aa">af</w>
            <w lemma="núna" type="aa">núna</w>
            <w lemma="munu" type="sfg3en">mun</w>
            <w lemma="hafa" type="sng">hafa</w>
            <w lemma="heimild" type="nveo">heimild</w>
            <w lemma="til" type="af">til</w>
            <w lemma="Bandaríkjaflug" type="nhee-s">Bandaríkjaflugs</w>
            <c type="pl">.</c>
          </s>
        </p>
      </div1>
    </body>
  </text>
</TEI>
