<?xml version="1.0" encoding="utf-8"?>
<TEI xmlns="http://www.tei-c.org/ns/1.0">
  <teiHeader>
    <fileDesc>
      <titleStmt>
        <title>
          <title type="main">Noregur - Setti í grænlandshákarl</title>
        </title>
        <respStmt>
          <resp xml:lang="is">Söfnun og úrvinnsla texta</resp>
          <resp xml:lang="en">Collection and processing of text</resp>
          <name xml:lang="is">Stofnun Árna Magnússonar í íslenskum fræðum</name>
          <name xml:lang="en">The Arni Magnusson Institute for Icelandic Studies</name>
        </respStmt>
      </titleStmt>
      <editionStmt>
        <p xml:lang="is">Íslensk risamálheild (2019)</p>
        <p xml:lang="en">Tagged Icelandic Gigaword Corpus (2019)</p>
      </editionStmt>
      <publicationStmt>
        <distributor xml:lang="is">Stofnun Árna Magnússonar í íslenskum fræðum</distributor>
        <distributor xml:lang="en">The Arni Magnusson Institute for Icelandic Studies</distributor>
        <address>
          <addrLine xml:lang="is">Árnagarður við Suðurgötu, 107 Reykjavík, Íslandi</addrLine>
          <addrLine xml:lang="en">Árnagarður Suðurgata, 107 Reykjavik, Iceland</addrLine>
          <addrLine>
            <email>arnastofnun@arnastofnun.is</email>
          </addrLine>
        </address>
        <idno type="risam">G-25-2543306</idno>
        <availability>
          <p xml:lang="is">Þessi texti er til notkunar í málrannsóknum og máltækniverkefnum um allan heim með sérstöku leyfi, sjá rmh2Hdr.xml</p>
          <p xml:lang="en">This text is available for use in language research and language technology projects world wide with a special license, see rmh2Hdr.xml</p>
        </availability>
        <date>2020-05-26</date>
      </publicationStmt>
      <sourceDesc>
        <biblStruct>
          <analytic>
            <title>
              <title type="main">Noregur - Setti í grænlandshákarl</title>
            </title>
            <date when="2013-03-04T08:00:00">04.03 2013 kl. 08:00:00</date>
          </analytic>
          <monogr>
            <title>Bylgjan</title>
            <imprint>
              <publisher>365 miðlar hf.</publisher>
              <pubPlace>Reykjavík</pubPlace>
            </imprint>
          </monogr>
        </biblStruct>
      </sourceDesc>
    </fileDesc>
    <encodingDesc>
      <projectDesc>
        <p xml:lang="is">Sjá lýsingu á verkefninu í rmh2Hdr.xml.</p>
        <p xml:lang="en">See description of project in rmh2Hdr.xml.</p>
      </projectDesc>
      <tagsDecl>
        <namespace name="http://www.tei-c.org/ns/1.0">
          <tagUsage gi="text" occurs="1"/>
          <tagUsage gi="body" occurs="1"/>
          <tagUsage gi="div1" occurs="1"/>
          <tagUsage gi="p" occurs="1"/>
          <tagUsage gi="s" occurs="1"/>
          <tagUsage gi="w" occurs="39"/>
          <tagUsage gi="c" occurs="1"/>
        </namespace>
      </tagsDecl>
    </encodingDesc>
    <profileDesc>
     <textClass>
      <keywords scheme="#RMH">
       <list>
        <item>Frétt – almennt</item>
       </list>
      </keywords>
     </textClass>
    </profileDesc>
  </teiHeader>
  <text>
    <body>
      <div1>
        <p n="1">
          <s n="1">
            <w lemma="það" type="fphen">Það</w>
            <w lemma="bíta" type="sfg3eþ">beit</w>
            <w lemma="gjarnan" type="aam">heldur</w>
            <w lemma="vel" type="aam">betur</w>
            <w lemma="á" type="af">á</w>
            <w lemma="krókur" type="nkeog">krókinn</w>
            <w lemma="hjá" type="af">hjá</w>
            <w lemma="norskur" type="lkeþvf">norska</w>
            <w lemma="sportveiðimaður" type="nkeþg">sportveiðimanninum</w>
            <w lemma="Thor" type="nken-s">Thor</w>
            <w lemma="Eivind" type="n----s">Eivind</w>
            <w lemma="Flagstad" type="n----s">Flagstad</w>
            <w lemma="um" type="af">um</w>
            <w lemma="helgi" type="nveog">helgina</w>
            <w lemma="þegar" type="c">þegar</w>
            <w lemma="hann" type="fpken">hann</w>
            <w lemma="setja" type="sfg3eþ">setti</w>
            <w lemma="í" type="af">í</w>
            <w lemma="rúmlega" type="aa">rúmlega</w>
            <w lemma="700" type="ta">700</w>
            <w lemma="kíló" type="nhfe">kílóa</w>
            <w lemma="þungur" type="lkeosf">þungan</w>
            <w lemma="og" type="c">og</w>
            <w lemma="nærri" type="aa">nærri</w>
            <w lemma="4" type="ta">4</w>
            <w lemma="metri" type="nkfe">metra</w>
            <w lemma="langur" type="lkeosf">langan</w>
            <w lemma="grænlandshákarl" type="nheo">grænlandshákarl</w>
            <w lemma="þar" type="aa">þar</w>
            <w lemma="sem" type="c">sem</w>
            <w lemma="hann" type="fpken">hann</w>
            <w lemma="vera" type="sfg3eþ">var</w>
            <w lemma="á" type="af">á</w>
            <w lemma="skak" type="nheþ">skaki</w>
            <w lemma="undan" type="af">undan</w>
            <w lemma="strönd" type="nveþg">ströndinni</w>
            <w lemma="norðarlega" type="aa">norðarlega</w>
            <w lemma="í" type="af">í</w>
            <w lemma="Noregur" type="nkeþ-s">Noregi</w>
            <c type="pl">.</c>
          </s>
        </p>
      </div1>
    </body>
  </text>
</TEI>
