<?xml version="1.0" encoding="utf-8"?>
<TEI xmlns="http://www.tei-c.org/ns/1.0">
  <teiHeader>
    <fileDesc>
      <titleStmt>
        <title>
          <title type="main">Ekkert samkomulag um þinglok</title>
        </title>
        <respStmt>
          <resp xml:lang="is">Söfnun og úrvinnsla texta</resp>
          <resp xml:lang="en">Collection and processing of text</resp>
          <name xml:lang="is">Stofnun Árna Magnússonar í íslenskum fræðum</name>
          <name xml:lang="en">The Arni Magnusson Institute for Icelandic Studies</name>
        </respStmt>
      </titleStmt>
      <editionStmt>
        <p xml:lang="is">Íslensk risamálheild (2019)</p>
        <p xml:lang="en">Tagged Icelandic Gigaword Corpus (2019)</p>
      </editionStmt>
      <publicationStmt>
        <distributor xml:lang="is">Stofnun Árna Magnússonar í íslenskum fræðum</distributor>
        <distributor xml:lang="en">The Arni Magnusson Institute for Icelandic Studies</distributor>
        <address>
          <addrLine xml:lang="is">Árnagarður við Suðurgötu, 107 Reykjavík, Íslandi</addrLine>
          <addrLine xml:lang="en">Árnagarður Suðurgata, 107 Reykjavik, Iceland</addrLine>
          <addrLine>
            <email>arnastofnun@arnastofnun.is</email>
          </addrLine>
        </address>
        <idno type="risam">G-25-2517917</idno>
        <availability>
          <p xml:lang="is">Þessi texti er til notkunar í málrannsóknum og máltækniverkefnum um allan heim með sérstöku leyfi, sjá rmh2Hdr.xml</p>
          <p xml:lang="en">This text is available for use in language research and language technology projects world wide with a special license, see rmh2Hdr.xml</p>
        </availability>
        <date>2020-05-26</date>
      </publicationStmt>
      <sourceDesc>
        <biblStruct>
          <analytic>
            <title>
              <title type="main">Ekkert samkomulag um þinglok</title>
            </title>
            <date when="2013-03-12T12:00:00">12.03 2013 kl. 12:00:00</date>
          </analytic>
          <monogr>
            <title>Bylgjan</title>
            <imprint>
              <publisher>365 miðlar hf.</publisher>
              <pubPlace>Reykjavík</pubPlace>
            </imprint>
          </monogr>
        </biblStruct>
      </sourceDesc>
    </fileDesc>
    <encodingDesc>
      <projectDesc>
        <p xml:lang="is">Sjá lýsingu á verkefninu í rmh2Hdr.xml.</p>
        <p xml:lang="en">See description of project in rmh2Hdr.xml.</p>
      </projectDesc>
      <tagsDecl>
        <namespace name="http://www.tei-c.org/ns/1.0">
          <tagUsage gi="text" occurs="1"/>
          <tagUsage gi="body" occurs="1"/>
          <tagUsage gi="div1" occurs="1"/>
          <tagUsage gi="p" occurs="9"/>
          <tagUsage gi="s" occurs="13"/>
          <tagUsage gi="w" occurs="327"/>
          <tagUsage gi="c" occurs="29"/>
        </namespace>
      </tagsDecl>
    </encodingDesc>
    <profileDesc>
     <textClass>
      <keywords scheme="#RMH">
       <list>
        <item>Frétt – almennt</item>
       </list>
      </keywords>
     </textClass>
    </profileDesc>
  </teiHeader>
  <text>
    <body>
      <div1>
        <p n="1">
          <s n="1">
            <w lemma="fár" type="lhensf">Fátt</w>
            <w lemma="benda" type="sfg3en">bendir</w>
            <w lemma="til" type="af">til</w>
            <w lemma="að" type="c">að</w>
            <w lemma="hægur" type="lhensf">hægt</w>
            <w lemma="verða" type="svg3en">verði</w>
            <w lemma="að" type="cn">að</w>
            <w lemma="ljúka" type="sng">ljúka</w>
            <w lemma="þingstarf" type="nhfþ">þingstörfum</w>
            <w lemma="á" type="af">á</w>
            <w lemma="föstudagur" type="nkeo">föstudag</w>
            <w lemma="að" type="af">að</w>
            <w lemma="mat" type="nheþ">mati</w>
            <w lemma="varaformaður" type="nkee">varaformanns</w>
            <w lemma="þingflokkur" type="nkee">þingflokks</w>
            <w lemma="Vinstri-grænn" type="lkfesf">Vinstri-grænna</w>
            <c type="pl">.</c>
          </s>
          <s n="2">
            <w lemma="rúmlega" type="aa">Rúmlega</w>
            <w lemma="70" type="ta">70</w>
            <w lemma="stjórnarfrumvarp" type="nhfn">stjórnarfrumvörp</w>
            <w lemma="bíða" type="sfg3fn">bíða</w>
            <w lemma="afgreiðsla" type="nveþ">afgreiðslu</w>
            <w lemma="en" type="c">en</w>
            <w lemma="þrír" type="tfkfn">þrír</w>
            <w lemma="þingfundadagur" type="nkfn">þingfundadagar</w>
            <w lemma="vera" type="sfg3fn">eru</w>
            <w lemma="eftir" type="aa">eftir</w>
            <w lemma="samkvæmt" type="af">samkvæmt</w>
            <w lemma="starfsáætlun" type="nveþ">starfsáætlun</w>
            <w lemma="Alþingi" type="nhee-s">Alþingis</w>
            <c type="pl">.</c>
          </s>
          <s n="3">
            <w lemma="þingmaður" type="nken">Þingmaður</w>
            <w lemma="Samfylkingin" type="nveegs">Samfylkingarinnar</w>
            <w lemma="saka" type="sfg3en">sakar</w>
            <w lemma="stjórnarandstæðingur" type="nkfo">stjórnarandstæðinga</w>
            <w lemma="um" type="af">um</w>
            <w lemma="að" type="cn">að</w>
            <w lemma="kúga" type="sng">kúga</w>
            <w lemma="meirihluti" type="nkeog">meirihlutann</w>
            <c type="pl">.</c>
          </s>
        </p>
        <p n="2">
          <s n="1">
            <w lemma="Árni" type="nken-s">Árni</w>
            <w lemma="Þór" type="nken-s">Þór</w>
            <w lemma="Sigurðsson" type="nken-s">Sigurðsson</w>
            <c type="pk">,</c>
            <w lemma="varaformaður" type="nken">varaformaður</w>
            <w lemma="þingflokkur" type="nkee">þingflokks</w>
            <w lemma="Vinstri-grænn" type="lkfesf">Vinstri-grænna</w>
            <c type="pk">,</c>
            <w lemma="saka" type="sfg3eþ">sakaði</w>
            <w lemma="stjórnarandstæðingur" type="nkfo">stjórnarandstæðinga</w>
            <w lemma="á" type="af">á</w>
            <w lemma="Alþingi" type="nheþ-s">Alþingi</w>
            <w lemma="í" type="af">í</w>
            <w lemma="morgunn" type="nkeo">morgun</w>
            <w lemma="um" type="af">um</w>
            <w lemma="að" type="cn">að</w>
            <w lemma="misbeita" type="sng">misbeita</w>
            <w lemma="þingsköp" type="nhfþ">þingsköpum</w>
            <w lemma="til" type="af">til</w>
            <w lemma="að" type="cn">að</w>
            <w lemma="tefja" type="sng">tefja</w>
            <w lemma="mál" type="nheo">mál</w>
            <w lemma="og" type="c">og</w>
            <w lemma="koma" type="sng">koma</w>
            <w lemma="í" type="af">í</w>
            <w lemma="vegur" type="nkeo">veg</w>
            <w lemma="fyrir" type="af">fyrir</w>
            <w lemma="afgreiðsla" type="nveo">afgreiðslu</w>
            <w lemma="hann" type="fpkfe">þeirra</w>
            <c type="pl">.</c>
          </s>
        </p>
        <p n="3">
          <s n="1">
            <w lemma="Árni" type="nken-s">Árni</w>
            <w lemma="Þór" type="nken-s">Þór</w>
            <w lemma="Sigurðsson" type="nken-s">Sigurðsson</w>
            <c type="pk">,</c>
            <w lemma="varaformaður" type="nken">varaformaður</w>
            <w lemma="þingflokkur" type="nkee">þingflokks</w>
            <w lemma="Vinstri-grænn" type="lkfesf">Vinstri-grænna</w>
            <c type="pa">:</c>
            <w lemma="þessi" type="fahen">Þetta</w>
            <w lemma="vera" type="sfg3en">er</w>
            <w lemma="leikrit" type="nhen">leikrit</w>
            <w lemma="sem" type="ct">sem</w>
            <w lemma="allur" type="foven">öll</w>
            <w lemma="þjóð" type="nveng">þjóðin</w>
            <w lemma="átta" type="sfg3en">áttar</w>
            <w lemma="sig" type="fpveo">sig</w>
            <w lemma="á" type="aa">á</w>
            <w lemma="og" type="c">og</w>
            <w lemma="sjá" type="sfg3en">sér</w>
            <w lemma="og" type="c">og</w>
            <w lemma="verða" type="sfg3en">verður</w>
            <w lemma="til" type="af">til</w>
            <w lemma="það" type="fphee">þess</w>
            <w lemma="að" type="c">að</w>
            <w lemma="brýn" type="nvfn">brýn</w>
            <c type="pk">,</c>
            <w lemma="brýnn" type="lhfnsf">brýn</w>
            <w lemma="mál" type="nhfn">mál</w>
            <w lemma="koma" type="sfm3fn">komast</w>
            <w lemma="ekki" type="aa">ekki</w>
            <w lemma="á" type="af">á</w>
            <w lemma="dagskrá" type="nveo">dagskrá</w>
            <c type="pl">.</c>
          </s>
        </p>
        <p n="4">
          <s n="1">
            <w lemma="sjötíu" type="tfhfn">Sjötíu</w>
            <w lemma="og" type="c">og</w>
            <w lemma="sjö" type="tfhfn">sjö</w>
            <w lemma="stjórnarfrumvarp" type="nhfn">stjórnarfrumvörp</w>
            <w lemma="og" type="c">og</w>
            <w lemma="14" type="ta">14</w>
            <w lemma="stjórnartillaga" type="nvfn">stjórnartillögur</w>
            <w lemma="bíða" type="sfg3fn">bíða</w>
            <w lemma="nú" type="aa">nú</w>
            <w lemma="afgreiðsla" type="nveo">afgreiðslu</w>
            <w lemma="á" type="af">á</w>
            <w lemma="Alþingi" type="nheþ-s">Alþingi</w>
            <w lemma="en" type="c">en</w>
            <w lemma="samkvæmt" type="af">samkvæmt</w>
            <w lemma="starfsáætlun" type="nveþ">starfsáætlun</w>
            <w lemma="eiga" type="sfg3en">á</w>
            <w lemma="að" type="cn">að</w>
            <w lemma="fresta" type="sng">fresta</w>
            <w lemma="þingfundur" type="nkeþ">þingfundi</w>
            <w lemma="á" type="af">á</w>
            <w lemma="föstudagur" type="nkeo">föstudag</w>
            <c type="pl">.</c>
          </s>
          <s n="2">
            <w lemma="Árni" type="nken-s">Árni</w>
            <w lemma="segja" type="sfg3eþ">sagði</w>
            <w lemma="fár" type="lheosf">fátt</w>
            <w lemma="benda" type="sng">benda</w>
            <w lemma="til" type="af">til</w>
            <w lemma="það" type="fphee">þess</w>
            <w lemma="að" type="c">að</w>
            <w lemma="sá" type="faven">sú</w>
            <w lemma="áætlun" type="nven">áætlun</w>
            <w lemma="standa" type="svm3en">standist</w>
            <w lemma="en" type="c">en</w>
            <w lemma="enginn" type="fohen">ekkert</w>
            <w lemma="samkomulag" type="nhen">samkomulag</w>
            <w lemma="liggja" type="sfg3en">liggur</w>
            <w lemma="fyrir" type="aa">fyrir</w>
            <w lemma="um" type="af">um</w>
            <w lemma="að" type="cn">að</w>
            <w lemma="ljúka" type="sng">ljúka</w>
            <w lemma="þingstarf" type="nhfþ">þingstörfum</w>
            <c type="pl">.</c>
          </s>
        </p>
        <p n="5">
          <s n="1">
            <w lemma="Árni" type="nken-s">Árni</w>
            <w lemma="Þór" type="nken-s">Þór</w>
            <w lemma="Sigurðsson" type="nken-s">Sigurðsson</w>
            <c type="pa">:</c>
            <w lemma="verkefni" type="nhen">Verkefni</w>
            <w lemma="ég" type="fp1fe">okkar</w>
            <w lemma="hér" type="aa">hér</w>
            <w lemma="vera" type="sfg3en">er</w>
            <w lemma="að" type="cn">að</w>
            <w lemma="gera" type="sng">gera</w>
            <w lemma="þjóð" type="nveþg">þjóðinni</w>
            <w lemma="gagn" type="nheo">gagn</w>
            <w lemma="en" type="c">en</w>
            <w lemma="ekki" type="aa">ekki</w>
            <w lemma="að" type="cn">að</w>
            <w lemma="þvæla" type="snm">þvælast</w>
            <w lemma="fyrir" type="aa">fyrir</w>
            <w lemma="og" type="c">og</w>
            <w lemma="það" type="fphen">það</w>
            <w lemma="vera" type="sfg3en">er</w>
            <w lemma="sá" type="fahen">það</w>
            <w lemma="sem" type="ct">sem</w>
            <w lemma="ég" type="fp1fn">við</w>
            <w lemma="þurfa" type="sfg1fn">þurfum</w>
            <w lemma="að" type="cn">að</w>
            <w lemma="láta" type="sng">láta</w>
            <w lemma="gera" type="snm">gerast</w>
            <w lemma="og" type="c">og</w>
            <w lemma="virðulegur" type="lkensf">virðulegur</w>
            <w lemma="forseti" type="nken">forseti</w>
            <w lemma="með" type="af">með</w>
            <w lemma="þessi" type="faheþ">þessu</w>
            <w lemma="áframhaldandi" type="lheþof">áframhaldandi</w>
            <w lemma="vera" type="sfg3en">er</w>
            <w lemma="algerlega" type="aa">algerlega</w>
            <w lemma="ljós" type="lhensf">ljóst</w>
            <w lemma="að" type="c">að</w>
            <w lemma="það" type="fphen">það</w>
            <w lemma="verða" type="sfg3en">verður</w>
            <w lemma="ekki" type="aa">ekki</w>
            <w lemma="unnt" type="lhensf">unnt</w>
            <w lemma="að" type="cn">að</w>
            <w lemma="standa" type="sng">standa</w>
            <w lemma="við" type="af">við</w>
            <w lemma="áform" type="nhfo">áform</w>
            <w lemma="starfsáætlun" type="nvee">starfsáætlunar</w>
            <w lemma="um" type="af">um</w>
            <w lemma="að" type="cn">að</w>
            <w lemma="ljúka" type="sng">ljúka</w>
            <w lemma="hér" type="aa">hér</w>
            <w lemma="starf" type="nhfþ">störfum</w>
            <w lemma="15." type="lkeevf">15.</w>
            <w lemma="mars" type="nkee">mars</w>
            <c type="pl">.</c>
          </s>
        </p>
        <p n="6">
          <s n="1">
            <w lemma="Illugi" type="nken-s">Illugi</w>
            <w lemma="Gunnarsson" type="nken-s">Gunnarsson</w>
            <c type="pk">,</c>
            <w lemma="formaður" type="nken">formaður</w>
            <w lemma="þingflokkur" type="nkee">þingflokks</w>
            <w lemma="sjálfstæðismaður" type="nkfe">sjálfstæðismanna</w>
            <c type="pk">,</c>
            <w lemma="vísa" type="sfg3eþ">vísaði</w>
            <w lemma="ábyrgð" type="nveþg">ábyrgðinni</w>
            <w lemma="á" type="af">á</w>
            <w lemma="stjórnarliði" type="nkeo">stjórnarliða</w>
            <w lemma="og" type="c">og</w>
            <w lemma="segja" type="sfg3eþ">sagði</w>
            <w lemma="útilokaður" type="lheosf">útilokað</w>
            <w lemma="að" type="cn">að</w>
            <w lemma="klára" type="sng">klára</w>
            <w lemma="sá" type="fakeo">þann</w>
            <w lemma="málafjöldi" type="nkeo">málafjölda</w>
            <w lemma="sem" type="ct">sem</w>
            <w lemma="nú" type="aa">nú</w>
            <w lemma="liggja" type="svg3eþ">lægi</w>
            <w lemma="fyrir" type="aa">fyrir</w>
            <c type="pl">.</c>
          </s>
        </p>
        <p n="7">
          <s n="1">
            <w lemma="Illugi" type="nken-s">Illugi</w>
            <w lemma="Gunnarsson" type="nken-s">Gunnarsson</w>
            <c type="pk">,</c>
            <w lemma="formaður" type="nken">formaður</w>
            <w lemma="þingflokkur" type="nkee">þingflokks</w>
            <w lemma="sjálfstæðismaður" type="nkfe">sjálfstæðismanna</w>
            <c type="pa">:</c>
            <w lemma="sá" type="fahen">Það</w>
            <w lemma="sem" type="ct">sem</w>
            <w lemma="ég" type="fp1fn">við</w>
            <w lemma="hafa" type="sfg1fn">höfum</w>
            <w lemma="bíða" type="sþghen">beðið</w>
            <w lemma="um" type="aa">um</w>
            <w lemma="aftur" type="aa">aftur</w>
            <w lemma="og" type="c">og</w>
            <w lemma="aftur" type="aa">aftur</w>
            <w lemma="vera" type="sfg3en">er</w>
            <w lemma="það" type="fphen">það</w>
            <w lemma="að" type="c">að</w>
            <w lemma="ríkisstjórnarlið" type="nhfng">ríkisstjórnarliðin</w>
            <w lemma="koma" type="svg3fn">komi</w>
            <w lemma="til" type="af">til</w>
            <w lemma="ég" type="fp1fe">okkar</w>
            <w lemma="og" type="c">og</w>
            <w lemma="segja" type="svg3fn">segi</w>
            <w lemma="hér" type="aa">hér</w>
            <w lemma="vera" type="sfg3fn">eru</w>
            <w lemma="sá" type="fahfn">þau</w>
            <w lemma="mál" type="nhfn">mál</w>
            <w lemma="sem" type="ct">sem</w>
            <w lemma="að" type="c">að</w>
            <w lemma="ég" type="fp1fn">við</w>
            <w lemma="vilja" type="sfg1fn">viljum</w>
            <w lemma="klára" type="sng">klára</w>
            <w lemma="og" type="c">og</w>
            <w lemma="leggja" type="sfg1fn">leggjum</w>
            <w lemma="áhersla" type="nveo">áherslu</w>
            <w lemma="á" type="af">á</w>
            <c type="pl">.</c>
          </s>
          <s n="2">
            <w lemma="ég" type="fp1fn">Við</w>
            <w lemma="hafa" type="sfg1fn">höfum</w>
            <w lemma="fá" type="sþghen">fengið</w>
            <w lemma="slíkur" type="fbkeo">slíkan</w>
            <w lemma="listi" type="nkeo">lista</w>
            <w lemma="frá" type="af">frá</w>
            <w lemma="það" type="fphfþ">þeim</w>
            <w lemma="upp" type="aa">upp</w>
            <w lemma="á" type="af">á</w>
            <w lemma="margur" type="lvfosf">margar</w>
            <w lemma="blaðsíða" type="nvfo">blaðsíður</w>
            <w lemma="þar" type="aa">þar</w>
            <w lemma="sem" type="c">sem</w>
            <w lemma="að" type="c">að</w>
            <w lemma="liggja" type="sfg3eþ">lá</w>
            <w lemma="alveg" type="aa">alveg</w>
            <w lemma="fyrir" type="aa">fyrir</w>
            <w lemma="að" type="c">að</w>
            <w lemma="það" type="fphen">það</w>
            <w lemma="vera" type="sfg3eþ">var</w>
            <w lemma="algjörlega" type="aa">algjörlega</w>
            <w lemma="óraunhæfur" type="lhensf">óraunhæft</w>
            <w lemma="og" type="c">og</w>
            <w lemma="útilokaður" type="lhensf">útilokað</w>
            <w lemma="að" type="cn">að</w>
            <w lemma="klára" type="sng">klára</w>
            <w lemma="sá" type="fakeo">þann</w>
            <w lemma="listi" type="nkeo">lista</w>
            <c type="pl">.</c>
          </s>
        </p>
        <p n="8">
          <s n="1">
            <w lemma="Valgerður" type="nven-s">Valgerður</w>
            <w lemma="Bjarnadóttir" type="nven-s">Bjarnadóttir</w>
            <c type="pk">,</c>
            <w lemma="þingmaður" type="nken">þingmaður</w>
            <w lemma="Samfylkingin" type="nveegs">Samfylkingarinnar</w>
            <c type="pk">,</c>
            <w lemma="segja" type="sfg3eþ">sagði</w>
            <w lemma="að" type="c">að</w>
            <w lemma="stjórnarliði" type="nkfn">stjórnarliðar</w>
            <w lemma="vera" type="svg3fþ">væru</w>
            <w lemma="vísvitandi" type="aa">vísvitandi</w>
            <w lemma="að" type="cn">að</w>
            <w lemma="koma" type="sng">koma</w>
            <w lemma="í" type="af">í</w>
            <w lemma="vegur" type="nkeo">veg</w>
            <w lemma="fyrir" type="af">fyrir</w>
            <w lemma="afgreiðsla" type="nveo">afgreiðslu</w>
            <w lemma="mál" type="nhfe">mála</w>
            <c type="pl">.</c>
          </s>
        </p>
        <p n="9">
          <s n="1">
            <w lemma="Valgerður" type="nven-s">Valgerður</w>
            <w lemma="Bjarnadóttir" type="nven-s">Bjarnadóttir</w>
            <c type="pk">,</c>
            <w lemma="þingmaður" type="nken">þingmaður</w>
            <w lemma="Samfylkingin" type="nveegs">Samfylkingarinnar</w>
            <c type="pa">:</c>
            <w lemma="maður" type="nkfn">Menn</w>
            <w lemma="þvæla" type="sfm3fn">þvælast</w>
            <w lemma="hér" type="aa">hér</w>
            <w lemma="fyrir" type="af">fyrir</w>
            <w lemma="það" type="fpheþ">því</w>
            <w lemma="að" type="c">að</w>
            <w lemma="mál" type="nhen">mál</w>
            <w lemma="sem" type="ct">sem</w>
            <w lemma="skipta" type="sfg3fn">skipta</w>
            <w lemma="mikill" type="lheþsf">miklu</w>
            <w lemma="mál" type="nheþ">máli</w>
            <w lemma="koma" type="sþmhen">komist</w>
            <w lemma="til" type="af">til</w>
            <w lemma="atkvæði" type="nhfe">atkvæða</w>
            <w lemma="og" type="c">og</w>
            <w lemma="það" type="fphen">það</w>
            <w lemma="vera" type="sfg3en">er</w>
            <c type="pk">,</c>
            <w lemma="það" type="fphen">það</w>
            <w lemma="vera" type="sfg3en">er</w>
            <w lemma="alveg" type="aa">alveg</w>
            <w lemma="réttur" type="lhensf">rétt</w>
            <w lemma="að" type="c">að</w>
            <w lemma="það" type="fphen">það</w>
            <w lemma="eiga" type="sfg3en">á</w>
            <w lemma="ekki" type="aa">ekki</w>
            <w lemma="að" type="cn">að</w>
            <w lemma="vaða" type="sng">vaða</w>
            <w lemma="yfir" type="af">yfir</w>
            <w lemma="minnihluti" type="nkeog">minnihlutann</w>
            <w lemma="en" type="c">en</w>
            <w lemma="það" type="fpheo">það</w>
            <c type="pk">,</c>
            <w lemma="minnihluti" type="nkeng">minnihlutinn</w>
            <w lemma="á" type="af">á</w>
            <w lemma="gjarnan" type="aam">heldur</w>
            <w lemma="ekki" type="aa">ekki</w>
            <w lemma="að" type="cn">að</w>
            <w lemma="kúga" type="sng">kúga</w>
            <w lemma="meirihluti" type="nkeog">meirihlutann</w>
            <c type="pl">.</c>
          </s>
        </p>
      </div1>
    </body>
  </text>
</TEI>
