<?xml version="1.0" encoding="utf-8"?>
<TEI xmlns="http://www.tei-c.org/ns/1.0">
  <teiHeader>
    <fileDesc>
      <titleStmt>
        <title>
          <title type="main">Ástandið á lífríki Lagarfljóts</title>
        </title>
        <respStmt>
          <resp xml:lang="is">Söfnun og úrvinnsla texta</resp>
          <resp xml:lang="en">Collection and processing of text</resp>
          <name xml:lang="is">Stofnun Árna Magnússonar í íslenskum fræðum</name>
          <name xml:lang="en">The Arni Magnusson Institute for Icelandic Studies</name>
        </respStmt>
      </titleStmt>
      <editionStmt>
        <p xml:lang="is">Íslensk risamálheild (2019)</p>
        <p xml:lang="en">Tagged Icelandic Gigaword Corpus (2019)</p>
      </editionStmt>
      <publicationStmt>
        <distributor xml:lang="is">Stofnun Árna Magnússonar í íslenskum fræðum</distributor>
        <distributor xml:lang="en">The Arni Magnusson Institute for Icelandic Studies</distributor>
        <address>
          <addrLine xml:lang="is">Árnagarður við Suðurgötu, 107 Reykjavík, Íslandi</addrLine>
          <addrLine xml:lang="en">Árnagarður Suðurgata, 107 Reykjavik, Iceland</addrLine>
          <addrLine>
            <email>arnastofnun@arnastofnun.is</email>
          </addrLine>
        </address>
        <idno type="risam">G-25-2517965</idno>
        <availability>
          <p xml:lang="is">Þessi texti er til notkunar í málrannsóknum og máltækniverkefnum um allan heim með sérstöku leyfi, sjá rmh2Hdr.xml</p>
          <p xml:lang="en">This text is available for use in language research and language technology projects world wide with a special license, see rmh2Hdr.xml</p>
        </availability>
        <date>2020-05-26</date>
      </publicationStmt>
      <sourceDesc>
        <biblStruct>
          <analytic>
            <title>
              <title type="main">Ástandið á lífríki Lagarfljóts</title>
            </title>
            <date when="2013-03-13T12:00:00">13.03 2013 kl. 12:00:00</date>
          </analytic>
          <monogr>
            <title>Bylgjan</title>
            <imprint>
              <publisher>365 miðlar hf.</publisher>
              <pubPlace>Reykjavík</pubPlace>
            </imprint>
          </monogr>
        </biblStruct>
      </sourceDesc>
    </fileDesc>
    <encodingDesc>
      <projectDesc>
        <p xml:lang="is">Sjá lýsingu á verkefninu í rmh2Hdr.xml.</p>
        <p xml:lang="en">See description of project in rmh2Hdr.xml.</p>
      </projectDesc>
      <tagsDecl>
        <namespace name="http://www.tei-c.org/ns/1.0">
          <tagUsage gi="text" occurs="1"/>
          <tagUsage gi="body" occurs="1"/>
          <tagUsage gi="div1" occurs="1"/>
          <tagUsage gi="p" occurs="7"/>
          <tagUsage gi="s" occurs="19"/>
          <tagUsage gi="w" occurs="372"/>
          <tagUsage gi="c" occurs="29"/>
        </namespace>
      </tagsDecl>
    </encodingDesc>
    <profileDesc>
     <textClass>
      <keywords scheme="#RMH">
       <list>
        <item>Frétt – almennt</item>
       </list>
      </keywords>
     </textClass>
    </profileDesc>
  </teiHeader>
  <text>
    <body>
      <div1>
        <p n="1">
          <s n="1">
            <w lemma="ástand" type="nheng">Ástandið</w>
            <w lemma="á" type="af">á</w>
            <w lemma="lífríki" type="nheþ">lífríki</w>
            <w lemma="Lagarfljót" type="nhee-s">Lagarfljóts</w>
            <w lemma="eiga" type="svg3eþ">ætti</w>
            <w lemma="ekki" type="aa">ekki</w>
            <w lemma="að" type="cn">að</w>
            <w lemma="koma" type="sng">koma</w>
            <w lemma="neinn" type="fokeþ">neinum</w>
            <w lemma="á" type="af">á</w>
            <w lemma="óvar" type="lheosf">óvart</w>
            <c type="pk">,</c>
            <w lemma="segja" type="sfg3en">segir</w>
            <w lemma="fiskifræðingur" type="nken">fiskifræðingur</w>
            <w lemma="hjá" type="af">hjá</w>
            <w lemma="Veiðimálastofnun" type="nveþ-s">Veiðimálastofnun</w>
            <w lemma="sem" type="ct">sem</w>
            <w lemma="rannsaka" type="sþghen">rannsakað</w>
            <w lemma="hafa" type="sfg3en">hefur</w>
            <w lemma="lífríki" type="nheog">lífríkið</w>
            <w lemma="þar" type="aa">þar</w>
            <w lemma="frá" type="af">frá</w>
            <w lemma="ár" type="nheþg">árinu</w>
            <w lemma="1998" type="ta">1998</w>
            <c type="pl">.</c>
          </s>
          <s n="2">
            <w lemma="það" type="fphen">Það</w>
            <w lemma="hafa" type="svg3en">hafi</w>
            <w lemma="liggja" type="sþghen">legið</w>
            <w lemma="fyrir" type="af">fyrir</w>
            <w lemma="allur" type="foheo">allt</w>
            <w lemma="frá" type="af">frá</w>
            <w lemma="það" type="fpheþ">því</w>
            <w lemma="framkvæmd" type="nvfo">framkvæmdir</w>
            <w lemma="vegna" type="af">vegna</w>
            <w lemma="Kárahnjúkavirkjun" type="nvee-s">Kárahnjúkavirkjunar</w>
            <w lemma="hefja" type="sfm3fþ">hófust</w>
            <w lemma="að" type="c">að</w>
            <w lemma="fiskistofn" type="nkfng">fiskistofnarnir</w>
            <w lemma="munu" type="svg3fþ">myndu</w>
            <w lemma="minnka" type="sng">minnka</w>
            <w lemma="við" type="af">við</w>
            <w lemma="það" type="fpheo">það</w>
            <w lemma="að" type="cn">að</w>
            <w lemma="veita" type="sng">veita</w>
            <w lemma="Jökla" type="nveo-s">Jöklu</w>
            <w lemma="í" type="af">í</w>
            <w lemma="Lagarfljót" type="nheþ-s">Lagarfljót</w>
            <c type="pl">.</c>
          </s>
        </p>
        <p n="2">
          <s n="1">
            <w lemma="auðlindasvið" type="nhen">Auðlindasvið</w>
            <w lemma="Veiðimálastofnun" type="nvee-s">Veiðimálastofnunar</w>
            <w lemma="hafa" type="sfg3en">hefur</w>
            <w lemma="rannsaka" type="sþghen">rannsakað</w>
            <w lemma="lífríki" type="nheog">lífríkið</w>
            <w lemma="í" type="af">í</w>
            <w lemma="Lagarfljót" type="nheþ-s">Lagarfljóti</w>
            <w lemma="allur" type="fohen">allt</w>
            <w lemma="frá" type="af">frá</w>
            <w lemma="ár" type="nheþg">árinu</w>
            <w lemma="1998" type="ta">1998</w>
            <c type="pl">.</c>
          </s>
          <s n="2">
            <w lemma="niðurstaða" type="nveþ">Niðurstöðu</w>
            <w lemma="vera" type="sfg3en">er</w>
            <w lemma="að" type="cn">að</w>
            <w lemma="vænta" type="sng">vænta</w>
            <w lemma="eftir" type="af">eftir</w>
            <w lemma="páskar" type="nkfo">páska</w>
            <w lemma="úr" type="af">úr</w>
            <w lemma="nýr" type="lveþsf">nýrri</w>
            <w lemma="skýrsla" type="nveþ">skýrslu</w>
            <w lemma="þar" type="aa">þar</w>
            <w lemma="sem" type="c">sem</w>
            <w lemma="gera" type="sþgven">gerð</w>
            <w lemma="vera" type="sfg3eþ">var</w>
            <w lemma="ítarlegur" type="lvensf">ítarleg</w>
            <w lemma="úttekt" type="nven">úttekt</w>
            <w lemma="á" type="af">á</w>
            <w lemma="lífríki" type="nheþ">lífríki</w>
            <w lemma="Lagarfljót" type="nhee-s">Lagarfljóts</w>
            <w lemma="eftir" type="af">eftir</w>
            <w lemma="að" type="c">að</w>
            <w lemma="Jökla" type="nveþ-s">Jöklu</w>
            <w lemma="vera" type="sfg3eþ">var</w>
            <w lemma="veita" type="sþgven">veitt</w>
            <w lemma="í" type="af">í</w>
            <w lemma="fljót" type="nheog">fljótið</w>
            <w lemma="vegna" type="af">vegna</w>
            <w lemma="Kárahnjúkavirkjun" type="nvee-s">Kárahnjúkavirkjunar</w>
            <c type="pl">.</c>
          </s>
          <s n="3">
            <w lemma="koma" type="sþghen">Komið</w>
            <w lemma="hafa" type="sfg3en">hefur</w>
            <w lemma="fram" type="aa">fram</w>
            <w lemma="að" type="c">að</w>
            <w lemma="lífríki" type="nheng">lífríkið</w>
            <w lemma="þar" type="aa">þar</w>
            <w lemma="hafa" type="sfg3en">hefur</w>
            <w lemma="verða" type="sþghen">orðið</w>
            <w lemma="fyrir" type="af">fyrir</w>
            <w lemma="skakkafall" type="nhfþ">skakkaföllum</w>
            <c type="pl">.</c>
          </s>
          <s n="4">
            <w lemma="fiskistofn" type="nkfn">Fiskistofnar</w>
            <w lemma="hafa" type="sfg3fn">hafa</w>
            <w lemma="minnka" type="sþghen">minnkað</w>
            <w lemma="og" type="c">og</w>
            <w lemma="lífsskilyrði" type="nhfn">lífsskilyrði</w>
            <w lemma="hún" type="fpvfe">þeirra</w>
            <w lemma="vera" type="sfg3fn">eru</w>
            <w lemma="slæmur" type="lvfnvm">verri</w>
            <w lemma="en" type="c">en</w>
            <w lemma="áður" type="aa">áður</w>
            <w lemma="en" type="c">en</w>
            <w lemma="Jökla" type="nveþ-s">Jöklu</w>
            <w lemma="vera" type="sfg3eþ">var</w>
            <w lemma="veita" type="sþgven">veitt</w>
            <w lemma="í" type="af">í</w>
            <w lemma="fljót" type="nheog">fljótið</w>
            <c type="pl">.</c>
          </s>
          <s n="5">
            <w lemma="þá" type="aa">Þá</w>
            <w lemma="vera" type="sfg3en">er</w>
            <w lemma="gjarnan" type="aae">helst</w>
            <w lemma="eiga" type="sþghen">átt</w>
            <w lemma="við" type="af">við</w>
            <w lemma="stofn" type="nkfo">stofna</w>
            <w lemma="á" type="af">á</w>
            <w lemma="borð" type="nheo">borð</w>
            <w lemma="við" type="af">við</w>
            <w lemma="bleikja" type="nveo">bleikju</w>
            <w lemma="og" type="c">og</w>
            <w lemma="urriði" type="nkeo">urriða</w>
            <c type="pl">.</c>
          </s>
          <s n="6">
            <w lemma="Guðni" type="nken-s">Guðni</w>
            <w lemma="Guðbergsson" type="nken-s">Guðbergsson</w>
            <c type="pk">,</c>
            <w lemma="fiskifræðingur" type="nken">fiskifræðingur</w>
            <w lemma="hjá" type="af">hjá</w>
            <w lemma="auðlindasvið" type="nheþ">auðlindasviði</w>
            <w lemma="Veiðimálastofnun" type="nvee-s">Veiðimálastofnunar</w>
            <c type="pk">,</c>
            <w lemma="hafa" type="sfg3en">hefur</w>
            <w lemma="koma" type="sþghen">komið</w>
            <w lemma="að" type="af">að</w>
            <w lemma="rannsókn" type="nvfþ">rannsóknum</w>
            <w lemma="í" type="af">í</w>
            <w lemma="Lagarfljót" type="nheþ-s">Lagarfljóti</w>
            <c type="pl">.</c>
          </s>
          <s n="7">
            <w lemma="hann" type="fpken">Hann</w>
            <w lemma="segja" type="sfg3en">segir</w>
            <w lemma="þessi" type="favfo">þessar</w>
            <w lemma="niðurstaða" type="nvfo">niðurstöður</w>
            <w lemma="ekki" type="aa">ekki</w>
            <w lemma="koma" type="sng">koma</w>
            <w lemma="á" type="af">á</w>
            <w lemma="óvar" type="lheosf">óvart</w>
            <c type="pl">.</c>
          </s>
        </p>
        <p n="3">
          <s n="1">
            <w lemma="Guðni" type="nken-s">Guðni</w>
            <w lemma="Guðbergsson" type="nken-s">Guðbergsson</w>
            <c type="pk">,</c>
            <w lemma="fiskifræðingur" type="nken">fiskifræðingur</w>
            <w lemma="hjá" type="af">hjá</w>
            <w lemma="auðlindasviður" type="nkeþ">auðlindasviði</w>
            <w lemma="Veiðimálastofnun" type="nvee-s">Veiðimálastofnunar</w>
            <c type="pa">:</c>
            <w lemma="sá" type="favfn">Þær</w>
            <w lemma="breyting" type="nvfn">breytingar</w>
            <w lemma="sem" type="ct">sem</w>
            <w lemma="að" type="c">að</w>
            <w lemma="maður" type="nkfn">menn</w>
            <w lemma="eiga" type="sfg3fþ">áttu</w>
            <w lemma="von" type="nveo">von</w>
            <w lemma="á" type="af">á</w>
            <w lemma="að" type="c">að</w>
            <w lemma="það" type="fphen">það</w>
            <w lemma="koma" type="svg3eþ">kæmi</w>
            <w lemma="bæði" type="c">bæði</w>
            <w lemma="gruggugur" type="lhenvm">gruggugra</w>
            <w lemma="og" type="c">og</w>
            <w lemma="kaldur" type="lhenvm">kaldara</w>
            <w lemma="vatn" type="nhen">vatn</w>
            <w lemma="úr" type="af">úr</w>
            <w lemma="Jökla" type="nveþ-s">Jöklu</w>
            <c type="pk">,</c>
            <w lemma="úr" type="af">úr</w>
            <w lemma="Hálslón" type="nheþ-s">Hálslóni</w>
            <w lemma="og" type="c">og</w>
            <w lemma="Jökla" type="nveþ-s">Jöklu</w>
            <w lemma="yfir" type="af">yfir</w>
            <w lemma="Lagarfljót" type="nheo-s">Lagarfljót</w>
            <w lemma="munu" type="svg3eþ">myndi</w>
            <w lemma="rýra" type="sng">rýra</w>
            <w lemma="sá" type="fahfo">þau</w>
            <w lemma="lífsskilyrði" type="nhfo">lífsskilyrði</w>
            <w lemma="sem" type="ct">sem</w>
            <w lemma="þar" type="aa">þar</w>
            <w lemma="vera" type="svg3fþ">væru</w>
            <w lemma="sem" type="ct">sem</w>
            <w lemma="hafa" type="svg3fþ">hefðu</w>
            <w lemma="áhrif" type="nhfo">áhrif</w>
            <w lemma="á" type="af">á</w>
            <w lemma="bæði" type="c">bæði</w>
            <w lemma="lífrænn" type="lveosf">lífræna</w>
            <w lemma="framleiðsla" type="nveo">framleiðslu</w>
            <w lemma="og" type="c">og</w>
            <w lemma="fiskstofn" type="nkfo">fiskstofna</w>
            <w lemma="og" type="c">og</w>
            <w lemma="fæða" type="nven">fæða</w>
            <w lemma="hún" type="fpvfe">þeirra</w>
            <c type="pl">.</c>
          </s>
          <s n="2">
            <w lemma="þannig" type="aa">Þannig</w>
            <w lemma="að" type="c">að</w>
            <w lemma="þessi" type="fahen">þetta</w>
            <w lemma="vera" type="sfg3en">er</w>
            <w lemma="svona" type="aa">svona</w>
            <w lemma="svipaður" type="lhensf">svipað</w>
            <w lemma="eins" type="aa">eins</w>
            <w lemma="og" type="c">og</w>
            <w lemma="maður" type="nkfn">menn</w>
            <w lemma="hafa" type="sfg3fn">hafa</w>
            <w lemma="vera" type="sþghen">verið</w>
            <w lemma="að" type="cn">að</w>
            <w lemma="sjá" type="sng">sjá</w>
            <w lemma="í" type="af">í</w>
            <w lemma="jökullón" type="nhfþ">jökullónum</w>
            <w lemma="annar" type="fokee">annars</w>
            <w lemma="staður" type="nkee">staðar</w>
            <w lemma="þar" type="aa">þar</w>
            <w lemma="sem" type="c">sem</w>
            <w lemma="að" type="aa">að</w>
            <w lemma="hafa" type="sfg3en">hefur</w>
            <w lemma="vera" type="sþghen">verið</w>
            <w lemma="virkja" type="sþghen">virkjað</w>
            <w lemma="og" type="c">og</w>
            <w lemma="framvinda" type="nveng">framvindan</w>
            <w lemma="svona" type="aa">svona</w>
            <w lemma="í" type="af">í</w>
            <w lemma="taktur" type="nkeþ">takti</w>
            <w lemma="við" type="af">við</w>
            <w lemma="sá" type="faheo">það</w>
            <w lemma="sem" type="ct">sem</w>
            <w lemma="að" type="c">að</w>
            <w lemma="maður" type="nkfn">menn</w>
            <w lemma="geta" type="sfg3fþ">gátu</w>
            <w lemma="eiga" type="sþghen">átt</w>
            <w lemma="von" type="nveo">von</w>
            <w lemma="á" type="aa">á</w>
            <c type="pl">.</c>
          </s>
        </p>
        <p n="4">
          <s n="1">
            <w lemma="staða" type="nveng">Staðan</w>
            <w lemma="vera" type="svg3en">sé</w>
            <w lemma="hvorki" type="c">hvorki</w>
            <w lemma="slæmur" type="lvenvm">verri</w>
            <w lemma="né" type="c">né</w>
            <w lemma="góður" type="lvenvm">betri</w>
            <w lemma="en" type="c">en</w>
            <w lemma="reikna" type="sþghen">reiknað</w>
            <w lemma="vera" type="sfg3eþ">var</w>
            <w lemma="með" type="aa">með</w>
            <c type="pl">.</c>
          </s>
          <s n="2">
            <w lemma="Guðni" type="nken-s">Guðni</w>
            <w lemma="segja" type="sfg3en">segir</w>
            <w lemma="það" type="fpheo">það</w>
            <w lemma="ekki" type="aa">ekki</w>
            <w lemma="koma" type="sng">koma</w>
            <w lemma="fram" type="aa">fram</w>
            <w lemma="snemma" type="aam">fyrr</w>
            <w lemma="en" type="c">en</w>
            <w lemma="eftir" type="af">eftir</w>
            <w lemma="nokkur" type="fohfo">nokkur</w>
            <w lemma="ár" type="nhfo">ár</w>
            <w lemma="hvernig" type="aa">hvernig</w>
            <w lemma="lífríki" type="nheng">lífríkið</w>
            <w lemma="þróa" type="sfm3en">þróast</w>
            <w lemma="í" type="af">í</w>
            <w lemma="Lagarfljót" type="nheþ-s">Lagarfljóti</w>
            <w lemma="en" type="c">en</w>
            <w lemma="ljós" type="lhensf">ljóst</w>
            <w lemma="vera" type="sfg3en">er</w>
            <w lemma="að" type="c">að</w>
            <w lemma="skilyrði" type="nhfng">skilyrðin</w>
            <w lemma="hafa" type="sfg3fn">hafa</w>
            <w lemma="rýrna" type="sþghen">rýrnað</w>
            <c type="pl">.</c>
          </s>
        </p>
        <p n="5">
          <s n="1">
            <w lemma="Guðni" type="nken-s">Guðni</w>
            <w lemma="Guðbergsson" type="nken-s">Guðbergsson</w>
            <c type="pa">:</c>
            <w lemma="fyrir" type="aa">Fyrir</w>
            <w lemma="vera" type="sfg3eþ">var</w>
            <w lemma="Lagarfljót" type="nhen-s">Lagarfljót</w>
            <w lemma="jökulvatn" type="nhen">jökulvatn</w>
            <w lemma="og" type="c">og</w>
            <w lemma="að" type="c">að</w>
            <w lemma="framleiðsla" type="nven">framleiðsla</w>
            <w lemma="það" type="fphee">þess</w>
            <w lemma="og" type="c">og</w>
            <w lemma="fiskstofn" type="nkfn">fiskstofnar</w>
            <w lemma="bera" type="sfg3fþ">báru</w>
            <w lemma="merki" type="nheo">merki</w>
            <w lemma="um" type="af">um</w>
            <w lemma="það" type="fpheo">það</w>
            <w lemma="að" type="c">að</w>
            <w lemma="stofn" type="nkfng">stofnarnir</w>
            <w lemma="vera" type="sfg3fþ">voru</w>
            <w lemma="eða" type="c">eða</w>
            <w lemma="í" type="af">í</w>
            <w lemma="tær" type="lhfþsf">tærum</w>
            <w lemma="vatn" type="nhfþ">vötnum</w>
            <w lemma="vera" type="sfg3fn">eru</w>
            <w lemma="stofn" type="nkfn">stofnar</w>
            <w lemma="yfirleitt" type="aa">yfirleitt</w>
            <w lemma="munur" type="nkeþ">mun</w>
            <w lemma="stór" type="lkfnvm">stærri</w>
            <w lemma="gjarnan" type="aam">heldur</w>
            <w lemma="en" type="c">en</w>
            <w lemma="í" type="af">í</w>
            <w lemma="Lagarfljót" type="nheþ-s">Lagarfljóti</w>
            <c type="pl">.</c>
          </s>
          <s n="2">
            <w lemma="skilyrð" type="nveng">Skilyrðin</w>
            <w lemma="þarna" type="aa">þarna</w>
            <w lemma="rýrna" type="sfg3fþ">rýrnuðu</w>
            <w lemma="og" type="c">og</w>
            <w lemma="það" type="fphfn">þau</w>
            <w lemma="vera" type="sfg3fn">eru</w>
            <w lemma="ekki" type="aa">ekki</w>
            <w lemma="að" type="af">að</w>
            <w lemma="fullur" type="lheþsf">fullu</w>
            <w lemma="koma" type="sþghfn">komin</w>
            <w lemma="fram" type="aa">fram</w>
            <c type="pl">.</c>
          </s>
        </p>
        <p n="6">
          <s n="1">
            <w lemma="Helga" type="nven-s">Helga</w>
            <w lemma="Arnardóttir" type="nven-s">Arnardóttir</w>
            <c type="pa">:</c>
            <w lemma="liggja" type="sfg3eþ">Lá</w>
            <w lemma="þessi" type="fahen">þetta</w>
            <w lemma="ekki" type="aa">ekki</w>
            <w lemma="fyrir" type="aa">fyrir</w>
            <w lemma="áður" type="aa">áður</w>
            <w lemma="en" type="c">en</w>
            <w lemma="fara" type="sþghen">farið</w>
            <w lemma="vera" type="sfg3eþ">var</w>
            <w lemma="í" type="af">í</w>
            <w lemma="þessi" type="faveo">þessa</w>
            <w lemma="framkvæmd" type="nveo">framkvæmd</w>
            <c type="pl">?</c>
          </s>
        </p>
        <p n="7">
          <s n="1">
            <w lemma="Guðni" type="nken-s">Guðni</w>
            <w lemma="Guðbergsson" type="nken-s">Guðbergsson</w>
            <c type="pa">:</c>
            <w lemma="jú" type="au">Jú</w>
            <c type="pl">.</c>
          </s>
          <s n="2">
            <w lemma="í" type="af">Í</w>
            <w lemma="stór" type="lkfþsf">stórum</w>
            <w lemma="dráttur" type="nkfþ">dráttum</w>
            <w lemma="að" type="c">að</w>
            <w lemma="þá" type="aa">þá</w>
            <w lemma="vera" type="sfg3en">er</w>
            <w lemma="þessi" type="fahen">þetta</w>
            <w lemma="sá" type="fahen">það</w>
            <w lemma="sem" type="ct">sem</w>
            <w lemma="að" type="c">að</w>
            <w lemma="maður" type="nkfn">menn</w>
            <w lemma="búa" type="sfm3fþ">bjuggust</w>
            <w lemma="við" type="aa">við</w>
            <w lemma="og" type="c">og</w>
            <w lemma="það" type="fphen">það</w>
            <w lemma="hafa" type="sfg3en">hefur</w>
            <w lemma="bara" type="aa">bara</w>
            <w lemma="ganga" type="sþghen">gengið</w>
            <w lemma="eftir" type="aa">eftir</w>
            <c type="pl">.</c>
          </s>
          <s n="3">
            <w lemma="það" type="fphen">Það</w>
            <w lemma="reyndar" type="aa">reyndar</w>
            <w lemma="vera" type="sfg3en">er</w>
            <w lemma="þannig" type="aa">þannig</w>
            <w lemma="að" type="c">að</w>
            <w lemma="í" type="af">í</w>
            <w lemma="þessi" type="fakfþ">þessum</w>
            <c type="pk">,</c>
            <w lemma="tengja" type="sþghen">tengt</w>
            <w lemma="vatnsflutningur" type="nkfþ">vatnsflutningum</w>
            <w lemma="að" type="c">að</w>
            <w lemma="þá" type="aa">þá</w>
            <w lemma="hafa" type="sfg3fn">hafa</w>
            <w lemma="líka" type="aa">líka</w>
            <w lemma="verða" type="sþghen">orðið</w>
            <w lemma="breyting" type="nvfn">breytingar</w>
            <w lemma="í" type="af">í</w>
            <w lemma="farvegur" type="nkeþ">farvegi</w>
            <w lemma="Jökla" type="nvee-s">Jöklu</w>
            <w lemma="niður" type="af">niður</w>
            <w lemma="Jökuldalur" type="nkeo-s">Jökuldal</w>
            <w lemma="og" type="c">og</w>
            <w lemma="þar" type="aa">þar</w>
            <w lemma="vera" type="sfg3fn">eru</w>
            <w lemma="kannski" type="aa">kannski</w>
            <w lemma="skilyrði" type="nhfng">skilyrðin</w>
            <w lemma="gjarnan" type="aam">heldur</w>
            <w lemma="góður" type="lhfnvm">betri</w>
            <w lemma="gjarnan" type="aam">heldur</w>
            <w lemma="en" type="c">en</w>
            <w lemma="að" type="c">að</w>
            <w lemma="ég" type="fp1fn">við</w>
            <w lemma="eiga" type="sfg1fþ">áttum</w>
            <w lemma="von" type="nveo">von</w>
            <w lemma="á" type="af">á</w>
            <c type="pl">.</c>
          </s>
        </p>
      </div1>
    </body>
  </text>
</TEI>
