<?xml version="1.0" encoding="utf-8"?>
<TEI xmlns="http://www.tei-c.org/ns/1.0">
  <teiHeader>
    <fileDesc>
      <titleStmt>
        <title>
          <title type="main">Innbrot</title>
        </title>
        <respStmt>
          <resp xml:lang="is">Söfnun og úrvinnsla texta</resp>
          <resp xml:lang="en">Collection and processing of text</resp>
          <name xml:lang="is">Stofnun Árna Magnússonar í íslenskum fræðum</name>
          <name xml:lang="en">The Arni Magnusson Institute for Icelandic Studies</name>
        </respStmt>
      </titleStmt>
      <editionStmt>
        <p xml:lang="is">Íslensk risamálheild (2019)</p>
        <p xml:lang="en">Tagged Icelandic Gigaword Corpus (2019)</p>
      </editionStmt>
      <publicationStmt>
        <distributor xml:lang="is">Stofnun Árna Magnússonar í íslenskum fræðum</distributor>
        <distributor xml:lang="en">The Arni Magnusson Institute for Icelandic Studies</distributor>
        <address>
          <addrLine xml:lang="is">Árnagarður við Suðurgötu, 107 Reykjavík, Íslandi</addrLine>
          <addrLine xml:lang="en">Árnagarður Suðurgata, 107 Reykjavik, Iceland</addrLine>
          <addrLine>
            <email>arnastofnun@arnastofnun.is</email>
          </addrLine>
        </address>
        <idno type="risam">G-25-2540666</idno>
        <availability>
          <p xml:lang="is">Þessi texti er til notkunar í málrannsóknum og máltækniverkefnum um allan heim með sérstöku leyfi, sjá rmh2Hdr.xml</p>
          <p xml:lang="en">This text is available for use in language research and language technology projects world wide with a special license, see rmh2Hdr.xml</p>
        </availability>
        <date>2020-05-26</date>
      </publicationStmt>
      <sourceDesc>
        <biblStruct>
          <analytic>
            <title>
              <title type="main">Innbrot</title>
            </title>
            <date when="2013-03-19T08:00:00">19.03 2013 kl. 08:00:00</date>
          </analytic>
          <monogr>
            <title>Bylgjan</title>
            <imprint>
              <publisher>365 miðlar hf.</publisher>
              <pubPlace>Reykjavík</pubPlace>
            </imprint>
          </monogr>
        </biblStruct>
      </sourceDesc>
    </fileDesc>
    <encodingDesc>
      <projectDesc>
        <p xml:lang="is">Sjá lýsingu á verkefninu í rmh2Hdr.xml.</p>
        <p xml:lang="en">See description of project in rmh2Hdr.xml.</p>
      </projectDesc>
      <tagsDecl>
        <namespace name="http://www.tei-c.org/ns/1.0">
          <tagUsage gi="text" occurs="1"/>
          <tagUsage gi="body" occurs="1"/>
          <tagUsage gi="div1" occurs="1"/>
          <tagUsage gi="p" occurs="1"/>
          <tagUsage gi="s" occurs="5"/>
          <tagUsage gi="w" occurs="59"/>
          <tagUsage gi="c" occurs="5"/>
        </namespace>
      </tagsDecl>
    </encodingDesc>
    <profileDesc>
     <textClass>
      <keywords scheme="#RMH">
       <list>
        <item>Frétt – almennt</item>
       </list>
      </keywords>
     </textClass>
    </profileDesc>
  </teiHeader>
  <text>
    <body>
      <div1>
        <p n="1">
          <s n="1">
            <w lemma="tveir" type="tfhfn">Tvö</w>
            <w lemma="innbrot" type="nhfn">innbrot</w>
            <w lemma="vera" type="sfg3fþ">voru</w>
            <w lemma="fremja" type="sþghfn">framin</w>
            <w lemma="á" type="af">á</w>
            <w lemma="höfuðborgarsvæði" type="nheþg">höfuðborgarsvæðinu</w>
            <w lemma="í" type="af">í</w>
            <w lemma="nótt" type="nveo">nótt</w>
            <w lemma="og" type="c">og</w>
            <w lemma="koma" type="sfm3fþ">komust</w>
            <w lemma="þjófur" type="nkfng">þjófarnir</w>
            <w lemma="undan" type="aa">undan</w>
            <w lemma="í" type="af">í</w>
            <w lemma="báðir" type="fohfþ">báðum</w>
            <w lemma="tilvik" type="nhfþ">tilvikum</w>
            <c type="pl">.</c>
          </s>
          <s n="2">
            <w lemma="annar" type="fokee">Annars</w>
            <w lemma="vegur" type="nkee">vegar</w>
            <w lemma="vera" type="sfg3eþ">var</w>
            <w lemma="brjóta" type="sþmhen">brotist</w>
            <w lemma="inn" type="aa">inn</w>
            <w lemma="í" type="af">í</w>
            <w lemma="kaffihús" type="nheo">kaffihús</w>
            <w lemma="í" type="af">í</w>
            <w lemma="vesturbær" type="nkeþg">vesturbænum</w>
            <c type="pl">.</c>
          </s>
          <s n="3">
            <w lemma="þjófur" type="nkeng">Þjófurinn</w>
            <w lemma="brjóta" type="sfg3eþ">braut</w>
            <w lemma="sig" type="fpkeþ">sér</w>
            <w lemma="leið" type="nveo">leið</w>
            <w lemma="í" type="aa">í</w>
            <w lemma="gegnum" type="af">gegnum</w>
            <w lemma="rúða" type="nveo">rúðu</w>
            <w lemma="og" type="c">og</w>
            <w lemma="stela" type="sfg3eþ">stal</w>
            <w lemma="að" type="af">að</w>
            <w lemma="lítill" type="lkeþve">minnsta</w>
            <w lemma="kostur" type="nkeþ">kosti</w>
            <w lemma="skiptimynt" type="nveo">skiptimynt</w>
            <w lemma="úr" type="af">úr</w>
            <w lemma="sjóðsvél" type="nveþ">sjóðsvél</w>
            <c type="pl">.</c>
          </s>
          <s n="4">
            <w lemma="hinn" type="fakee">Hins</w>
            <w lemma="vegur" type="nkee">vegar</w>
            <w lemma="vera" type="sfg3eþ">var</w>
            <w lemma="brjóta" type="sþmhen">brotist</w>
            <w lemma="inn" type="aa">inn</w>
            <w lemma="í" type="af">í</w>
            <w lemma="verslun" type="nveo">verslun</w>
            <w lemma="í" type="af">í</w>
            <w lemma="Kópavogur" type="nkeþ-s">Kópavogi</w>
            <w lemma="en" type="c">en</w>
            <w lemma="ekki" type="aa">ekki</w>
            <w lemma="vera" type="sfg3en">er</w>
            <w lemma="ljós" type="lhensf">ljóst</w>
            <w lemma="hver" type="fsheþ">hverju</w>
            <w lemma="vera" type="sfg3eþ">var</w>
            <w lemma="stela" type="sþghen">stolið</w>
            <w lemma="þar" type="aa">þar</w>
            <c type="pl">.</c>
          </s>
          <s n="5">
            <w lemma="þjófur" type="nkfng">Þjófarnir</w>
            <w lemma="vera" type="sfg3fn">eru</w>
            <w lemma="ófundinn" type="lkfnsf">ófundnir</w>
            <c type="pl">.</c>
          </s>
        </p>
      </div1>
    </body>
  </text>
</TEI>
