<?xml version="1.0" encoding="utf-8"?>
<TEI xmlns="http://www.tei-c.org/ns/1.0">
  <teiHeader>
    <fileDesc>
      <titleStmt>
        <title>
          <title type="main">Myglusveppur á vistheimili</title>
        </title>
        <respStmt>
          <resp xml:lang="is">Söfnun og úrvinnsla texta</resp>
          <resp xml:lang="en">Collection and processing of text</resp>
          <name xml:lang="is">Stofnun Árna Magnússonar í íslenskum fræðum</name>
          <name xml:lang="en">The Arni Magnusson Institute for Icelandic Studies</name>
        </respStmt>
      </titleStmt>
      <editionStmt>
        <p xml:lang="is">Íslensk risamálheild (2019)</p>
        <p xml:lang="en">Tagged Icelandic Gigaword Corpus (2019)</p>
      </editionStmt>
      <publicationStmt>
        <distributor xml:lang="is">Stofnun Árna Magnússonar í íslenskum fræðum</distributor>
        <distributor xml:lang="en">The Arni Magnusson Institute for Icelandic Studies</distributor>
        <address>
          <addrLine xml:lang="is">Árnagarður við Suðurgötu, 107 Reykjavík, Íslandi</addrLine>
          <addrLine xml:lang="en">Árnagarður Suðurgata, 107 Reykjavik, Iceland</addrLine>
          <addrLine>
            <email>arnastofnun@arnastofnun.is</email>
          </addrLine>
        </address>
        <idno type="risam">G-25-2505400</idno>
        <availability>
          <p xml:lang="is">Þessi texti er til notkunar í málrannsóknum og máltækniverkefnum um allan heim með sérstöku leyfi, sjá rmh2Hdr.xml</p>
          <p xml:lang="en">This text is available for use in language research and language technology projects world wide with a special license, see rmh2Hdr.xml</p>
        </availability>
        <date>2020-05-26</date>
      </publicationStmt>
      <sourceDesc>
        <biblStruct>
          <analytic>
            <title>
              <title type="main">Myglusveppur á vistheimili</title>
            </title>
            <date when="2013-03-15T12:00:00">15.03 2013 kl. 12:00:00</date>
          </analytic>
          <monogr>
            <title>Bylgjan</title>
            <imprint>
              <publisher>365 miðlar hf.</publisher>
              <pubPlace>Reykjavík</pubPlace>
            </imprint>
          </monogr>
        </biblStruct>
      </sourceDesc>
    </fileDesc>
    <encodingDesc>
      <projectDesc>
        <p xml:lang="is">Sjá lýsingu á verkefninu í rmh2Hdr.xml.</p>
        <p xml:lang="en">See description of project in rmh2Hdr.xml.</p>
      </projectDesc>
      <tagsDecl>
        <namespace name="http://www.tei-c.org/ns/1.0">
          <tagUsage gi="text" occurs="1"/>
          <tagUsage gi="body" occurs="1"/>
          <tagUsage gi="div1" occurs="1"/>
          <tagUsage gi="p" occurs="5"/>
          <tagUsage gi="s" occurs="16"/>
          <tagUsage gi="w" occurs="289"/>
          <tagUsage gi="c" occurs="29"/>
        </namespace>
      </tagsDecl>
    </encodingDesc>
    <profileDesc>
     <textClass>
      <keywords scheme="#RMH">
       <list>
        <item>Frétt – almennt</item>
       </list>
      </keywords>
     </textClass>
    </profileDesc>
  </teiHeader>
  <text>
    <body>
      <div1>
        <p n="1">
          <s n="1">
            <w lemma="allur" type="fohen">Allt</w>
            <w lemma="verða" type="sfg3en">verður</w>
            <w lemma="gera" type="sþghen">gert</w>
            <w lemma="til" type="af">til</w>
            <w lemma="að" type="cn">að</w>
            <w lemma="tryggja" type="sng">tryggja</w>
            <w lemma="heilsa" type="nveo">heilsu</w>
            <w lemma="barn" type="nhfe">barna</w>
            <w lemma="og" type="c">og</w>
            <w lemma="starfsmaður" type="nkfe">starfsmanna</w>
            <w lemma="á" type="af">á</w>
            <w lemma="vistheimili" type="nheþ">vistheimili</w>
            <w lemma="barn" type="nhfe">barna</w>
            <w lemma="þar" type="aa">þar</w>
            <w lemma="sem" type="c">sem</w>
            <w lemma="grunur" type="nken">grunur</w>
            <w lemma="leika" type="sfg3en">leikur</w>
            <w lemma="á" type="af">á</w>
            <w lemma="að" type="c">að</w>
            <w lemma="mikill" type="lhensf">mikið</w>
            <w lemma="vera" type="svg3en">sé</w>
            <w lemma="af" type="af">af</w>
            <w lemma="myglusveppur" type="nkeþ">myglusvepp</w>
            <c type="pl">.</c>
          </s>
          <s n="2">
            <w lemma="ef" type="c">Ef</w>
            <w lemma="yfirgefa" type="sng">yfirgefa</w>
            <w lemma="þurfa" type="sfg3en">þarf</w>
            <w lemma="húsnæði" type="nheng">húsnæðið</w>
            <w lemma="verða" type="sfg3en">verður</w>
            <w lemma="annar" type="fohen">annað</w>
            <w lemma="finna" type="sþghen">fundið</w>
            <c type="pl">.</c>
          </s>
          <s n="3">
            <w lemma="þessi" type="faheo">Þetta</w>
            <w lemma="segja" type="sfg3en">segir</w>
            <w lemma="formaður" type="nken">formaður</w>
            <w lemma="velferðarráð" type="nhee">velferðarráðs</w>
            <c type="pl">.</c>
          </s>
        </p>
        <p n="2">
          <s n="1">
            <w lemma="á" type="af">Á</w>
            <w lemma="vistheimili" type="nheþ">vistheimili</w>
            <w lemma="barn" type="nhfe">barna</w>
            <w lemma="sem" type="ct">sem</w>
            <w lemma="vera" type="sfg3en">er</w>
            <w lemma="úrræði" type="nhen">úrræði</w>
            <w lemma="á" type="af">á</w>
            <w lemma="vegur" type="nkfþ">vegum</w>
            <w lemma="Reykjavíkurborg" type="nvee-s">Reykjavíkurborgar</w>
            <c type="pk">,</c>
            <w lemma="vera" type="sfg3fn">eru</w>
            <w lemma="barn" type="nhfn">börn</w>
            <w lemma="vista" type="sþghfn">vistuð</w>
            <w lemma="í" type="af">í</w>
            <w lemma="langur" type="lkeovm">lengri</w>
            <w lemma="eða" type="c">eða</w>
            <w lemma="skammur" type="lkeþvm">skemmri</w>
            <w lemma="tími" type="nkeo">tíma</w>
            <w lemma="á" type="af">á</w>
            <w lemma="vegur" type="nkfþ">vegum</w>
            <w lemma="barnavernd" type="nvee">barnaverndar</w>
            <w lemma="Reykjavík" type="nvee-s">Reykjavíkur</w>
            <c type="pl">.</c>
          </s>
          <s n="2">
            <w lemma="þar" type="aa">Þar</w>
            <w lemma="vera" type="sfg3en">er</w>
            <w lemma="pláss" type="nhen">pláss</w>
            <w lemma="fyrir" type="af">fyrir</w>
            <w lemma="7" type="ta">7</w>
            <w lemma="barn" type="nhfo">börn</w>
            <w lemma="en" type="c">en</w>
            <w lemma="stundum" type="aa">stundum</w>
            <w lemma="vera" type="sfg3fn">eru</w>
            <w lemma="það" type="fphfn">þau</w>
            <w lemma="margur" type="lhfnvm">fleiri</w>
            <c type="pl">.</c>
          </s>
          <s n="3">
            <w lemma="ég" type="fp1fn">Við</w>
            <w lemma="segja" type="sfg1fþ">sögðum</w>
            <w lemma="frá" type="af">frá</w>
            <w lemma="það" type="fpheþ">því</w>
            <w lemma="á" type="af">á</w>
            <w lemma="miðvikudagur" type="nkeog">miðvikudaginn</w>
            <w lemma="að" type="c">að</w>
            <w lemma="grunur" type="nken">grunur</w>
            <w lemma="leika" type="sfg3en">leikur</w>
            <w lemma="á" type="af">á</w>
            <w lemma="að" type="c">að</w>
            <w lemma="myglusveppur" type="nken">myglusveppur</w>
            <w lemma="vera" type="svg3en">sé</w>
            <w lemma="í" type="af">í</w>
            <w lemma="húsnæði" type="nheþg">húsnæðinu</w>
            <c type="pl">.</c>
          </s>
          <s n="4">
            <w lemma="Von" type="nven-s">Von</w>
            <w lemma="vera" type="sfg3en">er</w>
            <w lemma="á" type="af">á</w>
            <w lemma="skýrsla" type="nveþ">skýrslu</w>
            <w lemma="um" type="af">um</w>
            <w lemma="mál" type="nheog">málið</w>
            <w lemma="en" type="c">en</w>
            <w lemma="fyrirtæki" type="nheng">fyrirtækið</w>
            <w lemma="Hús" type="nhen-s">Hús</w>
            <w lemma="og" type="c">og</w>
            <w lemma="heilsa" type="nven">heilsa</w>
            <w lemma="sem" type="ct">sem</w>
            <w lemma="sérhæfa" type="sfg3en">sérhæfir</w>
            <w lemma="sig" type="fpheo">sig</w>
            <w lemma="í" type="af">í</w>
            <w lemma="mál" type="nhfþ">málum</w>
            <w lemma="sem" type="c">sem</w>
            <w lemma="þessi" type="fahfþ">þessum</w>
            <w lemma="hafa" type="sfg3en">hefur</w>
            <w lemma="mál" type="nheng">málið</w>
            <w lemma="til" type="af">til</w>
            <w lemma="rannsókn" type="nvee">rannsóknar</w>
            <c type="pl">.</c>
          </s>
          <s n="5">
            <w lemma="vita" type="sþghen">Vitað</w>
            <w lemma="vera" type="sfg3en">er</w>
            <w lemma="að" type="c">að</w>
            <w lemma="myglusveppur" type="nkfn">myglusveppir</w>
            <w lemma="geta" type="sfg3fn">geta</w>
            <w lemma="hafa" type="sþghen">haft</w>
            <w lemma="skaðlegur" type="lhfosf">skaðleg</w>
            <w lemma="áhrif" type="nhfo">áhrif</w>
            <w lemma="á" type="af">á</w>
            <w lemma="heilsa" type="nveo">heilsu</w>
            <w lemma="fólk" type="nhee">fólks</w>
            <w lemma="þó" type="aa">þó</w>
            <w lemma="að" type="c">að</w>
            <w lemma="áhrif" type="nhfng">áhrifin</w>
            <w lemma="vera" type="svg3fn">séu</w>
            <w lemma="mjög" type="aa">mjög</w>
            <w lemma="einstaklingsbundinn" type="lhfnsf">einstaklingsbundin</w>
            <c type="pl">.</c>
          </s>
          <s n="6">
            <w lemma="í" type="af">Í</w>
            <w lemma="samtal" type="nheþ">samtali</w>
            <w lemma="við" type="af">við</w>
            <w lemma="fréttamaður" type="nkeo">fréttamann</w>
            <w lemma="segja" type="sfg3eþ">sagði</w>
            <w lemma="Halldóra" type="nven-s">Halldóra</w>
            <w lemma="Gunnarsdóttir" type="nven-s">Gunnarsdóttir</w>
            <c type="pk">,</c>
            <w lemma="framkvæmdastjóri" type="nken">framkvæmdastjóri</w>
            <w lemma="barnavernd" type="nvee">barnaverndar</w>
            <w lemma="Reykjavík" type="nvee-s">Reykjavíkur</w>
            <c type="pk">,</c>
            <w lemma="að" type="c">að</w>
            <w lemma="vona" type="snm">vonast</w>
            <w lemma="vera" type="svg3eþ">væri</w>
            <w lemma="til" type="af">til</w>
            <w lemma="það" type="fphee">þess</w>
            <w lemma="að" type="c">að</w>
            <w lemma="mál" type="nheng">málið</w>
            <w lemma="vera" type="svg3eþ">væri</w>
            <w lemma="ekki" type="aa">ekki</w>
            <w lemma="svo" type="aa">svo</w>
            <w lemma="alvarlegur" type="lhensf">alvarlegt</w>
            <w lemma="að" type="c">að</w>
            <w lemma="rask" type="nhen">rask</w>
            <w lemma="koma" type="svm3eþ">kæmist</w>
            <w lemma="á" type="af">á</w>
            <w lemma="starf" type="nheo">starf</w>
            <w lemma="vistheimili" type="nheeg">vistheimilisins</w>
            <w lemma="það" type="fpheþ">því</w>
            <w lemma="það" type="fphen">það</w>
            <w lemma="geta" type="svg3eþ">gæti</w>
            <w lemma="hafa" type="sþghen">haft</w>
            <w lemma="alvarlegur" type="lvfosf">alvarlegar</w>
            <w lemma="afleiðing" type="nvfo">afleiðingar</w>
            <w lemma="fyrir" type="af">fyrir</w>
            <w lemma="barn" type="nhfog">börnin</w>
            <w lemma="sem" type="ct">sem</w>
            <w lemma="þar" type="aa">þar</w>
            <w lemma="dvelja" type="sfg3fn">dvelja</w>
            <c type="pl">.</c>
          </s>
          <s n="7">
            <w lemma="Björk" type="nven-s">Björk</w>
            <w lemma="Vilhelmsdóttir" type="nven-s">Vilhelmsdóttir</w>
            <c type="pk">,</c>
            <w lemma="formaður" type="nken">formaður</w>
            <w lemma="velferðarráð" type="nhee">velferðarráðs</w>
            <w lemma="Reykjavík" type="nvee-s">Reykjavíkur</w>
            <c type="pk">,</c>
            <w lemma="segja" type="sfg3en">segir</w>
            <w lemma="að" type="c">að</w>
            <w lemma="velferð" type="nven">velferð</w>
            <w lemma="barn" type="nhfe">barna</w>
            <w lemma="og" type="c">og</w>
            <w lemma="starfsmaður" type="nkfe">starfsmanna</w>
            <w lemma="verða" type="svg3en">verði</w>
            <w lemma="að" type="cn">að</w>
            <w lemma="tryggja" type="sng">tryggja</w>
            <c type="pl">.</c>
          </s>
        </p>
        <p n="3">
          <s n="1">
            <w lemma="Björk" type="nven-s">Björk</w>
            <w lemma="Vilhelmsdóttir" type="nven-s">Vilhelmsdóttir</w>
            <c type="pk">,</c>
            <w lemma="formaður" type="nken">formaður</w>
            <w lemma="velferðarráð" type="nhee">velferðarráðs</w>
            <w lemma="Reykjavík" type="nvee-s">Reykjavíkur</w>
            <c type="pa">:</c>
            <w lemma="og" type="c">Og</w>
            <w lemma="að" type="c">að</w>
            <w lemma="sjálfur" type="fbven">sjálf</w>
            <w lemma="segja" type="sfg3fþ">sögðu</w>
            <w lemma="taka" type="sfg1fn">tökum</w>
            <w lemma="ég" type="fp1fn">við</w>
            <w lemma="þá" type="aa">þá</w>
            <w lemma="bara" type="aa">bara</w>
            <w lemma="fullur" type="lveosf">fulla</w>
            <w lemma="ábyrgð" type="nveo">ábyrgð</w>
            <w lemma="á" type="af">á</w>
            <w lemma="það" type="fpheþ">því</w>
            <w lemma="og" type="c">og</w>
            <w lemma="bregða" type="sfm1fn">bregðumst</w>
            <w lemma="við" type="aa">við</w>
            <w lemma="með" type="af">með</w>
            <w lemma="sá" type="fakeþ">þeim</w>
            <w lemma="háttur" type="nkeþ">hætti</w>
            <w lemma="sem" type="ct">sem</w>
            <c type="pa">[...]</c>
            <w lemma="blasa" type="sfg3en">blasir</w>
            <w lemma="við" type="aa">við</w>
            <c type="pl">.</c>
          </s>
          <s n="2">
            <w lemma="þessi" type="fahen">Þetta</w>
            <w lemma="vera" type="sfg3en">er</w>
            <w lemma="bara" type="aa">bara</w>
            <w lemma="verkefni" type="nhen">verkefni</w>
            <w lemma="sem" type="ct">sem</w>
            <w lemma="ég" type="fp1fn">við</w>
            <w lemma="fá" type="sfg1fn">fáum</w>
            <w lemma="og" type="c">og</w>
            <c type="pk">,</c>
            <w lemma="og" type="c">og</w>
            <w lemma="snemma" type="aae">fyrst</w>
            <w lemma="og" type="c">og</w>
            <w lemma="frammi" type="aae">fremst</w>
            <w lemma="þurfa" type="sfg1fn">þurfum</w>
            <w lemma="ég" type="fp1fn">við</w>
            <w lemma="bara" type="aa">bara</w>
            <w lemma="að" type="cn">að</w>
            <w lemma="tryggja" type="sng">tryggja</w>
            <w lemma="öryggi" type="nheo">öryggi</w>
            <w lemma="hérna" type="aa">hérna</w>
            <w lemma="barn" type="nhfeg">barnanna</w>
            <w lemma="á" type="af">á</w>
            <w lemma="vistheimili" type="nheþg">vistheimilinu</w>
            <w lemma="og" type="c">og</w>
            <c type="pk">,</c>
            <w lemma="og" type="c">og</w>
            <w lemma="aðstandandi" type="nkfe">aðstandenda</w>
            <w lemma="hann" type="fpkfe">þeirra</w>
            <w lemma="og" type="c">og</w>
            <w lemma="starfsfólk" type="nheeg">starfsfólksins</w>
            <c type="pl">.</c>
          </s>
        </p>
        <p n="4">
          <s n="1">
            <w lemma="Karen" type="nven-s">Karen</w>
            <w lemma="Kjartansdóttir" type="nven-s">Kjartansdóttir</w>
            <c type="pa">:</c>
            <w lemma="en" type="c">En</w>
            <w lemma="ef" type="c">ef</w>
            <w lemma="að" type="c">að</w>
            <w lemma="sá" type="faven">sú</w>
            <w lemma="staða" type="nven">staða</w>
            <w lemma="koma" type="sfg3en">kemur</w>
            <w lemma="upp" type="aa">upp</w>
            <w lemma="að" type="c">að</w>
            <w lemma="það" type="fphen">það</w>
            <w lemma="þurfa" type="svg3en">þurfi</w>
            <w lemma="jafnvel" type="aa">jafnvel</w>
            <w lemma="að" type="cn">að</w>
            <w lemma="loka" type="sng">loka</w>
            <w lemma="eða" type="c">eða</w>
            <w lemma="raska" type="sng">raska</w>
            <w lemma="starfsemi" type="nveþg">starfseminni</w>
            <w lemma="vera" type="sfg3fn">eru</w>
            <w lemma="þá" type="aa">þá</w>
            <w lemma="einhver" type="fohfn">einhver</w>
            <c type="pk">,</c>
            <w lemma="einhver" type="fovfn">einhverjar</w>
            <w lemma="leið" type="nvfn">leiðir</w>
            <w lemma="fær" type="lvfnsf">færar</w>
            <w lemma="til" type="af">til</w>
            <w lemma="að" type="cn">að</w>
            <w lemma="bregða" type="snm">bregðast</w>
            <w lemma="við" type="af">við</w>
            <w lemma="það" type="fpheþ">því</w>
            <c type="pl">.</c>
          </s>
        </p>
        <p n="5">
          <s n="1">
            <w lemma="Björk" type="nven-s">Björk</w>
            <w lemma="Vilhelmsdóttir" type="nven-s">Vilhelmsdóttir</w>
            <c type="pa">:</c>
            <w lemma="ég" type="fp1fn">Við</w>
            <w lemma="þurfa" type="sfg1fn">þurfum</w>
            <w lemma="bara" type="aa">bara</w>
            <w lemma="að" type="cn">að</w>
            <w lemma="finna" type="sng">finna</w>
            <w lemma="út" type="aa">út</w>
            <w lemma="úr" type="af">úr</w>
            <w lemma="það" type="fpheþ">því</w>
            <c type="pl">.</c>
          </s>
          <s n="2">
            <w lemma="ég" type="fp1fn">Við</w>
            <w lemma="þurfa" type="sfg1fn">þurfum</w>
            <w lemma="snemma" type="aae">fyrst</w>
            <w lemma="að" type="cn">að</w>
            <w lemma="bíða" type="sng">bíða</w>
            <w lemma="eftir" type="af">eftir</w>
            <w lemma="þessi" type="favfþ">þessum</w>
            <w lemma="niðurstaða" type="nvfþ">niðurstöðum</w>
            <w lemma="en" type="c">en</w>
            <w lemma="[...]" type="ks">[...]</w>
            <w lemma="munu" type="sfg1fn">munum</w>
            <w lemma="ég" type="fp1fn">við</w>
            <w lemma="bara" type="aa">bara</w>
            <w lemma="bregða" type="snm">bregðast</w>
            <w lemma="við" type="aa">við</w>
            <w lemma="eins" type="aa">eins</w>
            <w lemma="og" type="c">og</w>
            <w lemma="til" type="aa">til</w>
            <w lemma="þurfa" type="sfg3en">þarf</w>
            <c type="pl">.</c>
          </s>
          <s n="3">
            <w lemma="það" type="fphen">Það</w>
            <w lemma="vera" type="sfg3en">er</w>
            <w lemma="bara" type="aa">bara</w>
            <w lemma="ég" type="fp1fe">okkar</w>
            <w lemma="skylda" type="nven">skylda</w>
            <c type="pl">.</c>
          </s>
        </p>
      </div1>
    </body>
  </text>
</TEI>
