<?xml version="1.0" encoding="utf-8"?>
<TEI xmlns="http://www.tei-c.org/ns/1.0">
  <teiHeader>
    <fileDesc>
      <titleStmt>
        <title>
          <title type="main">Viðbrögð forystufólks stjórnmálaflokkanna</title>
        </title>
        <respStmt>
          <resp xml:lang="is">Söfnun og úrvinnsla texta</resp>
          <resp xml:lang="en">Collection and processing of text</resp>
          <name xml:lang="is">Stofnun Árna Magnússonar í íslenskum fræðum</name>
          <name xml:lang="en">The Arni Magnusson Institute for Icelandic Studies</name>
        </respStmt>
      </titleStmt>
      <editionStmt>
        <p xml:lang="is">Íslensk risamálheild (2019)</p>
        <p xml:lang="en">Tagged Icelandic Gigaword Corpus (2019)</p>
      </editionStmt>
      <publicationStmt>
        <distributor xml:lang="is">Stofnun Árna Magnússonar í íslenskum fræðum</distributor>
        <distributor xml:lang="en">The Arni Magnusson Institute for Icelandic Studies</distributor>
        <address>
          <addrLine xml:lang="is">Árnagarður við Suðurgötu, 107 Reykjavík, Íslandi</addrLine>
          <addrLine xml:lang="en">Árnagarður Suðurgata, 107 Reykjavik, Iceland</addrLine>
          <addrLine>
            <email>arnastofnun@arnastofnun.is</email>
          </addrLine>
        </address>
        <idno type="risam">G-25-2517573</idno>
        <availability>
          <p xml:lang="is">Þessi texti er til notkunar í málrannsóknum og máltækniverkefnum um allan heim með sérstöku leyfi, sjá rmh2Hdr.xml</p>
          <p xml:lang="en">This text is available for use in language research and language technology projects world wide with a special license, see rmh2Hdr.xml</p>
        </availability>
        <date>2020-05-26</date>
      </publicationStmt>
      <sourceDesc>
        <biblStruct>
          <analytic>
            <title>
              <title type="main">Viðbrögð forystufólks stjórnmálaflokkanna</title>
            </title>
            <date when="2013-03-01T12:00:00">01.03 2013 kl. 12:00:00</date>
          </analytic>
          <monogr>
            <title>Bylgjan</title>
            <imprint>
              <publisher>365 miðlar hf.</publisher>
              <pubPlace>Reykjavík</pubPlace>
            </imprint>
          </monogr>
        </biblStruct>
      </sourceDesc>
    </fileDesc>
    <encodingDesc>
      <projectDesc>
        <p xml:lang="is">Sjá lýsingu á verkefninu í rmh2Hdr.xml.</p>
        <p xml:lang="en">See description of project in rmh2Hdr.xml.</p>
      </projectDesc>
      <tagsDecl>
        <namespace name="http://www.tei-c.org/ns/1.0">
          <tagUsage gi="text" occurs="1"/>
          <tagUsage gi="body" occurs="1"/>
          <tagUsage gi="div1" occurs="1"/>
          <tagUsage gi="p" occurs="12"/>
          <tagUsage gi="s" occurs="12"/>
          <tagUsage gi="w" occurs="446"/>
          <tagUsage gi="c" occurs="40"/>
        </namespace>
      </tagsDecl>
    </encodingDesc>
    <profileDesc>
     <textClass>
      <keywords scheme="#RMH">
       <list>
        <item>Frétt – almennt</item>
       </list>
      </keywords>
     </textClass>
    </profileDesc>
  </teiHeader>
  <text>
    <body>
      <div1>
        <p n="1">
          <s n="1">
            <w lemma="Gunnar" type="nken-s">Gunnar</w>
            <w lemma="Reynis" type="nken-s">Reynis</w>
            <w lemma="Valþórsson" type="nken-s">Valþórsson</w>
            <w lemma="leita" type="sfg3eþ">leitaði</w>
            <w lemma="viðbragð" type="nhfe">viðbragða</w>
            <w lemma="hjá" type="af">hjá</w>
            <w lemma="forystufólkur" type="nkeþ">forystufólki</w>
            <w lemma="stjórnarflokkur" type="nkfeg">stjórnarflokkanna</w>
            <c type="pl">.</c>
          </s>
        </p>
        <p n="2">
          <s n="1">
            <w lemma="Sigmundur" type="nken-s">Sigmundur</w>
            <w lemma="Davíð" type="nken-s">Davíð</w>
            <w lemma="Gunnlaugsson" type="nken-s">Gunnlaugsson</w>
            <c type="pk">,</c>
            <w lemma="formaður" type="nken">formaður</w>
            <w lemma="Framsókn" type="nvee-s">Framsóknar</w>
            <c type="pk">,</c>
            <w lemma="vera" type="sfg3en">er</w>
            <w lemma="að" type="af">að</w>
            <w lemma="von" type="nvfþ">vonum</w>
            <w lemma="ánægður" type="lkensf">ánægður</w>
            <w lemma="með" type="af">með</w>
            <w lemma="niðurstaða" type="nvfog">niðurstöðurnar</w>
            <c type="pl">.</c>
          </s>
        </p>
        <p n="3">
          <s n="1">
            <w lemma="Sigmundur" type="nken-s">Sigmundur</w>
            <w lemma="Davíð" type="nken-s">Davíð</w>
            <w lemma="Gunnlaugsson" type="nken-s">Gunnlaugsson</w>
            <c type="pk">,</c>
            <w lemma="formaður" type="nken">formaður</w>
            <w lemma="Framsóknarflokkur" type="nkeegs">Framsóknarflokksins</w>
            <c type="pa">:</c>
            <w lemma="þessi" type="fahen">Þetta</w>
            <w lemma="vera" type="sfg3en">er</w>
            <w lemma="auðvitað" type="aa">auðvitað</w>
            <w lemma="mjög" type="aa">mjög</w>
            <w lemma="ánægjulegur" type="lhensf">ánægjulegt</w>
            <w lemma="en" type="c">en</w>
            <w lemma="maður" type="nken">maður</w>
            <w lemma="verða" type="sfg3en">verður</w>
            <w lemma="að" type="cn">að</w>
            <w lemma="hafa" type="sng">hafa</w>
            <w lemma="í" type="af">í</w>
            <w lemma="hugi" type="nkeþ">huga</w>
            <w lemma="að" type="c">að</w>
            <w lemma="það" type="fphen">það</w>
            <w lemma="sami" type="fbhen">sama</w>
            <w lemma="fara" type="sfg3en">fer</w>
            <w lemma="að" type="cn">að</w>
            <w lemma="setja" type="snm">setjast</w>
            <w lemma="upp" type="aa">upp</w>
            <w lemma="í" type="af">í</w>
            <w lemma="karfa" type="nveog">körfuna</w>
            <w lemma="eins" type="aa">eins</w>
            <w lemma="og" type="c">og</w>
            <w lemma="niður" type="aa">niður</w>
            <w lemma="að" type="c">að</w>
            <w lemma="þessi" type="fahen">þetta</w>
            <w lemma="vera" type="sfg3fn">eru</w>
            <w lemma="snemma" type="aae">fyrst</w>
            <w lemma="og" type="c">og</w>
            <w lemma="frammi" type="aae">fremst</w>
            <w lemma="könnun" type="nvfn">kannanir</w>
            <w lemma="en" type="c">en</w>
            <w lemma="sá" type="fahen">það</w>
            <w lemma="sem" type="ct">sem</w>
            <w lemma="vera" type="sfg3en">er</w>
            <w lemma="þó" type="aa">þó</w>
            <w lemma="sérstaklega" type="aa">sérstaklega</w>
            <w lemma="gleðilegur" type="lhensf">gleðilegt</w>
            <w lemma="við" type="af">við</w>
            <w lemma="þessi" type="faheo">þetta</w>
            <w lemma="núna" type="aa">núna</w>
            <w lemma="í" type="af">í</w>
            <w lemma="aðdragandi" type="nkeþ">aðdraganda</w>
            <w lemma="kosning" type="nvfe">kosninga</w>
            <w lemma="að" type="c">að</w>
            <w lemma="það" type="fphen">það</w>
            <w lemma="sýna" type="sfg3en">sýnir</w>
            <w lemma="að" type="c">að</w>
            <w lemma="það" type="fphen">það</w>
            <w lemma="vera" type="sfg3en">er</w>
            <w lemma="að" type="af">að</w>
            <w lemma="lítill" type="lkeþve">minnsta</w>
            <w lemma="kostur" type="nkeþ">kosti</w>
            <w lemma="möguleiki" type="nken">möguleiki</w>
            <w lemma="að" type="c">að</w>
            <w lemma="ég" type="fp1fn">við</w>
            <w lemma="geta" type="sfg1fn">getum</w>
            <w lemma="ná" type="sþghen">náð</w>
            <w lemma="nógur" type="lheþsf">nógu</w>
            <w lemma="mikill" type="lheþsf">miklu</w>
            <w lemma="fylgi" type="nheþ">fylgi</w>
            <w lemma="til" type="af">til</w>
            <w lemma="það" type="fphee">þess</w>
            <w lemma="að" type="cn">að</w>
            <w lemma="hafa" type="sng">hafa</w>
            <w lemma="verulegur" type="lhfosf">veruleg</w>
            <w lemma="áhrif" type="nhfo">áhrif</w>
            <w lemma="og" type="c">og</w>
            <w lemma="breyta" type="sng">breyta</w>
            <w lemma="hlutur" type="nkfþg">hlutunum</w>
            <c type="pl">.</c>
          </s>
        </p>
        <p n="4">
          <s n="1">
            <w lemma="flokkur" type="nkeng">Flokkurinn</w>
            <w lemma="hafa" type="sfg3en">hefur</w>
            <w lemma="vera" type="sþghen">verið</w>
            <w lemma="á" type="af">á</w>
            <w lemma="uppleið" type="nveþ">uppleið</w>
            <w lemma="í" type="af">í</w>
            <w lemma="kanna" type="nvfþg">könnunum</w>
            <w lemma="frá" type="af">frá</w>
            <w lemma="það" type="fpheþ">því</w>
            <w lemma="Icesave" type="n----s">Icesave</w>
            <w lemma="dómur" type="nkeng">dómurinn</w>
            <w lemma="falla" type="sfg3eþ">féll</w>
            <c type="pl">.</c>
          </s>
        </p>
        <p n="5">
          <s n="1">
            <w lemma="Sigmundur" type="nken-s">Sigmundur</w>
            <w lemma="Davíð" type="nken-s">Davíð</w>
            <w lemma="Gunnlaugsson" type="nken-s">Gunnlaugsson</w>
            <c type="pa">:</c>
            <w lemma="ég" type="fp1en">Ég</w>
            <w lemma="halda" type="sfg1en">held</w>
            <w lemma="að" type="c">að</w>
            <w lemma="það" type="fphen">það</w>
            <w lemma="hafa" type="svg3en">hafi</w>
            <w lemma="líka" type="aa">líka</w>
            <w lemma="vera" type="sþghen">verið</w>
            <w lemma="vegna" type="af">vegna</w>
            <w lemma="það" type="fphee">þess</w>
            <w lemma="að" type="c">að</w>
            <w lemma="fólk" type="nhen">fólk</w>
            <w lemma="setja" type="sfg3eþ">setti</w>
            <w lemma="sá" type="faheo">það</w>
            <w lemma="mál" type="nheo">mál</w>
            <w lemma="í" type="af">í</w>
            <w lemma="samhengi" type="nheþ">samhengi</w>
            <w lemma="við" type="af">við</w>
            <w lemma="annar" type="fohfo">önnur</w>
            <w lemma="mál" type="nhfo">mál</w>
            <c type="pk">,</c>
            <w lemma="maður" type="nkfn">menn</w>
            <w lemma="gera" type="sfg3fn">gera</w>
            <w lemma="sig" type="fpkfþ">sér</w>
            <w lemma="grein" type="nveo">grein</w>
            <w lemma="fyrir" type="af">fyrir</w>
            <w lemma="að" type="c">að</w>
            <w lemma="það" type="fphen">það</w>
            <w lemma="vera" type="sfg3en">er</w>
            <w lemma="hægur" type="lhensf">hægt</w>
            <w lemma="að" type="cn">að</w>
            <w lemma="breyta" type="sng">breyta</w>
            <w lemma="hlutur" type="nkfþg">hlutunum</w>
            <w lemma="til" type="af">til</w>
            <w lemma="hinn" type="ghee">hins</w>
            <w lemma="góður" type="lheevm">betra</w>
            <w lemma="á" type="af">á</w>
            <w lemma="Ísland" type="nheþ-s">Íslandi</w>
            <w lemma="en" type="c">en</w>
            <w lemma="það" type="fphen">það</w>
            <w lemma="geta" type="sfg3en">getur</w>
            <w lemma="vera" type="sþghen">verið</w>
            <w lemma="erfiður" type="lhensf">erfitt</w>
            <w lemma="og" type="c">og</w>
            <w lemma="maður" type="nkfn">menn</w>
            <w lemma="munu" type="svg3fn">muni</w>
            <w lemma="mæta" type="lveþof">mæta</w>
            <w lemma="heilmikill" type="lveþsf">heilmikilli</w>
            <w lemma="mótstaða" type="nveþ">mótstöðu</w>
            <w lemma="og" type="c">og</w>
            <w lemma="vonandi" type="aa">vonandi</w>
            <w lemma="vera" type="sfg3en">er</w>
            <w lemma="fólk" type="nhen">fólk</w>
            <w lemma="búinn" type="lhensf">búið</w>
            <w lemma="að" type="cn">að</w>
            <w lemma="öðlast" type="snm">öðlast</w>
            <w lemma="sá" type="faveo">þá</w>
            <w lemma="trú" type="nveo">trú</w>
            <w lemma="á" type="af">á</w>
            <w lemma="ég" type="fp1fþ">okkur</w>
            <w lemma="að" type="c">að</w>
            <w lemma="ég" type="fp1fn">við</w>
            <w lemma="munu" type="sfg1fn">munum</w>
            <w lemma="fara" type="sng">fara</w>
            <w lemma="í" type="aa">í</w>
            <w lemma="gegnum" type="af">gegnum</w>
            <w lemma="slíkur" type="fbveo">slíka</w>
            <w lemma="mótstaða" type="nveo">mótstöðu</w>
            <c type="pk">,</c>
            <w lemma="munu" type="sfg1fn">munum</w>
            <w lemma="ekki" type="aa">ekki</w>
            <w lemma="hvika" type="sng">hvika</w>
            <w lemma="frá" type="af">frá</w>
            <w lemma="það" type="fpheþ">því</w>
            <w lemma="sem" type="ct">sem</w>
            <w lemma="að" type="c">að</w>
            <w lemma="ég" type="fp1fn">við</w>
            <w lemma="telja" type="sfg1fn">teljum</w>
            <w lemma="nauðsynlegur" type="lheosf">nauðsynlegt</w>
            <w lemma="að" type="cn">að</w>
            <w lemma="gera" type="sng">gera</w>
            <c type="pl">.</c>
          </s>
        </p>
        <p n="6">
          <s n="1">
            <w lemma="Illugi" type="nken-s">Illugi</w>
            <w lemma="Gunnarsson" type="nken-s">Gunnarsson</w>
            <c type="pk">,</c>
            <w lemma="þingflokksformaður" type="nken">þingflokksformaður</w>
            <w lemma="Sjálfstæðismaður" type="nkfe-s">Sjálfstæðismanna</w>
            <w lemma="segja" type="sfm3en">segist</w>
            <w lemma="viss" type="lkensf">viss</w>
            <w lemma="um" type="af">um</w>
            <w lemma="að" type="c">að</w>
            <w lemma="fylgi" type="nhen">fylgi</w>
            <w lemma="flokkur" type="nkeeg">flokksins</w>
            <w lemma="auka" type="svm3en">aukist</w>
            <w lemma="á" type="af">á</w>
            <w lemma="næstur" type="lvfþve">næstu</w>
            <w lemma="vika" type="nvfþ">vikum</w>
            <c type="pl">.</c>
          </s>
        </p>
        <p n="7">
          <s n="1">
            <w lemma="Illugi" type="nken-s">Illugi</w>
            <w lemma="Gunnarsson" type="nken-s">Gunnarsson</w>
            <c type="pk">,</c>
            <w lemma="þingflokksformaður" type="nken">þingflokksformaður</w>
            <w lemma="Sjálfstæðisflokkur" type="nkeegs">Sjálfstæðisflokksins</w>
            <c type="pa">:</c>
            <w lemma="ég" type="fp1en">Ég</w>
            <w lemma="vera" type="sfg1en">er</w>
            <w lemma="auðvitað" type="aa">auðvitað</w>
            <w lemma="enginn" type="fohen">ekkert</w>
            <w lemma="ánægður" type="lkensf">ánægður</w>
            <w lemma="með" type="af">með</w>
            <w lemma="það" type="fpheo">það</w>
            <w lemma="að" type="c">að</w>
            <w lemma="Sjálfstæðisflokkur" type="nkengs">Sjálfstæðisflokkurinn</w>
            <w lemma="skulu" type="svg3en">skuli</w>
            <w lemma="lækka" type="sng">lækka</w>
            <w lemma="í" type="af">í</w>
            <w lemma="fylgi" type="nheþ">fylgi</w>
            <w lemma="en" type="c">en</w>
            <w lemma="ég" type="fp1fn">við</w>
            <w lemma="hafa" type="sfg1fn">höfum</w>
            <w lemma="sjá" type="sþghen">séð</w>
            <w lemma="það" type="fpheo">það</w>
            <w lemma="að" type="c">að</w>
            <w lemma="allur" type="fohen">allt</w>
            <w lemma="frá" type="af">frá</w>
            <w lemma="það" type="fpheþ">því</w>
            <w lemma="að" type="c">að</w>
            <w lemma="Icesave" type="n----s">Icesave</w>
            <w lemma="dómur" type="nkeng">dómurinn</w>
            <w lemma="falla" type="sfg3eþ">féll</w>
            <w lemma="þá" type="aa">þá</w>
            <w lemma="hafa" type="sfg3en">hefur</w>
            <w lemma="koma" type="sþghen">komið</w>
            <w lemma="mikill" type="lhensf">mikið</w>
            <w lemma="rót" type="nven">rót</w>
            <w lemma="á" type="af">á</w>
            <w lemma="fylgi" type="nheþ">fylgi</w>
            <w lemma="flokkur" type="nkfeg">flokkanna</w>
            <c type="pk">,</c>
            <w lemma="Framsóknarflokkur" type="nkengs">Framsóknarflokkurinn</w>
            <w lemma="hafa" type="sfg3en">hefur</w>
            <w lemma="hækka" type="sþghen">hækkað</w>
            <w lemma="töluvert" type="aa">töluvert</w>
            <w lemma="og" type="c">og</w>
            <w lemma="ég" type="fp1en">ég</w>
            <w lemma="óska" type="sfg1en">óska</w>
            <w lemma="hann" type="fpkfþ">þeim</w>
            <w lemma="auðvitað" type="aa">auðvitað</w>
            <w lemma="bara" type="aa">bara</w>
            <w lemma="til" type="af">til</w>
            <w lemma="hamingja" type="nvee">hamingju</w>
            <w lemma="með" type="af">með</w>
            <w lemma="það" type="fpheo">það</w>
            <w lemma="en" type="c">en</w>
            <w lemma="um" type="af">um</w>
            <w lemma="leið" type="nveo">leið</w>
            <w lemma="vera" type="sfg1en">er</w>
            <w lemma="ég" type="fp1en">ég</w>
            <w lemma="líka" type="aa">líka</w>
            <w lemma="sannfærður" type="lkensf">sannfærður</w>
            <w lemma="um" type="af">um</w>
            <w lemma="það" type="fpheo">það</w>
            <w lemma="að" type="c">að</w>
            <w lemma="ég" type="fp1fn">við</w>
            <w lemma="eiga" type="svg1fn">eigum</w>
            <w lemma="heilmikill" type="lheosf">heilmikið</w>
            <w lemma="inni" type="aa">inni</w>
            <c type="pl">.</c>
          </s>
        </p>
        <p n="8">
          <s n="1">
            <w lemma="Guðmundur" type="nken-s">Guðmundur</w>
            <w lemma="Steingrímsson" type="nken-s">Steingrímsson</w>
            <c type="pk">,</c>
            <w lemma="Bjartri" type="nken-s">Bjartri</w>
            <w lemma="framtíð" type="nven">framtíð</w>
            <c type="pk">,</c>
            <w lemma="segja" type="sfg3en">segir</w>
            <w lemma="augljós" type="lheosf">augljóst</w>
            <w lemma="að" type="c">að</w>
            <w lemma="fylgi" type="nheng">fylgið</w>
            <w lemma="vera" type="svg3en">sé</w>
            <w lemma="á" type="af">á</w>
            <w lemma="fleygiferð" type="nveþ">fleygiferð</w>
            <c type="pl">.</c>
          </s>
        </p>
        <p n="9">
          <s n="1">
            <w lemma="Guðmundur" type="nken-s">Guðmundur</w>
            <w lemma="Steingrímsson" type="nken-s">Steingrímsson</w>
            <c type="pk">,</c>
            <w lemma="formaður" type="nken">formaður</w>
            <w lemma="Bjartur" type="nvee-s">Bjartrar</w>
            <w lemma="framtíð" type="nvee">framtíðar</w>
            <c type="pa">:</c>
            <w lemma="það" type="fphen">Það</w>
            <w lemma="sýna" type="sfg3en">sýnir</w>
            <w lemma="ég" type="fp1fþ">okkur</w>
            <w lemma="líka" type="aa">líka</w>
            <w lemma="að" type="c">að</w>
            <w lemma="ég" type="fp1fn">við</w>
            <w lemma="þurfa" type="sfg1fn">þurfum</w>
            <w lemma="náttúrulega" type="aa">náttúrulega</w>
            <w lemma="bara" type="aa">bara</w>
            <w lemma="að" type="cn">að</w>
            <w lemma="hafa" type="sng">hafa</w>
            <w lemma="fyrir" type="af">fyrir</w>
            <w lemma="hlutur" type="nkfþg">hlutunum</w>
            <w lemma="eins" type="aa">eins</w>
            <w lemma="og" type="c">og</w>
            <w lemma="annar" type="fokfn">aðrir</w>
            <w lemma="og" type="c">og</w>
            <w lemma="ég" type="fp1fn">við</w>
            <w lemma="vera" type="sfg1fn">erum</w>
            <w lemma="með" type="af">með</w>
            <w lemma="plan" type="nheo">plan</w>
            <w lemma="um" type="af">um</w>
            <w lemma="það" type="fpheo">það</w>
            <c type="pk">,</c>
            <w lemma="ég" type="fp1fn">við</w>
            <w lemma="ætla" type="sfg1fn">ætlum</w>
            <w lemma="að" type="cn">að</w>
            <w lemma="nota" type="sng">nota</w>
            <w lemma="þessi" type="fakfo">þessa</w>
            <w lemma="dagur" type="nkfo">daga</w>
            <w lemma="sem" type="ct">sem</w>
            <w lemma="vera" type="sfg3fn">eru</w>
            <w lemma="fram" type="aa">fram</w>
            <w lemma="að" type="af">að</w>
            <w lemma="kosning" type="nvfþ">kosningum</w>
            <c type="pk">,</c>
            <w lemma="þessi" type="favfo">þessar</w>
            <w lemma="vika" type="nvfn">vikur</w>
            <w lemma="til" type="af">til</w>
            <w lemma="það" type="fphee">þess</w>
            <w lemma="að" type="cn">að</w>
            <w lemma="sýna" type="sng">sýna</w>
            <w lemma="vel" type="aam">betur</w>
            <w lemma="um" type="aa">um</w>
            <w lemma="hver" type="fsheo">hvað</w>
            <w lemma="ég" type="fp1fn">við</w>
            <w lemma="snúa" type="sfg1fn">snúum</w>
            <w lemma="og" type="c">og</w>
            <w lemma="hver" type="fsheo">hvað</w>
            <w lemma="ég" type="fp1fn">við</w>
            <w lemma="standa" type="sfg1fn">stöndum</w>
            <w lemma="fyrir" type="aa">fyrir</w>
            <c type="pl">.</c>
          </s>
        </p>
        <p n="10">
          <s n="1">
            <w lemma="Katrín" type="nven-s">Katrín</w>
            <w lemma="Jakobsdóttir" type="nven-s">Jakobsdóttir</w>
            <c type="pk">,</c>
            <w lemma="nýkjörinn" type="lkensf">nýkjörinn</w>
            <w lemma="formaður" type="nken">formaður</w>
            <w lemma="vinstri" type="lkfevf">Vinstri</w>
            <w lemma="grænn" type="lkfesf">grænna</w>
            <c type="pk">,</c>
            <w lemma="segja" type="sfg3en">segir</w>
            <w lemma="niðurstaða" type="nveog">niðurstöðuna</w>
            <w lemma="vera" type="sng">vera</w>
            <w lemma="ánægjulegur" type="lhfosf">ánægjuleg</w>
            <w lemma="tíðindi" type="nhfo">tíðindi</w>
            <c type="pl">.</c>
          </s>
        </p>
        <p n="11">
          <s n="1">
            <w lemma="Katrín" type="nven-s">Katrín</w>
            <w lemma="Jakobsdóttir" type="nven-s">Jakobsdóttir</w>
            <c type="pk">,</c>
            <w lemma="formaður" type="nken">formaður</w>
            <w lemma="vinstri" type="lkfevf">Vinstri</w>
            <w lemma="grænn" type="lkfesf">grænna</w>
            <c type="pa">:</c>
            <w lemma="ég" type="fp1fn">Við</w>
            <w lemma="vera" type="sfg1fn">erum</w>
            <w lemma="auðvitað" type="aa">auðvitað</w>
            <w lemma="bara" type="aa">bara</w>
            <w lemma="svona" type="aa">svona</w>
            <w lemma="búinn" type="lhfnsf">búin</w>
            <w lemma="að" type="cn">að</w>
            <w lemma="vera" type="sng">vera</w>
            <w lemma="auðvitað" type="aa">auðvitað</w>
            <w lemma="núna" type="aa">núna</w>
            <c type="pk">,</c>
            <w lemma="mega" type="sfg3en">má</w>
            <w lemma="segja" type="sng">segja</w>
            <w lemma="kannski" type="aa">kannski</w>
            <w lemma="að" type="cn">að</w>
            <w lemma="safna" type="sng">safna</w>
            <w lemma="ég" type="fp1fþ">okkur</w>
            <w lemma="saman" type="aa">saman</w>
            <w lemma="fyrir" type="af">fyrir</w>
            <w lemma="kosningabarátta" type="nveþ">kosningabaráttu</w>
            <w lemma="og" type="c">og</w>
            <w lemma="halda" type="sfg1fþ">héldum</w>
            <w lemma="mjög" type="aa">mjög</w>
            <w lemma="góður" type="lkeosf">góðan</w>
            <w lemma="landsfundur" type="nkeo">landsfund</w>
            <w lemma="sem" type="ct">sem</w>
            <w lemma="vera" type="sfg3eþ">var</w>
            <w lemma="svona" type="aa">svona</w>
            <w lemma="einkennandi" type="lvenof">einkennandi</w>
            <w lemma="fullur" type="lvensf">full</w>
            <w lemma="af" type="af">af</w>
            <w lemma="bjartsýni" type="nveþ">bjartsýni</w>
            <w lemma="síðari" type="lveeve">síðustu</w>
            <w lemma="helgi" type="nveþ">helgi</w>
            <w lemma="þannig" type="aa">þannig</w>
            <w lemma="að" type="c">að</w>
            <w lemma="ætla" type="svg3en">ætli</w>
            <w lemma="það" type="fphen">það</w>
            <w lemma="vera" type="svg3en">sé</w>
            <w lemma="ekki" type="aa">ekki</w>
            <w lemma="bara" type="aa">bara</w>
            <w lemma="svona" type="aa">svona</w>
            <w lemma="að" type="cn">að</w>
            <w lemma="skila" type="sng">skila</w>
            <w lemma="sig" type="fpheþ">sér</w>
            <w lemma="út" type="aa">út</w>
            <w lemma="ég" type="fp1fe">okkar</w>
            <w lemma="málflutningur" type="nken">málflutningur</w>
            <w lemma="sem" type="ct">sem</w>
            <w lemma="ég" type="fp1en">ég</w>
            <w lemma="halda" type="sfg1en">held</w>
            <w lemma="nú" type="aa">nú</w>
            <w lemma="að" type="c">að</w>
            <w lemma="einkenna" type="svm3en">einkennist</w>
            <w lemma="af" type="af">af</w>
            <w lemma="ábyrgð" type="nveþ">ábyrgð</w>
            <w lemma="og" type="c">og</w>
            <w lemma="vera" type="sng">vera</w>
            <w lemma="ekki" type="aa">ekki</w>
            <w lemma="að" type="cn">að</w>
            <w lemma="grípa" type="sng">grípa</w>
            <w lemma="út" type="aa">út</w>
            <w lemma="einhver" type="foveo">einhverja</w>
            <w lemma="kosningatékki" type="nkfo">kosningatékka</w>
            <w lemma="þannig" type="aa">þannig</w>
            <w lemma="að" type="c">að</w>
            <w lemma="ég" type="fp1en">ég</w>
            <w lemma="vona" type="sfg1en">vona</w>
            <w lemma="bara" type="aa">bara</w>
            <w lemma="að" type="c">að</w>
            <w lemma="sá" type="faken">sá</w>
            <w lemma="málflutningur" type="nken">málflutningur</w>
            <w lemma="vera" type="svg3en">sé</w>
            <w lemma="byrja" type="sþgken">byrjaður</w>
            <w lemma="að" type="cn">að</w>
            <w lemma="skila" type="sng">skila</w>
            <w lemma="sig" type="fpkeþ">sér</w>
            <c type="pl">.</c>
          </s>
        </p>
        <p n="12">
          <s n="1">
            <w lemma="hvorki" type="c">Hvorki</w>
            <w lemma="ná" type="sfm3eþ">náðist</w>
            <w lemma="í" type="af">í</w>
            <w lemma="það" type="fphfo">þau</w>
            <w lemma="Árni" type="nkeo-s">Árna</w>
            <w lemma="Páll" type="nkeo-s">Pál</w>
            <w lemma="Árnason" type="nkeo-s">Árnason</w>
            <c type="pk">,</c>
            <w lemma="formaður" type="nkeo">formann</w>
            <w lemma="Samfylking" type="nvee-s">Samfylkingar</w>
            <c type="pk">,</c>
            <w lemma="né" type="c">né</w>
            <w lemma="Katrín" type="nveo-s">Katrínu</w>
            <w lemma="Júlíusdóttir" type="nveo-s">Júlíusdóttur</w>
            <c type="pk">,</c>
            <w lemma="varaformaður" type="nkeo">varaformann</w>
            <c type="pk">,</c>
            <w lemma="og" type="c">og</w>
            <w lemma="Oddný" type="nven-s">Oddný</w>
            <w lemma="Harðardóttir" type="nven-s">Harðardóttir</w>
            <c type="pk">,</c>
            <w lemma="þingflokksformaður" type="nken">þingflokksformaður</w>
            <c type="pk">,</c>
            <w lemma="vilja" type="sfg3eþ">vildi</w>
            <w lemma="ekki" type="aa">ekki</w>
            <w lemma="tjá" type="sng">tjá</w>
            <w lemma="sig" type="fpkeo">sig</w>
            <c type="pl">.</c>
          </s>
        </p>
      </div1>
    </body>
  </text>
</TEI>
