<?xml version="1.0" encoding="utf-8"?>
<TEI xmlns="http://www.tei-c.org/ns/1.0">
  <teiHeader>
    <fileDesc>
      <titleStmt>
        <title>
          <title type="main">Umferð á Keflavíkurflugvelli í júní</title>
        </title>
        <respStmt>
          <resp xml:lang="is">Söfnun og úrvinnsla texta</resp>
          <resp xml:lang="en">Collection and processing of text</resp>
          <name xml:lang="is">Stofnun Árna Magnússonar í íslenskum fræðum</name>
          <name xml:lang="en">The Arni Magnusson Institute for Icelandic Studies</name>
        </respStmt>
      </titleStmt>
      <editionStmt>
        <p xml:lang="is">Íslensk risamálheild (2019)</p>
        <p xml:lang="en">Tagged Icelandic Gigaword Corpus (2019)</p>
      </editionStmt>
      <publicationStmt>
        <distributor xml:lang="is">Stofnun Árna Magnússonar í íslenskum fræðum</distributor>
        <distributor xml:lang="en">The Arni Magnusson Institute for Icelandic Studies</distributor>
        <address>
          <addrLine xml:lang="is">Árnagarður við Suðurgötu, 107 Reykjavík, Íslandi</addrLine>
          <addrLine xml:lang="en">Árnagarður Suðurgata, 107 Reykjavik, Iceland</addrLine>
          <addrLine>
            <email>arnastofnun@arnastofnun.is</email>
          </addrLine>
        </address>
        <idno type="risam">G-25-2543178</idno>
        <availability>
          <p xml:lang="is">Þessi texti er til notkunar í málrannsóknum og máltækniverkefnum um allan heim með sérstöku leyfi, sjá rmh2Hdr.xml</p>
          <p xml:lang="en">This text is available for use in language research and language technology projects world wide with a special license, see rmh2Hdr.xml</p>
        </availability>
        <date>2020-05-26</date>
      </publicationStmt>
      <sourceDesc>
        <biblStruct>
          <analytic>
            <title>
              <title type="main">Umferð á Keflavíkurflugvelli í júní</title>
            </title>
            <date when="2013-03-15T08:00:00">15.03 2013 kl. 08:00:00</date>
          </analytic>
          <monogr>
            <title>Bylgjan</title>
            <imprint>
              <publisher>365 miðlar hf.</publisher>
              <pubPlace>Reykjavík</pubPlace>
            </imprint>
          </monogr>
        </biblStruct>
      </sourceDesc>
    </fileDesc>
    <encodingDesc>
      <projectDesc>
        <p xml:lang="is">Sjá lýsingu á verkefninu í rmh2Hdr.xml.</p>
        <p xml:lang="en">See description of project in rmh2Hdr.xml.</p>
      </projectDesc>
      <tagsDecl>
        <namespace name="http://www.tei-c.org/ns/1.0">
          <tagUsage gi="text" occurs="1"/>
          <tagUsage gi="body" occurs="1"/>
          <tagUsage gi="div1" occurs="1"/>
          <tagUsage gi="p" occurs="1"/>
          <tagUsage gi="s" occurs="5"/>
          <tagUsage gi="w" occurs="84"/>
          <tagUsage gi="c" occurs="5"/>
        </namespace>
      </tagsDecl>
    </encodingDesc>
    <profileDesc>
     <textClass>
      <keywords scheme="#RMH">
       <list>
        <item>Frétt – almennt</item>
       </list>
      </keywords>
     </textClass>
    </profileDesc>
  </teiHeader>
  <text>
    <body>
      <div1>
        <p n="1">
          <s n="1">
            <w lemma="fjörtía" type="nveo">Fjörtíu</w>
            <w lemma="og" type="c">og</w>
            <w lemma="sjö" type="tfvfn">sjö</w>
            <w lemma="farþegaþota" type="nvfn">farþegaþotur</w>
            <w lemma="munu" type="sfg3fn">munu</w>
            <w lemma="fara" type="sng">fara</w>
            <w lemma="frá" type="af">frá</w>
            <w lemma="Keflavíkurflugvöllur" type="nkeþ-s">Keflavíkurflugvelli</w>
            <w lemma="á" type="af">á</w>
            <w lemma="hver" type="fokeþ">hverjum</w>
            <w lemma="sólarhringur" type="nkeþ">sólarhring</w>
            <w lemma="í" type="af">í</w>
            <w lemma="júní" type="nkeþ">júní</w>
            <w lemma="eða" type="c">eða</w>
            <w lemma="326" type="ta">326</w>
            <w lemma="á" type="af">á</w>
            <w lemma="vika" type="nveþ">viku</w>
            <w lemma="samkvæmt" type="aa">samkvæmt</w>
            <w lemma="samkvæmt" type="af">samkvæmt</w>
            <w lemma="samantekt" type="nveþ">samantekt</w>
            <w lemma="Túristi" type="nkfe-s">Túrista</w>
            <c type="pl">.</c>
          </s>
          <s n="2">
            <w lemma="þessi" type="fahen">Þetta</w>
            <w lemma="vera" type="sfg3fn">eru</w>
            <w lemma="margur" type="lvfnvm">fleiri</w>
            <w lemma="brottför" type="nvfn">brottfarir</w>
            <w lemma="en" type="c">en</w>
            <w lemma="nokkur" type="foheþ">nokkru</w>
            <w lemma="sinn" type="nheþ">sinni</w>
            <w lemma="snemma" type="aam">fyrr</w>
            <c type="pl">.</c>
          </s>
          <s n="3">
            <w lemma="tveir" type="tfhfn">Tvö</w>
            <w lemma="nýr" type="lhfnsf">ný</w>
            <w lemma="félag" type="nhfn">félög</w>
            <w lemma="bæta" type="sfm3fn">bætast</w>
            <w lemma="í" type="af">í</w>
            <w lemma="hópur" type="nkeo">hóp</w>
            <w lemma="félag" type="nhfe">félaga</w>
            <w lemma="sem" type="ct">sem</w>
            <w lemma="þegar" type="aa">þegar</w>
            <w lemma="hafa" type="sfg3fn">hafa</w>
            <w lemma="fljúga" type="sþghen">flogið</w>
            <w lemma="hingað" type="aa">hingað</w>
            <c type="pl">.</c>
          </s>
          <s n="4">
            <w lemma="það" type="fphen">Það</w>
            <w lemma="vera" type="sfg3fn">eru</w>
            <w lemma="flugfélag" type="nhfng">flugfélögin</w>
            <w lemma="Vueling" type="n-en-s">Vueling</w>
            <w lemma="sem" type="ct">sem</w>
            <w lemma="ætla" type="sfg3en">ætlar</w>
            <w lemma="að" type="cn">að</w>
            <w lemma="fljúga" type="sng">fljúga</w>
            <w lemma="til" type="af">til</w>
            <w lemma="Barcelona" type="n----s">Barcelona</w>
            <w lemma="og" type="c">og</w>
            <w lemma="Thomas" type="n----s">Thomas</w>
            <w lemma="Cook" type="n----s">Cook</w>
            <w lemma="sem" type="ct">sem</w>
            <w lemma="fljúga" type="sfg3en">flýgur</w>
            <w lemma="til" type="af">til</w>
            <w lemma="Brussel" type="n----s">Brussel</w>
            <c type="pl">.</c>
          </s>
          <s n="5">
            <w lemma="Icelandair" type="n----s">Icelandair</w>
            <w lemma="vera" type="sfg3en">er</w>
            <w lemma="langumsvifamikill" type="lhenve">langumsvifamesta</w>
            <w lemma="félag" type="nheng">félagið</w>
            <w lemma="af" type="af">af</w>
            <w lemma="sá" type="fahfþ">þeim</w>
            <w lemma="12" type="ta">12</w>
            <w lemma="félag" type="nhfþ">félögum</w>
            <w lemma="sem" type="ct">sem</w>
            <w lemma="fljúga" type="sfg3fn">fljúga</w>
            <w lemma="hingað" type="aa">hingað</w>
            <w lemma="í" type="af">í</w>
            <w lemma="sumar" type="nheo">sumar</w>
            <w lemma="en" type="c">en</w>
            <w lemma="það" type="fphen">það</w>
            <w lemma="fljúga" type="sfg3en">flýgur</w>
            <w lemma="u.þ.b." type="ks">u.þ.b.</w>
            <w lemma="tveir" type="tfvfo">tvær</w>
            <w lemma="af" type="af">af</w>
            <w lemma="hver" type="fovfþ">hverjum</w>
            <w lemma="þrír" type="tfvfþ">þremur</w>
            <w lemma="ferð" type="nvfþ">ferðum</w>
            <w lemma="allur" type="fokfe">allra</w>
            <w lemma="félag" type="nhfe">félaga</w>
            <w lemma="í" type="af">í</w>
            <w lemma="júní" type="nkeþ">júní</w>
            <c type="pl">.</c>
          </s>
        </p>
      </div1>
    </body>
  </text>
</TEI>
