<?xml version="1.0" encoding="utf-8"?>
<TEI xmlns="http://www.tei-c.org/ns/1.0">
  <teiHeader>
    <fileDesc>
      <titleStmt>
        <title>
          <title type="main">Flugvöllur yrði ónothæfur í rúmlega 28 daga á ári</title>
        </title>
        <respStmt>
          <resp xml:lang="is">Söfnun og úrvinnsla texta</resp>
          <resp xml:lang="en">Collection and processing of text</resp>
          <name xml:lang="is">Stofnun Árna Magnússonar í íslenskum fræðum</name>
          <name xml:lang="en">The Arni Magnusson Institute for Icelandic Studies</name>
        </respStmt>
      </titleStmt>
      <editionStmt>
        <p xml:lang="is">Íslensk risamálheild (2019)</p>
        <p xml:lang="en">Tagged Icelandic Gigaword Corpus (2019)</p>
      </editionStmt>
      <publicationStmt>
        <distributor xml:lang="is">Stofnun Árna Magnússonar í íslenskum fræðum</distributor>
        <distributor xml:lang="en">The Arni Magnusson Institute for Icelandic Studies</distributor>
        <address>
          <addrLine xml:lang="is">Árnagarður við Suðurgötu, 107 Reykjavík, Íslandi</addrLine>
          <addrLine xml:lang="en">Árnagarður Suðurgata, 107 Reykjavik, Iceland</addrLine>
          <addrLine>
            <email>arnastofnun@arnastofnun.is</email>
          </addrLine>
        </address>
        <idno type="risam">G-25-2546401</idno>
        <availability>
          <p xml:lang="is">Þessi texti er til notkunar í málrannsóknum og máltækniverkefnum um allan heim með sérstöku leyfi, sjá rmh2Hdr.xml</p>
          <p xml:lang="en">This text is available for use in language research and language technology projects world wide with a special license, see rmh2Hdr.xml</p>
        </availability>
        <date>2020-05-26</date>
      </publicationStmt>
      <sourceDesc>
        <biblStruct>
          <analytic>
            <title>
              <title type="main">Flugvöllur yrði ónothæfur í rúmlega 28 daga á ári</title>
            </title>
            <date when="2013-03-21T12:00:00">21.03 2013 kl. 12:00:00</date>
          </analytic>
          <monogr>
            <title>Bylgjan</title>
            <imprint>
              <publisher>365 miðlar hf.</publisher>
              <pubPlace>Reykjavík</pubPlace>
            </imprint>
          </monogr>
        </biblStruct>
      </sourceDesc>
    </fileDesc>
    <encodingDesc>
      <projectDesc>
        <p xml:lang="is">Sjá lýsingu á verkefninu í rmh2Hdr.xml.</p>
        <p xml:lang="en">See description of project in rmh2Hdr.xml.</p>
      </projectDesc>
      <tagsDecl>
        <namespace name="http://www.tei-c.org/ns/1.0">
          <tagUsage gi="text" occurs="1"/>
          <tagUsage gi="body" occurs="1"/>
          <tagUsage gi="div1" occurs="1"/>
          <tagUsage gi="p" occurs="2"/>
          <tagUsage gi="s" occurs="8"/>
          <tagUsage gi="w" occurs="182"/>
          <tagUsage gi="c" occurs="9"/>
        </namespace>
      </tagsDecl>
    </encodingDesc>
    <profileDesc>
     <textClass>
      <keywords scheme="#RMH">
       <list>
        <item>Frétt – almennt</item>
       </list>
      </keywords>
     </textClass>
    </profileDesc>
  </teiHeader>
  <text>
    <body>
      <div1>
        <p n="1">
          <s n="1">
            <w lemma="flugvöllur" type="nken">Flugvöllur</w>
            <w lemma="á" type="af">á</w>
            <w lemma="Hólmsheiði" type="nveþ-s">Hólmsheiði</w>
            <w lemma="verða" type="svg3eþ">yrði</w>
            <w lemma="ónothæfur" type="lkensf">ónothæfur</w>
            <w lemma="í" type="af">í</w>
            <w lemma="rúmlega" type="aa">rúmlega</w>
            <w lemma="28" type="ta">28</w>
            <w lemma="dagur" type="nkfo">daga</w>
            <w lemma="á" type="af">á</w>
            <w lemma="ár" type="nheþ">ári</w>
            <c type="pk">,</c>
            <w lemma="það" type="fphen">það</w>
            <w lemma="jafna" type="sfm3en">jafnast</w>
            <w lemma="á" type="aa">á</w>
            <w lemma="við" type="af">við</w>
            <w lemma="að" type="c">að</w>
            <w lemma="allur" type="fohen">allt</w>
            <w lemma="innanlandsflugi" type="nhen">innanlandsflugi</w>
            <w lemma="liggja" type="svg3eþ">lægi</w>
            <w lemma="niðri" type="aa">niðri</w>
            <w lemma="í" type="af">í</w>
            <w lemma="nærri" type="aa">nærri</w>
            <w lemma="heill" type="lkeosf">heilan</w>
            <w lemma="mánuður" type="nkeo">mánuð</w>
            <w lemma="á" type="af">á</w>
            <w lemma="hver" type="foheþ">hverju</w>
            <w lemma="ár" type="nheþ">ári</w>
            <c type="pl">.</c>
          </s>
        </p>
        <p n="2">
          <s n="1">
            <w lemma="þessi" type="fahen">Þetta</w>
            <w lemma="vera" type="sfg3fn">eru</w>
            <w lemma="niðurstaða" type="nvfn">niðurstöður</w>
            <w lemma="útreikningur" type="nkfe">útreikninga</w>
            <w lemma="Veðurstofa" type="nveegs">Veðurstofunnar</w>
            <w lemma="sem" type="ct">sem</w>
            <w lemma="að" type="c">að</w>
            <w lemma="beiðni" type="nven">beiðni</w>
            <w lemma="Isavii" type="nkee-s">Isavia</w>
            <w lemma="reikna" type="sfg3eþ">reiknaði</w>
            <w lemma="út" type="aa">út</w>
            <w lemma="svokallaður" type="lkeosf">svokallaðan</w>
            <w lemma="nothæfisstuðull" type="nkeo">nothæfisstuðul</w>
            <w lemma="fyrir" type="af">fyrir</w>
            <w lemma="flugvöllur" type="nkeo">flugvöll</w>
            <w lemma="á" type="af">á</w>
            <w lemma="Hólmsheiði" type="nveþ-s">Hólmsheiði</w>
            <c type="pl">.</c>
          </s>
          <s n="2">
            <w lemma="reikningur" type="nkfng">Reikningarnir</w>
            <w lemma="byggja" type="sfg3fn">byggja</w>
            <w lemma="á" type="af">á</w>
            <w lemma="rannsókn" type="nvfþ">rannsóknum</w>
            <w lemma="sem" type="ct">sem</w>
            <w lemma="gera" type="sþgvfn">gerðar</w>
            <w lemma="hafa" type="sfg3fn">hafa</w>
            <w lemma="vera" type="sþghen">verið</w>
            <w lemma="í" type="af">í</w>
            <w lemma="tengsl" type="nhfþ">tengslum</w>
            <w lemma="við" type="af">við</w>
            <w lemma="hugmynd" type="nveo">hugmynd</w>
            <w lemma="um" type="af">um</w>
            <w lemma="að" type="cn">að</w>
            <w lemma="flytja" type="sng">flytja</w>
            <w lemma="miðstöð" type="nveo">miðstöð</w>
            <w lemma="innanlandsflug" type="nhee">innanlandsflugs</w>
            <w lemma="úr" type="af">úr</w>
            <w lemma="Vatnsmýrin" type="nveþgs">Vatnsmýrinni</w>
            <w lemma="og" type="c">og</w>
            <w lemma="upp" type="aa">upp</w>
            <w lemma="á" type="af">á</w>
            <w lemma="Hólmsheiði" type="nveo-s">Hólmsheiði</w>
            <c type="pl">.</c>
          </s>
          <s n="3">
            <w lemma="niðurstaða" type="nvfn">Niðurstöður</w>
            <w lemma="Veðurstofa" type="nveegs">Veðurstofunnar</w>
            <w lemma="vera" type="sfg3fn">eru</w>
            <w lemma="hún" type="fpvfn">þær</w>
            <w lemma="að" type="c">að</w>
            <w lemma="nothæfisstuðull" type="nken">nothæfisstuðull</w>
            <w lemma="flugvöllur" type="nkee">flugvallar</w>
            <w lemma="á" type="af">á</w>
            <w lemma="Hólmsheiði" type="nveþ-s">Hólmsheiði</w>
            <w lemma="vera" type="sfg3en">er</w>
            <w lemma="92,8%" type="tp">92,8%</w>
            <w lemma="en" type="c">en</w>
            <w lemma="til" type="af">til</w>
            <w lemma="samanburður" type="nkee">samanburðar</w>
            <w lemma="mega" type="sfg3en">má</w>
            <w lemma="nefna" type="sng">nefna</w>
            <w lemma="að" type="c">að</w>
            <w lemma="Alþjóðaflugmálastofnunin" type="nvengs">Alþjóðaflugmálastofnunin</w>
            <w lemma="gera" type="sfg3en">gerir</w>
            <w lemma="krafa" type="nveo">kröfu</w>
            <w lemma="um" type="af">um</w>
            <w lemma="að" type="c">að</w>
            <w lemma="nothæfisstuðull" type="nhen">nothæfisstuðull</w>
            <w lemma="vera" type="svg3en">sé</w>
            <w lemma="að" type="af">að</w>
            <w lemma="lítill" type="lkeþve">minnsta</w>
            <w lemma="kostur" type="nkeþ">kosti</w>
            <w lemma="95%" type="tp">95%</w>
            <w lemma="vegna" type="af">vegna</w>
            <w lemma="hönnun" type="nvee">hönnunar</w>
            <w lemma="á" type="af">á</w>
            <w lemma="áætlunarflugvall" type="nhfþ">áætlunarflugvöllum</w>
            <c type="pl">.</c>
          </s>
          <s n="4">
            <w lemma="nothæfisstuðull" type="nken">Nothæfisstuðull</w>
            <w lemma="upp" type="aa">upp</w>
            <w lemma="á" type="af">á</w>
            <w lemma="tæpur" type="lhfosf">tæp</w>
            <w lemma="93%" type="tp">93%</w>
            <w lemma="þýða" type="sfg3en">þýðir</w>
            <w lemma="á" type="af">á</w>
            <w lemma="mannamál" type="nheþ">mannamáli</w>
            <w lemma="að" type="c">að</w>
            <w lemma="flugvöllur" type="nkeng">flugvöllurinn</w>
            <w lemma="geta" type="svg3eþ">gæti</w>
            <w lemma="vera" type="sþghen">verið</w>
            <w lemma="ónothæfur" type="lkensf">ónothæfur</w>
            <w lemma="vegna" type="af">vegna</w>
            <w lemma="veður" type="nhee">veðurs</w>
            <w lemma="í" type="af">í</w>
            <w lemma="rúmlega" type="aa">rúmlega</w>
            <w lemma="28" type="ta">28</w>
            <w lemma="dagur" type="nkfo">daga</w>
            <w lemma="á" type="af">á</w>
            <w lemma="ár" type="nheþ">ári</w>
            <w lemma="að" type="af">að</w>
            <w lemma="jafnaður" type="nkeþ">jafnaði</w>
            <w lemma="vegna" type="af">vegna</w>
            <w lemma="veður" type="nhee">veðurs</w>
            <w lemma="í" type="af">í</w>
            <w lemma="staður" type="nkeþ">stað</w>
            <w lemma="einn" type="tfkee">eins</w>
            <w lemma="til" type="af">til</w>
            <w lemma="tveir" type="tfkfe">tveggja</w>
            <w lemma="dagur" type="nkfe">daga</w>
            <w lemma="á" type="af">á</w>
            <w lemma="Reykjavíkurflugvöllur" type="nkeþ-s">Reykjavíkurflugvelli</w>
            <c type="pl">.</c>
          </s>
          <s n="5">
            <w lemma="það" type="fphen">Það</w>
            <w lemma="jafna" type="sfm3en">jafnast</w>
            <w lemma="á" type="aa">á</w>
            <w lemma="við" type="af">við</w>
            <w lemma="að" type="c">að</w>
            <w lemma="allur" type="fohen">allt</w>
            <w lemma="innanlandsflug" type="nhen">innanlandsflug</w>
            <w lemma="liggja" type="svg3eþ">lægi</w>
            <w lemma="niðri" type="aa">niðri</w>
            <w lemma="í" type="af">í</w>
            <w lemma="nærri" type="aa">nærri</w>
            <w lemma="heill" type="lkeosf">heilan</w>
            <w lemma="mánuður" type="nkeo">mánuð</w>
            <c type="pl">.</c>
          </s>
          <s n="6">
            <w lemma="við" type="af">Við</w>
            <w lemma="það" type="fpheo">það</w>
            <w lemma="munu" type="svg3eþ">myndi</w>
            <w lemma="svo" type="aa">svo</w>
            <w lemma="væntanlega" type="aa">væntanlega</w>
            <w lemma="bæta" type="sfm3fn">bætast</w>
            <w lemma="dagur" type="nkfn">dagar</w>
            <w lemma="þar" type="aa">þar</w>
            <w lemma="sem" type="c">sem</w>
            <w lemma="flug" type="nhen">flug</w>
            <w lemma="vera" type="sfg3en">er</w>
            <w lemma="ófær" type="lhensf">ófært</w>
            <w lemma="á" type="af">á</w>
            <w lemma="annar" type="fokfþ">öðrum</w>
            <w lemma="staður" type="nkfþ">stöðum</w>
            <w lemma="svo" type="aa">svo</w>
            <w lemma="sem" type="c">sem</w>
            <w lemma="á" type="af">á</w>
            <w lemma="Ísafjörður" type="nkeþ-s">Ísafirði</w>
            <w lemma="eða" type="c">eða</w>
            <w lemma="Vestmannaeyjar" type="nvfþ-s">Vestmannaeyjum</w>
            <c type="pl">.</c>
          </s>
          <s n="7">
            <w lemma="náið" type="aam">Nánar</w>
            <w lemma="verða" type="sfg3en">verður</w>
            <w lemma="fjalla" type="sþghen">fjallað</w>
            <w lemma="um" type="af">um</w>
            <w lemma="þessi" type="faveo">þessa</w>
            <w lemma="skýrsla" type="nveo">skýrslu</w>
            <w lemma="Veðurstofa" type="nveegs">Veðurstofunnar</w>
            <w lemma="sem" type="ct">sem</w>
            <w lemma="verða" type="sfg3en">verður</w>
            <w lemma="birta" type="sþgven">birt</w>
            <w lemma="síðar" type="aam">síðar</w>
            <w lemma="í" type="af">í</w>
            <w lemma="dagur" type="nkeo">dag</w>
            <w lemma="inni" type="aa">inni</w>
            <w lemma="á" type="af">á</w>
            <w lemma="vísir.is" type="v">Vísir.is</w>
            <c type="pl">.</c>
          </s>
        </p>
      </div1>
    </body>
  </text>
</TEI>
