<?xml version="1.0" encoding="utf-8"?>
<TEI xmlns="http://www.tei-c.org/ns/1.0">
  <teiHeader>
    <fileDesc>
      <titleStmt>
        <title>
          <title type="main">Áskorun </title>
        </title>
        <respStmt>
          <resp xml:lang="is">Söfnun og úrvinnsla texta</resp>
          <resp xml:lang="en">Collection and processing of text</resp>
          <name xml:lang="is">Stofnun Árna Magnússonar í íslenskum fræðum</name>
          <name xml:lang="en">The Arni Magnusson Institute for Icelandic Studies</name>
        </respStmt>
      </titleStmt>
      <editionStmt>
        <p xml:lang="is">Íslensk risamálheild (2019)</p>
        <p xml:lang="en">Tagged Icelandic Gigaword Corpus (2019)</p>
      </editionStmt>
      <publicationStmt>
        <distributor xml:lang="is">Stofnun Árna Magnússonar í íslenskum fræðum</distributor>
        <distributor xml:lang="en">The Arni Magnusson Institute for Icelandic Studies</distributor>
        <address>
          <addrLine xml:lang="is">Árnagarður við Suðurgötu, 107 Reykjavík, Íslandi</addrLine>
          <addrLine xml:lang="en">Árnagarður Suðurgata, 107 Reykjavik, Iceland</addrLine>
          <addrLine>
            <email>arnastofnun@arnastofnun.is</email>
          </addrLine>
        </address>
        <idno type="risam">G-25-2503736</idno>
        <availability>
          <p xml:lang="is">Þessi texti er til notkunar í málrannsóknum og máltækniverkefnum um allan heim með sérstöku leyfi, sjá rmh2Hdr.xml</p>
          <p xml:lang="en">This text is available for use in language research and language technology projects world wide with a special license, see rmh2Hdr.xml</p>
        </availability>
        <date>2020-05-26</date>
      </publicationStmt>
      <sourceDesc>
        <biblStruct>
          <analytic>
            <title>
              <title type="main">Áskorun </title>
            </title>
            <date when="2013-03-11T08:00:00">11.03 2013 kl. 08:00:00</date>
          </analytic>
          <monogr>
            <title>Bylgjan</title>
            <imprint>
              <publisher>365 miðlar hf.</publisher>
              <pubPlace>Reykjavík</pubPlace>
            </imprint>
          </monogr>
        </biblStruct>
      </sourceDesc>
    </fileDesc>
    <encodingDesc>
      <projectDesc>
        <p xml:lang="is">Sjá lýsingu á verkefninu í rmh2Hdr.xml.</p>
        <p xml:lang="en">See description of project in rmh2Hdr.xml.</p>
      </projectDesc>
      <tagsDecl>
        <namespace name="http://www.tei-c.org/ns/1.0">
          <tagUsage gi="text" occurs="1"/>
          <tagUsage gi="body" occurs="1"/>
          <tagUsage gi="div1" occurs="1"/>
          <tagUsage gi="p" occurs="1"/>
          <tagUsage gi="s" occurs="2"/>
          <tagUsage gi="w" occurs="53"/>
          <tagUsage gi="c" occurs="2"/>
        </namespace>
      </tagsDecl>
    </encodingDesc>
    <profileDesc>
     <textClass>
      <keywords scheme="#RMH">
       <list>
        <item>Frétt – almennt</item>
       </list>
      </keywords>
     </textClass>
    </profileDesc>
  </teiHeader>
  <text>
    <body>
      <div1>
        <p n="1">
          <s n="1">
            <w lemma="stjórn" type="nven">Stjórn</w>
            <w lemma="Samtök" type="nhfegs">Samtakanna</w>
            <w lemma="Landsbyggð" type="nvengs">Landsbyggðin</w>
            <w lemma="lifa" type="svg3en">lifi</w>
            <w lemma="skor" type="nvee">skorar</w>
            <w lemma="á" type="af">á</w>
            <w lemma="Aþing" type="nheþ-s">Aþingi</w>
            <w lemma="og" type="c">og</w>
            <w lemma="ríkisstjórn" type="nveþ">ríkisstjórn</w>
            <w lemma="að" type="cn">að</w>
            <w lemma="sjá" type="sng">sjá</w>
            <w lemma="til" type="af">til</w>
            <w lemma="það" type="fphee">þess</w>
            <w lemma="að" type="c">að</w>
            <w lemma="vilja" type="svg3en">vilji</w>
            <w lemma="þjóð" type="nveeg">þjóðarinnar</w>
            <w lemma="verða" type="svg3en">verði</w>
            <w lemma="virða" type="sþgken">virtur</w>
            <w lemma="og" type="c">og</w>
            <w lemma="að" type="c">að</w>
            <w lemma="hún" type="fpven">hún</w>
            <w lemma="fá" type="svg3en">fái</w>
            <w lemma="tækifæri" type="nheo">tækifæri</w>
            <w lemma="til" type="af">til</w>
            <w lemma="að" type="cn">að</w>
            <w lemma="samþykkja" type="sng">samþykkja</w>
            <w lemma="eða" type="c">eða</w>
            <w lemma="hafna" type="sng">hafna</w>
            <w lemma="frumvarp" type="nheþ">frumvarpi</w>
            <w lemma="stjórnlagaráð" type="nhee">stjórnlagaráðs</w>
            <w lemma="við" type="af">við</w>
            <w lemma="næstur" type="lvfove">næstu</w>
            <w lemma="alþingiskosning" type="nvfo">alþingiskosningar</w>
            <c type="pl">.</c>
          </s>
          <s n="2">
            <w lemma="annar" type="fohen">Annað</w>
            <w lemma="vera" type="svg3en">sé</w>
            <w lemma="Alþingi" type="nhen-s">Alþingi</w>
            <w lemma="ekki" type="aa">ekki</w>
            <w lemma="samboðinn" type="lhensf">samboðið</w>
            <w lemma="enda" type="c">enda</w>
            <w lemma="eiga" type="svg3en">eigi</w>
            <w lemma="þessi" type="fahen">þetta</w>
            <w lemma="mál" type="nhen">mál</w>
            <w lemma="ekki" type="aa">ekki</w>
            <w lemma="að" type="cn">að</w>
            <w lemma="vera" type="sng">vera</w>
            <w lemma="bitbein" type="nhen">bitbein</w>
            <w lemma="stjórn" type="nvee">stjórnar</w>
            <w lemma="og" type="c">og</w>
            <w lemma="stjórnarandstaða" type="nvee">stjórnarandstöðu</w>
            <w lemma="segja" type="sfg3en">segir</w>
            <w lemma="í" type="af">í</w>
            <w lemma="ályktun" type="nveþ">ályktun</w>
            <w lemma="stjórn" type="nveeg">stjórnarinnar</w>
            <c type="pl">.</c>
          </s>
        </p>
      </div1>
    </body>
  </text>
</TEI>
