<?xml version="1.0" encoding="utf-8"?>
<TEI xmlns="http://www.tei-c.org/ns/1.0">
  <teiHeader>
    <fileDesc>
      <titleStmt>
        <title>
          <title type="main">Landsmenn flykkjast í bíó</title>
        </title>
        <respStmt>
          <resp xml:lang="is">Söfnun og úrvinnsla texta</resp>
          <resp xml:lang="en">Collection and processing of text</resp>
          <name xml:lang="is">Stofnun Árna Magnússonar í íslenskum fræðum</name>
          <name xml:lang="en">The Arni Magnusson Institute for Icelandic Studies</name>
        </respStmt>
      </titleStmt>
      <editionStmt>
        <p xml:lang="is">Íslensk risamálheild (2019)</p>
        <p xml:lang="en">Tagged Icelandic Gigaword Corpus (2019)</p>
      </editionStmt>
      <publicationStmt>
        <distributor xml:lang="is">Stofnun Árna Magnússonar í íslenskum fræðum</distributor>
        <distributor xml:lang="en">The Arni Magnusson Institute for Icelandic Studies</distributor>
        <address>
          <addrLine xml:lang="is">Árnagarður við Suðurgötu, 107 Reykjavík, Íslandi</addrLine>
          <addrLine xml:lang="en">Árnagarður Suðurgata, 107 Reykjavik, Iceland</addrLine>
          <addrLine>
            <email>arnastofnun@arnastofnun.is</email>
          </addrLine>
        </address>
        <idno type="risam">G-25-2543530</idno>
        <availability>
          <p xml:lang="is">Þessi texti er til notkunar í málrannsóknum og máltækniverkefnum um allan heim með sérstöku leyfi, sjá rmh2Hdr.xml</p>
          <p xml:lang="en">This text is available for use in language research and language technology projects world wide with a special license, see rmh2Hdr.xml</p>
        </availability>
        <date>2020-05-26</date>
      </publicationStmt>
      <sourceDesc>
        <biblStruct>
          <analytic>
            <title>
              <title type="main">Landsmenn flykkjast í bíó</title>
            </title>
            <date when="2013-03-24T12:00:00">24.03 2013 kl. 12:00:00</date>
          </analytic>
          <monogr>
            <title>Bylgjan</title>
            <imprint>
              <publisher>365 miðlar hf.</publisher>
              <pubPlace>Reykjavík</pubPlace>
            </imprint>
          </monogr>
        </biblStruct>
      </sourceDesc>
    </fileDesc>
    <encodingDesc>
      <projectDesc>
        <p xml:lang="is">Sjá lýsingu á verkefninu í rmh2Hdr.xml.</p>
        <p xml:lang="en">See description of project in rmh2Hdr.xml.</p>
      </projectDesc>
      <tagsDecl>
        <namespace name="http://www.tei-c.org/ns/1.0">
          <tagUsage gi="text" occurs="1"/>
          <tagUsage gi="body" occurs="1"/>
          <tagUsage gi="div1" occurs="1"/>
          <tagUsage gi="p" occurs="6"/>
          <tagUsage gi="s" occurs="15"/>
          <tagUsage gi="w" occurs="283"/>
          <tagUsage gi="c" occurs="26"/>
        </namespace>
      </tagsDecl>
    </encodingDesc>
    <profileDesc>
     <textClass>
      <keywords scheme="#RMH">
       <list>
        <item>Frétt – almennt</item>
       </list>
      </keywords>
     </textClass>
    </profileDesc>
  </teiHeader>
  <text>
    <body>
      <div1>
        <p n="1">
          <s n="1">
            <w lemma="landsmaður" type="nkfn">Landsmenn</w>
            <w lemma="hafa" type="sfg3fn">hafa</w>
            <w lemma="flykkja" type="sþmhen">flykkst</w>
            <w lemma="í" type="af">í</w>
            <w lemma="bíó" type="nheo">bíó</w>
            <w lemma="um" type="af">um</w>
            <w lemma="helgi" type="nveog">helgina</w>
            <c type="pl">.</c>
          </s>
          <s n="2">
            <w lemma="íslenskur" type="lkfnsf">Íslenskir</w>
            <w lemma="kvikmyndagerðarmaður" type="nkfn">kvikmyndagerðarmenn</w>
            <w lemma="hafa" type="sfg3fn">hafa</w>
            <w lemma="standa" type="sþghen">staðið</w>
            <w lemma="fyrir" type="af">fyrir</w>
            <w lemma="sýning" type="nvfþ">sýningum</w>
            <w lemma="á" type="af">á</w>
            <w lemma="fjölmargur" type="lvfþsf">fjölmörgum</w>
            <w lemma="íslenskur" type="lvfþsf">íslenskum</w>
            <w lemma="kvikmynd" type="nvfþ">kvikmyndum</w>
            <w lemma="víða" type="aa">víða</w>
            <w lemma="um" type="af">um</w>
            <w lemma="land" type="nheo">land</w>
            <c type="pl">.</c>
          </s>
        </p>
        <p n="2">
          <s n="1">
            <w lemma="verkefni" type="nheng">Verkefnið</w>
            <w lemma="vera" type="sfg3en">er</w>
            <w lemma="nokkur" type="fokee">nokkurs</w>
            <w lemma="konar" type="nkee">konar</w>
            <w lemma="þakklætisvottur" type="nken">þakklætisvottur</w>
            <w lemma="til" type="af">til</w>
            <w lemma="íslenskur" type="lveevf">íslensku</w>
            <w lemma="þjóð" type="nveeg">þjóðarinnar</w>
            <c type="pk">,</c>
            <w lemma="nú" type="aa">nú</w>
            <w lemma="þegar" type="c">þegar</w>
            <w lemma="framlag" type="nhfn">framlög</w>
            <w lemma="í" type="af">í</w>
            <w lemma="kvikmyndasjóður" type="nkeþ">kvikmyndasjóð</w>
            <w lemma="hafa" type="sfg3fn">hafa</w>
            <w lemma="vera" type="sþghen">verið</w>
            <w lemma="auka" type="sþghfn">aukin</w>
            <c type="pl">.</c>
          </s>
          <s n="2">
            <w lemma="alls" type="aa">Alls</w>
            <w lemma="vera" type="sfg3fþ">voru</w>
            <w lemma="34" type="ta">34</w>
            <w lemma="íslenskur" type="lvfnsf">íslenskar</w>
            <w lemma="kvikmynd" type="nvfn">kvikmyndir</w>
            <c type="pk">,</c>
            <w lemma="nýr" type="lvfnsf">nýjar</w>
            <w lemma="jafnt" type="aa">jafnt</w>
            <w lemma="sem" type="c">sem</w>
            <w lemma="gamall" type="lvfnsf">gamlar</w>
            <c type="pk">,</c>
            <w lemma="sýna" type="sþgvfn">sýndar</w>
            <w lemma="á" type="af">á</w>
            <w lemma="átján" type="tfkfþ">átján</w>
            <w lemma="staður" type="nkfþ">stöðum</w>
            <w lemma="og" type="c">og</w>
            <w lemma="ókeypis" type="aa">ókeypis</w>
            <w lemma="hafa" type="sfg3en">hefur</w>
            <w lemma="vera" type="sþghen">verið</w>
            <w lemma="inn" type="aa">inn</w>
            <w lemma="á" type="af">á</w>
            <w lemma="allur" type="fovfo">allar</w>
            <w lemma="sýning" type="nvfo">sýningar</w>
            <c type="pl">.</c>
          </s>
        </p>
        <p n="3">
          <s n="1">
            <w lemma="Hilmar" type="nken-s">Hilmar</w>
            <w lemma="Guðjónsson" type="nken-s">Guðjónsson</w>
            <c type="pk">,</c>
            <w lemma="kvikmyndagerðarmaður" type="nken">kvikmyndagerðarmaður</w>
            <c type="pa">:</c>
            <w lemma="þessi" type="fahen">Þetta</w>
            <w lemma="hafa" type="sfg3en">hefur</w>
            <w lemma="ganga" type="sþghen">gengið</w>
            <w lemma="mjög" type="aa">mjög</w>
            <w lemma="vel" type="aa">vel</w>
            <w lemma="og" type="c">og</w>
            <w lemma="það" type="fphen">það</w>
            <w lemma="vera" type="sfg3en">er</w>
            <w lemma="almennur" type="lvensf">almenn</w>
            <w lemma="mikill" type="lvensf">mikil</w>
            <w lemma="ánægja" type="nven">ánægja</w>
            <w lemma="með" type="af">með</w>
            <w lemma="þessi" type="faheo">þetta</w>
            <w lemma="og" type="c">og</w>
            <w lemma="ég" type="fp1fn">við</w>
            <w lemma="fá" type="sfg1fn">fáum</w>
            <w lemma="mjög" type="aa">mjög</w>
            <w lemma="fínn" type="lhfosf">fín</w>
            <w lemma="viðbragð" type="nhfo">viðbrögð</w>
            <w lemma="einmitt" type="aa">einmitt</w>
            <w lemma="allur" type="fokee">alls</w>
            <w lemma="staður" type="nkee">staðar</w>
            <w lemma="af" type="af">af</w>
            <w lemma="land" type="nheþg">landinu</w>
            <c type="pl">.</c>
          </s>
          <s n="2">
            <w lemma="svo" type="aa">Svo</w>
            <w lemma="hafa" type="sfg3fn">hafa</w>
            <w lemma="leikstjóri" type="nkfn">leikstjórar</w>
            <w lemma="og" type="c">og</w>
            <w lemma="kvikmyndagerðamaður" type="nkfn">kvikmyndagerðamenn</w>
            <w lemma="vera" type="sþghen">verið</w>
            <w lemma="á" type="af">á</w>
            <w lemma="ferð" type="nveþg">ferðinni</w>
            <w lemma="um" type="af">um</w>
            <w lemma="allur" type="foheo">allt</w>
            <w lemma="land" type="nheo">land</w>
            <w lemma="að" type="cn">að</w>
            <w lemma="tala" type="sng">tala</w>
            <w lemma="um" type="af">um</w>
            <w lemma="verkefni" type="nhfog">verkefnin</w>
            <w lemma="sinn" type="fehfo">sín</w>
            <w lemma="og" type="c">og</w>
            <w lemma="ég" type="fp1fn">við</w>
            <w lemma="vera" type="sfg1fn">erum</w>
            <w lemma="almennt" type="aa">almennt</w>
            <w lemma="að" type="cn">að</w>
            <w lemma="fá" type="sng">fá</w>
            <w lemma="bara" type="aa">bara</w>
            <w lemma="frábær" type="lhfosf">frábær</w>
            <w lemma="viðbragð" type="nhfo">viðbrögð</w>
            <w lemma="við" type="af">við</w>
            <w lemma="þessi" type="faheþ">þessu</w>
            <c type="pl">.</c>
          </s>
        </p>
        <p n="4">
          <s n="1">
            <w lemma="til" type="af">Til</w>
            <w lemma="að" type="cn">að</w>
            <w lemma="mynda" type="sng">mynda</w>
            <w lemma="vera" type="sfg3eþ">var</w>
            <w lemma="hinn" type="gven">hin</w>
            <w lemma="klassískur" type="lvenvf">klassíska</w>
            <w lemma="hrafn" type="nkeng">Hrafninn</w>
            <w lemma="fljúga" type="sfg3en">flýgur</w>
            <w lemma="til" type="af">til</w>
            <w lemma="sýning" type="nvfe">sýninga</w>
            <w lemma="í" type="af">í</w>
            <w lemma="Háskólabíó" type="nheþ-s">Háskólabíó</w>
            <c type="pl">.</c>
          </s>
          <s n="2">
            <w lemma="Hrafn" type="nken-s">Hrafn</w>
            <w lemma="Gunnlaugsson" type="nken-s">Gunnlaugsson</w>
            <c type="pk">,</c>
            <w lemma="leikstjóri" type="nken">leikstjóri</w>
            <w lemma="vera" type="sfg3eþ">var</w>
            <w lemma="viðstaddur" type="lkensf">viðstaddur</w>
            <w lemma="sýning" type="nveog">sýninguna</w>
            <w lemma="og" type="c">og</w>
            <w lemma="ræða" type="sfg3eþ">ræddi</w>
            <w lemma="við" type="af">við</w>
            <w lemma="áhorfandi" type="nkfo">áhorfendur</w>
            <w lemma="að" type="af">að</w>
            <w lemma="hún" type="fpveþ">henni</w>
            <w lemma="lokinn" type="lveþsf">lokinni</w>
            <c type="pl">.</c>
          </s>
          <s n="3">
            <w lemma="hinn" type="ghen">Hið</w>
            <w lemma="sami" type="fbhen">sama</w>
            <w lemma="vera" type="sfg3eþ">var</w>
            <w lemma="upp" type="aa">upp</w>
            <w lemma="á" type="af">á</w>
            <w lemma="teningur" type="nkeog">teninginn</w>
            <w lemma="víða" type="aa">víða</w>
            <w lemma="um" type="af">um</w>
            <w lemma="land" type="nheo">land</w>
            <c type="pk">,</c>
            <w lemma="þar" type="aa">þar</w>
            <w lemma="sem" type="c">sem</w>
            <w lemma="leikstjóri" type="nkfn">leikstjórar</w>
            <w lemma="og" type="c">og</w>
            <w lemma="kvikmyndagerðamaður" type="nkfn">kvikmyndagerðamenn</w>
            <w lemma="sitja" type="sfg3fþ">sátu</w>
            <w lemma="fyrir" type="af">fyrir</w>
            <w lemma="svar" type="nhfþ">svörum</w>
            <c type="pl">.</c>
          </s>
        </p>
        <p n="5">
          <s n="1">
            <w lemma="Hilmar" type="nken-s">Hilmar</w>
            <w lemma="Guðjónsson" type="nken-s">Guðjónsson</w>
            <c type="pa">:</c>
            <w lemma="margur" type="lvfnsf">Margar</w>
            <w lemma="þessi" type="favfn">þessar</w>
            <w lemma="mynd" type="nvfn">myndir</w>
            <w lemma="hafa" type="sfg3fn">hafa</w>
            <w lemma="ekki" type="aa">ekki</w>
            <w lemma="vera" type="sþghen">verið</w>
            <w lemma="í" type="af">í</w>
            <w lemma="sýning" type="nveþ">sýningu</w>
            <w lemma="lengi" type="aa">lengi</w>
            <w lemma="en" type="c">en</w>
            <w lemma="frábær" type="lhensf">frábært</w>
            <w lemma="að" type="cn">að</w>
            <w lemma="geta" type="sng">geta</w>
            <w lemma="það" type="fpheo">það</w>
            <c type="pl">.</c>
          </s>
          <s n="2">
            <w lemma="en" type="c">En</w>
            <w lemma="líka" type="aa">líka</w>
            <w lemma="hinn" type="faheo">hitt</w>
            <c type="pk">,</c>
            <w lemma="það" type="fphen">það</w>
            <w lemma="vera" type="sfg3en">er</w>
            <w lemma="bara" type="aa">bara</w>
            <w lemma="að" type="cn">að</w>
            <w lemma="koma" type="snm">komast</w>
            <w lemma="í" type="af">í</w>
            <w lemma="bíó" type="nheo">bíó</w>
            <w lemma="víða" type="aam">víðar</w>
            <w lemma="á" type="af">á</w>
            <w lemma="land" type="nheþg">landinu</w>
            <w lemma="gjarnan" type="aam">heldur</w>
            <w lemma="en" type="c">en</w>
            <w lemma="almennt" type="aa">almennt</w>
            <w lemma="vera" type="sfg3en">er</w>
            <w lemma="og" type="c">og</w>
            <w lemma="vera" type="sfg1fþ">vorum</w>
            <w lemma="meðal" type="af">meðal</w>
            <w lemma="annar" type="fohee">annars</w>
            <w lemma="að" type="cn">að</w>
            <w lemma="heyra" type="sng">heyra</w>
            <w lemma="á" type="af">á</w>
            <w lemma="Ólafsfjörður" type="nkeþ-s">Ólafsfirði</w>
            <w lemma="að" type="c">að</w>
            <w lemma="þar" type="aa">þar</w>
            <w lemma="vera" type="svg3eþ">væri</w>
            <w lemma="vera" type="sþghen">verið</w>
            <w lemma="að" type="cn">að</w>
            <w lemma="ræða" type="sng">ræða</w>
            <w lemma="um" type="af">um</w>
            <w lemma="það" type="fpheo">það</w>
            <w lemma="að" type="cn">að</w>
            <w lemma="reyna" type="sng">reyna</w>
            <w lemma="að" type="cn">að</w>
            <w lemma="búa" type="sng">búa</w>
            <w lemma="til" type="aa">til</w>
            <w lemma="reglulegur" type="lvfovm">reglulegri</w>
            <w lemma="kvikmyndasýning" type="nvfo">kvikmyndasýningar</w>
            <w lemma="í" type="af">í</w>
            <w lemma="kjölfar" type="nheog">kjölfarið</w>
            <c type="pl">.</c>
          </s>
          <s n="3">
            <w lemma="þannig" type="aa">Þannig</w>
            <w lemma="að" type="c">að</w>
            <w lemma="það" type="fphen">það</w>
            <w lemma="vera" type="sfg3en">er</w>
            <w lemma="bara" type="aa">bara</w>
            <w lemma="góður" type="lhenve">besta</w>
            <w lemma="mál" type="nhen">mál</w>
            <c type="pl">.</c>
          </s>
          <s n="4">
            <w lemma="ég" type="fp1fn">Við</w>
            <w lemma="verða" type="sfg1fþ">urðum</w>
            <w lemma="fyrir" type="af">fyrir</w>
            <w lemma="mjög" type="aa">mjög</w>
            <w lemma="mikill" type="lkeþsf">miklum</w>
            <w lemma="niðurskurður" type="nkeþ">niðurskurði</w>
            <w lemma="í" type="af">í</w>
            <w lemma="grein" type="nveþg">greininni</w>
            <w lemma="eftir" type="af">eftir</w>
            <w lemma="hrun" type="nheog">hrunið</w>
            <w lemma="og" type="c">og</w>
            <w lemma="svo" type="aa">svo</w>
            <w lemma="þegar" type="c">þegar</w>
            <w lemma="að" type="c">að</w>
            <w lemma="ríkisstjórn" type="nveng">ríkisstjórnin</w>
            <w lemma="ákveða" type="sfg3eþ">ákvað</w>
            <w lemma="að" type="cn">að</w>
            <w lemma="bæta" type="sng">bæta</w>
            <w lemma="í" type="af">í</w>
            <w lemma="sem" type="c">sem</w>
            <w lemma="hluti" type="nkeo">hluta</w>
            <w lemma="fjárfestingaráætlun" type="nvee">fjárfestingaráætlunar</w>
            <c type="pl">.</c>
          </s>
          <s n="5">
            <w lemma="þá" type="aa">Þá</w>
            <w lemma="finna" type="sfm3eþ">fannst</w>
            <w lemma="ég" type="fp1fþ">okkur</w>
            <w lemma="alveg" type="aa">alveg</w>
            <w lemma="jafnt" type="aa">jafnt</w>
            <w lemma="sjálfsagður" type="lhensf">sjálfsagt</w>
            <w lemma="og" type="c">og</w>
            <w lemma="ég" type="fp1fn">við</w>
            <w lemma="bregða" type="sfm3fþ">brugðust</w>
            <w lemma="harkalega" type="aa">harkalega</w>
            <w lemma="við" type="af">við</w>
            <w lemma="niðurskurður" type="nkeþ">niðurskurði</w>
            <c type="pk">,</c>
            <w lemma="að" type="cn">að</w>
            <w lemma="bregða" type="snm">bregðast</w>
            <w lemma="hann" type="fpkfo">þá</w>
            <w lemma="jákvætt" type="aa">jákvætt</w>
            <w lemma="við" type="aa">við</w>
            <w lemma="þegar" type="c">þegar</w>
            <w lemma="í" type="aa">í</w>
            <w lemma="vera" type="sfg3en">er</w>
            <w lemma="bæta" type="sþghen">bætt</w>
            <c type="pl">.</c>
          </s>
        </p>
        <p n="6">
          <s n="1">
            <w lemma="verður" type="lhensf">Vert</w>
            <w lemma="vera" type="sfg3en">er</w>
            <w lemma="að" type="cn">að</w>
            <w lemma="minna" type="snm">minnast</w>
            <w lemma="á" type="af">á</w>
            <w lemma="að" type="c">að</w>
            <w lemma="sýning" type="nvfng">sýningarnar</w>
            <w lemma="munu" type="sfg3fn">munu</w>
            <w lemma="halda" type="sng">halda</w>
            <w lemma="áfram" type="aa">áfram</w>
            <w lemma="í" type="af">í</w>
            <w lemma="dagur" type="nkeo">dag</w>
            <c type="pk">,</c>
            <w lemma="en" type="c">en</w>
            <w lemma="hægur" type="lhensf">hægt</w>
            <w lemma="vera" type="sfg3en">er</w>
            <w lemma="að" type="cn">að</w>
            <w lemma="nálgast" type="snm">nálgast</w>
            <w lemma="upplýsing" type="nvfo">upplýsingar</w>
            <w lemma="um" type="af">um</w>
            <w lemma="hún" type="fpvfo">þær</w>
            <w lemma="á" type="af">á</w>
            <w lemma="kvikmyndavefurinn.is" type="v">kvikmyndavefurinn.is</w>
            <c type="pl">.</c>
          </s>
        </p>
      </div1>
    </body>
  </text>
</TEI>
