<?xml version="1.0" encoding="utf-8"?>
<TEI xmlns="http://www.tei-c.org/ns/1.0">
  <teiHeader>
    <fileDesc>
      <titleStmt>
        <title>
          <title type="main">Flest skíðasvæði opin</title>
        </title>
        <respStmt>
          <resp xml:lang="is">Söfnun og úrvinnsla texta</resp>
          <resp xml:lang="en">Collection and processing of text</resp>
          <name xml:lang="is">Stofnun Árna Magnússonar í íslenskum fræðum</name>
          <name xml:lang="en">The Arni Magnusson Institute for Icelandic Studies</name>
        </respStmt>
      </titleStmt>
      <editionStmt>
        <p xml:lang="is">Íslensk risamálheild (2019)</p>
        <p xml:lang="en">Tagged Icelandic Gigaword Corpus (2019)</p>
      </editionStmt>
      <publicationStmt>
        <distributor xml:lang="is">Stofnun Árna Magnússonar í íslenskum fræðum</distributor>
        <distributor xml:lang="en">The Arni Magnusson Institute for Icelandic Studies</distributor>
        <address>
          <addrLine xml:lang="is">Árnagarður við Suðurgötu, 107 Reykjavík, Íslandi</addrLine>
          <addrLine xml:lang="en">Árnagarður Suðurgata, 107 Reykjavik, Iceland</addrLine>
          <addrLine>
            <email>arnastofnun@arnastofnun.is</email>
          </addrLine>
        </address>
        <idno type="risam">G-25-2546186</idno>
        <availability>
          <p xml:lang="is">Þessi texti er til notkunar í málrannsóknum og máltækniverkefnum um allan heim með sérstöku leyfi, sjá rmh2Hdr.xml</p>
          <p xml:lang="en">This text is available for use in language research and language technology projects world wide with a special license, see rmh2Hdr.xml</p>
        </availability>
        <date>2020-05-26</date>
      </publicationStmt>
      <sourceDesc>
        <biblStruct>
          <analytic>
            <title>
              <title type="main">Flest skíðasvæði opin</title>
            </title>
            <date when="2013-03-29T12:00:00">29.03 2013 kl. 12:00:00</date>
          </analytic>
          <monogr>
            <title>Bylgjan</title>
            <imprint>
              <publisher>365 miðlar hf.</publisher>
              <pubPlace>Reykjavík</pubPlace>
            </imprint>
          </monogr>
        </biblStruct>
      </sourceDesc>
    </fileDesc>
    <encodingDesc>
      <projectDesc>
        <p xml:lang="is">Sjá lýsingu á verkefninu í rmh2Hdr.xml.</p>
        <p xml:lang="en">See description of project in rmh2Hdr.xml.</p>
      </projectDesc>
      <tagsDecl>
        <namespace name="http://www.tei-c.org/ns/1.0">
          <tagUsage gi="text" occurs="1"/>
          <tagUsage gi="body" occurs="1"/>
          <tagUsage gi="div1" occurs="1"/>
          <tagUsage gi="p" occurs="1"/>
          <tagUsage gi="s" occurs="3"/>
          <tagUsage gi="w" occurs="72"/>
          <tagUsage gi="c" occurs="5"/>
        </namespace>
      </tagsDecl>
    </encodingDesc>
    <profileDesc>
     <textClass>
      <keywords scheme="#RMH">
       <list>
        <item>Frétt – almennt</item>
       </list>
      </keywords>
     </textClass>
    </profileDesc>
  </teiHeader>
  <text>
    <body>
      <div1>
        <p n="1">
          <s n="1">
            <w lemma="opinn" type="lhensf">Opið</w>
            <w lemma="vera" type="sfg3en">er</w>
            <w lemma="á" type="af">á</w>
            <w lemma="náið" type="aae">nánast</w>
            <w lemma="allur" type="fohfþ">öllum</w>
            <w lemma="skíðasvæði" type="nhfþ">skíðasvæðum</w>
            <w lemma="land" type="nheeg">landsins</w>
            <w lemma="í" type="af">í</w>
            <w lemma="dagur" type="nkeo">dag</w>
            <w lemma="og" type="c">og</w>
            <w lemma="verða" type="sfg3fn">verða</w>
            <w lemma="það" type="fphfn">þau</w>
            <w lemma="margur" type="lhfnse">flest</w>
            <w lemma="með" type="af">með</w>
            <w lemma="skemmtidagskrá" type="nveþ">skemmtidagskrá</w>
            <w lemma="í" type="af">í</w>
            <w lemma="tilefni" type="nheþ">tilefni</w>
            <w lemma="páskar" type="nkfeg">páskanna</w>
            <c type="pl">.</c>
          </s>
          <s n="2">
            <w lemma="í" type="af">Í</w>
            <w lemma="Bláfjöll" type="nhfþ-s">Bláfjöllum</w>
            <w lemma="fara" type="sfg3fþ">fóru</w>
            <w lemma="gestur" type="nkfn">gestir</w>
            <w lemma="að" type="cn">að</w>
            <w lemma="renna" type="sng">renna</w>
            <w lemma="sig" type="fpkfþ">sér</w>
            <w lemma="klukka" type="nveng">klukkan</w>
            <w lemma="10" type="ta">10</w>
            <w lemma="í" type="af">í</w>
            <w lemma="morgunn" type="nkeo">morgun</w>
            <w lemma="en" type="c">en</w>
            <w lemma="þar" type="aa">þar</w>
            <w lemma="verða" type="sfg3en">verður</w>
            <w lemma="opinn" type="lhensf">opið</w>
            <w lemma="til" type="af">til</w>
            <w lemma="fimm" type="ta">fimm</w>
            <w lemma="í" type="af">í</w>
            <w lemma="dagur" type="nkeo">dag</w>
            <w lemma="og" type="c">og</w>
            <w lemma="sami" type="fbhen">sama</w>
            <w lemma="gilda" type="sfg3en">gildir</w>
            <w lemma="um" type="af">um</w>
            <w lemma="skíðasvæði" type="nhfo">skíðasvæði</w>
            <w lemma="Ísafjarðarbær" type="nkee-s">Ísafjarðarbæjar</w>
            <c type="pk">,</c>
            <w lemma="Tindaöxl" type="nveo-s">Tindaöxl</w>
            <w lemma="í" type="af">í</w>
            <w lemma="Ólafsfjörður" type="nkeþ-s">Ólafsfirði</w>
            <c type="pk">,</c>
            <w lemma="Böggvisstaðafjall" type="nheo-s">Böggvisstaðafjall</w>
            <w lemma="í" type="af">í</w>
            <w lemma="Dalvík" type="nveþ-s">Dalvík</w>
            <w lemma="og" type="c">og</w>
            <w lemma="Oddskarð" type="nheo-s">Oddskarð</w>
            <c type="pl">.</c>
          </s>
          <s n="3">
            <w lemma="Hlíðarfjall" type="nhen-s">Hlíðarfjall</w>
            <w lemma="og" type="c">og</w>
            <w lemma="skíðasvæði" type="nheng">skíðasvæðið</w>
            <w lemma="í" type="af">í</w>
            <w lemma="Tindastóll" type="nkeþ-s">Tindastól</w>
            <w lemma="loka" type="sfg3en">lokar</w>
            <w lemma="svo" type="aa">svo</w>
            <w lemma="klukkutími" type="nkee">klukkutíma</w>
            <w lemma="snemma" type="aam">fyrr</w>
            <w lemma="eða" type="c">eða</w>
            <w lemma="klukka" type="nveng">klukkan</w>
            <w lemma="fjórir" type="ta">fjögur</w>
            <w lemma="og" type="c">og</w>
            <w lemma="þá" type="aa">þá</w>
            <w lemma="verða" type="sfg3en">verður</w>
            <w lemma="Skálafell" type="nhen-s">Skálafell</w>
            <w lemma="loka" type="sþghen">lokað</w>
            <w lemma="í" type="af">í</w>
            <w lemma="dagur" type="nkeo">dag</w>
            <w lemma="vegna" type="af">vegna</w>
            <w lemma="snjóleysi" type="nhee">snjóleysis</w>
            <c type="pl">.</c>
          </s>
        </p>
      </div1>
    </body>
  </text>
</TEI>
