<?xml version="1.0" encoding="utf-8"?>
<TEI xmlns="http://www.tei-c.org/ns/1.0">
  <teiHeader>
    <fileDesc>
      <titleStmt>
        <title>
          <title type="main">Engir peningar til fyrir nýjan flugvöll</title>
        </title>
        <respStmt>
          <resp xml:lang="is">Söfnun og úrvinnsla texta</resp>
          <resp xml:lang="en">Collection and processing of text</resp>
          <name xml:lang="is">Stofnun Árna Magnússonar í íslenskum fræðum</name>
          <name xml:lang="en">The Arni Magnusson Institute for Icelandic Studies</name>
        </respStmt>
      </titleStmt>
      <editionStmt>
        <p xml:lang="is">Íslensk risamálheild (2019)</p>
        <p xml:lang="en">Tagged Icelandic Gigaword Corpus (2019)</p>
      </editionStmt>
      <publicationStmt>
        <distributor xml:lang="is">Stofnun Árna Magnússonar í íslenskum fræðum</distributor>
        <distributor xml:lang="en">The Arni Magnusson Institute for Icelandic Studies</distributor>
        <address>
          <addrLine xml:lang="is">Árnagarður við Suðurgötu, 107 Reykjavík, Íslandi</addrLine>
          <addrLine xml:lang="en">Árnagarður Suðurgata, 107 Reykjavik, Iceland</addrLine>
          <addrLine>
            <email>arnastofnun@arnastofnun.is</email>
          </addrLine>
        </address>
        <idno type="risam">G-25-2518005</idno>
        <availability>
          <p xml:lang="is">Þessi texti er til notkunar í málrannsóknum og máltækniverkefnum um allan heim með sérstöku leyfi, sjá rmh2Hdr.xml</p>
          <p xml:lang="en">This text is available for use in language research and language technology projects world wide with a special license, see rmh2Hdr.xml</p>
        </availability>
        <date>2020-05-26</date>
      </publicationStmt>
      <sourceDesc>
        <biblStruct>
          <analytic>
            <title>
              <title type="main">Engir peningar til fyrir nýjan flugvöll</title>
            </title>
            <date when="2013-03-16T12:00:00">16.03 2013 kl. 12:00:00</date>
          </analytic>
          <monogr>
            <title>Bylgjan</title>
            <imprint>
              <publisher>365 miðlar hf.</publisher>
              <pubPlace>Reykjavík</pubPlace>
            </imprint>
          </monogr>
        </biblStruct>
      </sourceDesc>
    </fileDesc>
    <encodingDesc>
      <projectDesc>
        <p xml:lang="is">Sjá lýsingu á verkefninu í rmh2Hdr.xml.</p>
        <p xml:lang="en">See description of project in rmh2Hdr.xml.</p>
      </projectDesc>
      <tagsDecl>
        <namespace name="http://www.tei-c.org/ns/1.0">
          <tagUsage gi="text" occurs="1"/>
          <tagUsage gi="body" occurs="1"/>
          <tagUsage gi="div1" occurs="1"/>
          <tagUsage gi="p" occurs="5"/>
          <tagUsage gi="s" occurs="15"/>
          <tagUsage gi="w" occurs="320"/>
          <tagUsage gi="c" occurs="30"/>
        </namespace>
      </tagsDecl>
    </encodingDesc>
    <profileDesc>
     <textClass>
      <keywords scheme="#RMH">
       <list>
        <item>Frétt – almennt</item>
       </list>
      </keywords>
     </textClass>
    </profileDesc>
  </teiHeader>
  <text>
    <body>
      <div1>
        <p n="1">
          <s n="1">
            <w lemma="Ögmundur" type="nken-s">Ögmundur</w>
            <w lemma="Jónasson" type="nken-s">Jónasson</w>
            <c type="pk">,</c>
            <w lemma="innanríkisráðherra" type="nken">innanríkisráðherra</w>
            <c type="pk">,</c>
            <w lemma="segja" type="sfg3en">segir</w>
            <w lemma="mikilvægur" type="lheosf">mikilvægt</w>
            <w lemma="að" type="cn">að</w>
            <w lemma="byggja" type="sng">byggja</w>
            <w lemma="nýr" type="lveosf">nýja</w>
            <w lemma="flugstöð" type="nveo">flugstöð</w>
            <w lemma="í" type="af">í</w>
            <w lemma="Skerjafjörður" type="nkeþgs">Skerjafirðinum</w>
            <w lemma="fyrir" type="af">fyrir</w>
            <w lemma="innanlandsflug" type="nheo">innanlandsflug</w>
            <c type="pl">.</c>
          </s>
          <s n="2">
            <w lemma="hann" type="fpken">Hann</w>
            <w lemma="telja" type="sfg3en">telur</w>
            <w lemma="að" type="c">að</w>
            <w lemma="ekki" type="aa">ekki</w>
            <w lemma="vera" type="svg3fn">séu</w>
            <w lemma="til" type="aa">til</w>
            <w lemma="peningur" type="nkfn">peningar</w>
            <w lemma="til" type="af">til</w>
            <w lemma="að" type="cn">að</w>
            <w lemma="flytja" type="sng">flytja</w>
            <w lemma="flugvöllur" type="nkeog">flugvöllinn</w>
            <w lemma="upp" type="aa">upp</w>
            <w lemma="á" type="af">á</w>
            <w lemma="Hólmsheiði" type="nveo-s">Hólmsheiði</w>
            <c type="pl">.</c>
          </s>
        </p>
        <p n="2">
          <s n="1">
            <w lemma="Reykjavíkurborg" type="nven-s">Reykjavíkurborg</w>
            <w lemma="ganga" type="sfg3eþ">gekk</w>
            <w lemma="á" type="af">á</w>
            <w lemma="fimmtudagur" type="nkeo">fimmtudag</w>
            <w lemma="frá" type="af">frá</w>
            <w lemma="samkomulag" type="nheþ">samkomulagi</w>
            <w lemma="um" type="af">um</w>
            <w lemma="kaup" type="nheo">kaup</w>
            <w lemma="á" type="af">á</w>
            <w lemma="112" type="to">112</w>
            <w lemma="þúsund" type="tfkfe">þúsund</w>
            <w lemma="fermetri" type="nkfe">fermetra</w>
            <w lemma="byggingarland" type="nheþ">byggingarlandi</w>
            <w lemma="á" type="af">á</w>
            <w lemma="miður" type="lkeþsf">miðjum</w>
            <w lemma="flugvöllur" type="nkeþg">flugvellinum</w>
            <w lemma="í" type="af">í</w>
            <w lemma="Vatnsmýri" type="nveþ-s">Vatnsmýri</w>
            <c type="pl">.</c>
          </s>
          <s n="2">
            <w lemma="land" type="nheng">Landið</w>
            <w lemma="vera" type="sfg3en">er</w>
            <w lemma="í" type="af">í</w>
            <w lemma="eiga" type="nveþ">eigu</w>
            <w lemma="ríki" type="nheeg">ríkisins</w>
            <w lemma="en" type="c">en</w>
            <w lemma="einn" type="tfveþ">einni</w>
            <w lemma="flugbraut" type="nveþ">flugbraut</w>
            <w lemma="verða" type="sfg3en">verður</w>
            <w lemma="loka" type="sþghen">lokað</w>
            <w lemma="og" type="c">og</w>
            <w lemma="til" type="aa">til</w>
            <w lemma="standa" type="sfg3en">stendur</w>
            <w lemma="að" type="cn">að</w>
            <w lemma="byggja" type="sng">byggja</w>
            <w lemma="800" type="ta">800</w>
            <w lemma="íbúð" type="nvfo">íbúðir</w>
            <w lemma="á" type="af">á</w>
            <w lemma="svæði" type="nheþg">svæðinu</w>
            <c type="pl">.</c>
          </s>
          <s n="3">
            <w lemma="Kristján" type="nken-s">Kristján</w>
            <w lemma="Þór" type="nken-s">Þór</w>
            <w lemma="Júlíusson" type="nken-s">Júlíusson</w>
            <c type="pk">,</c>
            <w lemma="þingmaður" type="nken">þingmaður</w>
            <w lemma="Sjálfstæðisflokkur" type="nkee-s">Sjálfstæðisflokks</w>
            <c type="pk">,</c>
            <w lemma="gagnrýna" type="sfg3eþ">gagnrýndi</w>
            <w lemma="þessi" type="fahen">þetta</w>
            <w lemma="samkomulag" type="nhen">samkomulag</w>
            <w lemma="á" type="af">á</w>
            <w lemma="Alþingi" type="nheþ-s">Alþingi</w>
            <w lemma="í" type="aa">í</w>
            <w lemma="gær" type="aa">gær</w>
            <c type="pk">,</c>
            <w lemma="en" type="c">en</w>
            <w lemma="hann" type="fpken">hann</w>
            <w lemma="vilja" type="sfg3en">vill</w>
            <w lemma="að" type="c">að</w>
            <w lemma="Ögmundur" type="nken-s">Ögmundur</w>
            <w lemma="Jónasson" type="nken-s">Jónasson</w>
            <c type="pk">,</c>
            <w lemma="innanríkisráðherra" type="nken">innanríkisráðherra</w>
            <c type="pk">,</c>
            <w lemma="beita" type="svg3en">beiti</w>
            <w lemma="sig" type="fpkeþ">sér</w>
            <w lemma="í" type="af">í</w>
            <w lemma="mál" type="nheþg">málinu</w>
            <c type="pl">.</c>
          </s>
          <s n="4">
            <w lemma="uppbygging" type="nveng">Uppbyggingin</w>
            <w lemma="á" type="af">á</w>
            <w lemma="svæði" type="nheþg">svæðinu</w>
            <w lemma="fara" type="sfg3en">fer</w>
            <w lemma="ekki" type="aa">ekki</w>
            <w lemma="af" type="af">af</w>
            <w lemma="staður" type="nkeþ">stað</w>
            <w lemma="snemma" type="aam">fyrr</w>
            <w lemma="en" type="c">en</w>
            <w lemma="innanríkisráðuneyti" type="nheng">innanríkisráðuneytið</w>
            <w lemma="hafa" type="sfg3en">hefur</w>
            <w lemma="formlega" type="aa">formlega</w>
            <w lemma="tilkynna" type="sþghen">tilkynnt</w>
            <w lemma="um" type="af">um</w>
            <w lemma="lokun" type="nveo">lokun</w>
            <w lemma="flugbraut" type="nveeg">flugbrautarinnar</w>
            <c type="pl">.</c>
          </s>
          <s n="5">
            <w lemma="samkomulag" type="nhen">Samkomulag</w>
            <w lemma="þessi" type="fahee">þessa</w>
            <w lemma="efni" type="nhee">efnis</w>
            <w lemma="liggja" type="sfg3en">liggur</w>
            <w lemma="ekki" type="aa">ekki</w>
            <w lemma="fyrir" type="aa">fyrir</w>
            <c type="pl">.</c>
          </s>
          <s n="6">
            <w lemma="Ögmundur" type="nken-s">Ögmundur</w>
            <w lemma="hafa" type="sfg3en">hefur</w>
            <w lemma="áður" type="aa">áður</w>
            <w lemma="lýsa" type="sþghen">lýst</w>
            <w lemma="það" type="fpheþ">því</w>
            <w lemma="yfir" type="aa">yfir</w>
            <w lemma="að" type="c">að</w>
            <w lemma="hann" type="fpken">hann</w>
            <w lemma="vera" type="svg3en">sé</w>
            <w lemma="mótfallinn" type="lkensf">mótfallinn</w>
            <w lemma="sá" type="faveþ">þeirri</w>
            <w lemma="hugmynd" type="nveþ">hugmynd</w>
            <w lemma="að" type="c">að</w>
            <w lemma="flugvöllur" type="nkeng">flugvöllurinn</w>
            <w lemma="verða" type="svg3en">verði</w>
            <w lemma="flytja" type="sþgken">fluttur</w>
            <w lemma="úr" type="af">úr</w>
            <w lemma="Vatnsmýrin" type="nveþgs">Vatnsmýrinni</w>
            <w lemma="upp" type="aa">upp</w>
            <w lemma="á" type="af">á</w>
            <w lemma="Hólmsheiði" type="nveo-s">Hólmsheiði</w>
            <c type="pl">.</c>
          </s>
        </p>
        <p n="3">
          <s n="1">
            <w lemma="Ögmundur" type="nken-s">Ögmundur</w>
            <w lemma="Jónasson" type="nken-s">Jónasson</w>
            <c type="pk">,</c>
            <w lemma="innanríkisráðherra" type="nken">innanríkisráðherra</w>
            <c type="pa">:</c>
            <w lemma="ég" type="fp1fn">Við</w>
            <w lemma="hafa" type="sfg1fn">höfum</w>
            <w lemma="eiga" type="sþghen">átt</w>
            <w lemma="í" type="af">í</w>
            <w lemma="viðræða" type="nvfþ">viðræðum</w>
            <w lemma="við" type="af">við</w>
            <w lemma="Reykjavíkurborg" type="nveo-s">Reykjavíkurborg</w>
            <w lemma="um" type="af">um</w>
            <w lemma="aðstaða" type="nveo">aðstöðu</w>
            <w lemma="fyrir" type="af">fyrir</w>
            <w lemma="innanlandsflug" type="nheog">innanlandsflugið</w>
            <w lemma="á" type="af">á</w>
            <w lemma="Reykjavíkurflugvöllur" type="nkeþ-s">Reykjavíkurflugvelli</w>
            <c type="pl">.</c>
          </s>
          <s n="2">
            <w lemma="ég" type="fp1en">Ég</w>
            <w lemma="hafa" type="sfg1en">hef</w>
            <w lemma="reyndar" type="aa">reyndar</w>
            <w lemma="leggja" type="sþghen">lagt</w>
            <w lemma="áhersla" type="nveo">áherslu</w>
            <w lemma="á" type="af">á</w>
            <w lemma="þessi" type="faheo">þetta</w>
            <w lemma="allur" type="fovfo">allar</w>
            <w lemma="gata" type="nvfo">götur</w>
            <w lemma="frá" type="af">frá</w>
            <w lemma="það" type="fpheþ">því</w>
            <w lemma="ég" type="fp1en">ég</w>
            <w lemma="koma" type="sfg1eþ">kom</w>
            <w lemma="inn" type="aa">inn</w>
            <w lemma="í" type="af">í</w>
            <w lemma="ráðuneyti" type="nheog">ráðuneytið</w>
            <w lemma="2010" type="ta">2010</w>
            <c type="pk">,</c>
            <w lemma="á" type="af">á</w>
            <w lemma="ár" type="nheþg">árinu</w>
            <w lemma="2011" type="ta">2011</w>
            <w lemma="og" type="c">og</w>
            <w lemma="2012" type="ta">2012</w>
            <w lemma="og" type="c">og</w>
            <w lemma="ég" type="fp1fn">við</w>
            <w lemma="vera" type="sfg1fn">erum</w>
            <w lemma="enn" type="aa">enn</w>
            <w lemma="við" type="af">við</w>
            <w lemma="sami" type="fbheo">sama</w>
            <w lemma="heygarðshorn" type="nheog">heygarðshornið</w>
            <w lemma="þannig" type="aa">þannig</w>
            <w lemma="að" type="c">að</w>
            <w lemma="ég" type="fp1fn">við</w>
            <w lemma="vilja" type="sfg1fn">viljum</w>
            <w lemma="ná" type="sng">ná</w>
            <w lemma="samkomulag" type="nheþ">samkomulagi</w>
            <w lemma="um" type="af">um</w>
            <w lemma="bættur" type="lveosf">bætta</w>
            <w lemma="aðstaða" type="nveo">aðstöðu</w>
            <w lemma="fyrir" type="af">fyrir</w>
            <w lemma="innanlandsflug" type="nheog">innanlandsflugið</w>
            <c type="pa">-</c>
            <w lemma="og" type="c">og</w>
            <w lemma="hinn" type="ghen">hið</w>
            <w lemma="sami" type="fbhen">sama</w>
            <w lemma="eiga" type="sfg3en">á</w>
            <w lemma="reyndar" type="aa">reyndar</w>
            <w lemma="við" type="aa">við</w>
            <w lemma="um" type="af">um</w>
            <w lemma="forveri" type="nkfo">forvera</w>
            <w lemma="minn" type="feveo">mína</w>
            <c type="pl">.</c>
          </s>
          <s n="3">
            <w lemma="þessi" type="fahen">Þetta</w>
            <w lemma="mál" type="nhen">mál</w>
            <w lemma="hafa" type="sfg3en">hefur</w>
            <w lemma="vera" type="sþghen">verið</w>
            <w lemma="í" type="af">í</w>
            <w lemma="öngstræti" type="nheþ">öngstræti</w>
            <w lemma="lengi" type="aa">lengi</w>
            <w lemma="og" type="c">og</w>
            <w lemma="það" type="fphen">það</w>
            <w lemma="vera" type="svg3eþ">væri</w>
            <w lemma="óskandi" type="lhenof">óskandi</w>
            <w lemma="ef" type="c">ef</w>
            <w lemma="ég" type="fp1fn">við</w>
            <w lemma="koma" type="svm1fþ">kæmumst</w>
            <w lemma="út" type="aa">út</w>
            <w lemma="úr" type="af">úr</w>
            <w lemma="sá" type="faheþ">því</w>
            <w lemma="öngstræti" type="nheþ">öngstræti</w>
            <w lemma="en" type="c">en</w>
            <w lemma="þá" type="aa">þá</w>
            <w lemma="þurfa" type="sfg3en">þarf</w>
            <w lemma="líka" type="aa">líka</w>
            <w lemma="að" type="cn">að</w>
            <w lemma="binda" type="sng">binda</w>
            <w lemma="ýmis" type="fokfo">ýmsa</w>
            <w lemma="spotti" type="nkfo">spotta</w>
            <w lemma="sem" type="ct">sem</w>
            <w lemma="vera" type="sfg3fn">eru</w>
            <w lemma="óhnýtt" type="nvfn">óhnýttir</w>
            <w lemma="í" type="af">í</w>
            <w lemma="þessi" type="faheþ">þessu</w>
            <w lemma="mál" type="nheþ">máli</w>
            <c type="pl">.</c>
          </s>
          <s n="4">
            <w lemma="og" type="c">Og</w>
            <w lemma="ég" type="fp1fn">við</w>
            <w lemma="halda" type="sfg1fn">höldum</w>
            <w lemma="áfram" type="aa">áfram</w>
            <w lemma="viðræða" type="nvfþ">viðræðum</w>
            <w lemma="við" type="af">við</w>
            <w lemma="Reykjavíkurborg" type="nveo-s">Reykjavíkurborg</w>
            <w lemma="og" type="c">og</w>
            <w lemma="reyna" type="sfg1fn">reynum</w>
            <w lemma="að" type="cn">að</w>
            <w lemma="ná" type="sng">ná</w>
            <w lemma="samkomulag" type="nheþ">samkomulagi</w>
            <w lemma="um" type="af">um</w>
            <w lemma="það" type="fpheo">það</w>
            <w lemma="og" type="c">og</w>
            <w lemma="þá" type="aa">þá</w>
            <w lemma="við" type="af">við</w>
            <w lemma="fjármálaráðuneyti" type="nheog">fjármálaráðuneytið</w>
            <w lemma="einnig" type="aa">einnig</w>
            <c type="pl">.</c>
          </s>
        </p>
        <p n="4">
          <s n="1">
            <w lemma="Ögmundur" type="nken-s">Ögmundur</w>
            <w lemma="segja" type="sfg3en">segir</w>
            <w lemma="að" type="c">að</w>
            <w lemma="ekki" type="aa">ekki</w>
            <w lemma="vera" type="svg3fn">séu</w>
            <w lemma="til" type="aa">til</w>
            <w lemma="peningur" type="nkfn">peningar</w>
            <w lemma="til" type="af">til</w>
            <w lemma="að" type="cn">að</w>
            <w lemma="flytja" type="sng">flytja</w>
            <w lemma="Reykjavíkurflugvöllur" type="nkeo-s">Reykjavíkurflugvöll</w>
            <w lemma="upp" type="aa">upp</w>
            <w lemma="á" type="af">á</w>
            <w lemma="Hólmsheiði" type="nveo-s">Hólmsheiði</w>
            <c type="pl">.</c>
          </s>
        </p>
        <p n="5">
          <s n="1">
            <w lemma="Ögmundur" type="nken-s">Ögmundur</w>
            <w lemma="Jónasson" type="nken-s">Jónasson</w>
            <c type="pa">:</c>
            <w lemma="en" type="c">En</w>
            <w lemma="ég" type="fp1en">ég</w>
            <w lemma="benda" type="sfg1en">bendi</w>
            <w lemma="á" type="af">á</w>
            <w lemma="að" type="c">að</w>
            <w lemma="þegar" type="c">þegar</w>
            <w lemma="að" type="c">að</w>
            <w lemma="maður" type="nkfn">menn</w>
            <w lemma="vera" type="sfg3fþ">voru</w>
            <w lemma="að" type="cn">að</w>
            <w lemma="horfa" type="sng">horfa</w>
            <w lemma="til" type="af">til</w>
            <w lemma="Hólmsheiði" type="nveegs">Hólmsheiðinnar</w>
            <w lemma="hér" type="aa">hér</w>
            <w lemma="fyrir" type="af">fyrir</w>
            <w lemma="nokkur" type="fohfþ">nokkrum</w>
            <w lemma="ár" type="nhfþ">árum</w>
            <c type="pk">,</c>
            <w lemma="að" type="c">að</w>
            <w lemma="þá" type="aa">þá</w>
            <w lemma="telja" type="sfg3fþ">töldu</w>
            <w lemma="maður" type="nkfn">menn</w>
            <w lemma="að" type="c">að</w>
            <w lemma="það" type="fphen">það</w>
            <w lemma="vera" type="svg3fþ">væru</w>
            <w lemma="nógur" type="lkfnsf">nógir</w>
            <w lemma="peningur" type="nkfn">peningar</w>
            <w lemma="til" type="aa">til</w>
            <w lemma="í" type="af">í</w>
            <w lemma="íslenskur" type="lheþsf">íslensku</w>
            <w lemma="samfélag" type="nheþ">samfélagi</w>
            <c type="pl">.</c>
          </s>
          <s n="2">
            <w lemma="ég" type="fp1en">Ég</w>
            <w lemma="halda" type="sfg1en">held</w>
            <w lemma="að" type="aa">að</w>
            <c type="pk">,</c>
            <w lemma="halda" type="sfg1eþ">hélt</w>
            <c type="pk">,</c>
            <w lemma="eða" type="c">eða</w>
            <w lemma="halda" type="sfg1eþ">hélt</w>
            <w lemma="allavega" type="aa">allavega</w>
            <w lemma="að" type="c">að</w>
            <w lemma="fár" type="lkfnsf">fáir</w>
            <w lemma="hafa" type="svg3fþ">hefðu</w>
            <w lemma="trú" type="nveo">trú</w>
            <w lemma="á" type="af">á</w>
            <w lemma="það" type="fpheþ">því</w>
            <w lemma="ég" type="fp1fn">við</w>
            <w lemma="geta" type="svg1fþ">gætum</w>
            <w lemma="reiða" type="sþghen">reitt</w>
            <w lemma="fram" type="aa">fram</w>
            <w lemma="sá" type="fakfo">þá</w>
            <w lemma="milljarður" type="nkfo">milljarða</w>
            <w lemma="tugur" type="nkfo">tugi</w>
            <w lemma="sem" type="ct">sem</w>
            <w lemma="eflaust" type="aa">eflaust</w>
            <w lemma="þurfa" type="sfg3en">þarf</w>
            <w lemma="til" type="af">til</w>
            <w lemma="að" type="cn">að</w>
            <w lemma="flytja" type="sng">flytja</w>
            <w lemma="einn" type="tfkeo">einn</w>
            <w lemma="flugvöllur" type="nkeo">flugvöll</w>
            <c type="pl">.</c>
          </s>
        </p>
      </div1>
    </body>
  </text>
</TEI>
