<?xml version="1.0" encoding="utf-8"?>
<TEI xmlns="http://www.tei-c.org/ns/1.0">
  <teiHeader>
    <fileDesc>
      <titleStmt>
        <title>
          <title type="main">Ísland risi á sviði jarðhitaþekkingar</title>
        </title>
        <respStmt>
          <resp xml:lang="is">Söfnun og úrvinnsla texta</resp>
          <resp xml:lang="en">Collection and processing of text</resp>
          <name xml:lang="is">Stofnun Árna Magnússonar í íslenskum fræðum</name>
          <name xml:lang="en">The Arni Magnusson Institute for Icelandic Studies</name>
        </respStmt>
      </titleStmt>
      <editionStmt>
        <p xml:lang="is">Íslensk risamálheild (2019)</p>
        <p xml:lang="en">Tagged Icelandic Gigaword Corpus (2019)</p>
      </editionStmt>
      <publicationStmt>
        <distributor xml:lang="is">Stofnun Árna Magnússonar í íslenskum fræðum</distributor>
        <distributor xml:lang="en">The Arni Magnusson Institute for Icelandic Studies</distributor>
        <address>
          <addrLine xml:lang="is">Árnagarður við Suðurgötu, 107 Reykjavík, Íslandi</addrLine>
          <addrLine xml:lang="en">Árnagarður Suðurgata, 107 Reykjavik, Iceland</addrLine>
          <addrLine>
            <email>arnastofnun@arnastofnun.is</email>
          </addrLine>
        </address>
        <idno type="risam">G-25-2544629</idno>
        <availability>
          <p xml:lang="is">Þessi texti er til notkunar í málrannsóknum og máltækniverkefnum um allan heim með sérstöku leyfi, sjá rmh2Hdr.xml</p>
          <p xml:lang="en">This text is available for use in language research and language technology projects world wide with a special license, see rmh2Hdr.xml</p>
        </availability>
        <date>2020-05-26</date>
      </publicationStmt>
      <sourceDesc>
        <biblStruct>
          <analytic>
            <title>
              <title type="main">Ísland risi á sviði jarðhitaþekkingar</title>
            </title>
            <date when="2013-03-08T12:00:00">08.03 2013 kl. 12:00:00</date>
          </analytic>
          <monogr>
            <title>Bylgjan</title>
            <imprint>
              <publisher>365 miðlar hf.</publisher>
              <pubPlace>Reykjavík</pubPlace>
            </imprint>
          </monogr>
        </biblStruct>
      </sourceDesc>
    </fileDesc>
    <encodingDesc>
      <projectDesc>
        <p xml:lang="is">Sjá lýsingu á verkefninu í rmh2Hdr.xml.</p>
        <p xml:lang="en">See description of project in rmh2Hdr.xml.</p>
      </projectDesc>
      <tagsDecl>
        <namespace name="http://www.tei-c.org/ns/1.0">
          <tagUsage gi="text" occurs="1"/>
          <tagUsage gi="body" occurs="1"/>
          <tagUsage gi="div1" occurs="1"/>
          <tagUsage gi="p" occurs="2"/>
          <tagUsage gi="s" occurs="6"/>
          <tagUsage gi="w" occurs="228"/>
          <tagUsage gi="c" occurs="17"/>
        </namespace>
      </tagsDecl>
    </encodingDesc>
    <profileDesc>
     <textClass>
      <keywords scheme="#RMH">
       <list>
        <item>Frétt – almennt</item>
       </list>
      </keywords>
     </textClass>
    </profileDesc>
  </teiHeader>
  <text>
    <body>
      <div1>
        <p n="1">
          <s n="1">
            <w lemma=",," type="ta">,,</w>
            <w lemma="þótt" type="c">Þótt</w>
            <w lemma="Ísland" type="nhen-s">Ísland</w>
            <w lemma="vera" type="svg3en">sé</w>
            <w lemma="lítill" type="lhensf">lítið</w>
            <w lemma="land" type="nhen">land</w>
            <w lemma="þá" type="aa">þá</w>
            <w lemma="vera" type="sfg3en">er</w>
            <w lemma="það" type="fphen">það</w>
            <w lemma="risi" type="nken">risi</w>
            <w lemma="á" type="af">á</w>
            <w lemma="svið" type="nheþ">sviði</w>
            <w lemma="jarðhitaþekking" type="nvee">jarðhitaþekkingar</w>
            <w lemma="og" type="c">og</w>
            <w lemma="hafa" type="sfg3en">hefur</w>
            <w lemma="margur" type="lheosf">margt</w>
            <w lemma="fram" type="aa">fram</w>
            <w lemma="að" type="cn">að</w>
            <w lemma="færa" type="sng">færa</w>
            <w lemma="á" type="af">á</w>
            <w lemma="heimsvísa" type="nveo">heimsvísu</w>
            <c type="pk">,</c>
            <c type="pg">&quot;</c>
            <w lemma="segja" type="sfg3en">segir</w>
            <w lemma="Sri" type="n----s">Sri</w>
            <w lemma="Muryani" type="n----s">Muryani</w>
            <w lemma="Indrawati" type="n----s">Indrawati</w>
            <c type="pk">,</c>
            <w lemma="framkvæmdastjóri" type="nken">framkvæmdastjóri</w>
            <w lemma="Alþjóðabankinn" type="nkeegs">Alþjóðabankans</w>
            <c type="pl">.</c>
          </s>
          <s n="2">
            <w lemma="hún" type="fpven">Hún</w>
            <w lemma="segja" type="sfg3en">segir</w>
            <w lemma="heimur" type="nkeog">heiminn</w>
            <w lemma="standa" type="sng">standa</w>
            <w lemma="frammi" type="aa">frammi</w>
            <w lemma="fyrir" type="af">fyrir</w>
            <w lemma="gríðarlegur" type="lvfþsf">gríðarlegum</w>
            <w lemma="áskora" type="nvfþg">áskorunum</w>
            <w lemma="þegar" type="c">þegar</w>
            <w lemma="koma" type="sfg3en">kemur</w>
            <w lemma="að" type="af">að</w>
            <w lemma="orkumál" type="nhfþ">orkumálum</w>
            <w lemma="og" type="c">og</w>
            <w lemma="þar" type="aa">þar</w>
            <w lemma="hafa" type="svg3en">hafi</w>
            <w lemma="Ísland" type="nhen-s">Ísland</w>
            <w lemma="mikilvægur" type="lheþsf">mikilvægu</w>
            <w lemma="hlutverk" type="nheþ">hlutverki</w>
            <w lemma="að" type="cn">að</w>
            <w lemma="gegna" type="sng">gegna</w>
            <c type="pl">.</c>
          </s>
        </p>
        <p n="2">
          <s n="1">
            <w lemma="Sri" type="n----s">Sri</w>
            <w lemma="Muryani" type="n----s">Muryani</w>
            <w lemma="Indrawati" type="nken-s">Indrawati</w>
            <w lemma="vera" type="sfg3en">er</w>
            <w lemma="gestur" type="nken">gestur</w>
            <w lemma="í" type="af">í</w>
            <w lemma="nýr" type="lkeþve">nýjasta</w>
            <w lemma="þáttur" type="nkeþ">þætti</w>
            <w lemma="Klinkur" type="nkeegs">Klinksins</w>
            <c type="pk">,</c>
            <w lemma="viðtalsþáttur" type="nkee">viðtalsþáttar</w>
            <w lemma="um" type="af">um</w>
            <w lemma="efnahagsmál" type="nhfo">efnahagsmál</w>
            <w lemma="og" type="c">og</w>
            <w lemma="viðskipti" type="nhfo">viðskipti</w>
            <w lemma="inni" type="aa">inni</w>
            <w lemma="á" type="af">á</w>
            <w lemma="Vís" type="nkeþ-s">Vísi</w>
            <c type="pk">,</c>
            <w lemma="og" type="c">og</w>
            <w lemma="ræða" type="sfg3en">ræðir</w>
            <w lemma="þar" type="aa">þar</w>
            <w lemma="um" type="af">um</w>
            <w lemma="orkumál" type="nhfo">orkumál</w>
            <w lemma="heimur" type="nkeeg">heimsins</w>
            <w lemma="og" type="c">og</w>
            <w lemma="ekki" type="aa">ekki</w>
            <w lemma="varla" type="aae">síst</w>
            <w lemma="hlutverk" type="nheo">hlutverk</w>
            <w lemma="Ísland" type="nhee-s">Íslands</w>
            <w lemma="þegar" type="c">þegar</w>
            <w lemma="koma" type="sfg3en">kemur</w>
            <w lemma="að" type="af">að</w>
            <w lemma="það" type="fpheþ">því</w>
            <w lemma="að" type="cn">að</w>
            <w lemma="efla" type="sng">efla</w>
            <w lemma="nýting" type="nveo">nýtingu</w>
            <w lemma="og" type="c">og</w>
            <w lemma="framleiðsla" type="nveo">framleiðslu</w>
            <w lemma="orka" type="nvee">orku</w>
            <w lemma="með" type="af">með</w>
            <w lemma="vistvænn" type="lkeþsf">vistvænum</w>
            <w lemma="háttur" type="nkeþ">hætti</w>
            <c type="pl">.</c>
          </s>
          <s n="2">
            <w lemma="Indrawati" type="nken-s">Indrawati</w>
            <c type="pk">,</c>
            <w lemma="sem" type="ct">sem</w>
            <w lemma="vera" type="sfg3en">er</w>
            <w lemma="framkvæmdastjóri" type="nken">framkvæmdastjóri</w>
            <w lemma="Alþjóðabankinn" type="nkeegs">Alþjóðabankans</w>
            <w lemma="og" type="c">og</w>
            <w lemma="fyrrverandi" type="lkeeof">fyrrverandi</w>
            <w lemma="fjármálaráðherra" type="nkee">fjármálaráðherra</w>
            <w lemma="Indónesía" type="nvee-s">Indónesíu</w>
            <c type="pk">,</c>
            <w lemma="og" type="c">og</w>
            <w lemma="oft" type="aa">oft</w>
            <w lemma="nefna" type="sþgven">nefnd</w>
            <w lemma="sem" type="ct">sem</w>
            <w lemma="einn" type="foven">ein</w>
            <w lemma="af" type="af">af</w>
            <w lemma="áhrifamikill" type="lvfþve">áhrifamestu</w>
            <w lemma="kona" type="nvfþ">konum</w>
            <w lemma="heimur" type="nkeeg">heimsins</w>
            <c type="pk">,</c>
            <w lemma="segja" type="sfg3en">segir</w>
            <w lemma="í" type="af">í</w>
            <w lemma="viðtal" type="nheþg">viðtalinu</w>
            <w lemma="að" type="c">að</w>
            <w lemma="Ísland" type="nhen-s">Ísland</w>
            <w lemma="geta" type="svg3en">geti</w>
            <w lemma="hafa" type="sþghen">haft</w>
            <w lemma="mikill" type="lheosf">mikið</w>
            <w lemma="fram" type="aa">fram</w>
            <w lemma="að" type="cn">að</w>
            <w lemma="færa" type="sng">færa</w>
            <w lemma="þegar" type="c">þegar</w>
            <w lemma="koma" type="sfg3en">kemur</w>
            <w lemma="að" type="af">að</w>
            <w lemma="sérfræðiþekking" type="nveþ">sérfræðiþekkingu</w>
            <w lemma="á" type="af">á</w>
            <w lemma="jarðhitanýting" type="nveþ">jarðhitanýtingu</w>
            <w lemma="og" type="c">og</w>
            <w lemma="-rannsókur" type="nkeþg">-rannsóknum</w>
            <c type="pl">.</c>
          </s>
          <s n="3">
            <w lemma="víða" type="aa">Víða</w>
            <w lemma="í" type="af">í</w>
            <w lemma="heimur" type="nkeþg">heiminum</w>
            <c type="pk">,</c>
            <w lemma="ekki" type="aa">ekki</w>
            <w lemma="varla" type="aae">síst</w>
            <w lemma="á" type="af">á</w>
            <w lemma="heimaslóð" type="nvfþ">heimaslóðum</w>
            <w lemma="hún" type="fpvee">hennar</w>
            <w lemma="í" type="af">í</w>
            <w lemma="Indónesía" type="nveþ-s">Indónesíu</w>
            <c type="pk">,</c>
            <w lemma="vera" type="svg3fn">séu</w>
            <w lemma="mikill" type="lvfnsf">miklar</w>
            <w lemma="vannýttur" type="lvfnsf">vannýttar</w>
            <w lemma="jarðhitaauðlind" type="nvfn">jarðhitaauðlindir</w>
            <w lemma="sem" type="ct">sem</w>
            <w lemma="geta" type="svg3fn">geti</w>
            <w lemma="skipta" type="sþghen">skipt</w>
            <w lemma="sköp" type="nhfþ">sköpum</w>
            <w lemma="fyrir" type="af">fyrir</w>
            <w lemma="þróun" type="nveo">þróun</w>
            <w lemma="lífskjör" type="nhfe">lífskjara</w>
            <w lemma="á" type="af">á</w>
            <w lemma="margur" type="lhfþsf">mörgum</w>
            <w lemma="fátækur" type="lhfþsf">fátækum</w>
            <w lemma="svæði" type="nhfþ">svæðum</w>
            <w lemma="í" type="af">í</w>
            <w lemma="Asía" type="nveþ-s">Asíu</w>
            <c type="pl">.</c>
          </s>
          <s n="4">
            <w lemma="indrawati" type="nken">Indrawati</w>
            <w lemma="segja" type="sfg3en">segir</w>
            <w lemma="einnig" type="aa">einnig</w>
            <w lemma="að" type="c">að</w>
            <w lemma="sá" type="faven">sú</w>
            <w lemma="mikill" type="lvenvf">mikla</w>
            <w lemma="þekking" type="nven">þekking</w>
            <w lemma="sem" type="ct">sem</w>
            <w lemma="vera" type="svg3en">sé</w>
            <w lemma="fyrir" type="af">fyrir</w>
            <w lemma="hönd" type="nveþ">hendi</w>
            <w lemma="hér" type="aa">hér</w>
            <w lemma="á" type="af">á</w>
            <w lemma="land" type="nheþ">landi</w>
            <w lemma="þegar" type="c">þegar</w>
            <w lemma="koma" type="sfg3en">kemur</w>
            <w lemma="að" type="af">að</w>
            <w lemma="virkjun" type="nveþ">virkjun</w>
            <w lemma="jarðhiti" type="nkee">jarðhita</w>
            <w lemma="og" type="c">og</w>
            <w lemma="-rannsókni" type="nkfeg">-rannsóknanna</w>
            <w lemma="geta" type="svg3en">geti</w>
            <w lemma="hafa" type="sþghen">haft</w>
            <w lemma="mikill" type="lhfosf">mikil</w>
            <w lemma="áhrif" type="nhfo">áhrif</w>
            <w lemma="á" type="af">á</w>
            <w lemma="gangur" type="nkeo">gang</w>
            <w lemma="mál" type="nhfe">mála</w>
            <w lemma="í" type="af">í</w>
            <w lemma="heimur" type="nkeþg">heiminum</w>
            <w lemma="og" type="c">og</w>
            <w lemma="það" type="fphen">það</w>
            <w lemma="vera" type="svg3en">sé</w>
            <w lemma="mikilvægur" type="lhensf">mikilvægt</w>
            <w lemma="að" type="c">að</w>
            <w lemma="íslenskur" type="lhensf">íslenskt</w>
            <w lemma="hugvit" type="nhen">hugvit</w>
            <w lemma="á" type="af">á</w>
            <w lemma="þessi" type="faheþ">þessu</w>
            <w lemma="svið" type="nheþ">sviði</w>
            <w lemma="vera" type="svg3en">sé</w>
            <w lemma="virkja" type="sþghen">virkjað</w>
            <w lemma="í" type="af">í</w>
            <w lemma="þága" type="nveþ">þágu</w>
            <w lemma="heildarhagsmunir" type="nkfe">heildarhagsmuna</w>
            <w lemma="fyrir" type="af">fyrir</w>
            <w lemma="heimur" type="nkeog">heiminn</w>
            <w lemma="allur" type="fokeo">allan</w>
            <c type="pk">,</c>
            <w lemma="enda" type="c">enda</w>
            <w lemma="einn" type="tfven">ein</w>
            <w lemma="af" type="af">af</w>
            <w lemma="stór" type="lvfþvf">stóru</w>
            <w lemma="spurning" type="nvfþ">spurningum</w>
            <w lemma="alþjóðastjórnmál" type="nhfeg">alþjóðastjórnmálanna</w>
            <w lemma="í" type="af">í</w>
            <w lemma="augnablik" type="nheþg">augnablikinu</w>
            <w lemma="hvernig" type="aa">hvernig</w>
            <w lemma="þjóð" type="nvfn">þjóðir</w>
            <w lemma="heimur" type="nkeeg">heimsins</w>
            <w lemma="eiga" type="svg3fn">eigi</w>
            <w lemma="að" type="cn">að</w>
            <w lemma="draga" type="sng">draga</w>
            <w lemma="úr" type="af">úr</w>
            <w lemma="mengun" type="nveþ">mengun</w>
            <w lemma="en" type="c">en</w>
            <w lemma="um" type="af">um</w>
            <w lemma="leið" type="nveo">leið</w>
            <w lemma="styrkja" type="sng">styrkja</w>
            <w lemma="samkeppnishæfni" type="nveo">samkeppnishæfni</w>
            <w lemma="orkubúskapur" type="nkeeg">orkubúskaparins</w>
            <w lemma="samhliða" type="af">samhliða</w>
            <w lemma="hraður" type="lveþsf">hraðri</w>
            <w lemma="fólksfjölgun" type="nveþ">fólksfjölgun</w>
            <w lemma="á" type="af">á</w>
            <w lemma="margur" type="lhfþsf">mörgum</w>
            <w lemma="svæði" type="nhfþ">svæðum</w>
            <c type="pl">.</c>
          </s>
        </p>
      </div1>
    </body>
  </text>
</TEI>
