<?xml version="1.0" encoding="utf-8"?>
<TEI xmlns="http://www.tei-c.org/ns/1.0">
  <teiHeader>
    <fileDesc>
      <titleStmt>
        <title>
          <title type="main">Allt með kyrrum kjörum á Heklusvæðinu</title>
        </title>
        <respStmt>
          <resp xml:lang="is">Söfnun og úrvinnsla texta</resp>
          <resp xml:lang="en">Collection and processing of text</resp>
          <name xml:lang="is">Stofnun Árna Magnússonar í íslenskum fræðum</name>
          <name xml:lang="en">The Arni Magnusson Institute for Icelandic Studies</name>
        </respStmt>
      </titleStmt>
      <editionStmt>
        <p xml:lang="is">Íslensk risamálheild (2019)</p>
        <p xml:lang="en">Tagged Icelandic Gigaword Corpus (2019)</p>
      </editionStmt>
      <publicationStmt>
        <distributor xml:lang="is">Stofnun Árna Magnússonar í íslenskum fræðum</distributor>
        <distributor xml:lang="en">The Arni Magnusson Institute for Icelandic Studies</distributor>
        <address>
          <addrLine xml:lang="is">Árnagarður við Suðurgötu, 107 Reykjavík, Íslandi</addrLine>
          <addrLine xml:lang="en">Árnagarður Suðurgata, 107 Reykjavik, Iceland</addrLine>
          <addrLine>
            <email>arnastofnun@arnastofnun.is</email>
          </addrLine>
        </address>
        <idno type="risam">G-25-2542399</idno>
        <availability>
          <p xml:lang="is">Þessi texti er til notkunar í málrannsóknum og máltækniverkefnum um allan heim með sérstöku leyfi, sjá rmh2Hdr.xml</p>
          <p xml:lang="en">This text is available for use in language research and language technology projects world wide with a special license, see rmh2Hdr.xml</p>
        </availability>
        <date>2020-05-26</date>
      </publicationStmt>
      <sourceDesc>
        <biblStruct>
          <analytic>
            <title>
              <title type="main">Allt með kyrrum kjörum á Heklusvæðinu</title>
            </title>
            <date when="2013-03-27T08:00:00">27.03 2013 kl. 08:00:00</date>
          </analytic>
          <monogr>
            <title>Bylgjan</title>
            <imprint>
              <publisher>365 miðlar hf.</publisher>
              <pubPlace>Reykjavík</pubPlace>
            </imprint>
          </monogr>
        </biblStruct>
      </sourceDesc>
    </fileDesc>
    <encodingDesc>
      <projectDesc>
        <p xml:lang="is">Sjá lýsingu á verkefninu í rmh2Hdr.xml.</p>
        <p xml:lang="en">See description of project in rmh2Hdr.xml.</p>
      </projectDesc>
      <tagsDecl>
        <namespace name="http://www.tei-c.org/ns/1.0">
          <tagUsage gi="text" occurs="1"/>
          <tagUsage gi="body" occurs="1"/>
          <tagUsage gi="div1" occurs="1"/>
          <tagUsage gi="p" occurs="1"/>
          <tagUsage gi="s" occurs="4"/>
          <tagUsage gi="w" occurs="83"/>
          <tagUsage gi="c" occurs="4"/>
        </namespace>
      </tagsDecl>
    </encodingDesc>
    <profileDesc>
     <textClass>
      <keywords scheme="#RMH">
       <list>
        <item>Frétt – almennt</item>
       </list>
      </keywords>
     </textClass>
    </profileDesc>
  </teiHeader>
  <text>
    <body>
      <div1>
        <p n="1">
          <s n="1">
            <w lemma="allur" type="fohen">Allt</w>
            <w lemma="vera" type="sfg3eþ">var</w>
            <w lemma="með" type="af">með</w>
            <w lemma="kyrr" type="lhfþsf">kyrrum</w>
            <w lemma="kjör" type="nhfþ">kjörum</w>
            <w lemma="á" type="af">á</w>
            <w lemma="Heklusvæðið" type="nheþgs">Heklusvæðinu</w>
            <w lemma="í" type="af">í</w>
            <w lemma="nótt" type="nveo">nótt</w>
            <w lemma="nema" type="c">nema</w>
            <w lemma="hvar" type="aa">hvar</w>
            <w lemma="þar" type="aa">þar</w>
            <w lemma="mæla" type="sfm3eþ">mældist</w>
            <w lemma="einn" type="tfken">einn</w>
            <w lemma="smáskjálfti" type="nken">smáskjálfti</w>
            <w lemma="upp" type="aa">upp</w>
            <w lemma="á" type="af">á</w>
            <w lemma="0,4" type="ta">0,4</w>
            <w lemma="stig" type="nhfo">stig</w>
            <c type="pl">.</c>
          </s>
          <s n="2">
            <w lemma="óvissuástand" type="nhen">Óvissuástand</w>
            <w lemma="Almannavarnir" type="nvfe-s">Almannavarna</w>
            <w lemma="vegna" type="af">vegna</w>
            <w lemma="eldgosahætta" type="nvee">eldgosahættu</w>
            <w lemma="vera" type="sfg3en">er</w>
            <w lemma="enn" type="aa">enn</w>
            <w lemma="í" type="af">í</w>
            <w lemma="gildi" type="nheþ">gildi</w>
            <w lemma="en" type="c">en</w>
            <w lemma="verða" type="sfg3en">verður</w>
            <w lemma="endurskoða" type="sþghen">endurskoðað</w>
            <w lemma="í" type="af">í</w>
            <w lemma="dagur" type="nkeo">dag</w>
            <c type="pl">.</c>
          </s>
          <s n="3">
            <w lemma="hækka" type="sþghen">Hækkað</w>
            <w lemma="eftirlitsgjald" type="nhen">eftirlitsgjald</w>
            <w lemma="Veðurstofa" type="nveegs">Veðurstofunnar</w>
            <w lemma="vera" type="sfg3en">er</w>
            <w lemma="líka" type="aa">líka</w>
            <w lemma="í" type="af">í</w>
            <w lemma="gildi" type="nheþ">gildi</w>
            <w lemma="og" type="c">og</w>
            <w lemma="vera" type="sfg3en">er</w>
            <w lemma="nú" type="aa">nú</w>
            <w lemma="búinn" type="lhensf">búið</w>
            <w lemma="að" type="cn">að</w>
            <w lemma="koma" type="sng">koma</w>
            <w lemma="fyrir" type="af">fyrir</w>
            <w lemma="sérstakur" type="lkeþsf">sérstökum</w>
            <w lemma="gasmælir" type="nkeþ">gasmæli</w>
            <w lemma="á" type="af">á</w>
            <w lemma="fjall" type="nheþg">fjallinu</w>
            <w lemma="á" type="aa">á</w>
            <w lemma="ný" type="aa">ný</w>
            <w lemma="en" type="c">en</w>
            <w lemma="viss" type="lvfnsf">vissar</w>
            <w lemma="breyting" type="nvfn">breytingar</w>
            <w lemma="á" type="af">á</w>
            <w lemma="efnainnihald" type="nheþ">efnainnihaldi</w>
            <w lemma="gastegund" type="nvfe">gastegunda</w>
            <w lemma="vera" type="sfg3fn">eru</w>
            <w lemma="fyrirboði" type="nkfn">fyrirboðar</w>
            <w lemma="eldgos" type="nhfe">eldgosa</w>
            <c type="pl">.</c>
          </s>
          <s n="4">
            <w lemma="gasmælingur" type="nkfn">Gasmælingar</w>
            <w lemma="í" type="af">í</w>
            <w lemma="fyrri" type="lheovm">fyrra</w>
            <w lemma="gefa" type="sfg3fþ">gáfu</w>
            <w lemma="til" type="af">til</w>
            <w lemma="kynni" type="nhfe">kynna</w>
            <w lemma="að" type="c">að</w>
            <w lemma="á" type="af">á</w>
            <w lemma="10" type="ta">10</w>
            <w lemma="til" type="aa">til</w>
            <w lemma="15" type="ta">15</w>
            <w lemma="kílómetri" type="nkfe">kílómetra</w>
            <w lemma="dýpi" type="nheo">dýpi</w>
            <w lemma="undir" type="af">undir</w>
            <w lemma="Hekla" type="nveþ-s">Heklu</w>
            <w lemma="vera" type="svg3en">sé</w>
            <w lemma="kvikuhólf" type="nhen">kvikuhólf</w>
            <w lemma="sem" type="ct">sem</w>
            <w lemma="stækka" type="svg3en">stækki</w>
            <w lemma="jafnt" type="aa">jafnt</w>
            <w lemma="og" type="c">og</w>
            <w lemma="þétt" type="aa">þétt</w>
            <c type="pl">.</c>
          </s>
        </p>
      </div1>
    </body>
  </text>
</TEI>
