<?xml version="1.0" encoding="utf-8"?>
<TEI xmlns="http://www.tei-c.org/ns/1.0">
  <teiHeader>
    <fileDesc>
      <titleStmt>
        <title>
          <title type="main">Geðdeild annar ekki sjúklingum</title>
        </title>
        <respStmt>
          <resp xml:lang="is">Söfnun og úrvinnsla texta</resp>
          <resp xml:lang="en">Collection and processing of text</resp>
          <name xml:lang="is">Stofnun Árna Magnússonar í íslenskum fræðum</name>
          <name xml:lang="en">The Arni Magnusson Institute for Icelandic Studies</name>
        </respStmt>
      </titleStmt>
      <editionStmt>
        <p xml:lang="is">Íslensk risamálheild (2019)</p>
        <p xml:lang="en">Tagged Icelandic Gigaword Corpus (2019)</p>
      </editionStmt>
      <publicationStmt>
        <distributor xml:lang="is">Stofnun Árna Magnússonar í íslenskum fræðum</distributor>
        <distributor xml:lang="en">The Arni Magnusson Institute for Icelandic Studies</distributor>
        <address>
          <addrLine xml:lang="is">Árnagarður við Suðurgötu, 107 Reykjavík, Íslandi</addrLine>
          <addrLine xml:lang="en">Árnagarður Suðurgata, 107 Reykjavik, Iceland</addrLine>
          <addrLine>
            <email>arnastofnun@arnastofnun.is</email>
          </addrLine>
        </address>
        <idno type="risam">G-25-2544533</idno>
        <availability>
          <p xml:lang="is">Þessi texti er til notkunar í málrannsóknum og máltækniverkefnum um allan heim með sérstöku leyfi, sjá rmh2Hdr.xml</p>
          <p xml:lang="en">This text is available for use in language research and language technology projects world wide with a special license, see rmh2Hdr.xml</p>
        </availability>
        <date>2020-05-26</date>
      </publicationStmt>
      <sourceDesc>
        <biblStruct>
          <analytic>
            <title>
              <title type="main">Geðdeild annar ekki sjúklingum</title>
            </title>
            <date when="2013-03-08T12:00:00">08.03 2013 kl. 12:00:00</date>
          </analytic>
          <monogr>
            <title>Bylgjan</title>
            <imprint>
              <publisher>365 miðlar hf.</publisher>
              <pubPlace>Reykjavík</pubPlace>
            </imprint>
          </monogr>
        </biblStruct>
      </sourceDesc>
    </fileDesc>
    <encodingDesc>
      <projectDesc>
        <p xml:lang="is">Sjá lýsingu á verkefninu í rmh2Hdr.xml.</p>
        <p xml:lang="en">See description of project in rmh2Hdr.xml.</p>
      </projectDesc>
      <tagsDecl>
        <namespace name="http://www.tei-c.org/ns/1.0">
          <tagUsage gi="text" occurs="1"/>
          <tagUsage gi="body" occurs="1"/>
          <tagUsage gi="div1" occurs="1"/>
          <tagUsage gi="p" occurs="5"/>
          <tagUsage gi="s" occurs="15"/>
          <tagUsage gi="w" occurs="321"/>
          <tagUsage gi="c" occurs="33"/>
        </namespace>
      </tagsDecl>
    </encodingDesc>
    <profileDesc>
     <textClass>
      <keywords scheme="#RMH">
       <list>
        <item>Frétt – almennt</item>
       </list>
      </keywords>
     </textClass>
    </profileDesc>
  </teiHeader>
  <text>
    <body>
      <div1>
        <p n="1">
          <s n="1">
            <w lemma="geðdeild" type="nven">Geðdeild</w>
            <w lemma="Fjórðungssjúkrahús" type="nheegs">Fjórðungssjúkrahússins</w>
            <w lemma="á" type="af">á</w>
            <w lemma="Akureyri" type="nveþ-s">Akureyri</w>
            <w lemma="annar" type="foken">annar</w>
            <w lemma="ekki" type="aa">ekki</w>
            <w lemma="sá" type="fakfþ">þeim</w>
            <w lemma="sjúklingur" type="nkfþ">sjúklingum</w>
            <w lemma="sem" type="ct">sem</w>
            <w lemma="þurfa" type="sfg3fn">þurfa</w>
            <w lemma="á" type="af">á</w>
            <w lemma="þjónusta" type="nveþg">þjónustunni</w>
            <w lemma="að" type="cn">að</w>
            <w lemma="halda" type="sng">halda</w>
            <c type="pl">.</c>
          </s>
          <s n="2">
            <w lemma="ástæða" type="nveng">Ástæðan</w>
            <w lemma="vera" type="sfg3en">er</w>
            <w lemma="stórauka" type="sþgven">stóraukin</w>
            <w lemma="eftirspurn" type="nven">eftirspurn</w>
            <w lemma="síðari" type="lhfove">síðustu</w>
            <w lemma="ár" type="nhfo">ár</w>
            <w lemma="og" type="c">og</w>
            <w lemma="viðvarandi" type="lkenof">viðvarandi</w>
            <w lemma="fjárskortur" type="nken">fjárskortur</w>
            <c type="pl">.</c>
          </s>
          <s n="3">
            <w lemma="sjúkling" type="nvfþ">Sjúklingum</w>
            <w lemma="með" type="af">með</w>
            <w lemma="kvíðaröskun" type="nvfo">kvíðaraskanir</w>
            <w lemma="og" type="c">og</w>
            <w lemma="þunglyndissjúkdóma" type="nven">þunglyndissjúkdóma</w>
            <w lemma="hafa" type="sfg3en">hefur</w>
            <w lemma="fjölga" type="sþghen">fjölgað</w>
            <w lemma="töluvert" type="aa">töluvert</w>
            <w lemma="eftir" type="af">eftir</w>
            <w lemma="hrun" type="nheo">hrun</w>
            <c type="pl">.</c>
          </s>
        </p>
        <p n="2">
          <s n="1">
            <w lemma="göngudeildarþjónusta" type="nven">Göngudeildarþjónusta</w>
            <w lemma="geðdeild" type="nvee">geðdeildar</w>
            <w lemma="á" type="af">á</w>
            <w lemma="Fjórðungssjúkrahús" type="nheþgs">Fjórðungssjúkrahúsinu</w>
            <w lemma="á" type="af">á</w>
            <w lemma="Akureyri" type="nveþ-s">Akureyri</w>
            <w lemma="hafa" type="sfg3en">hefur</w>
            <w lemma="ekki" type="aa">ekki</w>
            <w lemma="geta" type="sþghen">getað</w>
            <w lemma="anna" type="sþghen">annað</w>
            <w lemma="eftirspurn" type="nveþ">eftirspurn</w>
            <w lemma="undanfarinn" type="lkfosf">undanfarna</w>
            <w lemma="mánuður" type="nkfo">mánuði</w>
            <w lemma="og" type="c">og</w>
            <w lemma="því" type="aa">því</w>
            <w lemma="þurfa" type="sþghen">þurft</w>
            <w lemma="að" type="cn">að</w>
            <w lemma="forgangsraða" type="sng">forgangsraða</w>
            <c type="pl">.</c>
          </s>
          <s n="2">
            <w lemma="sjúklingur" type="nkfn">Sjúklingar</w>
            <w lemma="með" type="af">með</w>
            <w lemma="alvarlegur" type="lhfnve">alvarlegustu</w>
            <w lemma="veikindi" type="nhfog">veikindin</w>
            <w lemma="fá" type="sfg3fn">fá</w>
            <w lemma="þjónusta" type="nveo">þjónustu</w>
            <w lemma="fyrirvaralaust" type="aa">fyrirvaralaust</w>
            <w lemma="enda" type="c">enda</w>
            <w lemma="vera" type="sfg3en">er</w>
            <w lemma="bráðaþjónusta" type="nven">bráðaþjónusta</w>
            <w lemma="sjúkrahús" type="nheeg">sjúkrahússins</w>
            <w lemma="óbreyttur" type="lvensf">óbreytt</w>
            <c type="pl">.</c>
          </s>
          <s n="3">
            <w lemma="viðtal" type="nhfþ">Viðtölum</w>
            <w lemma="á" type="af">á</w>
            <w lemma="göngudeild" type="nveþ">göngudeild</w>
            <w lemma="hafa" type="sfg3en">hefur</w>
            <w lemma="hinn" type="fakee">hins</w>
            <w lemma="vegur" type="nkee">vegar</w>
            <w lemma="fjölga" type="sþghen">fjölgað</w>
            <w lemma="jafnt" type="aa">jafnt</w>
            <w lemma="og" type="c">og</w>
            <w lemma="þétt" type="aa">þétt</w>
            <c type="pk">,</c>
            <w lemma="vera" type="sfg3fþ">voru</w>
            <w lemma="um" type="aa">um</w>
            <w lemma="þrír" type="to">þrjú</w>
            <w lemma="þúsund" type="tfhfn">þúsund</w>
            <w lemma="ár" type="nheog">árið</w>
            <w lemma="2005" type="ta">2005</w>
            <w lemma="en" type="c">en</w>
            <w lemma="fjórir" type="to">fjögur</w>
            <w lemma="þúsund" type="tfhfn">þúsund</w>
            <w lemma="og" type="c">og</w>
            <w lemma="fimm" type="to">fimm</w>
            <w lemma="hundruð" type="tfhfn">hundruð</w>
            <w lemma="ár" type="nheog">árið</w>
            <w lemma="2011" type="ta">2011</w>
            <c type="pl">.</c>
          </s>
          <s n="4">
            <w lemma="Gróa" type="nven-s">Gróa</w>
            <w lemma="Björk" type="nven-s">Björk</w>
            <w lemma="Jóhannesdóttir" type="nven-s">Jóhannesdóttir</w>
            <c type="pk">,</c>
            <w lemma="framkvæmdastjóri" type="nken">framkvæmdastjóri</w>
            <w lemma="lyflækningasvið" type="nhee">lyflækningasviðs</w>
            <c type="pk">,</c>
            <w lemma="segja" type="sfg3en">segir</w>
            <w lemma="eftirspurn" type="nven">eftirspurn</w>
            <w lemma="eftir" type="af">eftir</w>
            <w lemma="geðdeildarþjónusta" type="nveo">geðdeildarþjónustu</w>
            <w lemma="hafa" type="sng">hafa</w>
            <w lemma="stórauka" type="sþmhen">stóraukist</w>
            <w lemma="eftir" type="af">eftir</w>
            <w lemma="hrun" type="nheo">hrun</w>
            <c type="pl">.</c>
          </s>
        </p>
        <p n="3">
          <s n="1">
            <w lemma="Gróa" type="nven-s">Gróa</w>
            <w lemma="Björk" type="nven-s">Björk</w>
            <w lemma="Jóhannesdóttir" type="nven-s">Jóhannesdóttir</w>
            <c type="pk">,</c>
            <w lemma="framkvæmdastjóri" type="nken">framkvæmdastjóri</w>
            <w lemma="lyflækningasvið" type="nhee">lyflækningasviðs</w>
            <c type="pa">:</c>
            <w lemma="þessi" type="fahen">Þetta</w>
            <w lemma="sjá" type="sfm3eþ">sást</w>
            <w lemma="í" type="af">í</w>
            <w lemma="Finnland" type="nheþ-s">Finnlandi</w>
            <w lemma="eftir" type="af">eftir</w>
            <w lemma="hrun" type="nheog">hrunið</w>
            <w lemma="hjá" type="af">hjá</w>
            <w lemma="það" type="fphfþ">þeim</w>
            <w lemma="að" type="af">að</w>
            <w lemma="nokkur" type="fohfþ">nokkrum</w>
            <w lemma="ár" type="nhfþ">árum</w>
            <w lemma="eftir" type="af">eftir</w>
            <w lemma="hrun" type="nheog">hrunið</w>
            <w lemma="að" type="c">að</w>
            <w lemma="þá" type="aa">þá</w>
            <w lemma="koma" type="sfg3eþ">kom</w>
            <w lemma="mikill" type="lvensf">mikil</w>
            <c type="pk">,</c>
            <w lemma="mikið" type="aa">mikið</w>
            <w lemma="aukinn" type="lvensf">aukin</w>
            <w lemma="eftirspurn" type="nven">eftirspurn</w>
            <c type="pl">.</c>
          </s>
          <s n="2">
            <w lemma="það" type="fphen">Það</w>
            <w lemma="vera" type="sfg3fn">eru</w>
            <w lemma="kvíðasjúkdómur" type="nkfn">kvíðasjúkdómar</w>
            <w lemma="og" type="c">og</w>
            <w lemma="þunglyndisröskun" type="nvfn">þunglyndisraskanir</w>
            <w lemma="sem" type="ct">sem</w>
            <w lemma="hafa" type="sfg3fn">hafa</w>
            <w lemma="auka" type="sþmhen">aukist</w>
            <w lemma="umtalsvert" type="aa">umtalsvert</w>
            <c type="pl">.</c>
          </s>
          <s n="3">
            <w lemma="ég" type="fp1fn">Við</w>
            <w lemma="sjá" type="sfg1fn">sjáum</w>
            <w lemma="líka" type="aa">líka</w>
            <w lemma="að" type="aa">að</w>
            <c type="pk">,</c>
            <w lemma="að" type="c">að</w>
            <w lemma="það" type="fphen">það</w>
            <w lemma="muna" type="sfg3en">munar</w>
            <w lemma="mikill" type="lheþsf">miklu</w>
            <w lemma="um" type="af">um</w>
            <w lemma="það" type="fpheo">það</w>
            <w lemma="þegar" type="c">þegar</w>
            <w lemma="heilsugæsla" type="nveng">heilsugæslan</w>
            <w lemma="hafa" type="sfg3en">hefur</w>
            <w lemma="ekki" type="aa">ekki</w>
            <w lemma="fullur" type="lveosf">fulla</w>
            <w lemma="mönnun" type="nveo">mönnun</w>
            <w lemma="eins" type="aa">eins</w>
            <w lemma="og" type="c">og</w>
            <w lemma="vera" type="sfg3en">er</w>
            <w lemma="núna" type="aa">núna</w>
            <w lemma="á" type="af">á</w>
            <w lemma="Akureyri" type="nveþ-s">Akureyri</w>
            <c type="pk">,</c>
            <w lemma="að" type="c">að</w>
            <w lemma="þá" type="aa">þá</w>
            <w lemma="vera" type="sfg3en">er</w>
            <w lemma="mikill" type="lvenvm">meiri</w>
            <w lemma="vísa" type="sþghen">vísað</w>
            <w lemma="áfram" type="aa">áfram</w>
            <c type="pl">.</c>
          </s>
          <s n="4">
            <w lemma="nú" type="aa">Nú</w>
            <w lemma="vera" type="sfg3en">er</w>
            <w lemma="bara" type="aa">bara</w>
            <w lemma="staða" type="nveng">staðan</w>
            <w lemma="sá" type="faven">sú</w>
            <w lemma="að" type="c">að</w>
            <c type="pk">,</c>
            <w lemma="að" type="c">að</w>
            <w lemma="ég" type="fp1fn">við</w>
            <w lemma="anna" type="sfg1fn">önnum</w>
            <w lemma="ekki" type="aa">ekki</w>
            <w lemma="allur" type="fovfþ">öllum</w>
            <w lemma="sá" type="favfþ">þeim</w>
            <w lemma="tilvísun" type="nvfþ">tilvísunum</w>
            <w lemma="sem" type="ct">sem</w>
            <w lemma="til" type="af">til</w>
            <w lemma="deild" type="nveeg">deildarinnar</w>
            <w lemma="bera" type="sfg3fn">bera</w>
            <w lemma="og" type="c">og</w>
            <w lemma="svo" type="aa">svo</w>
            <w lemma="hafa" type="sfg3fn">hafa</w>
            <w lemma="vera" type="sþghen">verið</w>
            <w lemma="viss" type="lkfnsf">vissir</w>
            <w lemma="mönnunarerfiðleikar" type="nkfn">mönnunarerfiðleikar</w>
            <c type="pk">,</c>
            <w lemma="að" type="c">að</w>
            <w lemma="það" type="fphen">það</w>
            <w lemma="hafa" type="sfg3en">hefur</w>
            <w lemma="skortur" type="nkeo">skort</w>
            <w lemma="á" type="aa">á</w>
            <c type="pk">,</c>
            <w lemma="í" type="af">í</w>
            <w lemma="læknalið" type="nheog">læknaliðið</w>
            <w lemma="þannig" type="aa">þannig</w>
            <w lemma="að" type="c">að</w>
            <w lemma="ég" type="fp1fn">við</w>
            <w lemma="hafa" type="svg1fn">höfum</w>
            <w lemma="ekki" type="aa">ekki</w>
            <w lemma="geta" type="sþghen">getað</w>
            <w lemma="veita" type="sþghen">veitt</w>
            <w lemma="alveg" type="aa">alveg</w>
            <w lemma="fullur" type="lveosf">fulla</w>
            <w lemma="þjónusta" type="nveo">þjónustu</w>
            <w lemma="eins" type="aa">eins</w>
            <w lemma="og" type="c">og</w>
            <w lemma="ég" type="fp1fn">við</w>
            <w lemma="vilja" type="svg1fþ">vildum</w>
            <w lemma="hafa" type="sng">hafa</w>
            <c type="pl">.</c>
          </s>
          <s n="5">
            <w lemma="og" type="c">Og</w>
            <w lemma="þannig" type="aa">þannig</w>
            <w lemma="vera" type="sfg3fn">eru</w>
            <w lemma="þá" type="aa">þá</w>
            <w lemma="að" type="cn">að</w>
            <w lemma="skapa" type="snm">skapast</w>
            <w lemma="biðlisti" type="nkfn">biðlistar</w>
            <c type="pl">.</c>
          </s>
          <s n="6">
            <w lemma="þessi" type="fahen">Þetta</w>
            <w lemma="skapa" type="sfg3en">skapar</w>
            <w lemma="talsverður" type="lheosf">talsvert</w>
            <w lemma="vandræði" type="nhfo">vandræði</w>
            <w lemma="út" type="aa">út</w>
            <w lemma="í" type="af">í</w>
            <w lemma="samfélag" type="nheþg">samfélaginu</w>
            <w lemma="að" type="aa">að</w>
            <c type="pk">,</c>
            <w lemma="að" type="c">að</w>
            <w lemma="náttúrlega" type="aa">náttúrlega</w>
            <w lemma="vera" type="sfg3en">er</w>
            <w lemma="forgangsraða" type="sþghen">forgangsraðað</w>
            <w lemma="þannig" type="aa">þannig</w>
            <w lemma="að" type="c">að</w>
            <w lemma="sá" type="fakfn">þeir</w>
            <w lemma="sem" type="ct">sem</w>
            <w lemma="vera" type="sfg3fn">eru</w>
            <w lemma="veikur" type="lkfnse">veikastir</w>
            <w lemma="fá" type="sfg3fn">fá</w>
            <w lemma="þjónusta" type="nveo">þjónustu</w>
            <w lemma="snemma" type="aae">fyrst</w>
            <w lemma="en" type="c">en</w>
            <w lemma="fara" type="svg3fn">fari</w>
            <w lemma="þá" type="aa">þá</w>
            <w lemma="aftur" type="aa">aftur</w>
            <w lemma="á" type="aa">á</w>
            <w lemma="móti" type="aa">móti</w>
            <w lemma="annar" type="fokfn">aðrir</w>
            <w lemma="sem" type="ct">sem</w>
            <w lemma="hafa" type="sfg3fn">hafa</w>
            <w lemma="þurfa" type="sþghen">þurft</w>
            <c type="pk">,</c>
            <w lemma="eða" type="c">eða</w>
            <w lemma="hafa" type="sfg3fn">hafa</w>
            <w lemma="fá" type="sþghen">fengið</w>
            <w lemma="langur" type="lkeosf">langan</w>
            <w lemma="biðtími" type="nkeo">biðtíma</w>
            <w lemma="og" type="c">og</w>
            <w lemma="sem" type="ct">sem</w>
            <w lemma="hérna" type="aa">hérna</w>
            <c type="pk">,</c>
            <w lemma="fólk" type="nhen">fólk</w>
            <w lemma="vera" type="sfg3en">er</w>
            <w lemma="ósáttur" type="lhensf">ósátt</w>
            <w lemma="við" type="af">við</w>
            <w lemma="að" type="cn">að</w>
            <w lemma="þurfa" type="sng">þurfa</w>
            <w lemma="að" type="cn">að</w>
            <w lemma="bíða" type="sng">bíða</w>
            <w lemma="lengi" type="aa">lengi</w>
          </s>
        </p>
        <p n="4">
          <s n="1">
            <w lemma="en" type="c">En</w>
            <w lemma="hver" type="fsheo">hvað</w>
            <w lemma="þurfa" type="svg3eþ">þyrfti</w>
            <w lemma="geðdeild" type="nveng">geðdeildin</w>
            <w lemma="til" type="af">til</w>
            <w lemma="að" type="cn">að</w>
            <w lemma="anna" type="sng">anna</w>
            <w lemma="allur" type="fokfþ">öllum</w>
            <w lemma="sá" type="fakfþ">þeim</w>
            <w lemma="sjúklingur" type="nkfþ">sjúklingum</w>
            <w lemma="sem" type="ct">sem</w>
            <w lemma="þangað" type="aa">þangað</w>
            <w lemma="leita" type="sfg3fn">leita</w>
            <c type="pl">?</c>
          </s>
        </p>
        <p n="5">
          <s n="1">
            <w lemma="Gróa" type="nven-s">Gróa</w>
            <w lemma="Björk" type="nven-s">Björk</w>
            <w lemma="Jóhannesdóttir" type="nven-s">Jóhannesdóttir</w>
            <c type="pa">:</c>
            <w lemma="ja" type="au">Ja</w>
            <c type="pk">,</c>
            <w lemma="ég" type="fp1fn">við</w>
            <w lemma="þurfa" type="svg1fþ">þyrftum</w>
            <w lemma="að" type="cn">að</w>
            <w lemma="fá" type="sng">fá</w>
            <w lemma="allavgi" type="nkeo">allavga</w>
            <w lemma="einn" type="tfkeo">einn</w>
            <w lemma="geðlæknir" type="nkeo">geðlækni</w>
            <w lemma="til" type="af">til</w>
            <w lemma="viðbót" type="nvee">viðbótar</w>
            <w lemma="til" type="af">til</w>
            <w lemma="starf" type="nhfe">starfa</w>
            <w lemma="og" type="c">og</w>
            <w lemma="ég" type="fp1fn">við</w>
            <w lemma="þurfa" type="svg1fþ">þyrftum</w>
            <w lemma="að" type="cn">að</w>
            <w lemma="fá" type="sng">fá</w>
            <w lemma="inn" type="aa">inn</w>
            <w lemma="sálfræðingur" type="nkfo">sálfræðinga</w>
            <c type="pk">,</c>
            <w lemma="ég" type="fp1fn">við</w>
            <w lemma="þurfa" type="svg1fþ">þyrftum</w>
            <w lemma="að" type="cn">að</w>
            <w lemma="fá" type="sng">fá</w>
            <w lemma="inn" type="aa">inn</w>
            <w lemma="fleir" type="nkeo">fleir</w>
            <w lemma="iðþjálfari" type="nkfe">iðþjálfara</w>
            <w lemma="og" type="c">og</w>
            <w lemma="ég" type="fp1fn">við</w>
            <w lemma="þurfa" type="svg1fþ">þyrftum</w>
            <w lemma="að" type="cn">að</w>
            <w lemma="fá" type="sng">fá</w>
            <w lemma="góður" type="lheovm">betra</w>
            <w lemma="húsrými" type="nheo">húsrými</w>
            <w lemma="fyrir" type="af">fyrir</w>
            <w lemma="legudeild" type="nveog">legudeildina</w>
            <c type="pk">,</c>
            <w lemma="stór" type="lheovm">stærra</w>
            <w lemma="húsrými" type="nheo">húsrými</w>
            <w lemma="og" type="c">og</w>
            <c type="pk">,</c>
            <w lemma="og" type="c">og</w>
            <w lemma="margur" type="lkfovm">fleiri</w>
            <w lemma="hjúkrunarfræðingur" type="nkfe">hjúkrunarfræðinga</w>
            <w lemma="inn" type="aa">inn</w>
            <w lemma="þar" type="aa">þar</w>
            <c type="pl">.</c>
          </s>
        </p>
      </div1>
    </body>
  </text>
</TEI>
