<?xml version="1.0" encoding="utf-8"?>
<TEI xmlns="http://www.tei-c.org/ns/1.0">
  <teiHeader>
    <fileDesc>
      <titleStmt>
        <title>
          <title type="main">Kýpur - Þingmenn boðaðir á neyðarfund</title>
        </title>
        <respStmt>
          <resp xml:lang="is">Söfnun og úrvinnsla texta</resp>
          <resp xml:lang="en">Collection and processing of text</resp>
          <name xml:lang="is">Stofnun Árna Magnússonar í íslenskum fræðum</name>
          <name xml:lang="en">The Arni Magnusson Institute for Icelandic Studies</name>
        </respStmt>
      </titleStmt>
      <editionStmt>
        <p xml:lang="is">Íslensk risamálheild (2019)</p>
        <p xml:lang="en">Tagged Icelandic Gigaword Corpus (2019)</p>
      </editionStmt>
      <publicationStmt>
        <distributor xml:lang="is">Stofnun Árna Magnússonar í íslenskum fræðum</distributor>
        <distributor xml:lang="en">The Arni Magnusson Institute for Icelandic Studies</distributor>
        <address>
          <addrLine xml:lang="is">Árnagarður við Suðurgötu, 107 Reykjavík, Íslandi</addrLine>
          <addrLine xml:lang="en">Árnagarður Suðurgata, 107 Reykjavik, Iceland</addrLine>
          <addrLine>
            <email>arnastofnun@arnastofnun.is</email>
          </addrLine>
        </address>
        <idno type="risam">G-25-2545819</idno>
        <availability>
          <p xml:lang="is">Þessi texti er til notkunar í málrannsóknum og máltækniverkefnum um allan heim með sérstöku leyfi, sjá rmh2Hdr.xml</p>
          <p xml:lang="en">This text is available for use in language research and language technology projects world wide with a special license, see rmh2Hdr.xml</p>
        </availability>
        <date>2020-05-26</date>
      </publicationStmt>
      <sourceDesc>
        <biblStruct>
          <analytic>
            <title>
              <title type="main">Kýpur - Þingmenn boðaðir á neyðarfund</title>
            </title>
            <date when="2013-03-18T12:00:00">18.03 2013 kl. 12:00:00</date>
          </analytic>
          <monogr>
            <title>Bylgjan</title>
            <imprint>
              <publisher>365 miðlar hf.</publisher>
              <pubPlace>Reykjavík</pubPlace>
            </imprint>
          </monogr>
        </biblStruct>
      </sourceDesc>
    </fileDesc>
    <encodingDesc>
      <projectDesc>
        <p xml:lang="is">Sjá lýsingu á verkefninu í rmh2Hdr.xml.</p>
        <p xml:lang="en">See description of project in rmh2Hdr.xml.</p>
      </projectDesc>
      <tagsDecl>
        <namespace name="http://www.tei-c.org/ns/1.0">
          <tagUsage gi="text" occurs="1"/>
          <tagUsage gi="body" occurs="1"/>
          <tagUsage gi="div1" occurs="1"/>
          <tagUsage gi="p" occurs="1"/>
          <tagUsage gi="s" occurs="2"/>
          <tagUsage gi="w" occurs="36"/>
          <tagUsage gi="c" occurs="2"/>
        </namespace>
      </tagsDecl>
    </encodingDesc>
    <profileDesc>
     <textClass>
      <keywords scheme="#RMH">
       <list>
        <item>Frétt – almennt</item>
       </list>
      </keywords>
     </textClass>
    </profileDesc>
  </teiHeader>
  <text>
    <body>
      <div1>
        <p n="1">
          <s n="1">
            <w lemma="þingmaður" type="nkfn">Þingmenn</w>
            <w lemma="á" type="af">á</w>
            <w lemma="Kýpur" type="nveþ-s">Kýpur</w>
            <w lemma="hafa" type="sfg3fn">hafa</w>
            <w lemma="vera" type="sþghen">verið</w>
            <w lemma="boða" type="sþgkfn">boðaðir</w>
            <w lemma="á" type="af">á</w>
            <w lemma="neyðarfundur" type="nkeo">neyðarfund</w>
            <w lemma="í" type="af">í</w>
            <w lemma="dagur" type="nkeo">dag</w>
            <w lemma="þar" type="aa">þar</w>
            <w lemma="sem" type="c">sem</w>
            <w lemma="samkomulag" type="nhen">samkomulag</w>
            <w lemma="um" type="aa">um</w>
            <w lemma="10" type="ta">10</w>
            <w lemma="milljarður" type="nkfo">milljarða</w>
            <w lemma="evra" type="nvfe">evra</w>
            <w lemma="neyðarlán" type="nhfo">neyðarlán</w>
            <w lemma="frá" type="af">frá</w>
            <w lemma="Alþjóðagjaldeyrissjóður" type="nkeþgs">Alþjóðagjaldeyrissjóðnum</w>
            <w lemma="og" type="c">og</w>
            <w lemma="evruríkja" type="nvfþg">evruríkjunum</w>
            <w lemma="verða" type="sfg3en">verður</w>
            <w lemma="ræða" type="sþghen">rætt</w>
            <c type="pl">.</c>
          </s>
          <s n="2">
            <w lemma="kýpur" type="nven">Kýpur</w>
            <w lemma="ramba" type="sfg3en">rambar</w>
            <w lemma="á" type="af">á</w>
            <w lemma="barmur" type="nkeþ">barmi</w>
            <w lemma="gjaldþrot" type="nhee">gjaldþrots</w>
            <w lemma="og" type="c">og</w>
            <w lemma="hafa" type="sfg3en">hefur</w>
            <w lemma="forseti" type="nken">forseti</w>
            <w lemma="land" type="nheeg">landsins</w>
            <w lemma="lýsa" type="sþghen">lýst</w>
            <w lemma="yfir" type="af">yfir</w>
            <w lemma="neyðarástand" type="nheþ">neyðarástandi</w>
            <c type="pl">.</c>
          </s>
        </p>
      </div1>
    </body>
  </text>
</TEI>
