<?xml version="1.0" encoding="utf-8"?>
<TEI xmlns="http://www.tei-c.org/ns/1.0">
  <teiHeader>
    <fileDesc>
      <titleStmt>
        <title>
          <title type="main">Snjóflóð</title>
        </title>
        <respStmt>
          <resp xml:lang="is">Söfnun og úrvinnsla texta</resp>
          <resp xml:lang="en">Collection and processing of text</resp>
          <name xml:lang="is">Stofnun Árna Magnússonar í íslenskum fræðum</name>
          <name xml:lang="en">The Arni Magnusson Institute for Icelandic Studies</name>
        </respStmt>
      </titleStmt>
      <editionStmt>
        <p xml:lang="is">Íslensk risamálheild (2019)</p>
        <p xml:lang="en">Tagged Icelandic Gigaword Corpus (2019)</p>
      </editionStmt>
      <publicationStmt>
        <distributor xml:lang="is">Stofnun Árna Magnússonar í íslenskum fræðum</distributor>
        <distributor xml:lang="en">The Arni Magnusson Institute for Icelandic Studies</distributor>
        <address>
          <addrLine xml:lang="is">Árnagarður við Suðurgötu, 107 Reykjavík, Íslandi</addrLine>
          <addrLine xml:lang="en">Árnagarður Suðurgata, 107 Reykjavik, Iceland</addrLine>
          <addrLine>
            <email>arnastofnun@arnastofnun.is</email>
          </addrLine>
        </address>
        <idno type="risam">G-25-2540738</idno>
        <availability>
          <p xml:lang="is">Þessi texti er til notkunar í málrannsóknum og máltækniverkefnum um allan heim með sérstöku leyfi, sjá rmh2Hdr.xml</p>
          <p xml:lang="en">This text is available for use in language research and language technology projects world wide with a special license, see rmh2Hdr.xml</p>
        </availability>
        <date>2020-05-26</date>
      </publicationStmt>
      <sourceDesc>
        <biblStruct>
          <analytic>
            <title>
              <title type="main">Snjóflóð</title>
            </title>
            <date when="2013-03-20T12:00:00">20.03 2013 kl. 12:00:00</date>
          </analytic>
          <monogr>
            <title>Bylgjan</title>
            <imprint>
              <publisher>365 miðlar hf.</publisher>
              <pubPlace>Reykjavík</pubPlace>
            </imprint>
          </monogr>
        </biblStruct>
      </sourceDesc>
    </fileDesc>
    <encodingDesc>
      <projectDesc>
        <p xml:lang="is">Sjá lýsingu á verkefninu í rmh2Hdr.xml.</p>
        <p xml:lang="en">See description of project in rmh2Hdr.xml.</p>
      </projectDesc>
      <tagsDecl>
        <namespace name="http://www.tei-c.org/ns/1.0">
          <tagUsage gi="text" occurs="1"/>
          <tagUsage gi="body" occurs="1"/>
          <tagUsage gi="div1" occurs="1"/>
          <tagUsage gi="p" occurs="2"/>
          <tagUsage gi="s" occurs="12"/>
          <tagUsage gi="w" occurs="238"/>
          <tagUsage gi="c" occurs="13"/>
        </namespace>
      </tagsDecl>
    </encodingDesc>
    <profileDesc>
     <textClass>
      <keywords scheme="#RMH">
       <list>
        <item>Frétt – almennt</item>
       </list>
      </keywords>
     </textClass>
    </profileDesc>
  </teiHeader>
  <text>
    <body>
      <div1>
        <p n="1">
          <s n="1">
            <w lemma="stór" type="lhensf">Stórt</w>
            <w lemma="snjóflóð" type="nhen">snjóflóð</w>
            <w lemma="falla" type="sfg3eþ">féll</w>
            <w lemma="á" type="af">á</w>
            <w lemma="vegur" type="nkeog">veginn</w>
            <w lemma="um" type="af">um</w>
            <w lemma="Ólafsfjarðarmúli" type="nkeo-s">Ólafsfjarðarmúla</w>
            <w lemma="í" type="af">í</w>
            <w lemma="gærkvöld" type="nheþ">gærkvöldi</w>
            <w lemma="og" type="c">og</w>
            <w lemma="annar" type="foheo">annað</w>
            <w lemma="töluvert" type="aa">töluvert</w>
            <w lemma="stór" type="lheovm">stærra</w>
            <w lemma="við" type="af">við</w>
            <w lemma="Flateyri" type="nveo-s">Flateyri</w>
            <w lemma="undir" type="af">undir</w>
            <w lemma="morgunn" type="nkeo">morgun</w>
            <c type="pl">.</c>
          </s>
          <s n="2">
            <w lemma="telja" type="sþghen">Talið</w>
            <w lemma="vera" type="sfg3en">er</w>
            <w lemma="að" type="c">að</w>
            <w lemma="margur" type="lhfnvm">fleiri</w>
            <w lemma="flóð" type="nhfn">flóð</w>
            <w lemma="hafa" type="svg3fn">hafi</w>
            <w lemma="falla" type="sþghen">fallið</w>
            <w lemma="og" type="c">og</w>
            <w lemma="enn" type="aa">enn</w>
            <w lemma="vera" type="sfg3en">er</w>
            <w lemma="telja" type="sþgven">talin</w>
            <w lemma="mikill" type="lvensf">mikil</w>
            <w lemma="snjóflóðahætta" type="nven">snjóflóðahætta</w>
            <w lemma="á" type="af">á</w>
            <w lemma="Tröllaskagi" type="nkeþ-s">Tröllaskaga</w>
            <w lemma="og" type="c">og</w>
            <w lemma="á" type="af">á</w>
            <w lemma="norðanverður" type="lkfþsf">norðanverðum</w>
            <w lemma="Vestfirðir" type="nkfþ-s">Vestfjörðum</w>
            <c type="pl">.</c>
          </s>
        </p>
        <p n="2">
          <s n="1">
            <w lemma="lítill" type="lheþse">Minnstu</w>
            <w lemma="muna" type="sfg3eþ">munaði</w>
            <w lemma="að" type="c">að</w>
            <w lemma="nokkur" type="fokfn">nokkrir</w>
            <w lemma="bíll" type="nkfn">bílar</w>
            <w lemma="lenda" type="sfg3fþ">lentu</w>
            <w lemma="í" type="af">í</w>
            <w lemma="snjóflóð" type="nheþg">snjóflóðinu</w>
            <w lemma="sem" type="ct">sem</w>
            <w lemma="falla" type="sfg3eþ">féll</w>
            <w lemma="á" type="af">á</w>
            <w lemma="þjóðvegur" type="nkeog">þjóðveginn</w>
            <w lemma="um" type="af">um</w>
            <w lemma="Ólafsfjarðarmúli" type="nkeo-s">Ólafsfjarðarmúla</w>
            <w lemma="um" type="af">um</w>
            <w lemma="klukka" type="nveng">klukkan</w>
            <w lemma="hálfátta" type="ta">hálfátta</w>
            <w lemma="í" type="af">í</w>
            <w lemma="gærkvöld" type="nheþ">gærkvöldi</w>
            <w lemma="og" type="c">og</w>
            <w lemma="aka" type="sfg3eþ">ók</w>
            <w lemma="einn" type="tfken">einn</w>
            <w lemma="bíll" type="nken">bíll</w>
            <w lemma="inn" type="aa">inn</w>
            <w lemma="í" type="af">í</w>
            <w lemma="flóð" type="nheog">flóðið</w>
            <w lemma="í" type="af">í</w>
            <w lemma="sá" type="fakeo">þann</w>
            <w lemma="mundur" type="nkeo">mund</w>
            <w lemma="sem" type="ct">sem</w>
            <w lemma="það" type="fphen">það</w>
            <w lemma="vera" type="sfg3eþ">var</w>
            <w lemma="að" type="cn">að</w>
            <w lemma="stöðva" type="snm">stöðvast</w>
            <c type="pl">.</c>
          </s>
          <s n="2">
            <w lemma="björgunarsveitarmaður" type="nkfn">Björgunarsveitarmenn</w>
            <w lemma="koma" type="sfg3fþ">komu</w>
            <w lemma="hann" type="fpkeþ">honum</w>
            <w lemma="til" type="af">til</w>
            <w lemma="aðstoð" type="nvee">aðstoðar</w>
            <c type="pl">.</c>
          </s>
          <s n="3">
            <w lemma="Flóðið" type="nhengs">Flóðið</w>
            <w lemma="mæla" type="sfm3eþ">mældist</w>
            <w lemma="2,5" type="ta">2,5</w>
            <w lemma="stig" type="nhfn">stig</w>
            <w lemma="sem" type="ct">sem</w>
            <w lemma="þýða" type="sfg3en">þýðir</w>
            <w lemma="að" type="c">að</w>
            <w lemma="lífshættulegur" type="lhensf">lífshættulegt</w>
            <w lemma="geta" type="sfg3en">getur</w>
            <w lemma="vera" type="sþghen">verið</w>
            <w lemma="að" type="cn">að</w>
            <w lemma="lenda" type="sng">lenda</w>
            <w lemma="í" type="af">í</w>
            <w lemma="slíkur" type="fbheþ">slíku</w>
            <w lemma="flóð" type="nheþ">flóði</w>
            <w lemma="enda" type="c">enda</w>
            <w lemma="geta" type="sfg3en">getur</w>
            <w lemma="snjómagn" type="nheng">snjómagnið</w>
            <w lemma="vera" type="sþghen">verið</w>
            <w lemma="a.m.k." type="ks">a.m.k.</w>
            <w lemma="100" type="ta">100</w>
            <w lemma="tonn" type="nhfn">tonn</w>
            <c type="pl">.</c>
          </s>
          <s n="4">
            <w lemma="telja" type="sþghen">Talið</w>
            <w lemma="vera" type="sfg3en">er</w>
            <w lemma="líklegur" type="lhensf">líklegt</w>
            <w lemma="að" type="c">að</w>
            <w lemma="margur" type="lhfnvm">fleiri</w>
            <w lemma="flóð" type="nhfn">flóð</w>
            <w lemma="hafa" type="svg3fn">hafi</w>
            <w lemma="falla" type="sþghen">fallið</w>
            <w lemma="á" type="af">á</w>
            <w lemma="tröllaskagi" type="nkeo">tröllaskaga</w>
            <w lemma="eða" type="c">eða</w>
            <w lemma="í" type="af">í</w>
            <w lemma="Fjallabyggð" type="nveþ-s">Fjallabyggð</w>
            <w lemma="í" type="af">í</w>
            <w lemma="nótt" type="nveþ">nótt</w>
            <w lemma="og" type="c">og</w>
            <w lemma="verða" type="sfg3en">verður</w>
            <w lemma="það" type="fphen">það</w>
            <w lemma="kanna" type="sþghen">kannað</w>
            <w lemma="náið" type="aam">nánar</w>
            <w lemma="í" type="af">í</w>
            <w lemma="dagur" type="nkeo">dag</w>
            <c type="pl">.</c>
          </s>
          <s n="5">
            <w lemma="Flóðið" type="nhengs">Flóðið</w>
            <w lemma="við" type="af">við</w>
            <w lemma="Flateyri" type="nveo-s">Flateyri</w>
            <w lemma="í" type="af">í</w>
            <w lemma="nótt" type="nveo">nótt</w>
            <w lemma="falla" type="sfg3eþ">féll</w>
            <w lemma="úr" type="af">úr</w>
            <w lemma="Skollahvilft" type="nheþ-s">Skollahvilft</w>
            <w lemma="ofan" type="aa">ofan</w>
            <w lemma="við" type="af">við</w>
            <w lemma="bær" type="nkeog">bæinn</w>
            <w lemma="og" type="c">og</w>
            <w lemma="ná" type="sfg3eþ">náði</w>
            <w lemma="tunga" type="nven">tunga</w>
            <w lemma="úr" type="af">úr</w>
            <w lemma="það" type="fpheþ">því</w>
            <w lemma="alveg" type="aa">alveg</w>
            <w lemma="niður" type="aa">niður</w>
            <w lemma="á" type="af">á</w>
            <w lemma="þjóðvegur" type="nkeo">þjóðveg</w>
            <c type="pl">.</c>
          </s>
          <s n="6">
            <w lemma="það" type="fphen">Það</w>
            <w lemma="koma" type="sfg3eþ">kom</w>
            <w lemma="úr" type="af">úr</w>
            <w lemma="sami" type="fbheþ">sama</w>
            <w lemma="gil" type="nheþ">gili</w>
            <w lemma="og" type="c">og</w>
            <w lemma="hamfaraflóð" type="nheng">hamfaraflóðið</w>
            <w lemma="ár" type="nheog">árið</w>
            <w lemma="1995" type="ta">1995</w>
            <w lemma="en" type="c">en</w>
            <w lemma="vera" type="sfg3eþ">var</w>
            <w lemma="margfalt" type="aa">margfalt</w>
            <w lemma="lítill" type="lhenvm">minna</w>
            <w lemma="núna" type="aa">núna</w>
            <c type="pl">.</c>
          </s>
          <s n="7">
            <w lemma="eftirlitsmaður" type="nkfn">Eftirlitsmenn</w>
            <w lemma="geta" type="sfg3fþ">gátu</w>
            <w lemma="ekki" type="aa">ekki</w>
            <w lemma="kanna" type="sþghen">kannað</w>
            <w lemma="ástand" type="nheog">ástandið</w>
            <w lemma="víða" type="aam">víðar</w>
            <w lemma="í" type="af">í</w>
            <w lemma="morgunn" type="nkeo">morgun</w>
            <w lemma="vegna" type="af">vegna</w>
            <w lemma="óveður" type="nhee">óveðurs</w>
            <w lemma="og" type="c">og</w>
            <w lemma="ófærð" type="nvee">ófærðar</w>
            <w lemma="fyrir" type="aa">fyrir</w>
            <w lemma="vestan" type="aa">vestan</w>
            <w lemma="en" type="c">en</w>
            <w lemma="veður" type="nhen">veður</w>
            <w lemma="fara" type="sfg3eþ">fór</w>
            <w lemma="að" type="cn">að</w>
            <w lemma="lægja" type="sng">lægja</w>
            <w lemma="þar" type="aa">þar</w>
            <w lemma="um" type="af">um</w>
            <w lemma="tíuleytið" type="nheog">tíuleytið</w>
            <c type="pl">.</c>
          </s>
          <s n="8">
            <w lemma="óveður" type="nhen">Óveður</w>
            <w lemma="vera" type="sfg3eþ">var</w>
            <w lemma="víða" type="aa">víða</w>
            <w lemma="á" type="af">á</w>
            <w lemma="Vestfirðir" type="nkfþ-s">Vestfjörðum</w>
            <c type="pk">,</c>
            <w lemma="Norðurland" type="nheþ-s">Norðurlandi</w>
            <w lemma="og" type="c">og</w>
            <w lemma="Norðausturland" type="nheþ-s">Norðausturlandi</w>
            <w lemma="í" type="af">í</w>
            <w lemma="gærkvöld" type="nheþ">gærkvöldi</w>
            <w lemma="og" type="c">og</w>
            <w lemma="fram" type="aa">fram</w>
            <w lemma="eftir" type="af">eftir</w>
            <w lemma="nótt" type="nveþ">nóttu</w>
            <w lemma="og" type="c">og</w>
            <w lemma="vera" type="sfg3fþ">voru</w>
            <w lemma="vegur" type="nkfn">vegir</w>
            <w lemma="víða" type="aa">víða</w>
            <w lemma="þungfær" type="lkfnsf">þungfærir</w>
            <w lemma="eða" type="c">eða</w>
            <w lemma="alveg" type="aa">alveg</w>
            <w lemma="ófær" type="lkfnsf">ófærir</w>
            <w lemma="í" type="af">í</w>
            <w lemma="morgunn" type="nkeo">morgun</w>
            <c type="pl">.</c>
          </s>
          <s n="9">
            <w lemma="björgunarsveitarmaður" type="nkfn">Björgunarsveitarmenn</w>
            <w lemma="þurfa" type="sfg3fþ">þurftu</w>
            <w lemma="að" type="cn">að</w>
            <w lemma="hjálpa" type="sng">hjálpa</w>
            <w lemma="fólk" type="nheþ">fólki</w>
            <w lemma="í" type="af">í</w>
            <w lemma="fastur" type="lkfþsf">föstum</w>
            <w lemma="bíll" type="nkfþ">bílum</w>
            <w lemma="á" type="af">á</w>
            <w lemma="Steingrímsfjarðarheiði" type="nveþ-s">Steingrímsfjarðarheiði</w>
            <w lemma="og" type="c">og</w>
            <w lemma="á" type="af">á</w>
            <w lemma="Djúpvegur" type="nkeþ-s">Djúpvegi</w>
            <w lemma="en" type="c">en</w>
            <w lemma="enginn" type="fokeo">engan</w>
            <w lemma="saka" type="sfg3eþ">sakaði</w>
            <c type="pl">.</c>
          </s>
          <s n="10">
            <w lemma="veður" type="nhen">Veður</w>
            <w lemma="taka" type="sfg3eþ">tók</w>
            <w lemma="að" type="cn">að</w>
            <w lemma="lægja" type="sng">lægja</w>
            <w lemma="undir" type="af">undir</w>
            <w lemma="morgunn" type="nkeo">morgun</w>
            <w lemma="og" type="c">og</w>
            <w lemma="hefja" type="sfm3eþ">hófst</w>
            <w lemma="þá" type="aa">þá</w>
            <w lemma="mokstur" type="nken">mokstur</w>
            <w lemma="víða" type="aae">víðast</w>
            <w lemma="hvar" type="aa">hvar</w>
            <w lemma="þannig" type="aa">þannig</w>
            <w lemma="að" type="c">að</w>
            <w lemma="heldri" type="lvfnve">helstu</w>
            <w lemma="leið" type="nvfn">leiðir</w>
            <w lemma="hafa" type="sfg3fn">hafa</w>
            <w lemma="vera" type="sþghen">verið</w>
            <w lemma="að" type="cn">að</w>
            <w lemma="opna" type="snm">opnast</w>
            <w lemma="einn" type="foven">ein</w>
            <w lemma="af" type="af">af</w>
            <w lemma="annar" type="foveþ">annarri</w>
            <c type="pl">.</c>
          </s>
        </p>
      </div1>
    </body>
  </text>
</TEI>
