<?xml version="1.0" encoding="utf-8"?>
<TEI xmlns="http://www.tei-c.org/ns/1.0">
  <teiHeader>
    <fileDesc>
      <titleStmt>
        <title>
          <title type="main">Mæðgur handteknar</title>
        </title>
        <respStmt>
          <resp xml:lang="is">Söfnun og úrvinnsla texta</resp>
          <resp xml:lang="en">Collection and processing of text</resp>
          <name xml:lang="is">Stofnun Árna Magnússonar í íslenskum fræðum</name>
          <name xml:lang="en">The Arni Magnusson Institute for Icelandic Studies</name>
        </respStmt>
      </titleStmt>
      <editionStmt>
        <p xml:lang="is">Íslensk risamálheild (2019)</p>
        <p xml:lang="en">Tagged Icelandic Gigaword Corpus (2019)</p>
      </editionStmt>
      <publicationStmt>
        <distributor xml:lang="is">Stofnun Árna Magnússonar í íslenskum fræðum</distributor>
        <distributor xml:lang="en">The Arni Magnusson Institute for Icelandic Studies</distributor>
        <address>
          <addrLine xml:lang="is">Árnagarður við Suðurgötu, 107 Reykjavík, Íslandi</addrLine>
          <addrLine xml:lang="en">Árnagarður Suðurgata, 107 Reykjavik, Iceland</addrLine>
          <addrLine>
            <email>arnastofnun@arnastofnun.is</email>
          </addrLine>
        </address>
        <idno type="risam">G-25-2542583</idno>
        <availability>
          <p xml:lang="is">Þessi texti er til notkunar í málrannsóknum og máltækniverkefnum um allan heim með sérstöku leyfi, sjá rmh2Hdr.xml</p>
          <p xml:lang="en">This text is available for use in language research and language technology projects world wide with a special license, see rmh2Hdr.xml</p>
        </availability>
        <date>2020-05-26</date>
      </publicationStmt>
      <sourceDesc>
        <biblStruct>
          <analytic>
            <title>
              <title type="main">Mæðgur handteknar</title>
            </title>
            <date when="2013-03-22T08:00:00">22.03 2013 kl. 08:00:00</date>
          </analytic>
          <monogr>
            <title>Bylgjan</title>
            <imprint>
              <publisher>365 miðlar hf.</publisher>
              <pubPlace>Reykjavík</pubPlace>
            </imprint>
          </monogr>
        </biblStruct>
      </sourceDesc>
    </fileDesc>
    <encodingDesc>
      <projectDesc>
        <p xml:lang="is">Sjá lýsingu á verkefninu í rmh2Hdr.xml.</p>
        <p xml:lang="en">See description of project in rmh2Hdr.xml.</p>
      </projectDesc>
      <tagsDecl>
        <namespace name="http://www.tei-c.org/ns/1.0">
          <tagUsage gi="text" occurs="1"/>
          <tagUsage gi="body" occurs="1"/>
          <tagUsage gi="div1" occurs="1"/>
          <tagUsage gi="p" occurs="1"/>
          <tagUsage gi="s" occurs="3"/>
          <tagUsage gi="w" occurs="67"/>
          <tagUsage gi="c" occurs="3"/>
        </namespace>
      </tagsDecl>
    </encodingDesc>
    <profileDesc>
     <textClass>
      <keywords scheme="#RMH">
       <list>
        <item>Frétt – almennt</item>
       </list>
      </keywords>
     </textClass>
    </profileDesc>
  </teiHeader>
  <text>
    <body>
      <div1>
        <p n="1">
          <s n="1">
            <w lemma="lögregla" type="nveng">Lögreglan</w>
            <w lemma="handtaka" type="sfg3eþ">handtók</w>
            <w lemma="mæðgur" type="nvfo">mæðgur</w>
            <w lemma="sem" type="ct">sem</w>
            <w lemma="vera" type="sfg3fþ">voru</w>
            <w lemma="saman" type="aa">saman</w>
            <w lemma="í" type="af">í</w>
            <w lemma="bíll" type="nkeþ">bíl</w>
            <w lemma="í" type="af">í</w>
            <w lemma="Reykjavík" type="nveþ-s">Reykjavík</w>
            <w lemma="undir" type="af">undir</w>
            <w lemma="kvöld" type="nheo">kvöld</w>
            <w lemma="í" type="aa">í</w>
            <w lemma="gær" type="aa">gær</w>
            <w lemma="eftir" type="af">eftir</w>
            <w lemma="að" type="c">að</w>
            <w lemma="fíkniefni" type="nhfn">fíkniefni</w>
            <w lemma="finna" type="sfm3fþ">fundust</w>
            <w lemma="í" type="af">í</w>
            <w lemma="fóra" type="nvfþ">fórum</w>
            <w lemma="það" type="fphfe">þeirra</w>
            <c type="pl">.</c>
          </s>
          <s n="2">
            <w lemma="í" type="af">Í</w>
            <w lemma="framhald" type="nheþg">framhaldinu</w>
            <w lemma="vera" type="sfg3eþ">var</w>
            <w lemma="gera" type="sþgven">gerð</w>
            <w lemma="húsleit" type="nven">húsleit</w>
            <w lemma="heima" type="aa">heima</w>
            <w lemma="hjá" type="af">hjá</w>
            <w lemma="hann" type="fpkfþ">þeim</w>
            <w lemma="þar" type="aa">þar</w>
            <w lemma="sem" type="c">sem</w>
            <w lemma="mikill" type="lhfnvm">meiri</w>
            <w lemma="fíkniefni" type="nhfn">fíkniefni</w>
            <w lemma="finna" type="sfm3fþ">fundust</w>
            <w lemma="og" type="c">og</w>
            <w lemma="þar" type="aa">þar</w>
            <w lemma="vera" type="sfg3fþ">voru</w>
            <w lemma="líka" type="aa">líka</w>
            <w lemma="ungur" type="lhfnsf">ung</w>
            <w lemma="barn" type="nhfn">börn</w>
            <w lemma="sem" type="ct">sem</w>
            <w lemma="mæðgur" type="nvfng">mæðgurnar</w>
            <w lemma="eiga" type="sfg3fþ">áttu</w>
            <w lemma="að" type="cn">að</w>
            <w lemma="bera" type="sng">bera</w>
            <w lemma="ábyrgð" type="nveo">ábyrgð</w>
            <w lemma="á" type="aa">á</w>
            <c type="pl">.</c>
          </s>
          <s n="3">
            <w lemma="lögregla" type="nven">Lögregla</w>
            <w lemma="meta" type="sfg3eþ">mat</w>
            <w lemma="ástand" type="nheng">ástandið</w>
            <w lemma="svo" type="aa">svo</w>
            <w lemma="að" type="c">að</w>
            <w lemma="réttur" type="lhensf">rétt</w>
            <w lemma="vera" type="svg3eþ">væri</w>
            <w lemma="að" type="cn">að</w>
            <w lemma="kalla" type="sng">kalla</w>
            <w lemma="barnaverndaryfirvöld" type="nhfo">barnaverndaryfirvöld</w>
            <w lemma="til" type="aa">til</w>
            <w lemma="en" type="c">en</w>
            <w lemma="ekki" type="aa">ekki</w>
            <w lemma="liggja" type="sfg3en">liggur</w>
            <w lemma="fyrir" type="aa">fyrir</w>
            <w lemma="til" type="aa">til</w>
            <w lemma="hvaða" type="fohfe">hvaða</w>
            <w lemma="úrræði" type="nhfe">úrræða</w>
            <w lemma="það" type="fphfn">þau</w>
            <w lemma="grípa" type="sfg3fþ">gripu</w>
            <c type="pl">.</c>
          </s>
        </p>
      </div1>
    </body>
  </text>
</TEI>
