<?xml version="1.0" encoding="utf-8"?>
<TEI xmlns="http://www.tei-c.org/ns/1.0">
  <teiHeader>
    <fileDesc>
      <titleStmt>
        <title>
          <title type="main">Tveimur meðlimum Hells Angels vísað úr landi</title>
        </title>
        <respStmt>
          <resp xml:lang="is">Söfnun og úrvinnsla texta</resp>
          <resp xml:lang="en">Collection and processing of text</resp>
          <name xml:lang="is">Stofnun Árna Magnússonar í íslenskum fræðum</name>
          <name xml:lang="en">The Arni Magnusson Institute for Icelandic Studies</name>
        </respStmt>
      </titleStmt>
      <editionStmt>
        <p xml:lang="is">Íslensk risamálheild (2019)</p>
        <p xml:lang="en">Tagged Icelandic Gigaword Corpus (2019)</p>
      </editionStmt>
      <publicationStmt>
        <distributor xml:lang="is">Stofnun Árna Magnússonar í íslenskum fræðum</distributor>
        <distributor xml:lang="en">The Arni Magnusson Institute for Icelandic Studies</distributor>
        <address>
          <addrLine xml:lang="is">Árnagarður við Suðurgötu, 107 Reykjavík, Íslandi</addrLine>
          <addrLine xml:lang="en">Árnagarður Suðurgata, 107 Reykjavik, Iceland</addrLine>
          <addrLine>
            <email>arnastofnun@arnastofnun.is</email>
          </addrLine>
        </address>
        <idno type="risam">G-25-2547167</idno>
        <availability>
          <p xml:lang="is">Þessi texti er til notkunar í málrannsóknum og máltækniverkefnum um allan heim með sérstöku leyfi, sjá rmh2Hdr.xml</p>
          <p xml:lang="en">This text is available for use in language research and language technology projects world wide with a special license, see rmh2Hdr.xml</p>
        </availability>
        <date>2020-05-26</date>
      </publicationStmt>
      <sourceDesc>
        <biblStruct>
          <analytic>
            <title>
              <title type="main">Tveimur meðlimum Hells Angels vísað úr landi</title>
            </title>
            <date when="2013-03-04T12:00:00">04.03 2013 kl. 12:00:00</date>
          </analytic>
          <monogr>
            <title>Bylgjan</title>
            <imprint>
              <publisher>365 miðlar hf.</publisher>
              <pubPlace>Reykjavík</pubPlace>
            </imprint>
          </monogr>
        </biblStruct>
      </sourceDesc>
    </fileDesc>
    <encodingDesc>
      <projectDesc>
        <p xml:lang="is">Sjá lýsingu á verkefninu í rmh2Hdr.xml.</p>
        <p xml:lang="en">See description of project in rmh2Hdr.xml.</p>
      </projectDesc>
      <tagsDecl>
        <namespace name="http://www.tei-c.org/ns/1.0">
          <tagUsage gi="text" occurs="1"/>
          <tagUsage gi="body" occurs="1"/>
          <tagUsage gi="div1" occurs="1"/>
          <tagUsage gi="p" occurs="1"/>
          <tagUsage gi="s" occurs="4"/>
          <tagUsage gi="w" occurs="78"/>
          <tagUsage gi="c" occurs="4"/>
        </namespace>
      </tagsDecl>
    </encodingDesc>
    <profileDesc>
     <textClass>
      <keywords scheme="#RMH">
       <list>
        <item>Frétt – almennt</item>
       </list>
      </keywords>
     </textClass>
    </profileDesc>
  </teiHeader>
  <text>
    <body>
      <div1>
        <p n="1">
          <s n="1">
            <w lemma="tveir" type="tfkfn">Tveir</w>
            <w lemma="meðlimur" type="nkfn">meðlimir</w>
            <w lemma="vélhjólagengi" type="nheeg">vélhjólagengisins</w>
            <w lemma="Hells" type="n----s">Hells</w>
            <w lemma="Angels" type="n----s">Angels</w>
            <w lemma="vera" type="sfg3fþ">voru</w>
            <w lemma="stöðva" type="sþgkfn">stöðvaðir</w>
            <w lemma="á" type="af">á</w>
            <w lemma="Keflavíkurflugvöllur" type="nkeþ-s">Keflavíkurflugvelli</w>
            <w lemma="á" type="af">á</w>
            <w lemma="föstudagur" type="nkeo">föstudag</w>
            <w lemma="og" type="c">og</w>
            <w lemma="síðan" type="aa">síðan</w>
            <w lemma="vísa" type="sþghen">vísað</w>
            <w lemma="úr" type="af">úr</w>
            <w lemma="land" type="nheþ">landi</w>
            <c type="pl">.</c>
          </s>
          <s n="2">
            <w lemma="maður" type="nkfng">Mennirnir</w>
            <w lemma="tveir" type="tfkfn">tveir</w>
            <w lemma="vera" type="sfg3fþ">voru</w>
            <w lemma="hingað" type="aa">hingað</w>
            <w lemma="koma" type="sþgkfn">komnir</w>
            <w lemma="vegna" type="af">vegna</w>
            <w lemma="tveir" type="tfhfe">tveggja</w>
            <w lemma="ár" type="nhfe">ára</w>
            <w lemma="afmælishátíð" type="nvee">afmælishátíðar</w>
            <w lemma="vélhjólagengi" type="nheeg">vélhjólagengisins</w>
            <w lemma="Hells" type="n----s">Hells</w>
            <w lemma="Angels" type="n----s">Angels</w>
            <w lemma="hér" type="aa">hér</w>
            <w lemma="á" type="af">á</w>
            <w lemma="land" type="nheþ">landi</w>
            <w lemma="sem" type="ct">sem</w>
            <w lemma="fram" type="aa">fram</w>
            <w lemma="fara" type="sfg3eþ">fór</w>
            <w lemma="um" type="af">um</w>
            <w lemma="helgi" type="nveog">helgina</w>
            <c type="pl">.</c>
          </s>
          <s n="3">
            <w lemma="annar" type="foken">Annar</w>
            <w lemma="hann" type="fpkfe">þeirra</w>
            <w lemma="vera" type="sfg3en">er</w>
            <w lemma="verðandi" type="lkenof">verðandi</w>
            <w lemma="meðlimur" type="nken">meðlimur</w>
            <w lemma="Hellur" type="nkee-s">Hells</w>
            <w lemma="Angels" type="n----s">Angels</w>
            <w lemma="í" type="af">í</w>
            <w lemma="Rúmenía" type="nveþ-s">Rúmeníu</w>
            <w lemma="en" type="c">en</w>
            <w lemma="hinn" type="gken">hinn</w>
            <w lemma="fullgildur" type="lkensf">fullgildur</w>
            <w lemma="meðlimur" type="nken">meðlimur</w>
            <w lemma="Hellur" type="nkee-s">Hells</w>
            <w lemma="Angels" type="n----s">Angels</w>
            <w lemma="klúbbur" type="nkeeg">klúbbsins</w>
            <w lemma="í" type="af">í</w>
            <w lemma="Noregur" type="nkeþ-s">Noregi</w>
            <c type="pl">.</c>
          </s>
          <s n="4">
            <w lemma="lögregla" type="nven">Lögregla</w>
            <w lemma="á" type="af">á</w>
            <w lemma="Suðurnes" type="nhfþ-s">Suðurnesjum</w>
            <w lemma="handtaka" type="sfg3eþ">handtók</w>
            <w lemma="maður" type="nkfog">mennina</w>
            <w lemma="og" type="c">og</w>
            <w lemma="taka" type="sfg3eþ">tók</w>
            <w lemma="Útlendingastofnun" type="nveo-s">Útlendingastofnun</w>
            <w lemma="síðan" type="aa">síðan</w>
            <w lemma="ákvörðun" type="nveo">ákvörðun</w>
            <w lemma="um" type="af">um</w>
            <w lemma="að" type="cn">að</w>
            <w lemma="vísa" type="sng">vísa</w>
            <w lemma="hún" type="fpvfþ">þeim</w>
            <w lemma="úr" type="af">úr</w>
            <w lemma="land" type="nheþ">landi</w>
            <w lemma="að" type="af">að</w>
            <w lemma="það" type="fpheþ">því</w>
            <w lemma="er" type="ct">er</w>
            <w lemma="segja" type="sfg3en">segir</w>
            <w lemma="í" type="af">í</w>
            <w lemma="tilkynning" type="nveþ">tilkynningu</w>
            <w lemma="frá" type="af">frá</w>
            <w lemma="lögregla" type="nveþg">lögreglunni</w>
            <c type="pl">.</c>
          </s>
        </p>
      </div1>
    </body>
  </text>
</TEI>
