<?xml version="1.0" encoding="utf-8"?>
<TEI xmlns="http://www.tei-c.org/ns/1.0">
  <teiHeader>
    <fileDesc>
      <titleStmt>
        <title>
          <title type="main">Viðræður um þinglok</title>
        </title>
        <respStmt>
          <resp xml:lang="is">Söfnun og úrvinnsla texta</resp>
          <resp xml:lang="en">Collection and processing of text</resp>
          <name xml:lang="is">Stofnun Árna Magnússonar í íslenskum fræðum</name>
          <name xml:lang="en">The Arni Magnusson Institute for Icelandic Studies</name>
        </respStmt>
      </titleStmt>
      <editionStmt>
        <p xml:lang="is">Íslensk risamálheild (2019)</p>
        <p xml:lang="en">Tagged Icelandic Gigaword Corpus (2019)</p>
      </editionStmt>
      <publicationStmt>
        <distributor xml:lang="is">Stofnun Árna Magnússonar í íslenskum fræðum</distributor>
        <distributor xml:lang="en">The Arni Magnusson Institute for Icelandic Studies</distributor>
        <address>
          <addrLine xml:lang="is">Árnagarður við Suðurgötu, 107 Reykjavík, Íslandi</addrLine>
          <addrLine xml:lang="en">Árnagarður Suðurgata, 107 Reykjavik, Iceland</addrLine>
          <addrLine>
            <email>arnastofnun@arnastofnun.is</email>
          </addrLine>
        </address>
        <idno type="risam">G-25-2544297</idno>
        <availability>
          <p xml:lang="is">Þessi texti er til notkunar í málrannsóknum og máltækniverkefnum um allan heim með sérstöku leyfi, sjá rmh2Hdr.xml</p>
          <p xml:lang="en">This text is available for use in language research and language technology projects world wide with a special license, see rmh2Hdr.xml</p>
        </availability>
        <date>2020-05-26</date>
      </publicationStmt>
      <sourceDesc>
        <biblStruct>
          <analytic>
            <title>
              <title type="main">Viðræður um þinglok</title>
            </title>
            <date when="2013-03-24T12:00:00">24.03 2013 kl. 12:00:00</date>
          </analytic>
          <monogr>
            <title>Bylgjan</title>
            <imprint>
              <publisher>365 miðlar hf.</publisher>
              <pubPlace>Reykjavík</pubPlace>
            </imprint>
          </monogr>
        </biblStruct>
      </sourceDesc>
    </fileDesc>
    <encodingDesc>
      <projectDesc>
        <p xml:lang="is">Sjá lýsingu á verkefninu í rmh2Hdr.xml.</p>
        <p xml:lang="en">See description of project in rmh2Hdr.xml.</p>
      </projectDesc>
      <tagsDecl>
        <namespace name="http://www.tei-c.org/ns/1.0">
          <tagUsage gi="text" occurs="1"/>
          <tagUsage gi="body" occurs="1"/>
          <tagUsage gi="div1" occurs="1"/>
          <tagUsage gi="p" occurs="3"/>
          <tagUsage gi="s" occurs="16"/>
          <tagUsage gi="w" occurs="253"/>
          <tagUsage gi="c" occurs="25"/>
        </namespace>
      </tagsDecl>
    </encodingDesc>
    <profileDesc>
     <textClass>
      <keywords scheme="#RMH">
       <list>
        <item>Frétt – almennt</item>
       </list>
      </keywords>
     </textClass>
    </profileDesc>
  </teiHeader>
  <text>
    <body>
      <div1>
        <p n="1">
          <s n="1">
            <w lemma="enn" type="aa">Enn</w>
            <w lemma="hafa" type="sfg3fn">hafa</w>
            <w lemma="þingflokkur" type="nkfng">þingflokkarnir</w>
            <w lemma="ekki" type="aa">ekki</w>
            <w lemma="ná" type="sþghen">náð</w>
            <w lemma="samkomulag" type="nheþ">samkomulagi</w>
            <w lemma="um" type="af">um</w>
            <w lemma="þinglok" type="nhfo">þinglok</w>
            <c type="pl">.</c>
          </s>
          <s n="2">
            <w lemma="reikna" type="nven">Reikna</w>
            <w lemma="mega" type="sfg3en">má</w>
            <w lemma="með" type="af">með</w>
            <w lemma="áframhaldandi" type="lvfþof">áframhaldandi</w>
            <w lemma="óformlegur" type="lvfþsf">óformlegum</w>
            <w lemma="viðræða" type="nvfþ">viðræðum</w>
            <w lemma="á" type="aa">á</w>
            <w lemma="milli" type="af">milli</w>
            <w lemma="forsvarsmaður" type="nkfe">forsvarsmanna</w>
            <w lemma="hann" type="fpkfe">þeirra</w>
            <w lemma="í" type="af">í</w>
            <w lemma="dagur" type="nkeo">dag</w>
            <c type="pl">.</c>
          </s>
        </p>
        <p n="2">
          <s n="1">
            <w lemma="þingflokkur" type="nkfn">Þingflokkar</w>
            <w lemma="stjórnarflokkur" type="nkfeg">stjórnarflokkanna</w>
            <w lemma="funda" type="sfg3fþ">funduðu</w>
            <w lemma="á" type="af">á</w>
            <w lemma="Alþingi" type="nheþ-s">Alþingi</w>
            <w lemma="í" type="af">í</w>
            <w lemma="gærkvöld" type="nheþ">gærkvöldi</w>
            <w lemma="hvor" type="foken">hvor</w>
            <w lemma="í" type="af">í</w>
            <w lemma="sinn" type="feheþ">sínu</w>
            <w lemma="lag" type="nheþ">lagi</w>
            <c type="pk">,</c>
            <w lemma="þar" type="aa">þar</w>
            <w lemma="sem" type="c">sem</w>
            <w lemma="þingmaður" type="nkfn">þingmenn</w>
            <w lemma="vera" type="sfg3fþ">voru</w>
            <w lemma="upplýstur" type="lkfnsf">upplýstir</w>
            <w lemma="um" type="af">um</w>
            <w lemma="staða" type="nveo">stöðu</w>
            <w lemma="mál" type="nhfe">mála</w>
            <c type="pl">.</c>
          </s>
          <s n="2">
            <w lemma="Oddný" type="nven-s">Oddný</w>
            <w lemma="Harðardóttir" type="nven-s">Harðardóttir</w>
            <c type="pk">,</c>
            <w lemma="formaður" type="nken">formaður</w>
            <w lemma="þingflokkur" type="nkee">þingflokks</w>
            <w lemma="Samfylkingin" type="nveegs">Samfylkingarinnar</w>
            <w lemma="segja" type="sfg3eþ">sagði</w>
            <w lemma="í" type="af">í</w>
            <w lemma="samtal" type="nheþ">samtali</w>
            <w lemma="við" type="af">við</w>
            <w lemma="fréttastofa" type="nveo">fréttastofu</w>
            <w lemma="nú" type="aa">nú</w>
            <w lemma="í" type="af">í</w>
            <w lemma="morgunn" type="nkeo">morgun</w>
            <c type="pk">,</c>
            <w lemma="að" type="c">að</w>
            <w lemma="allur" type="fokfn">allir</w>
            <w lemma="leggja" type="svg3fn">leggi</w>
            <w lemma="sig" type="fpkfo">sig</w>
            <w lemma="fram" type="aa">fram</w>
            <w lemma="við" type="af">við</w>
            <w lemma="að" type="cn">að</w>
            <w lemma="ná" type="sng">ná</w>
            <w lemma="samningur" type="nkfþ">samningum</w>
            <c type="pl">.</c>
          </s>
          <s n="3">
            <w lemma="þingflokka" type="nvfn">Þingflokkur</w>
            <w lemma="Vinstri-grænn" type="lkfesf">Vinstri-grænna</w>
            <w lemma="fundur" type="nkee">fundar</w>
            <w lemma="aftur" type="aa">aftur</w>
            <w lemma="um" type="af">um</w>
            <w lemma="hádegisbil" type="nheog">hádegisbilið</w>
            <c type="pl">.</c>
          </s>
          <s n="4">
            <w lemma="illa" type="aa">Illa</w>
            <w lemma="ganga" type="sfg3en">gengur</w>
            <w lemma="að" type="cn">að</w>
            <w lemma="leysa" type="sng">leysa</w>
            <w lemma="þrátefli" type="nheo">þrátefli</w>
            <w lemma="stjórnarflokkur" type="nkfeg">stjórnarflokkanna</w>
            <w lemma="og" type="c">og</w>
            <w lemma="Framsókn" type="nvee-s">Framsóknar</w>
            <w lemma="og" type="c">og</w>
            <w lemma="Sjálfstæðisflokkur" type="nkeegs">Sjálfstæðisflokksins</w>
            <w lemma="í" type="af">í</w>
            <w lemma="stjórnarskrármál" type="nheþg">stjórnarskrármálinu</w>
            <c type="pl">.</c>
          </s>
          <s n="5">
            <w lemma="á" type="af">Á</w>
            <w lemma="föstudagur" type="nkeo">föstudag</w>
            <w lemma="segja" type="sfg3eþ">sagði</w>
            <w lemma="Ólína" type="nven-s">Ólína</w>
            <w lemma="Þorvarðardóttir" type="nven-s">Þorvarðardóttir</w>
            <c type="pk">,</c>
            <w lemma="þingmaður" type="nken">þingmaður</w>
            <w lemma="Samfylkingin" type="nveegs">Samfylkingarinnar</w>
            <w lemma="að" type="c">að</w>
            <w lemma="mögulega" type="aa">mögulega</w>
            <w lemma="vera" type="svg3en">sé</w>
            <w lemma="tími" type="nken">tími</w>
            <w lemma="koma" type="sþgken">kominn</w>
            <w lemma="á" type="af">á</w>
            <w lemma="að" type="cn">að</w>
            <w lemma="beita" type="sng">beita</w>
            <w lemma="71." type="ta">71.</w>
            <w lemma="gr." type="ks">gr.</w>
            <w lemma="þingskaparlag" type="nhfe">þingskaparlaga</w>
            <c type="pl">.</c>
          </s>
          <s n="6">
            <w lemma="en" type="c">En</w>
            <w lemma="með" type="af">með</w>
            <w lemma="beiting" type="nveþ">beitingu</w>
            <w lemma="sá" type="favee">þeirrar</w>
            <w lemma="grein" type="nvee">greinar</w>
            <w lemma="vera" type="sfg3en">er</w>
            <w lemma="hægur" type="lhensf">hægt</w>
            <w lemma="að" type="cn">að</w>
            <w lemma="þvinga" type="sng">þvinga</w>
            <w lemma="fram" type="aa">fram</w>
            <w lemma="atkvæðagreiðsla" type="nveo">atkvæðagreiðslu</w>
            <c type="pl">.</c>
          </s>
          <s n="7">
            <w lemma="það" type="fphen">Það</w>
            <w lemma="hafa" type="sfg3en">hefur</w>
            <w lemma="samt" type="aa">samt</w>
            <w lemma="ekki" type="aa">ekki</w>
            <w lemma="gera" type="sþmhen">gerst</w>
            <w lemma="frá" type="af">frá</w>
            <w lemma="það" type="fpheþ">því</w>
            <w lemma="ár" type="nheog">árið</w>
            <w lemma="1949" type="ta">1949</w>
            <c type="pl">.</c>
          </s>
          <s n="8">
            <w lemma="þá" type="aa">Þá</w>
            <w lemma="vera" type="sfg3eþ">var</w>
            <w lemma="þvingaður" type="lvensf">þvinguð</w>
            <w lemma="fram" type="aa">fram</w>
            <w lemma="atkvæðagreiðsla" type="nven">atkvæðagreiðsla</w>
            <w lemma="um" type="af">um</w>
            <w lemma="aðild" type="nveo">aðild</w>
            <w lemma="Ísland" type="nhee-s">Ísland</w>
            <w lemma="að" type="af">að</w>
            <w lemma="NATO" type="n-eþ-s">NATO</w>
            <w lemma="sem" type="ct">sem</w>
            <w lemma="leiða" type="sfg3eþ">leiddi</w>
            <w lemma="síðan" type="aa">síðan</w>
            <w lemma="til" type="af">til</w>
            <w lemma="óeirð" type="nvfe">óeirða</w>
            <w lemma="á" type="af">á</w>
            <w lemma="Austurvöllur" type="nkeþ-s">Austurvelli</w>
            <c type="pl">.</c>
          </s>
          <s n="9">
            <w lemma="margur" type="lkfnsf">Margir</w>
            <w lemma="meinbugur" type="nkfn">meinbugir</w>
            <w lemma="vera" type="sfg3fn">eru</w>
            <w lemma="því" type="aa">því</w>
            <w lemma="telja" type="sþgkfn">taldir</w>
            <w lemma="á" type="af">á</w>
            <w lemma="þessi" type="faveþ">þessari</w>
            <w lemma="aðferð" type="nveþ">aðferð</w>
            <c type="pl">.</c>
          </s>
          <s n="10">
            <w lemma="Sigmundur" type="nken-s">Sigmundur</w>
            <w lemma="Davíð" type="nken-s">Davíð</w>
            <w lemma="Gunnlaugsson" type="nken-s">Gunnlaugsson</w>
            <c type="pk">,</c>
            <w lemma="formaður" type="nken">formaður</w>
            <w lemma="Framsóknarflokkur" type="nkeegs">Framsóknarflokksins</w>
            <c type="pk">,</c>
            <w lemma="kalla" type="sfg3en">kallar</w>
            <w lemma="eftir" type="af">eftir</w>
            <w lemma="það" type="fpheþ">því</w>
            <w lemma="að" type="c">að</w>
            <w lemma="brýnn" type="lhfnvm">brýnni</w>
            <w lemma="mál" type="nhfo">mál</w>
            <w lemma="sem" type="ct">sem</w>
            <w lemma="mikill" type="lvenvm">meiri</w>
            <w lemma="sátt" type="nven">sátt</w>
            <w lemma="ríkja" type="sfg3en">ríkir</w>
            <w lemma="um" type="af">um</w>
            <w lemma="verð" type="nheþ">verði</w>
            <w lemma="setja" type="sþghen">sett</w>
            <w lemma="á" type="af">á</w>
            <w lemma="dagskrá" type="nveo">dagskrá</w>
            <w lemma="Alþingi" type="nhee-s">Alþingis</w>
            <c type="pl">.</c>
          </s>
          <s n="11">
            <w lemma="en" type="c">En</w>
            <w lemma="telja" type="sfg3en">telur</w>
            <w lemma="hann" type="fpken">hann</w>
            <w lemma="líklegur" type="lheosf">líklegt</w>
            <w lemma="að" type="c">að</w>
            <w lemma="71." type="lvenvf">71.</w>
            <w lemma="gr." type="ks">gr.</w>
            <w lemma="verða" type="svg3en">verði</w>
            <w lemma="veita" type="sþghen">veitt</w>
            <w lemma="ná" type="svm3en">náist</w>
            <w lemma="ekki" type="aa">ekki</w>
            <w lemma="sátt" type="nven">sátt</w>
            <w lemma="í" type="af">í</w>
            <w lemma="stjórnarskrármál" type="nheþg">stjórnarskrármálinu</w>
            <w lemma="fljótlega" type="aa">fljótlega</w>
            <c type="pl">?</c>
          </s>
        </p>
        <p n="3">
          <s n="1">
            <w lemma="Sigmundur" type="nken-s">Sigmundur</w>
            <w lemma="Davíð" type="nken-s">Davíð</w>
            <w lemma="Gunnlaugsson" type="nken-s">Gunnlaugsson</w>
            <c type="pk">,</c>
            <w lemma="formaður" type="nken">formaður</w>
            <w lemma="Framsóknarflokkur" type="nkeegs">Framsóknarflokksins</w>
            <c type="pa">:</c>
            <w lemma="ég" type="fp1eþ">Mér</w>
            <w lemma="finna" type="sfm3en">finnst</w>
            <w lemma="það" type="fphen">það</w>
            <w lemma="nú" type="aa">nú</w>
            <w lemma="afskaplega" type="aa">afskaplega</w>
            <w lemma="ólíklegur" type="lhensf">ólíklegt</w>
            <w lemma="að" type="c">að</w>
            <w lemma="maður" type="nkfn">menn</w>
            <w lemma="vilja" type="svg3fn">vilji</w>
            <w lemma="setja" type="sng">setja</w>
            <w lemma="slíkur" type="fbheo">slíkt</w>
            <w lemma="fordæmi" type="nheo">fordæmi</w>
            <c type="pk">,</c>
            <w lemma="sérstaklega" type="aa">sérstaklega</w>
            <w lemma="í" type="af">í</w>
            <w lemma="ljós" type="nheþ">ljósi</w>
            <w lemma="það" type="fphee">þess</w>
            <w lemma="að" type="c">að</w>
            <w lemma="það" type="fphen">það</w>
            <w lemma="vera" type="sfg3en">er</w>
            <w lemma="ekki" type="aa">ekki</w>
            <w lemma="með" type="af">með</w>
            <w lemma="nokkur" type="foheþ">nokkru</w>
            <w lemma="mót" type="nheþ">móti</w>
            <w lemma="hægur" type="lhensf">hægt</w>
            <w lemma="að" type="cn">að</w>
            <w lemma="tala" type="sng">tala</w>
            <w lemma="um" type="af">um</w>
            <w lemma="að" type="c">að</w>
            <w lemma="þessi" type="fahen">þetta</w>
            <w lemma="vera" type="svg3en">sé</w>
            <w lemma="einhver" type="fohen">eitthvað</w>
            <w lemma="málþóf" type="nhen">málþóf</w>
            <w lemma="í" type="af">í</w>
            <w lemma="stjórnarskrármál" type="nheþg">stjórnarskrármálinu</w>
            <c type="pl">.</c>
          </s>
          <s n="2">
            <w lemma="stjórnarliði" type="nkfn">Stjórnarliðar</w>
            <w lemma="hafa" type="sfg3fn">hafa</w>
            <w lemma="síðar" type="aae">síðast</w>
            <w lemma="þegar" type="c">þegar</w>
            <w lemma="ég" type="fp1en">ég</w>
            <w lemma="gá" type="sfg1eþ">gáði</w>
            <w lemma="tala" type="sþghen">talað</w>
            <w lemma="mikill" type="lheþsf">miklu</w>
            <w lemma="mjög" type="aam">meira</w>
            <w lemma="gjarnan" type="aam">heldur</w>
            <w lemma="en" type="c">en</w>
            <w lemma="stjórnarandstæðingur" type="nkfn">stjórnarandstæðingar</w>
            <w lemma="í" type="af">í</w>
            <w lemma="mál" type="nheþg">málinu</w>
            <w lemma="og" type="c">og</w>
            <w lemma="vera" type="sfg3fþ">voru</w>
            <w lemma="enn" type="aa">enn</w>
            <w lemma="að" type="cn">að</w>
            <w lemma="tjá" type="sng">tjá</w>
            <w lemma="sig" type="fpkfo">sig</w>
            <w lemma="þegar" type="c">þegar</w>
            <w lemma="að" type="c">að</w>
            <w lemma="hlé" type="nhen">hlé</w>
            <w lemma="vera" type="sfg3eþ">var</w>
            <w lemma="gera" type="sþghen">gert</w>
            <w lemma="á" type="af">á</w>
            <w lemma="fundur" type="nkfþ">fundum</w>
            <c type="pl">.</c>
          </s>
          <s n="3">
            <w lemma="Svoleiðir" type="nkee-s">Svoleiðis</w>
            <w lemma="að" type="c">að</w>
            <w lemma="það" type="fphen">það</w>
            <w lemma="vera" type="sfg3en">er</w>
            <w lemma="hæpinn" type="lhensf">hæpið</w>
            <w lemma="að" type="cn">að</w>
            <w lemma="kalla" type="sng">kalla</w>
            <w lemma="sá" type="faheo">það</w>
            <w lemma="málþóf" type="nheo">málþóf</w>
            <c type="pl">.</c>
          </s>
        </p>
      </div1>
    </body>
  </text>
</TEI>
