<?xml version="1.0" encoding="utf-8"?>
<TEI xmlns="http://www.tei-c.org/ns/1.0">
  <teiHeader>
    <fileDesc>
      <titleStmt>
        <title>
          <title type="main">Danmörk - Berklar að breiðast út að nýju</title>
        </title>
        <respStmt>
          <resp xml:lang="is">Söfnun og úrvinnsla texta</resp>
          <resp xml:lang="en">Collection and processing of text</resp>
          <name xml:lang="is">Stofnun Árna Magnússonar í íslenskum fræðum</name>
          <name xml:lang="en">The Arni Magnusson Institute for Icelandic Studies</name>
        </respStmt>
      </titleStmt>
      <editionStmt>
        <p xml:lang="is">Íslensk risamálheild (2019)</p>
        <p xml:lang="en">Tagged Icelandic Gigaword Corpus (2019)</p>
      </editionStmt>
      <publicationStmt>
        <distributor xml:lang="is">Stofnun Árna Magnússonar í íslenskum fræðum</distributor>
        <distributor xml:lang="en">The Arni Magnusson Institute for Icelandic Studies</distributor>
        <address>
          <addrLine xml:lang="is">Árnagarður við Suðurgötu, 107 Reykjavík, Íslandi</addrLine>
          <addrLine xml:lang="en">Árnagarður Suðurgata, 107 Reykjavik, Iceland</addrLine>
          <addrLine>
            <email>arnastofnun@arnastofnun.is</email>
          </addrLine>
        </address>
        <idno type="risam">G-25-2506684</idno>
        <availability>
          <p xml:lang="is">Þessi texti er til notkunar í málrannsóknum og máltækniverkefnum um allan heim með sérstöku leyfi, sjá rmh2Hdr.xml</p>
          <p xml:lang="en">This text is available for use in language research and language technology projects world wide with a special license, see rmh2Hdr.xml</p>
        </availability>
        <date>2020-05-26</date>
      </publicationStmt>
      <sourceDesc>
        <biblStruct>
          <analytic>
            <title>
              <title type="main">Danmörk - Berklar að breiðast út að nýju</title>
            </title>
            <date when="2013-03-08T08:00:00">08.03 2013 kl. 08:00:00</date>
          </analytic>
          <monogr>
            <title>Bylgjan</title>
            <imprint>
              <publisher>365 miðlar hf.</publisher>
              <pubPlace>Reykjavík</pubPlace>
            </imprint>
          </monogr>
        </biblStruct>
      </sourceDesc>
    </fileDesc>
    <encodingDesc>
      <projectDesc>
        <p xml:lang="is">Sjá lýsingu á verkefninu í rmh2Hdr.xml.</p>
        <p xml:lang="en">See description of project in rmh2Hdr.xml.</p>
      </projectDesc>
      <tagsDecl>
        <namespace name="http://www.tei-c.org/ns/1.0">
          <tagUsage gi="text" occurs="1"/>
          <tagUsage gi="body" occurs="1"/>
          <tagUsage gi="div1" occurs="1"/>
          <tagUsage gi="p" occurs="1"/>
          <tagUsage gi="s" occurs="2"/>
          <tagUsage gi="w" occurs="29"/>
          <tagUsage gi="c" occurs="2"/>
        </namespace>
      </tagsDecl>
    </encodingDesc>
    <profileDesc>
     <textClass>
      <keywords scheme="#RMH">
       <list>
        <item>Frétt – almennt</item>
       </list>
      </keywords>
     </textClass>
    </profileDesc>
  </teiHeader>
  <text>
    <body>
      <div1>
        <p n="1">
          <s n="1">
            <w lemma="berkill" type="nkfn">Berklar</w>
            <w lemma="vera" type="sfg3fn">eru</w>
            <w lemma="að" type="cn">að</w>
            <w lemma="breiða" type="snm">breiðast</w>
            <w lemma="út" type="aa">út</w>
            <w lemma="að" type="af">að</w>
            <w lemma="nýr" type="lheþsf">nýju</w>
            <w lemma="í" type="af">í</w>
            <w lemma="Danmörk" type="nveþ-s">Danmörku</w>
            <c type="pl">.</c>
          </s>
          <s n="2">
            <w lemma="þessi" type="fahen">Þetta</w>
            <w lemma="valda" type="sfg3en">veldur</w>
            <w lemma="danskur" type="lhfþsf">dönskum</w>
            <w lemma="heilbrigðisyfirvald" type="nhfþ">heilbrigðisyfirvöldum</w>
            <w lemma="mikill" type="lvfþsf">miklum</w>
            <w lemma="áhyggja" type="nvfþ">áhyggjum</w>
            <w lemma="það" type="fpheþ">því</w>
            <w lemma="Dani" type="nkfn-s">Danir</w>
            <w lemma="standa" type="sfg3fn">standa</w>
            <w lemma="almennt" type="aa">almennt</w>
            <w lemma="í" type="af">í</w>
            <w lemma="sá" type="faveþ">þeirri</w>
            <w lemma="trú" type="nveþ">trú</w>
            <w lemma="að" type="c">að</w>
            <w lemma="berkill" type="nkfþ">berklum</w>
            <w lemma="hafa" type="svg3fn">hafi</w>
            <w lemma="vera" type="sþghen">verið</w>
            <w lemma="útrýma" type="sþghen">útrýmt</w>
            <w lemma="í" type="af">í</w>
            <w lemma="land" type="nheþg">landinu</w>
            <c type="pl">.</c>
          </s>
        </p>
      </div1>
    </body>
  </text>
</TEI>
