<?xml version="1.0" encoding="utf-8"?>
<TEI xmlns="http://www.tei-c.org/ns/1.0">
  <teiHeader>
    <fileDesc>
      <titleStmt>
        <title>
          <title type="main">París - Stjörnukokkar nota hrossakjöt í auknum mæli</title>
        </title>
        <respStmt>
          <resp xml:lang="is">Söfnun og úrvinnsla texta</resp>
          <resp xml:lang="en">Collection and processing of text</resp>
          <name xml:lang="is">Stofnun Árna Magnússonar í íslenskum fræðum</name>
          <name xml:lang="en">The Arni Magnusson Institute for Icelandic Studies</name>
        </respStmt>
      </titleStmt>
      <editionStmt>
        <p xml:lang="is">Íslensk risamálheild (2019)</p>
        <p xml:lang="en">Tagged Icelandic Gigaword Corpus (2019)</p>
      </editionStmt>
      <publicationStmt>
        <distributor xml:lang="is">Stofnun Árna Magnússonar í íslenskum fræðum</distributor>
        <distributor xml:lang="en">The Arni Magnusson Institute for Icelandic Studies</distributor>
        <address>
          <addrLine xml:lang="is">Árnagarður við Suðurgötu, 107 Reykjavík, Íslandi</addrLine>
          <addrLine xml:lang="en">Árnagarður Suðurgata, 107 Reykjavik, Iceland</addrLine>
          <addrLine>
            <email>arnastofnun@arnastofnun.is</email>
          </addrLine>
        </address>
        <idno type="risam">G-25-2543730</idno>
        <availability>
          <p xml:lang="is">Þessi texti er til notkunar í málrannsóknum og máltækniverkefnum um allan heim með sérstöku leyfi, sjá rmh2Hdr.xml</p>
          <p xml:lang="en">This text is available for use in language research and language technology projects world wide with a special license, see rmh2Hdr.xml</p>
        </availability>
        <date>2020-05-26</date>
      </publicationStmt>
      <sourceDesc>
        <biblStruct>
          <analytic>
            <title>
              <title type="main">París - Stjörnukokkar nota hrossakjöt í auknum mæli</title>
            </title>
            <date when="2013-03-05T08:00:00">05.03 2013 kl. 08:00:00</date>
          </analytic>
          <monogr>
            <title>Bylgjan</title>
            <imprint>
              <publisher>365 miðlar hf.</publisher>
              <pubPlace>Reykjavík</pubPlace>
            </imprint>
          </monogr>
        </biblStruct>
      </sourceDesc>
    </fileDesc>
    <encodingDesc>
      <projectDesc>
        <p xml:lang="is">Sjá lýsingu á verkefninu í rmh2Hdr.xml.</p>
        <p xml:lang="en">See description of project in rmh2Hdr.xml.</p>
      </projectDesc>
      <tagsDecl>
        <namespace name="http://www.tei-c.org/ns/1.0">
          <tagUsage gi="text" occurs="1"/>
          <tagUsage gi="body" occurs="1"/>
          <tagUsage gi="div1" occurs="1"/>
          <tagUsage gi="p" occurs="1"/>
          <tagUsage gi="s" occurs="2"/>
          <tagUsage gi="w" occurs="30"/>
          <tagUsage gi="c" occurs="2"/>
        </namespace>
      </tagsDecl>
    </encodingDesc>
    <profileDesc>
     <textClass>
      <keywords scheme="#RMH">
       <list>
        <item>Frétt – almennt</item>
       </list>
      </keywords>
     </textClass>
    </profileDesc>
  </teiHeader>
  <text>
    <body>
      <div1>
        <p n="1">
          <s n="1">
            <w lemma="stjörnukokkur" type="nkfn">Stjörnukokkar</w>
            <w lemma="í" type="af">í</w>
            <w lemma="París" type="nveþ-s">París</w>
            <w lemma="hafa" type="sfg3fn">hafa</w>
            <w lemma="blanda" type="sþghen">blandað</w>
            <w lemma="sig" type="fpkfþ">sér</w>
            <w lemma="í" type="af">í</w>
            <w lemma="hrossakjötshneyksli" type="nheog">hrossakjötshneykslið</w>
            <w lemma="sem" type="ct">sem</w>
            <w lemma="koma" type="sþghen">komið</w>
            <w lemma="hafa" type="sfg3en">hefur</w>
            <w lemma="upp" type="aa">upp</w>
            <w lemma="í" type="af">í</w>
            <w lemma="margur" type="lhfþse">flestum</w>
            <w lemma="land" type="nhfþ">löndum</w>
            <w lemma="Evrópusamband" type="nheegs">Evrópusambandsins</w>
            <c type="pl">.</c>
          </s>
          <s n="2">
            <w lemma="hann" type="fpkfn">Þeir</w>
            <w lemma="vera" type="sfg3fn">eru</w>
            <w lemma="í" type="af">í</w>
            <w lemma="vaxandi" type="lkeþof">vaxandi</w>
            <w lemma="mælir" type="nkeþ">mæli</w>
            <w lemma="að" type="cn">að</w>
            <w lemma="setja" type="sng">setja</w>
            <w lemma="hrossakjöt" type="nheo">hrossakjöt</w>
            <w lemma="í" type="af">í</w>
            <w lemma="ýmis" type="fovfþ">ýmsum</w>
            <w lemma="útgáfa" type="nvfþ">útgáfum</w>
            <w lemma="á" type="af">á</w>
            <w lemma="matseðill" type="nkfo">matseðla</w>
            <w lemma="sinn" type="fekfo">sína</w>
            <c type="pl">.</c>
          </s>
        </p>
      </div1>
    </body>
  </text>
</TEI>
