<?xml version="1.0" encoding="utf-8"?>
<TEI xmlns="http://www.tei-c.org/ns/1.0">
  <teiHeader>
    <fileDesc>
      <titleStmt>
        <title>
          <title type="main">Reyklaus bekkur</title>
        </title>
        <respStmt>
          <resp xml:lang="is">Söfnun og úrvinnsla texta</resp>
          <resp xml:lang="en">Collection and processing of text</resp>
          <name xml:lang="is">Stofnun Árna Magnússonar í íslenskum fræðum</name>
          <name xml:lang="en">The Arni Magnusson Institute for Icelandic Studies</name>
        </respStmt>
      </titleStmt>
      <editionStmt>
        <p xml:lang="is">Íslensk risamálheild (2019)</p>
        <p xml:lang="en">Tagged Icelandic Gigaword Corpus (2019)</p>
      </editionStmt>
      <publicationStmt>
        <distributor xml:lang="is">Stofnun Árna Magnússonar í íslenskum fræðum</distributor>
        <distributor xml:lang="en">The Arni Magnusson Institute for Icelandic Studies</distributor>
        <address>
          <addrLine xml:lang="is">Árnagarður við Suðurgötu, 107 Reykjavík, Íslandi</addrLine>
          <addrLine xml:lang="en">Árnagarður Suðurgata, 107 Reykjavik, Iceland</addrLine>
          <addrLine>
            <email>arnastofnun@arnastofnun.is</email>
          </addrLine>
        </address>
        <idno type="risam">G-25-2505388</idno>
        <availability>
          <p xml:lang="is">Þessi texti er til notkunar í málrannsóknum og máltækniverkefnum um allan heim með sérstöku leyfi, sjá rmh2Hdr.xml</p>
          <p xml:lang="en">This text is available for use in language research and language technology projects world wide with a special license, see rmh2Hdr.xml</p>
        </availability>
        <date>2020-05-26</date>
      </publicationStmt>
      <sourceDesc>
        <biblStruct>
          <analytic>
            <title>
              <title type="main">Reyklaus bekkur</title>
            </title>
            <date when="2013-03-15T12:00:00">15.03 2013 kl. 12:00:00</date>
          </analytic>
          <monogr>
            <title>Bylgjan</title>
            <imprint>
              <publisher>365 miðlar hf.</publisher>
              <pubPlace>Reykjavík</pubPlace>
            </imprint>
          </monogr>
        </biblStruct>
      </sourceDesc>
    </fileDesc>
    <encodingDesc>
      <projectDesc>
        <p xml:lang="is">Sjá lýsingu á verkefninu í rmh2Hdr.xml.</p>
        <p xml:lang="en">See description of project in rmh2Hdr.xml.</p>
      </projectDesc>
      <tagsDecl>
        <namespace name="http://www.tei-c.org/ns/1.0">
          <tagUsage gi="text" occurs="1"/>
          <tagUsage gi="body" occurs="1"/>
          <tagUsage gi="div1" occurs="1"/>
          <tagUsage gi="p" occurs="9"/>
          <tagUsage gi="s" occurs="15"/>
          <tagUsage gi="w" occurs="246"/>
          <tagUsage gi="c" occurs="28"/>
        </namespace>
      </tagsDecl>
    </encodingDesc>
    <profileDesc>
     <textClass>
      <keywords scheme="#RMH">
       <list>
        <item>Frétt – almennt</item>
       </list>
      </keywords>
     </textClass>
    </profileDesc>
  </teiHeader>
  <text>
    <body>
      <div1>
        <p n="1">
          <s n="1">
            <w lemma="nemandi" type="nkfþ">Nemendum</w>
            <w lemma="í" type="af">í</w>
            <w lemma="7." type="ta">7.</w>
            <w lemma="bekkur" type="nkeþ">bekk</w>
            <w lemma="í" type="af">í</w>
            <w lemma="Vallaskóli" type="nkeþ-s">Vallaskóla</w>
            <w lemma="á" type="af">á</w>
            <w lemma="Selfoss" type="nkeþ-s">Selfossi</w>
            <w lemma="blöskra" type="sfg3eþ">blöskraði</w>
            <w lemma="svo" type="aa">svo</w>
            <w lemma="rusl" type="nheng">ruslið</w>
            <w lemma="og" type="c">og</w>
            <w lemma="sígarettustubbur" type="nkfng">sígarettustubbarnir</w>
            <w lemma="í" type="aa">í</w>
            <w lemma="kringum" type="af">kringum</w>
            <w lemma="Sjúkrahús" type="nheogs">Sjúkrahúsið</w>
            <w lemma="á" type="af">á</w>
            <w lemma="Selfoss" type="nkeþ-s">Selfossi</w>
            <w lemma="að" type="c">að</w>
            <w lemma="hann" type="fpkfn">þeir</w>
            <w lemma="bregða" type="sfg3fþ">brugðu</w>
            <w lemma="sig" type="fpkfþ">sér</w>
            <w lemma="út" type="aa">út</w>
            <w lemma="úr" type="af">úr</w>
            <w lemma="tími" type="nkeþ">tíma</w>
            <w lemma="til" type="af">til</w>
            <w lemma="að" type="cn">að</w>
            <w lemma="hreinsa" type="sng">hreinsa</w>
            <w lemma="upp" type="aa">upp</w>
            <w lemma="allur" type="foheo">allt</w>
            <w lemma="rusl" type="nheog">ruslið</w>
            <w lemma="og" type="c">og</w>
            <w lemma="stubbur" type="nkfog">stubbana</w>
            <w lemma="á" type="af">á</w>
            <w lemma="góðgerðardegi" type="nheþ">góðgerðardegi</w>
            <w lemma="bekkur" type="nkeeg">bekkjarins</w>
            <w lemma="í" type="aa">í</w>
            <w lemma="gær" type="aa">gær</w>
            <c type="pl">.</c>
          </s>
          <s n="2">
            <w lemma="þá" type="aa">Þá</w>
            <w lemma="hafa" type="sfg3fn">hafa</w>
            <w lemma="nemandi" type="nkfng">nemendurnir</w>
            <w lemma="semja" type="sþghen">samið</w>
            <w lemma="sérstakur" type="lheosf">sérstakt</w>
            <w lemma="reykingalag" type="nheo">reykingalag</w>
            <c type="pk">,</c>
            <w lemma="allur" type="fohee">Alls</w>
            <w lemma="ekki" type="aa">ekki</w>
            <w lemma="reykja" type="sng">reykja</w>
            <c type="pl">.</c>
          </s>
          <s n="3">
            <w lemma="Magnús" type="nken-s">Magnús</w>
            <w lemma="Hlynur" type="nken-s">Hlynur</w>
            <w lemma="Hreiðarsson" type="nken-s">Hreiðarsson</w>
            <w lemma="hitta" type="sfg3eþ">hitti</w>
            <w lemma="krakki" type="nkfog">krakkana</w>
            <w lemma="og" type="c">og</w>
            <w lemma="umsjónarkennari" type="nkfo">umsjónarkennara</w>
            <w lemma="hann" type="fpkfe">þeirra</w>
            <c type="pl">.</c>
          </s>
        </p>
        <p n="2">
          <s n="1">
            <w lemma="það" type="fphen">Það</w>
            <w lemma="vera" type="sfg3eþ">var</w>
            <w lemma="gaman" type="nhen">gaman</w>
            <w lemma="að" type="cn">að</w>
            <w lemma="verða" type="sng">verða</w>
            <w lemma="vitni" type="nhen">vitni</w>
            <w lemma="að" type="af">að</w>
            <w lemma="það" type="fpheþ">því</w>
            <w lemma="þegar" type="c">þegar</w>
            <w lemma="nemandi" type="nkfng">nemendurnir</w>
            <w lemma="streyma" type="sfg3fþ">streymdu</w>
            <w lemma="út" type="aa">út</w>
            <w lemma="úr" type="af">úr</w>
            <w lemma="skóli" type="nkeþg">skólanum</w>
            <w lemma="vopnaður" type="lkfnsf">vopnaðir</w>
            <w lemma="ruslapoki" type="nkfþ">ruslapokum</w>
            <w lemma="og" type="c">og</w>
            <w lemma="strákústur" type="nkfþ">strákústum</w>
            <w lemma="í" type="af">í</w>
            <w lemma="sá" type="fakeþ">þeim</w>
            <w lemma="tilgangur" type="nkeþ">tilgangi</w>
            <w lemma="að" type="cn">að</w>
            <w lemma="tína" type="sng">tína</w>
            <w lemma="allur" type="foheo">allt</w>
            <w lemma="rusl" type="nheo">rusl</w>
            <w lemma="af" type="af">af</w>
            <w lemma="lóð" type="nveþg">lóðinni</w>
            <w lemma="við" type="af">við</w>
            <w lemma="Sjúkrahús" type="nheogs">Sjúkrahúsið</w>
            <w lemma="á" type="af">á</w>
            <w lemma="Selfoss" type="nkeþ-s">Selfossi</w>
            <w lemma="eða" type="c">eða</w>
            <w lemma="Heilbrigðisstofnun" type="nveþ-s">Heilbrigðisstofnun</w>
            <w lemma="Suðurland" type="nhee-s">Suðurlands</w>
            <w lemma="með" type="af">með</w>
            <w lemma="sérstakur" type="lveosf">sérstaka</w>
            <w lemma="áhersla" type="nveo">áherslu</w>
            <w lemma="á" type="af">á</w>
            <w lemma="sígarettustubbur" type="nkfo">sígarettustubba</w>
            <w lemma="auk" type="af">auk</w>
            <w lemma="það" type="fphee">þess</w>
            <w lemma="að" type="cn">að</w>
            <w lemma="sópa" type="sng">sópa</w>
            <w lemma="stétt" type="nvfo">stéttar</w>
            <c type="pl">.</c>
          </s>
        </p>
        <p n="3">
          <s n="1">
            <w lemma="Margrét" type="nven-s">Margrét</w>
            <w lemma="Kristjánsdóttir" type="nven-s">Kristjánsdóttir</w>
            <c type="pk">,</c>
            <w lemma="umsjónarkennari" type="nken">umsjónarkennari</w>
            <w lemma="bekkur" type="nkeeg">bekkjarins</w>
            <c type="pa">:</c>
            <w lemma="ja" type="af">Ja</w>
            <w lemma="ég" type="fp1eþ">mér</w>
            <w lemma="sannur" type="lheosf">satt</w>
            <w lemma="vel" type="aae">best</w>
            <w lemma="að" type="cn">að</w>
            <w lemma="segja" type="sng">segja</w>
            <w lemma="ofbjóða" type="sfg3eþ">ofbauð</w>
            <c type="pl">.</c>
          </s>
          <s n="2">
            <w lemma="ég" type="fp1en">Ég</w>
            <w lemma="fara" type="sfg1en">fer</w>
            <w lemma="hérna" type="aa">hérna</w>
            <w lemma="ansi" type="aa">ansi</w>
            <w lemma="oft" type="aa">oft</w>
            <w lemma="að" type="cn">að</w>
            <w lemma="heimsækja" type="sng">heimsækja</w>
            <w lemma="aldraður" type="lveosf">aldraða</w>
            <w lemma="amma" type="nveo">ömmu</w>
            <w lemma="og" type="c">og</w>
            <w lemma="það" type="fphen">það</w>
            <w lemma="vera" type="sfg3en">er</w>
            <w lemma="svo" type="aa">svo</w>
            <w lemma="svakalega" type="aa">svakalega</w>
            <w lemma="mikill" type="lhensf">mikið</w>
            <w lemma="af" type="af">af</w>
            <w lemma="sígarettustubbur" type="nkfþ">sígarettustubbum</w>
            <c type="pl">.</c>
          </s>
          <s n="3">
            <w lemma="og" type="c">Og</w>
            <w lemma="þar" type="aa">þar</w>
            <w lemma="sem" type="c">sem</w>
            <w lemma="að" type="c">að</w>
            <w lemma="bekkur" type="nkeng">bekkurinn</w>
            <w lemma="minn" type="feken">minn</w>
            <w lemma="vera" type="sfg3en">er</w>
            <w lemma="reyklaus" type="lkensf">reyklaus</w>
            <w lemma="bekkur" type="nken">bekkur</w>
            <w lemma="og" type="c">og</w>
            <w lemma="ég" type="fp1fn">við</w>
            <w lemma="vera" type="sfg1fn">erum</w>
            <w lemma="búinn" type="lhfnsf">búin</w>
            <w lemma="að" type="cn">að</w>
            <w lemma="semja" type="sng">semja</w>
            <w lemma="lag" type="nheo">lag</w>
            <w lemma="í" type="af">í</w>
            <w lemma="tengsl" type="nhfþ">tengslum</w>
            <w lemma="við" type="af">við</w>
            <w lemma="það" type="fpheo">það</w>
            <w lemma="að" type="c">að</w>
            <w lemma="þá" type="aa">þá</w>
            <w lemma="bara" type="aa">bara</w>
            <w lemma="ákveða" type="sfg1eþ">ákvað</w>
            <w lemma="ég" type="fp1en">ég</w>
            <w lemma="að" type="cn">að</w>
            <w lemma="láta" type="sng">láta</w>
            <w lemma="til" type="af">til</w>
            <w lemma="skör" type="nvee">skarar</w>
            <w lemma="skríða" type="sng">skríða</w>
            <c type="pl">.</c>
          </s>
        </p>
        <p n="4">
          <s n="1">
            <w lemma="Magnús" type="nken-s">Magnús</w>
            <w lemma="Hlynur" type="nken-s">Hlynur</w>
            <w lemma="Hreiðarsson" type="nken-s">Hreiðarsson</w>
            <c type="pa">:</c>
            <w lemma="og" type="c">Og</w>
            <w lemma="þessi" type="fahen">þetta</w>
            <w lemma="vera" type="sfg3fn">eru</w>
            <w lemma="greinilega" type="aa">greinilega</w>
            <w lemma="mjög" type="aa">mjög</w>
            <w lemma="duglegur" type="lkfnsf">duglegir</w>
            <w lemma="krakki" type="nkfn">krakkar</w>
            <c type="pl">.</c>
          </s>
        </p>
        <p n="5">
          <s n="1">
            <w lemma="Margrét" type="nven-s">Margrét</w>
            <w lemma="Kristjánsdóttir" type="nven-s">Kristjánsdóttir</w>
            <c type="pa">:</c>
            <w lemma="þessi" type="fahen">Þetta</w>
            <w lemma="vera" type="sfg3en">er</w>
            <c type="pk">,</c>
            <w lemma="ég" type="fp1en">ég</w>
            <w lemma="eiga" type="sfg1en">á</w>
            <w lemma="góður" type="lkeove">besta</w>
            <w lemma="bekkur" type="nkeog">bekkinn</w>
            <w lemma="í" type="af">í</w>
            <w lemma="Vallaskóli" type="nkeþ-s">Vallaskóla</w>
            <c type="pk">,</c>
            <w lemma="hahaha" type="x">hahaha</w>
            <c type="pl">.</c>
          </s>
        </p>
        <p n="6">
          <s n="1">
            <w lemma="Magnús" type="nken-s">Magnús</w>
            <c type="pa">:</c>
            <w lemma="en" type="c">En</w>
            <w lemma="hver" type="fsheo">hvað</w>
            <w lemma="geta" type="sfg2en">geturðu</w>
            <w lemma="segja" type="sþghen">sagt</w>
            <w lemma="ég" type="fp1eþ">mér</w>
            <w lemma="um" type="af">um</w>
            <w lemma="þessi" type="faheo">þetta</w>
            <w lemma="lag" type="nheo">lag</w>
            <w lemma="sem" type="ct">sem</w>
            <w lemma="þú" type="fp2fn">þið</w>
            <w lemma="semja" type="sfg2fþ">sömduð</w>
            <c type="pl">?</c>
          </s>
        </p>
        <p n="7">
          <s n="1">
            <w lemma="Margrét" type="nven-s">Margrét</w>
            <w lemma="Kristjánsdóttir" type="nven-s">Kristjánsdóttir</w>
            <c type="pa">:</c>
            <w lemma="heyra" type="sfg3fþ">Heyrðu</w>
            <w lemma="það" type="fphen">það</w>
            <w lemma="vera" type="sfg3en">er</w>
            <w lemma="tengja" type="sþghen">tengt</w>
            <w lemma="reyking" type="nvfþ">reykingum</w>
            <w lemma="og" type="c">og</w>
            <w lemma="það" type="fphen">það</w>
            <w lemma="heita" type="sfg3en">heitir</w>
            <w lemma="bara" type="aa">bara</w>
            <c type="pk">,</c>
            <w lemma="allur" type="fohee">Alls</w>
            <w lemma="ekki" type="aa">ekki</w>
            <w lemma="reykja" type="sng">reykja</w>
            <w lemma="og" type="c">og</w>
            <w lemma="ég" type="fp1fn">við</w>
            <w lemma="ætla" type="sfg1fn">ætlum</w>
            <w lemma="að" type="cn">að</w>
            <w lemma="senda" type="sng">senda</w>
            <w lemma="þessi" type="faheo">þetta</w>
            <w lemma="lag" type="nheo">lag</w>
            <w lemma="sem" type="c">sem</w>
            <w lemma="segja" type="sþghen">sagt</w>
            <w lemma="sem" type="c">sem</w>
            <w lemma="framlag" type="nheo">framlag</w>
            <w lemma="7" type="ta">7</w>
            <c type="pl">.</c>
          </s>
          <s n="2">
            <w lemma="MK" type="n----s">MK</w>
            <w lemma="í" type="aa">í</w>
            <c type="pk">,</c>
            <w lemma="til" type="af">til</w>
            <w lemma="tóbaksvarnarráð" type="nhee">tóbaksvarnarráðs</w>
            <w lemma="sem" type="ct">sem</w>
            <w lemma="halda" type="sfg3en">heldur</w>
            <w lemma="utan" type="aa">utan</w>
            <w lemma="um" type="af">um</w>
            <w lemma="hérna" type="aa">hérna</w>
            <w lemma="þessi" type="faheo">þetta</w>
            <c type="pk">,</c>
            <w lemma="þessi" type="fakeo">þennan</w>
            <w lemma="reyklaus" type="lkeovf">reyklausa</w>
            <w lemma="bekkur" type="nkeo">bekk</w>
            <c type="pl">.</c>
          </s>
        </p>
        <p n="8">
          <s n="1">
            <w lemma="og" type="c">Og</w>
            <w lemma="hér" type="aa">hér</w>
            <w lemma="heyra" type="sfg1fn">heyrum</w>
            <w lemma="ég" type="fp1fn">við</w>
            <w lemma="brot" type="nhen">brot</w>
            <w lemma="af" type="af">af</w>
            <w lemma="lag" type="nheþg">laginu</w>
            <c type="pk">,</c>
            <w lemma="frumflutningur" type="nken">frumflutningur</w>
            <w lemma="á" type="af">á</w>
            <w lemma="Bylgjan" type="nveþgs">Bylgjunni</w>
            <c type="pl">.</c>
          </s>
        </p>
        <p n="9">
          <s n="1">
            <w lemma="krakki" type="nkfng">Krakkarnir</w>
            <w lemma="í" type="af">í</w>
            <w lemma="7" type="ta">7</w>
            <c type="pl">.</c>
          </s>
          <s n="2">
            <w lemma="MK" type="n----s">MK</w>
            <w lemma="í" type="af">í</w>
            <w lemma="Vallaskóli" type="nkeþ-s">Vallaskóla</w>
            <w lemma="syngja" type="sng">syngja</w>
            <c type="pl">.</c>
          </s>
        </p>
      </div1>
    </body>
  </text>
</TEI>
