<?xml version="1.0" encoding="utf-8"?>
<TEI xmlns="http://www.tei-c.org/ns/1.0">
  <teiHeader>
    <fileDesc>
      <titleStmt>
        <title>
          <title type="main">Verð í sund hækkar</title>
        </title>
        <respStmt>
          <resp xml:lang="is">Söfnun og úrvinnsla texta</resp>
          <resp xml:lang="en">Collection and processing of text</resp>
          <name xml:lang="is">Stofnun Árna Magnússonar í íslenskum fræðum</name>
          <name xml:lang="en">The Arni Magnusson Institute for Icelandic Studies</name>
        </respStmt>
      </titleStmt>
      <editionStmt>
        <p xml:lang="is">Íslensk risamálheild (2019)</p>
        <p xml:lang="en">Tagged Icelandic Gigaword Corpus (2019)</p>
      </editionStmt>
      <publicationStmt>
        <distributor xml:lang="is">Stofnun Árna Magnússonar í íslenskum fræðum</distributor>
        <distributor xml:lang="en">The Arni Magnusson Institute for Icelandic Studies</distributor>
        <address>
          <addrLine xml:lang="is">Árnagarður við Suðurgötu, 107 Reykjavík, Íslandi</addrLine>
          <addrLine xml:lang="en">Árnagarður Suðurgata, 107 Reykjavik, Iceland</addrLine>
          <addrLine>
            <email>arnastofnun@arnastofnun.is</email>
          </addrLine>
        </address>
        <idno type="risam">G-25-2539247</idno>
        <availability>
          <p xml:lang="is">Þessi texti er til notkunar í málrannsóknum og máltækniverkefnum um allan heim með sérstöku leyfi, sjá rmh2Hdr.xml</p>
          <p xml:lang="en">This text is available for use in language research and language technology projects world wide with a special license, see rmh2Hdr.xml</p>
        </availability>
        <date>2020-05-26</date>
      </publicationStmt>
      <sourceDesc>
        <biblStruct>
          <analytic>
            <title>
              <title type="main">Verð í sund hækkar</title>
            </title>
            <date when="2013-03-05T12:00:00">05.03 2013 kl. 12:00:00</date>
          </analytic>
          <monogr>
            <title>Bylgjan</title>
            <imprint>
              <publisher>365 miðlar hf.</publisher>
              <pubPlace>Reykjavík</pubPlace>
            </imprint>
          </monogr>
        </biblStruct>
      </sourceDesc>
    </fileDesc>
    <encodingDesc>
      <projectDesc>
        <p xml:lang="is">Sjá lýsingu á verkefninu í rmh2Hdr.xml.</p>
        <p xml:lang="en">See description of project in rmh2Hdr.xml.</p>
      </projectDesc>
      <tagsDecl>
        <namespace name="http://www.tei-c.org/ns/1.0">
          <tagUsage gi="text" occurs="1"/>
          <tagUsage gi="body" occurs="1"/>
          <tagUsage gi="div1" occurs="1"/>
          <tagUsage gi="p" occurs="2"/>
          <tagUsage gi="s" occurs="12"/>
          <tagUsage gi="w" occurs="231"/>
          <tagUsage gi="c" occurs="20"/>
        </namespace>
      </tagsDecl>
    </encodingDesc>
    <profileDesc>
     <textClass>
      <keywords scheme="#RMH">
       <list>
        <item>Frétt – almennt</item>
       </list>
      </keywords>
     </textClass>
    </profileDesc>
  </teiHeader>
  <text>
    <body>
      <div1>
        <p n="1">
          <s n="1">
            <w lemma="12" type="ta">12</w>
            <w lemma="af" type="af">af</w>
            <w lemma="15" type="ta">15</w>
            <w lemma="stór" type="lhfþve">stærstu</w>
            <w lemma="sveitarfélag" type="nhfþ">sveitarfélögum</w>
            <w lemma="land" type="nheeg">landsins</w>
            <w lemma="hafa" type="sfg3fn">hafa</w>
            <w lemma="hækka" type="sþghen">hækkað</w>
            <w lemma="verð" type="nheo">verð</w>
            <w lemma="í" type="af">í</w>
            <w lemma="sund" type="nheo">sund</w>
            <w lemma="samkvæmt" type="af">samkvæmt</w>
            <w lemma="nýr" type="lveþsf">nýrri</w>
            <w lemma="könnun" type="nveþ">könnun</w>
            <w lemma="Alþýðusamband" type="nheegs">Alþýðusambandsins</w>
            <c type="pl">.</c>
          </s>
          <s n="2">
            <w lemma="nú" type="aa">Nú</w>
            <w lemma="kosta" type="sfg3en">kostar</w>
            <w lemma="stakur" type="lvensf">stök</w>
            <w lemma="sundferð" type="nven">sundferð</w>
            <w lemma="í" type="af">í</w>
            <w lemma="Reykjavík" type="nveþ-s">Reykjavík</w>
            <w lemma="550" type="ta">550</w>
            <w lemma="króna" type="nvfo">krónur</w>
            <c type="pk">,</c>
            <w lemma="jafnmikið" type="aa">jafnmikið</w>
            <w lemma="og" type="c">og</w>
            <w lemma="á" type="af">á</w>
            <w lemma="Akureyri" type="nveþ-s">Akureyri</w>
            <c type="pk">,</c>
            <w lemma="þar" type="aa">þar</w>
            <w lemma="sem" type="c">sem</w>
            <w lemma="hún" type="fpven">hún</w>
            <w lemma="hafa" type="sfg3en">hefur</w>
            <w lemma="hækka" type="sþghen">hækkað</w>
            <w lemma="mjög" type="aae">mest</w>
            <w lemma="í" type="af">í</w>
            <w lemma="verð" type="nheþ">verði</w>
            <c type="pk">,</c>
            <w lemma="eða" type="c">eða</w>
            <w lemma="um" type="aa">um</w>
            <w lemma="17%" type="tp">17%</w>
            <c type="pl">.</c>
          </s>
        </p>
        <p n="2">
          <s n="1">
            <w lemma="verðlagseftirlit" type="nhen">Verðlagseftirlit</w>
            <w lemma="ASÍ" type="n----s">ASÍ</w>
            <w lemma="kanna" type="svg3eþ">kannaði</w>
            <w lemma="verðbreyting" type="nvfo">verðbreytingar</w>
            <w lemma="á" type="af">á</w>
            <w lemma="gjaldskrá" type="nvfþ">gjaldskrám</w>
            <w lemma="sundstaður" type="nkfe">sundstaða</w>
            <w lemma="hjá" type="af">hjá</w>
            <w lemma="15" type="ta">15</w>
            <w lemma="stór" type="lhfþve">stærstu</w>
            <w lemma="sveitarfélag" type="nhfþ">sveitarfélögum</w>
            <w lemma="land" type="nheeg">landsins</w>
            <w lemma="frá" type="af">frá</w>
            <w lemma="1." type="ta">1.</w>
            <w lemma="janúar" type="nkeþ">janúar</w>
            <w lemma="2012" type="ta">2012</w>
            <w lemma="til" type="af">til</w>
            <w lemma="1." type="ta">1.</w>
            <w lemma="janúar" type="nkeo">janúar</w>
            <w lemma="2013" type="ta">2013</w>
            <c type="pl">.</c>
          </s>
          <s n="2">
            <w lemma="12" type="ta">12</w>
            <w lemma="sveitarfélag" type="nhfn">sveitarfélög</w>
            <w lemma="hafa" type="sfg3fn">hafa</w>
            <w lemma="hækka" type="sþghen">hækkað</w>
            <w lemma="gjald" type="nheog">gjaldið</w>
            <w lemma="á" type="af">á</w>
            <w lemma="stakur" type="lkeþsf">stökum</w>
            <w lemma="miði" type="nkeþ">miða</w>
            <w lemma="í" type="af">í</w>
            <w lemma="sund" type="nheo">sund</w>
            <w lemma="fyrir" type="af">fyrir</w>
            <w lemma="fullorðinn" type="lkfosf">fullorðna</w>
            <w lemma="en" type="c">en</w>
            <w lemma="hann" type="fpken">hann</w>
            <w lemma="kosta" type="sfg3en">kostar</w>
            <w lemma="nú" type="aa">nú</w>
            <w lemma="að" type="af">að</w>
            <w lemma="meðaltal" type="nheþ">meðaltali</w>
            <w lemma="505" type="ta">505</w>
            <w lemma="króna" type="nvfo">krónur</w>
            <w lemma="hjá" type="af">hjá</w>
            <w lemma="sá" type="fahfþ">þeim</w>
            <w lemma="sveitarfélag" type="nhfþ">sveitarfélögum</w>
            <w lemma="sem" type="ct">sem</w>
            <w lemma="skoða" type="sþghfn">skoðuð</w>
            <w lemma="vera" type="sfg3fþ">voru</w>
            <c type="pl">.</c>
          </s>
          <s n="3">
            <w lemma="mikill" type="lvenve">Mesta</w>
            <w lemma="hækkun" type="nveng">hækkunin</w>
            <w lemma="vera" type="sfg3en">er</w>
            <c type="pk">,</c>
            <w lemma="eins" type="aa">eins</w>
            <w lemma="og" type="c">og</w>
            <w lemma="áður" type="aa">áður</w>
            <w lemma="segja" type="sfg3en">segir</w>
            <c type="pk">,</c>
            <w lemma="hjá" type="af">hjá</w>
            <w lemma="Akureyrarkaupstaður" type="nkeþ-s">Akureyrarkaupstað</w>
            <c type="pk">,</c>
            <w lemma="eða" type="c">eða</w>
            <w lemma="úr" type="af">úr</w>
            <w lemma="470" type="ta">470</w>
            <w lemma="króna" type="nvfþ">krónum</w>
            <w lemma="í" type="af">í</w>
            <w lemma="550" type="ta">550</w>
            <w lemma="króna" type="nvfo">krónur</w>
            <c type="pl">.</c>
          </s>
          <s n="4">
            <w lemma="hjá" type="af">Hjá</w>
            <w lemma="Reykjavíkurborg" type="nveþ-s">Reykjavíkurborg</w>
            <w lemma="hækka" type="sfg3eþ">hækkaði</w>
            <w lemma="stakur" type="lkensf">stakur</w>
            <w lemma="miði" type="nken">miði</w>
            <w lemma="úr" type="af">úr</w>
            <w lemma="500" type="ta">500</w>
            <w lemma="króna" type="nvfþ">krónum</w>
            <w lemma="í" type="af">í</w>
            <w lemma="550" type="ta">550</w>
            <w lemma="króna" type="nvfo">krónur</w>
            <c type="pl">.</c>
          </s>
          <s n="5">
            <w lemma="hagstæður" type="lhense">Hagstæðast</w>
            <w lemma="vera" type="sfg3en">er</w>
            <w lemma="að" type="cn">að</w>
            <w lemma="kaupa" type="sng">kaupa</w>
            <w lemma="afsláttarkort" type="nheo">afsláttarkort</w>
            <w lemma="þótt" type="c">þótt</w>
            <w lemma="það" type="fphfn">þau</w>
            <w lemma="hafa" type="svg3fn">hafi</w>
            <w lemma="víða" type="aae">víðast</w>
            <w lemma="hvar" type="aa">hvar</w>
            <w lemma="hækka" type="sþghen">hækkað</w>
            <w lemma="líka" type="aa">líka</w>
            <c type="pl">.</c>
          </s>
          <s n="6">
            <w lemma="allur" type="fohen">Allt</w>
            <w lemma="að" type="c">að</w>
            <w lemma="52%" type="tp">52%</w>
            <w lemma="verðmunur" type="nken">verðmunur</w>
            <w lemma="vera" type="sfg3en">er</w>
            <w lemma="á" type="af">á</w>
            <w lemma="hár" type="lheþve">hæsta</w>
            <w lemma="og" type="c">og</w>
            <w lemma="lágur" type="lheþve">lægsta</w>
            <w lemma="vörður" type="nkeþ">verði</w>
            <w lemma="það" type="fphee">þess</w>
            <c type="pk">,</c>
            <w lemma="hár" type="lhenve">hæsta</w>
            <w lemma="gjald" type="nheng">gjaldið</w>
            <w lemma="vera" type="sfg3en">er</w>
            <w lemma="4.400" type="ta">4.400</w>
            <w lemma="króna" type="nvfn">krónur</w>
            <c type="pk">,</c>
            <w lemma="hjá" type="af">hjá</w>
            <w lemma="Kópavogsbær" type="nkeþ-s">Kópavogsbæ</w>
            <w lemma="og" type="c">og</w>
            <w lemma="sveitarfélag" type="nheþg">sveitarfélaginu</w>
            <w lemma="Skagafjörður" type="nkeþ-s">Skagafirði</w>
            <w lemma="en" type="c">en</w>
            <w lemma="lágt" type="aae">lægst</w>
            <w lemma="vera" type="sfg3en">er</w>
            <w lemma="það" type="fphen">það</w>
            <w lemma="á" type="af">á</w>
            <w lemma="2.900" type="ta">2.900</w>
            <w lemma="króna" type="nvfn">krónur</w>
            <w lemma="hjá" type="af">hjá</w>
            <w lemma="Seltjarnarneskaupstaður" type="nkeþ-s">Seltjarnarneskaupstað</w>
            <c type="pl">.</c>
          </s>
          <s n="7">
            <w lemma="allur" type="fohen">Allt</w>
            <w lemma="að" type="c">að</w>
            <w lemma="111%" type="tp">111%</w>
            <w lemma="verðmunur" type="nken">verðmunur</w>
            <w lemma="vera" type="sfg3en">er</w>
            <w lemma="á" type="af">á</w>
            <w lemma="hár" type="lheþve">hæsta</w>
            <w lemma="og" type="c">og</w>
            <w lemma="lágur" type="lheþve">lægsta</w>
            <w lemma="verða" type="svg3en">verði</w>
            <w lemma="árskort" type="nhee">árskorts</w>
            <w lemma="í" type="af">í</w>
            <w lemma="sund" type="nheo">sund</w>
            <c type="pl">.</c>
          </s>
          <s n="8">
            <w lemma="hæsta" type="nven">Hæsta</w>
            <w lemma="verð" type="nheng">verðið</w>
            <w lemma="fyrir" type="af">fyrir</w>
            <w lemma="kort" type="nheog">kortið</w>
            <w lemma="vera" type="sfg3en">er</w>
            <w lemma="32.500" type="ta">32.500</w>
            <w lemma="króna" type="nvfn">krónur</w>
            <w lemma="á" type="af">á</w>
            <w lemma="Akureyri" type="nveþ-s">Akureyri</w>
            <w lemma="en" type="c">en</w>
            <w lemma="lágur" type="lhenve">lægsta</w>
            <w lemma="verð" type="nheng">verðið</w>
            <w lemma="vera" type="sfg3en">er</w>
            <w lemma="15.400" type="ta">15.400</w>
            <w lemma="króna" type="nvfn">krónur</w>
            <w lemma="á" type="af">á</w>
            <w lemma="Ísafjörður" type="nkeþ-s">Ísafirði</w>
            <c type="pl">.</c>
          </s>
          <s n="9">
            <w lemma="sjö" type="tfhfn">Sjö</w>
            <w lemma="af" type="af">af</w>
            <w lemma="sveitarfélag" type="nhfþg">sveitarfélögunum</w>
            <w lemma="15" type="ta">15</w>
            <w lemma="hækka" type="sfg3fþ">hækkuðu</w>
            <w lemma="líka" type="aa">líka</w>
            <w lemma="verð" type="nhen">verð</w>
            <w lemma="á" type="af">á</w>
            <w lemma="stakur" type="lveþsf">stakri</w>
            <w lemma="ferð" type="nveþ">ferð</w>
            <w lemma="fyrir" type="af">fyrir</w>
            <w lemma="barn" type="nhfo">börn</w>
            <w lemma="en" type="c">en</w>
            <w lemma="oft" type="aa">oft</w>
            <w lemma="vera" type="sfg3en">er</w>
            <w lemma="frír" type="lhensf">frítt</w>
            <w lemma="inn" type="aa">inn</w>
            <w lemma="fyrir" type="af">fyrir</w>
            <w lemma="barn" type="nhfo">börn</w>
            <w lemma="sem" type="ct">sem</w>
            <w lemma="búsettur" type="lhfnsf">búsett</w>
            <w lemma="vera" type="sfg3fn">eru</w>
            <w lemma="í" type="af">í</w>
            <w lemma="sveitarfélag" type="nheþg">sveitarfélaginu</w>
            <c type="pl">.</c>
          </s>
          <s n="10">
            <w lemma="hæsta" type="sng">Hæsta</w>
            <w lemma="gjald" type="nheng">gjaldið</w>
            <w lemma="fyrir" type="af">fyrir</w>
            <w lemma="einn" type="foveo">eina</w>
            <w lemma="stakur" type="lveosf">staka</w>
            <w lemma="sundferð" type="nveo">sundferð</w>
            <w lemma="fyrir" type="af">fyrir</w>
            <w lemma="barn" type="nhfo">börn</w>
            <w lemma="vera" type="sfg3en">er</w>
            <w lemma="270" type="ta">270</w>
            <w lemma="króna" type="nvfn">krónur</w>
            <w lemma="hjá" type="af">hjá</w>
            <w lemma="Ísafjarðarbær" type="nkeþ-s">Ísafjarðarbæ</w>
            <w lemma="en" type="c">en</w>
            <w lemma="lágur" type="lhenve">lægsta</w>
            <w lemma="gjald" type="nheng">gjaldið</w>
            <w lemma="vera" type="sfg3en">er</w>
            <w lemma="120" type="ta">120</w>
            <w lemma="króna" type="nvfn">krónur</w>
            <w lemma="í" type="af">í</w>
            <w lemma="Hafnarfjörður" type="nkeþ-s">Hafnarfirði</w>
            <w lemma="og" type="c">og</w>
            <w lemma="á" type="af">á</w>
            <w lemma="Seltjarnarnes" type="nheþ-s">Seltjarnarnesi</w>
            <c type="pl">.</c>
          </s>
        </p>
      </div1>
    </body>
  </text>
</TEI>
