<?xml version="1.0" encoding="utf-8"?>
<TEI xmlns="http://www.tei-c.org/ns/1.0">
  <teiHeader>
    <fileDesc>
      <titleStmt>
        <title>
          <title type="main">Ekkert samkomulag á Alþingi</title>
        </title>
        <respStmt>
          <resp xml:lang="is">Söfnun og úrvinnsla texta</resp>
          <resp xml:lang="en">Collection and processing of text</resp>
          <name xml:lang="is">Stofnun Árna Magnússonar í íslenskum fræðum</name>
          <name xml:lang="en">The Arni Magnusson Institute for Icelandic Studies</name>
        </respStmt>
      </titleStmt>
      <editionStmt>
        <p xml:lang="is">Íslensk risamálheild (2019)</p>
        <p xml:lang="en">Tagged Icelandic Gigaword Corpus (2019)</p>
      </editionStmt>
      <publicationStmt>
        <distributor xml:lang="is">Stofnun Árna Magnússonar í íslenskum fræðum</distributor>
        <distributor xml:lang="en">The Arni Magnusson Institute for Icelandic Studies</distributor>
        <address>
          <addrLine xml:lang="is">Árnagarður við Suðurgötu, 107 Reykjavík, Íslandi</addrLine>
          <addrLine xml:lang="en">Árnagarður Suðurgata, 107 Reykjavik, Iceland</addrLine>
          <addrLine>
            <email>arnastofnun@arnastofnun.is</email>
          </addrLine>
        </address>
        <idno type="risam">G-25-2544442</idno>
        <availability>
          <p xml:lang="is">Þessi texti er til notkunar í málrannsóknum og máltækniverkefnum um allan heim með sérstöku leyfi, sjá rmh2Hdr.xml</p>
          <p xml:lang="en">This text is available for use in language research and language technology projects world wide with a special license, see rmh2Hdr.xml</p>
        </availability>
        <date>2020-05-26</date>
      </publicationStmt>
      <sourceDesc>
        <biblStruct>
          <analytic>
            <title>
              <title type="main">Ekkert samkomulag á Alþingi</title>
            </title>
            <date when="2013-03-26T12:00:00">26.03 2013 kl. 12:00:00</date>
          </analytic>
          <monogr>
            <title>Bylgjan</title>
            <imprint>
              <publisher>365 miðlar hf.</publisher>
              <pubPlace>Reykjavík</pubPlace>
            </imprint>
          </monogr>
        </biblStruct>
      </sourceDesc>
    </fileDesc>
    <encodingDesc>
      <projectDesc>
        <p xml:lang="is">Sjá lýsingu á verkefninu í rmh2Hdr.xml.</p>
        <p xml:lang="en">See description of project in rmh2Hdr.xml.</p>
      </projectDesc>
      <tagsDecl>
        <namespace name="http://www.tei-c.org/ns/1.0">
          <tagUsage gi="text" occurs="1"/>
          <tagUsage gi="body" occurs="1"/>
          <tagUsage gi="div1" occurs="1"/>
          <tagUsage gi="p" occurs="1"/>
          <tagUsage gi="s" occurs="5"/>
          <tagUsage gi="w" occurs="112"/>
          <tagUsage gi="c" occurs="7"/>
        </namespace>
      </tagsDecl>
    </encodingDesc>
    <profileDesc>
     <textClass>
      <keywords scheme="#RMH">
       <list>
        <item>Frétt – almennt</item>
       </list>
      </keywords>
     </textClass>
    </profileDesc>
  </teiHeader>
  <text>
    <body>
      <div1>
        <p n="1">
          <s n="1">
            <w lemma="enginn" type="fohen">Ekkert</w>
            <w lemma="samkomulag" type="nhen">samkomulag</w>
            <w lemma="liggja" type="sfg3en">liggur</w>
            <w lemma="fyrir" type="aa">fyrir</w>
            <w lemma="á" type="af">á</w>
            <w lemma="Alþingi" type="nheþ-s">Alþingi</w>
            <w lemma="um" type="af">um</w>
            <w lemma="þinglok" type="nhfo">þinglok</w>
            <c type="pl">.</c>
          </s>
          <s n="2">
            <w lemma="þingfundi" type="nken">Þingfundi</w>
            <w lemma="vera" type="sfg3eþ">var</w>
            <w lemma="fresta" type="sþghen">frestað</w>
            <w lemma="6" type="ta">6</w>
            <w lemma="sinn" type="nhfþ">sinnum</w>
            <w lemma="í" type="aa">í</w>
            <w lemma="gær" type="aa">gær</w>
            <w lemma="á" type="aa">á</w>
            <w lemma="meðan" type="c">meðan</w>
            <w lemma="formaður" type="nkfn">formenn</w>
            <w lemma="stjórnmálaflokkur" type="nkfeg">stjórnmálaflokkanna</w>
            <w lemma="leita" type="sfg3fþ">leituðu</w>
            <w lemma="leið" type="nvfe">leiða</w>
            <w lemma="til" type="af">til</w>
            <w lemma="að" type="cn">að</w>
            <w lemma="höggva" type="sng">höggva</w>
            <w lemma="á" type="af">á</w>
            <w lemma="hnútur" type="nkeog">hnútinn</w>
            <c type="pl">.</c>
          </s>
          <s n="3">
            <w lemma="Árni" type="nken-s">Árni</w>
            <w lemma="Páll" type="nken-s">Páll</w>
            <w lemma="Árnason" type="nken-s">Árnason</w>
            <c type="pk">,</c>
            <w lemma="formaður" type="nken">formaður</w>
            <w lemma="Samfylkingin" type="nveegs">Samfylkingarinnar</w>
            <w lemma="segja" type="sfg3eþ">sagði</w>
            <w lemma="í" type="af">í</w>
            <w lemma="frétt" type="nvfþ">fréttum</w>
            <w lemma="Stöð" type="nvee-s">Stöðvar</w>
            <w lemma="2" type="ta">2</w>
            <w lemma="í" type="aa">í</w>
            <w lemma="gær" type="aa">gær</w>
            <w lemma="að" type="c">að</w>
            <w lemma="allur" type="fohen">allt</w>
            <w lemma="vera" type="svg3eþ">væri</w>
            <w lemma="botnfrjósa" type="sþghen">botnfrosið</w>
            <w lemma="og" type="c">og</w>
            <w lemma="enginn" type="fohen">ekkert</w>
            <w lemma="samkomulag" type="nhen">samkomulag</w>
            <w lemma="í" type="af">í</w>
            <w lemma="sjónmál" type="nheþ">sjónmáli</w>
            <c type="pl">.</c>
          </s>
          <s n="4">
            <w lemma="fimmtír" type="lhfnvf">Fimmtíu</w>
            <w lemma="mál" type="nhfn">mál</w>
            <w lemma="vera" type="sfg3fn">eru</w>
            <w lemma="á" type="af">á</w>
            <w lemma="dagskrá" type="nveþ">dagskrá</w>
            <w lemma="Alþingi" type="nhee-s">Alþingis</w>
            <w lemma="í" type="af">í</w>
            <w lemma="dagur" type="nkeo">dag</w>
            <c type="pk">,</c>
            <w lemma="tíundi" type="lhenvf">tíunda</w>
            <w lemma="mál" type="nhen">mál</w>
            <w lemma="á" type="af">á</w>
            <w lemma="dagskrá" type="nveþ">dagskrá</w>
            <w lemma="vera" type="sfg3en">er</w>
            <w lemma="framhald" type="nhen">framhald</w>
            <w lemma="annar" type="fovee">annarrar</w>
            <w lemma="umræða" type="nvee">umræðu</w>
            <w lemma="um" type="af">um</w>
            <w lemma="stjórnarskrárfumvarp" type="nheo">stjórnarskrárfumvarp</w>
            <w lemma="formaður" type="nkfe">formanna</w>
            <w lemma="stjórnarflokkur" type="nkfeg">stjórnarflokkanna</w>
            <w lemma="og" type="c">og</w>
            <w lemma="Bjartur" type="nvee-s">Bjartrar</w>
            <w lemma="framtíð" type="nvee">framtíðar</w>
            <w lemma="þannig" type="aa">þannig</w>
            <w lemma="að" type="af">að</w>
            <w lemma="líkindi" type="nhfþ">líkindum</w>
            <w lemma="vera" type="sfg3en">er</w>
            <w lemma="samkomulag" type="nhen">samkomulag</w>
            <w lemma="um" type="af">um</w>
            <w lemma="afgreiðsla" type="nveo">afgreiðslu</w>
            <w lemma="mál" type="nhfeg">málanna</w>
            <w lemma="þar" type="aa">þar</w>
            <w lemma="á" type="aa">á</w>
            <w lemma="undan" type="aa">undan</w>
            <w lemma="en" type="c">en</w>
            <w lemma="8" type="ta">8</w>
            <w lemma="af" type="af">af</w>
            <w lemma="fyrstur" type="lhfþve">fyrstu</w>
            <w lemma="9" type="ta">9</w>
            <w lemma="mál" type="nhfþ">málum</w>
            <w lemma="á" type="af">á</w>
            <w lemma="dagskrá" type="nveþg">dagskránni</w>
            <w lemma="vera" type="sfg3fn">eru</w>
            <w lemma="til" type="af">til</w>
            <w lemma="lokaafgreiðsla" type="nvee">lokaafgreiðslu</w>
            <w lemma="og" type="c">og</w>
            <w lemma="verða" type="sfg3fn">verða</w>
            <w lemma="væntanlega" type="aa">væntanlega</w>
            <w lemma="að" type="af">að</w>
            <w lemma="lög" type="nhfþ">lögum</w>
            <w lemma="í" type="af">í</w>
            <w lemma="dagur" type="nkeo">dag</w>
            <c type="pl">.</c>
          </s>
          <s n="5">
            <w lemma="það" type="fphfe">Þeirra</w>
            <w lemma="á" type="aa">á</w>
            <w lemma="meðal" type="aa">meðal</w>
            <w lemma="vera" type="sfg3fn">eru</w>
            <w lemma="frumvarp" type="nhfn">frumvörp</w>
            <w lemma="um" type="af">um</w>
            <w lemma="verndun" type="nveo">verndun</w>
            <w lemma="dýr" type="nhfe">dýra</w>
            <w lemma="og" type="c">og</w>
            <w lemma="um" type="af">um</w>
            <w lemma="breyting" type="nveo">breytingu</w>
            <w lemma="á" type="af">á</w>
            <w lemma="gjaldeyrislög" type="nhfþ">gjaldeyrislögum</w>
            <c type="pl">.</c>
          </s>
        </p>
      </div1>
    </body>
  </text>
</TEI>
