<?xml version="1.0" encoding="utf-8"?>
<TEI xmlns="http://www.tei-c.org/ns/1.0">
  <teiHeader>
    <fileDesc>
      <titleStmt>
        <title>
          <title type="main">Allsnakinn og ölvaður og rataði ekki heim</title>
        </title>
        <respStmt>
          <resp xml:lang="is">Söfnun og úrvinnsla texta</resp>
          <resp xml:lang="en">Collection and processing of text</resp>
          <name xml:lang="is">Stofnun Árna Magnússonar í íslenskum fræðum</name>
          <name xml:lang="en">The Arni Magnusson Institute for Icelandic Studies</name>
        </respStmt>
      </titleStmt>
      <editionStmt>
        <p xml:lang="is">Íslensk risamálheild (2019)</p>
        <p xml:lang="en">Tagged Icelandic Gigaword Corpus (2019)</p>
      </editionStmt>
      <publicationStmt>
        <distributor xml:lang="is">Stofnun Árna Magnússonar í íslenskum fræðum</distributor>
        <distributor xml:lang="en">The Arni Magnusson Institute for Icelandic Studies</distributor>
        <address>
          <addrLine xml:lang="is">Árnagarður við Suðurgötu, 107 Reykjavík, Íslandi</addrLine>
          <addrLine xml:lang="en">Árnagarður Suðurgata, 107 Reykjavik, Iceland</addrLine>
          <addrLine>
            <email>arnastofnun@arnastofnun.is</email>
          </addrLine>
        </address>
        <idno type="risam">G-25-2541682</idno>
        <availability>
          <p xml:lang="is">Þessi texti er til notkunar í málrannsóknum og máltækniverkefnum um allan heim með sérstöku leyfi, sjá rmh2Hdr.xml</p>
          <p xml:lang="en">This text is available for use in language research and language technology projects world wide with a special license, see rmh2Hdr.xml</p>
        </availability>
        <date>2020-05-26</date>
      </publicationStmt>
      <sourceDesc>
        <biblStruct>
          <analytic>
            <title>
              <title type="main">Allsnakinn og ölvaður og rataði ekki heim</title>
            </title>
            <date when="2013-03-22T08:00:00">22.03 2013 kl. 08:00:00</date>
          </analytic>
          <monogr>
            <title>Bylgjan</title>
            <imprint>
              <publisher>365 miðlar hf.</publisher>
              <pubPlace>Reykjavík</pubPlace>
            </imprint>
          </monogr>
        </biblStruct>
      </sourceDesc>
    </fileDesc>
    <encodingDesc>
      <projectDesc>
        <p xml:lang="is">Sjá lýsingu á verkefninu í rmh2Hdr.xml.</p>
        <p xml:lang="en">See description of project in rmh2Hdr.xml.</p>
      </projectDesc>
      <tagsDecl>
        <namespace name="http://www.tei-c.org/ns/1.0">
          <tagUsage gi="text" occurs="1"/>
          <tagUsage gi="body" occurs="1"/>
          <tagUsage gi="div1" occurs="1"/>
          <tagUsage gi="p" occurs="1"/>
          <tagUsage gi="s" occurs="4"/>
          <tagUsage gi="w" occurs="70"/>
          <tagUsage gi="c" occurs="7"/>
        </namespace>
      </tagsDecl>
    </encodingDesc>
    <profileDesc>
     <textClass>
      <keywords scheme="#RMH">
       <list>
        <item>Frétt – almennt</item>
       </list>
      </keywords>
     </textClass>
    </profileDesc>
  </teiHeader>
  <text>
    <body>
      <div1>
        <p n="1">
          <s n="1">
            <w lemma="allsnaki" type="nkeng">Allsnakinn</w>
            <c type="pk">,</c>
            <w lemma="ölvaður" type="lkensf">ölvaður</w>
            <w lemma="og" type="c">og</w>
            <w lemma="dópaður" type="lkensf">dópaður</w>
            <w lemma="karlmaður" type="nken">karlmaður</w>
            <w lemma="vera" type="sfg3eþ">var</w>
            <w lemma="handtaka" type="sþgken">handtekinn</w>
            <w lemma="í" type="af">í</w>
            <w lemma="anddyri" type="nheþ">anddyri</w>
            <w lemma="fjölbýlishús" type="nhee">fjölbýlishúss</w>
            <w lemma="við" type="af">við</w>
            <w lemma="Lindargata" type="nveo-s">Lindargötu</w>
            <w lemma="í" type="af">í</w>
            <w lemma="Reykjavík" type="nveþ-s">Reykjavík</w>
            <w lemma="ljósta" type="sfg3eþ">laust</w>
            <w lemma="fyrir" type="af">fyrir</w>
            <w lemma="klukka" type="nveng">klukkan</w>
            <w lemma="einn" type="tfhen">eitt</w>
            <w lemma="í" type="af">í</w>
            <w lemma="nótt" type="nveo">nótt</w>
            <w lemma="þar" type="aa">þar</w>
            <w lemma="sem" type="c">sem</w>
            <w lemma="hann" type="fpken">hann</w>
            <w lemma="vera" type="sfg3eþ">var</w>
            <w lemma="að" type="cn">að</w>
            <w lemma="reyna" type="sng">reyna</w>
            <w lemma="að" type="cn">að</w>
            <w lemma="koma" type="snm">komast</w>
            <w lemma="inn" type="aa">inn</w>
            <w lemma="í" type="af">í</w>
            <w lemma="hús" type="nheog">húsið</w>
            <c type="pl">.</c>
          </s>
          <s n="2">
            <w lemma="utan" type="af">Utan</w>
            <w lemma="dyr" type="nvfe">dyra</w>
            <w lemma="finna" type="sfg3fþ">fundu</w>
            <w lemma="lögreglumaður" type="nkfn">lögreglumenn</w>
            <w lemma="skyrta" type="nveo">skyrtu</w>
            <c type="pk">,</c>
            <w lemma="bolur" type="nkeo">bol</w>
            <c type="pk">,</c>
            <w lemma="sokkur" type="nkfo">sokka</w>
            <w lemma="og" type="c">og</w>
            <w lemma="skór" type="nkfo">skó</w>
            <w lemma="maður" type="nkeeg">mannsins</w>
            <w lemma="en" type="c">en</w>
            <w lemma="ekki" type="aa">ekki</w>
            <w lemma="vera" type="sfg3en">er</w>
            <w lemma="vita" type="sþghen">vitað</w>
            <w lemma="hvar" type="aa">hvar</w>
            <w lemma="hann" type="fpken">hann</w>
            <w lemma="glata" type="sfg3eþ">glataði</w>
            <w lemma="buxur" type="nvfþg">buxunum</w>
            <w lemma="sinn" type="fevfþ">sínum</w>
            <w lemma="og" type="c">og</w>
            <w lemma="annar" type="fokeþ">öðrum</w>
            <w lemma="fatnaður" type="nkeþ">fatnaði</w>
            <c type="pl">.</c>
          </s>
          <s n="3">
            <w lemma="en" type="c">En</w>
            <w lemma="hann" type="fpken">hann</w>
            <w lemma="búa" type="sfg3en">býr</w>
            <w lemma="fjarri" type="af">fjarri</w>
            <w lemma="umræddur" type="lheþsf">umræddu</w>
            <w lemma="hús" type="nheþ">húsi</w>
            <c type="pl">.</c>
          </s>
          <s n="4">
            <w lemma="hann" type="fpken">Hann</w>
            <w lemma="þiggja" type="sfg3eþ">þáði</w>
            <w lemma="vistun" type="nveo">vistun</w>
            <w lemma="í" type="af">í</w>
            <w lemma="fangageymsla" type="nvfþ">fangageymslum</w>
            <w lemma="harla" type="aam">fremur</w>
            <w lemma="en" type="c">en</w>
            <w lemma="akstur" type="nken">akstur</w>
            <w lemma="heim" type="aa">heim</w>
            <w lemma="til" type="af">til</w>
            <w lemma="sig" type="fpkee">sín</w>
            <c type="pl">.</c>
          </s>
        </p>
      </div1>
    </body>
  </text>
</TEI>
