<?xml version="1.0" encoding="utf-8"?>
<TEI xmlns="http://www.tei-c.org/ns/1.0">
  <teiHeader>
    <fileDesc>
      <titleStmt>
        <title>
          <title type="main">Tollvörðurinn laus úr haldi</title>
        </title>
        <respStmt>
          <resp xml:lang="is">Söfnun og úrvinnsla texta</resp>
          <resp xml:lang="en">Collection and processing of text</resp>
          <name xml:lang="is">Stofnun Árna Magnússonar í íslenskum fræðum</name>
          <name xml:lang="en">The Arni Magnusson Institute for Icelandic Studies</name>
        </respStmt>
      </titleStmt>
      <editionStmt>
        <p xml:lang="is">Íslensk risamálheild (2019)</p>
        <p xml:lang="en">Tagged Icelandic Gigaword Corpus (2019)</p>
      </editionStmt>
      <publicationStmt>
        <distributor xml:lang="is">Stofnun Árna Magnússonar í íslenskum fræðum</distributor>
        <distributor xml:lang="en">The Arni Magnusson Institute for Icelandic Studies</distributor>
        <address>
          <addrLine xml:lang="is">Árnagarður við Suðurgötu, 107 Reykjavík, Íslandi</addrLine>
          <addrLine xml:lang="en">Árnagarður Suðurgata, 107 Reykjavik, Iceland</addrLine>
          <addrLine>
            <email>arnastofnun@arnastofnun.is</email>
          </addrLine>
        </address>
        <idno type="risam">G-25-2537759</idno>
        <availability>
          <p xml:lang="is">Þessi texti er til notkunar í málrannsóknum og máltækniverkefnum um allan heim með sérstöku leyfi, sjá rmh2Hdr.xml</p>
          <p xml:lang="en">This text is available for use in language research and language technology projects world wide with a special license, see rmh2Hdr.xml</p>
        </availability>
        <date>2020-05-26</date>
      </publicationStmt>
      <sourceDesc>
        <biblStruct>
          <analytic>
            <title>
              <title type="main">Tollvörðurinn laus úr haldi</title>
            </title>
            <date when="2013-03-28T12:00:00">28.03 2013 kl. 12:00:00</date>
          </analytic>
          <monogr>
            <title>Bylgjan</title>
            <imprint>
              <publisher>365 miðlar hf.</publisher>
              <pubPlace>Reykjavík</pubPlace>
            </imprint>
          </monogr>
        </biblStruct>
      </sourceDesc>
    </fileDesc>
    <encodingDesc>
      <projectDesc>
        <p xml:lang="is">Sjá lýsingu á verkefninu í rmh2Hdr.xml.</p>
        <p xml:lang="en">See description of project in rmh2Hdr.xml.</p>
      </projectDesc>
      <tagsDecl>
        <namespace name="http://www.tei-c.org/ns/1.0">
          <tagUsage gi="text" occurs="1"/>
          <tagUsage gi="body" occurs="1"/>
          <tagUsage gi="div1" occurs="1"/>
          <tagUsage gi="p" occurs="1"/>
          <tagUsage gi="s" occurs="6"/>
          <tagUsage gi="w" occurs="128"/>
          <tagUsage gi="c" occurs="9"/>
        </namespace>
      </tagsDecl>
    </encodingDesc>
    <profileDesc>
     <textClass>
      <keywords scheme="#RMH">
       <list>
        <item>Frétt – almennt</item>
       </list>
      </keywords>
     </textClass>
    </profileDesc>
  </teiHeader>
  <text>
    <body>
      <div1>
        <p n="1">
          <s n="1">
            <w lemma="tollvörður" type="nken">Tollvörður</w>
            <w lemma="sem" type="ct">sem</w>
            <w lemma="sitja" type="sþghen">setið</w>
            <w lemma="hafa" type="sfg3en">hefur</w>
            <w lemma="í" type="af">í</w>
            <w lemma="gæsluvarðhald" type="nheþ">gæsluvarðhaldi</w>
            <w lemma="frá" type="af">frá</w>
            <w lemma="21." type="lkeþvf">21.</w>
            <w lemma="febrúar" type="nkeþ">febrúar</w>
            <w lemma="í" type="af">í</w>
            <w lemma="tengsl" type="nhfþ">tengslum</w>
            <w lemma="við" type="af">við</w>
            <w lemma="rannsókn" type="nveo">rannsókn</w>
            <w lemma="lögregla" type="nveeg">lögreglunnar</w>
            <w lemma="á" type="af">á</w>
            <w lemma="umfangsmikill" type="lheþsf">umfangsmiklu</w>
            <w lemma="fíkniefnamál" type="nheþ">fíkniefnamáli</w>
            <w lemma="hafa" type="sfg3en">hefur</w>
            <w lemma="vera" type="sþghen">verið</w>
            <w lemma="láta" type="sþgken">látinn</w>
            <w lemma="laus" type="lkensf">laus</w>
            <c type="pl">.</c>
          </s>
          <s n="2">
            <w lemma="þessi" type="fahen">Þetta</w>
            <w lemma="koma" type="sfg3en">kemur</w>
            <w lemma="fram" type="aa">fram</w>
            <w lemma="í" type="af">í</w>
            <w lemma="tilkynning" type="nveþ">tilkynningu</w>
            <w lemma="frá" type="af">frá</w>
            <w lemma="lögregla" type="nveþ">lögreglu</w>
            <c type="pl">.</c>
          </s>
          <s n="3">
            <w lemma="þar" type="aa">Þar</w>
            <w lemma="segja" type="sfg3en">segir</w>
            <w lemma="ennfremur" type="aa">ennfremur</w>
            <w lemma="að" type="c">að</w>
            <w lemma="tveir" type="tfkfn">tveir</w>
            <w lemma="karlmaður" type="nkfn">karlmenn</w>
            <w lemma="á" type="af">á</w>
            <w lemma="fertugsaldur" type="nkeþ">fertugsaldri</w>
            <w lemma="sem" type="ct">sem</w>
            <w lemma="hafa" type="sfg3fn">hafa</w>
            <w lemma="vera" type="sþghen">verið</w>
            <w lemma="í" type="af">í</w>
            <w lemma="hald" type="nheþ">haldi</w>
            <w lemma="vegna" type="af">vegna</w>
            <w lemma="mál" type="nheeg">málsins</w>
            <w lemma="síðan" type="aa">síðan</w>
            <w lemma="í" type="af">í</w>
            <w lemma="janúar" type="nkeþ">janúar</w>
            <w lemma="hafa" type="sfg3fn">hafa</w>
            <w lemma="vera" type="sþghen">verið</w>
            <w lemma="úrskurða" type="sþgkfn">úrskurðaðir</w>
            <w lemma="í" type="af">í</w>
            <w lemma="áframhaldandi" type="lheoof">áframhaldandi</w>
            <w lemma="gæsluvarðhald" type="nheo">gæsluvarðhald</w>
            <w lemma="til" type="af">til</w>
            <w lemma="19." type="ta">19.</w>
            <w lemma="apríl" type="nkee">apríl</w>
            <w lemma="á" type="af">á</w>
            <w lemma="grundvöllur" type="nkeþ">grundvelli</w>
            <w lemma="almannahagsmunir" type="nkfe">almannahagsmuna</w>
            <c type="pl">.</c>
          </s>
          <s n="4">
            <w lemma="mál" type="nheng">Málið</w>
            <c type="pk">,</c>
            <w lemma="sem" type="ct">sem</w>
            <w lemma="vera" type="sfg3en">er</w>
            <w lemma="viðamikill" type="lhensf">viðamikið</w>
            <c type="pk">,</c>
            <w lemma="snúa" type="sfm3en">snýst</w>
            <w lemma="um" type="af">um</w>
            <w lemma="innflutningur" type="nkeo">innflutning</w>
            <w lemma="á" type="af">á</w>
            <w lemma="20" type="ta">20</w>
            <w lemma="kíló" type="nhfþ">kílóum</w>
            <w lemma="af" type="af">af</w>
            <w lemma="amfetamín" type="nheþ">amfetamíni</w>
            <w lemma="og" type="c">og</w>
            <w lemma="1,7" type="ta">1,7</w>
            <w lemma="lítri" type="nkfþ">lítrum</w>
            <w lemma="af" type="af">af</w>
            <w lemma="amfetamínbasi" type="nkeþ">amfetamínbasa</w>
            <c type="pk">,</c>
            <w lemma="en" type="c">en</w>
            <w lemma="ætla" type="sng">ætla</w>
            <w lemma="mega" type="sfg3en">má</w>
            <w lemma="að" type="c">að</w>
            <w lemma="með" type="af">með</w>
            <w lemma="basi" type="nkeþg">basanum</w>
            <w lemma="hafa" type="svg3en">hafi</w>
            <w lemma="vera" type="sþghen">verið</w>
            <w lemma="hægur" type="lhensf">hægt</w>
            <w lemma="að" type="cn">að</w>
            <w lemma="framleiða" type="sng">framleiða</w>
            <w lemma="um" type="aa">um</w>
            <w lemma="17" type="ta">17</w>
            <w lemma="kíló" type="nhfo">kíló</w>
            <w lemma="af" type="af">af</w>
            <w lemma="amfetamín" type="nheþ">amfetamíni</w>
            <c type="pl">.</c>
          </s>
          <s n="5">
            <w lemma="efni" type="nhfng">Efnin</w>
            <w lemma="vera" type="sfg3fþ">voru</w>
            <w lemma="senda" type="sþghfn">send</w>
            <w lemma="í" type="af">í</w>
            <w lemma="nokkur" type="fovfþ">nokkrum</w>
            <w lemma="póstsending" type="nvfþ">póstsendingum</w>
            <w lemma="til" type="af">til</w>
            <w lemma="land" type="nheeg">landsins</w>
            <w lemma="frá" type="af">frá</w>
            <w lemma="Danmörk" type="nveþ-s">Danmörku</w>
            <w lemma="og" type="c">og</w>
            <w lemma="finna" type="sfg3fþ">fundu</w>
            <w lemma="tollvörður" type="nkfn">tollverðir</w>
            <w lemma="það" type="fphfn">þau</w>
            <w lemma="í" type="af">í</w>
            <w lemma="janúar" type="nkeþ">janúar</w>
            <w lemma="með" type="af">með</w>
            <w lemma="aðstoð" type="nveþ">aðstoð</w>
            <w lemma="fíkniefnaleitarhundur" type="nkfe">fíkniefnaleitarhunda</w>
            <c type="pl">.</c>
          </s>
          <s n="6">
            <w lemma="í" type="af">Í</w>
            <w lemma="tilkynning" type="nveþ">tilkynningu</w>
            <w lemma="segja" type="sfg3en">segir</w>
            <w lemma="að" type="c">að</w>
            <w lemma="mál" type="nheng">málið</w>
            <w lemma="hafa" type="svg3en">hafi</w>
            <w lemma="vera" type="sþghen">verið</w>
            <w lemma="vinna" type="sþghen">unnið</w>
            <w lemma="í" type="af">í</w>
            <w lemma="góður" type="lveþsf">góðri</w>
            <w lemma="samvinna" type="nveþ">samvinnu</w>
            <w lemma="lögregla" type="nvee">lögreglu</w>
            <w lemma="við" type="af">við</w>
            <w lemma="tollyfirvöld" type="nhfo">tollyfirvöld</w>
            <w lemma="sem" type="aa">sem</w>
            <w lemma="og" type="c">og</w>
            <w lemma="danskur" type="lveovf">dönsku</w>
            <w lemma="lögregla" type="nveog">lögregluna</w>
            <c type="pl">.</c>
          </s>
        </p>
      </div1>
    </body>
  </text>
</TEI>
