<?xml version="1.0" encoding="utf-8"?>
<TEI xmlns="http://www.tei-c.org/ns/1.0">
  <teiHeader>
    <fileDesc>
      <titleStmt>
        <title>
          <title type="main">Tækninýjungar í sjávarútvegstækjum</title>
        </title>
        <respStmt>
          <resp xml:lang="is">Söfnun og úrvinnsla texta</resp>
          <resp xml:lang="en">Collection and processing of text</resp>
          <name xml:lang="is">Stofnun Árna Magnússonar í íslenskum fræðum</name>
          <name xml:lang="en">The Arni Magnusson Institute for Icelandic Studies</name>
        </respStmt>
      </titleStmt>
      <editionStmt>
        <p xml:lang="is">Íslensk risamálheild (2019)</p>
        <p xml:lang="en">Tagged Icelandic Gigaword Corpus (2019)</p>
      </editionStmt>
      <publicationStmt>
        <distributor xml:lang="is">Stofnun Árna Magnússonar í íslenskum fræðum</distributor>
        <distributor xml:lang="en">The Arni Magnusson Institute for Icelandic Studies</distributor>
        <address>
          <addrLine xml:lang="is">Árnagarður við Suðurgötu, 107 Reykjavík, Íslandi</addrLine>
          <addrLine xml:lang="en">Árnagarður Suðurgata, 107 Reykjavik, Iceland</addrLine>
          <addrLine>
            <email>arnastofnun@arnastofnun.is</email>
          </addrLine>
        </address>
        <idno type="risam">G-25-2545551</idno>
        <availability>
          <p xml:lang="is">Þessi texti er til notkunar í málrannsóknum og máltækniverkefnum um allan heim með sérstöku leyfi, sjá rmh2Hdr.xml</p>
          <p xml:lang="en">This text is available for use in language research and language technology projects world wide with a special license, see rmh2Hdr.xml</p>
        </availability>
        <date>2020-05-26</date>
      </publicationStmt>
      <sourceDesc>
        <biblStruct>
          <analytic>
            <title>
              <title type="main">Tækninýjungar í sjávarútvegstækjum</title>
            </title>
            <date when="2013-03-15T08:00:00">15.03 2013 kl. 08:00:00</date>
          </analytic>
          <monogr>
            <title>Bylgjan</title>
            <imprint>
              <publisher>365 miðlar hf.</publisher>
              <pubPlace>Reykjavík</pubPlace>
            </imprint>
          </monogr>
        </biblStruct>
      </sourceDesc>
    </fileDesc>
    <encodingDesc>
      <projectDesc>
        <p xml:lang="is">Sjá lýsingu á verkefninu í rmh2Hdr.xml.</p>
        <p xml:lang="en">See description of project in rmh2Hdr.xml.</p>
      </projectDesc>
      <tagsDecl>
        <namespace name="http://www.tei-c.org/ns/1.0">
          <tagUsage gi="text" occurs="1"/>
          <tagUsage gi="body" occurs="1"/>
          <tagUsage gi="div1" occurs="1"/>
          <tagUsage gi="p" occurs="2"/>
          <tagUsage gi="s" occurs="6"/>
          <tagUsage gi="w" occurs="127"/>
          <tagUsage gi="c" occurs="11"/>
        </namespace>
      </tagsDecl>
    </encodingDesc>
    <profileDesc>
     <textClass>
      <keywords scheme="#RMH">
       <list>
        <item>Frétt – almennt</item>
       </list>
      </keywords>
     </textClass>
    </profileDesc>
  </teiHeader>
  <text>
    <body>
      <div1>
        <p n="1">
          <s n="1">
            <w lemma="tuga" type="nvfn">Tugur</w>
            <w lemma="íslenskur" type="lhfesf">íslenskra</w>
            <w lemma="tæknifyrirtæki" type="nhfe">tæknifyrirtækja</w>
            <w lemma="sem" type="ct">sem</w>
            <w lemma="hanna" type="sfg3fn">hanna</w>
            <w lemma="og" type="c">og</w>
            <w lemma="smíða" type="sfg3fn">smíða</w>
            <w lemma="tæki" type="nhfo">tæki</w>
            <w lemma="fyrir" type="af">fyrir</w>
            <w lemma="sjávarútvegur" type="nkeo">sjávarútveg</w>
            <c type="pk">,</c>
            <w lemma="munu" type="sfg3fn">munu</w>
            <w lemma="kynna" type="sng">kynna</w>
            <w lemma="nýjung" type="nvfo">nýjungar</w>
            <w lemma="sinn" type="fevfo">sínar</w>
            <w lemma="í" type="af">í</w>
            <w lemma="dagur" type="nkeo">dag</w>
            <c type="pl">.</c>
          </s>
        </p>
        <p n="2">
          <s n="1">
            <w lemma="um" type="af">Um</w>
            <w lemma="vera" type="sfg3en">er</w>
            <w lemma="að" type="cn">að</w>
            <w lemma="ræða" type="sng">ræða</w>
            <w lemma="sýning" type="nveo">sýningu</w>
            <w lemma="sem" type="ct">sem</w>
            <w lemma="halda" type="sþgven">haldin</w>
            <w lemma="verða" type="sfg3en">verður</w>
            <w lemma="í" type="af">í</w>
            <w lemma="hús" type="nheþ">húsi</w>
            <w lemma="Sjávarklasi" type="nkeegs">Sjávarklasans</w>
            <w lemma="við" type="af">við</w>
            <w lemma="Grandagarður" type="nkee-s">Grandagarðs</w>
            <w lemma="síðdegi" type="nhee">síðdegis</w>
            <w lemma="og" type="c">og</w>
            <w lemma="munu" type="sfg3en">mun</w>
            <w lemma="Ólafur" type="nken-s">Ólafur</w>
            <w lemma="Ragnar" type="nken-s">Ragnar</w>
            <w lemma="Grímsson" type="nken-s">Grímsson</w>
            <c type="pk">,</c>
            <w lemma="forseti" type="nken">forseti</w>
            <w lemma="Ísland" type="nhee-s">Íslands</w>
            <c type="pk">,</c>
            <w lemma="setja" type="sng">setja</w>
            <w lemma="sýning" type="nveog">sýninguna</w>
            <w lemma="með" type="af">með</w>
            <w lemma="ávarp" type="nheþ">ávarpi</w>
            <w lemma="klukka" type="nveng">klukkan</w>
            <w lemma="3" type="ta">3</w>
            <c type="pl">.</c>
          </s>
          <s n="2">
            <w lemma="í" type="af">Í</w>
            <w lemma="tilkynning" type="nveþ">tilkynningu</w>
            <w lemma="um" type="af">um</w>
            <w lemma="mál" type="nheog">málið</w>
            <w lemma="segja" type="sfg3en">segir</w>
            <w lemma="að" type="c">að</w>
            <w lemma="tækninýjung" type="nvfn">tækninýjungar</w>
            <w lemma="sá" type="favfn">þær</w>
            <w lemma="sem" type="ct">sem</w>
            <w lemma="hinn" type="ghfn">hin</w>
            <w lemma="íslenskur" type="lhfnvf">íslensku</w>
            <w lemma="fyrirtæki" type="nhfn">fyrirtæki</w>
            <w lemma="kynna" type="sfg3fn">kynna</w>
            <c type="pk">,</c>
            <w lemma="eiga" type="svg3en">eigi</w>
            <w lemma="það" type="fphen">það</w>
            <w lemma="sammerktur" type="lhensf">sammerkt</w>
            <w lemma="að" type="cn">að</w>
            <w lemma="vera" type="sng">vera</w>
            <w lemma="munur" type="nkeþ">mun</w>
            <w lemma="umhverfisvænn" type="lvenvm">umhverfisvænni</w>
            <w lemma="en" type="c">en</w>
            <w lemma="sambærilegur" type="lhfnsf">sambærileg</w>
            <w lemma="tæki" type="nhfn">tæki</w>
            <w lemma="sem" type="ct">sem</w>
            <w lemma="standa" type="sfg3fn">standa</w>
            <w lemma="til" type="af">til</w>
            <w lemma="boð" type="nhfe">boða</w>
            <w lemma="á" type="af">á</w>
            <w lemma="alþjóðamarkaður" type="nkeþ">alþjóðamarkaði</w>
            <c type="pl">.</c>
          </s>
          <s n="3">
            <w lemma="hér" type="aa">Hér</w>
            <w lemma="vera" type="sfg3en">er</w>
            <w lemma="m.a." type="ks">m.a.</w>
            <w lemma="um" type="af">um</w>
            <w lemma="að" type="cn">að</w>
            <w lemma="ræða" type="sng">ræða</w>
            <w lemma="stýranlegur" type="lkfosf">stýranlega</w>
            <w lemma="toghleri" type="nkfo">toghlera</w>
            <c type="pk">,</c>
            <w lemma="þá" type="aa">þá</w>
            <w lemma="fyrstur" type="lveeve">fyrstu</w>
            <w lemma="sinn" type="fevee">sinnar</w>
            <w lemma="tegund" type="nvee">tegundar</w>
            <w lemma="en" type="c">en</w>
            <w lemma="stýring" type="nven">stýring</w>
            <w lemma="hún" type="fpvfe">þeirra</w>
            <w lemma="þýða" type="sfg3en">þýðir</w>
            <w lemma="aukinn" type="lveosf">aukna</w>
            <w lemma="vernd" type="nveo">vernd</w>
            <w lemma="fyrir" type="af">fyrir</w>
            <w lemma="lífríki" type="nheo">lífríki</w>
            <w lemma="hafsbotn" type="nkeeg">hafsbotnsins</w>
            <c type="pl">.</c>
          </s>
          <s n="4">
            <w lemma="einnig" type="aa">Einnig</w>
            <w lemma="verða" type="sfg3en">verður</w>
            <w lemma="kynna" type="sþgven">kynnt</w>
            <w lemma="kælitækni" type="nven">kælitækni</w>
            <w lemma="sem" type="ct">sem</w>
            <w lemma="vera" type="sfg3en">er</w>
            <w lemma="umhverfisvænn" type="lvensf">umhverfisvæn</w>
            <w lemma="og" type="c">og</w>
            <w lemma="bæta" type="sfg3en">bætir</w>
            <w lemma="gæði" type="nhfo">gæði</w>
            <w lemma="og" type="c">og</w>
            <w lemma="geymsluþol" type="nheo">geymsluþol</w>
            <w lemma="afurð" type="nvfe">afurða</w>
            <c type="pl">.</c>
          </s>
          <s n="5">
            <w lemma="þá" type="aa">Þá</w>
            <w lemma="verða" type="sfg3fn">verða</w>
            <w lemma="á" type="af">á</w>
            <w lemma="sýning" type="nveþg">sýningunni</w>
            <w lemma="rafknúinn" type="lvfnsf">rafknúnar</w>
            <w lemma="togvinda" type="nvfn">togvindur</w>
            <w lemma="sem" type="ct">sem</w>
            <w lemma="leysa" type="sfg3fn">leysa</w>
            <w lemma="af" type="af">af</w>
            <w lemma="hólmur" type="nkeþ">hólmi</w>
            <w lemma="glussatogvinda" type="nvfo">glussatogvindur</w>
            <w lemma="og" type="c">og</w>
            <w lemma="hreinsitækni" type="nveo">hreinsitækni</w>
            <w lemma="sem" type="ct">sem</w>
            <w lemma="byggja" type="sfg3en">byggir</w>
            <w lemma="að" type="af">að</w>
            <w lemma="allur" type="foheþ">öllu</w>
            <w lemma="leyti" type="nheþ">leyti</w>
            <w lemma="á" type="af">á</w>
            <w lemma="umhverfisvænn" type="lhfþsf">umhverfisvænum</w>
            <w lemma="hreinsiefni" type="nhfþ">hreinsiefnum</w>
            <c type="pl">.</c>
          </s>
        </p>
      </div1>
    </body>
  </text>
</TEI>
