<?xml version="1.0" encoding="utf-8"?>
<TEI xmlns="http://www.tei-c.org/ns/1.0">
  <teiHeader>
    <fileDesc>
      <titleStmt>
        <title>
          <title type="main">Snjóflóð féll á veginn um Ólafsfjarðarmúla</title>
        </title>
        <respStmt>
          <resp xml:lang="is">Söfnun og úrvinnsla texta</resp>
          <resp xml:lang="en">Collection and processing of text</resp>
          <name xml:lang="is">Stofnun Árna Magnússonar í íslenskum fræðum</name>
          <name xml:lang="en">The Arni Magnusson Institute for Icelandic Studies</name>
        </respStmt>
      </titleStmt>
      <editionStmt>
        <p xml:lang="is">Íslensk risamálheild (2019)</p>
        <p xml:lang="en">Tagged Icelandic Gigaword Corpus (2019)</p>
      </editionStmt>
      <publicationStmt>
        <distributor xml:lang="is">Stofnun Árna Magnússonar í íslenskum fræðum</distributor>
        <distributor xml:lang="en">The Arni Magnusson Institute for Icelandic Studies</distributor>
        <address>
          <addrLine xml:lang="is">Árnagarður við Suðurgötu, 107 Reykjavík, Íslandi</addrLine>
          <addrLine xml:lang="en">Árnagarður Suðurgata, 107 Reykjavik, Iceland</addrLine>
          <addrLine>
            <email>arnastofnun@arnastofnun.is</email>
          </addrLine>
        </address>
        <idno type="risam">G-25-2506392</idno>
        <availability>
          <p xml:lang="is">Þessi texti er til notkunar í málrannsóknum og máltækniverkefnum um allan heim með sérstöku leyfi, sjá rmh2Hdr.xml</p>
          <p xml:lang="en">This text is available for use in language research and language technology projects world wide with a special license, see rmh2Hdr.xml</p>
        </availability>
        <date>2020-05-26</date>
      </publicationStmt>
      <sourceDesc>
        <biblStruct>
          <analytic>
            <title>
              <title type="main">Snjóflóð féll á veginn um Ólafsfjarðarmúla</title>
            </title>
            <date when="2013-03-20T08:00:00">20.03 2013 kl. 08:00:00</date>
          </analytic>
          <monogr>
            <title>Bylgjan</title>
            <imprint>
              <publisher>365 miðlar hf.</publisher>
              <pubPlace>Reykjavík</pubPlace>
            </imprint>
          </monogr>
        </biblStruct>
      </sourceDesc>
    </fileDesc>
    <encodingDesc>
      <projectDesc>
        <p xml:lang="is">Sjá lýsingu á verkefninu í rmh2Hdr.xml.</p>
        <p xml:lang="en">See description of project in rmh2Hdr.xml.</p>
      </projectDesc>
      <tagsDecl>
        <namespace name="http://www.tei-c.org/ns/1.0">
          <tagUsage gi="text" occurs="1"/>
          <tagUsage gi="body" occurs="1"/>
          <tagUsage gi="div1" occurs="1"/>
          <tagUsage gi="p" occurs="1"/>
          <tagUsage gi="s" occurs="6"/>
          <tagUsage gi="w" occurs="120"/>
          <tagUsage gi="c" occurs="6"/>
        </namespace>
      </tagsDecl>
    </encodingDesc>
    <profileDesc>
     <textClass>
      <keywords scheme="#RMH">
       <list>
        <item>Frétt – almennt</item>
       </list>
      </keywords>
     </textClass>
    </profileDesc>
  </teiHeader>
  <text>
    <body>
      <div1>
        <p n="1">
          <s n="1">
            <w lemma="minnsta" type="nveþ">Minnstu</w>
            <w lemma="muna" type="sfg3eþ">munaði</w>
            <w lemma="að" type="c">að</w>
            <w lemma="nokkur" type="fokfn">nokkrir</w>
            <w lemma="bíll" type="nkfn">bílar</w>
            <w lemma="lenda" type="sfg3fþ">lentu</w>
            <w lemma="í" type="af">í</w>
            <w lemma="snjóflóð" type="nheþ">snjóflóði</w>
            <w lemma="sem" type="ct">sem</w>
            <w lemma="falla" type="sfg3eþ">féll</w>
            <w lemma="á" type="af">á</w>
            <w lemma="þjóðvegur" type="nkeog">þjóðveginn</w>
            <w lemma="um" type="af">um</w>
            <w lemma="Ólafsfjarðarmúli" type="nkeo-s">Ólafsfjarðarmúla</w>
            <w lemma="um" type="af">um</w>
            <w lemma="klukka" type="nveng">klukkan</w>
            <w lemma="hálfátta" type="ta">hálfátta</w>
            <w lemma="í" type="af">í</w>
            <w lemma="gærkvöld" type="nheo">gærkvöld</w>
            <w lemma="og" type="c">og</w>
            <w lemma="aka" type="sfg3eþ">ók</w>
            <w lemma="einn" type="tfken">einn</w>
            <w lemma="bíll" type="nken">bíll</w>
            <w lemma="inn" type="aa">inn</w>
            <w lemma="í" type="af">í</w>
            <w lemma="flóð" type="nheog">flóðið</w>
            <w lemma="í" type="af">í</w>
            <w lemma="sá" type="fakeo">þann</w>
            <w lemma="mundur" type="nkeo">mund</w>
            <w lemma="sem" type="ct">sem</w>
            <w lemma="það" type="fphen">það</w>
            <w lemma="vera" type="sfg3eþ">var</w>
            <w lemma="að" type="cn">að</w>
            <w lemma="stöðva" type="snm">stöðvast</w>
            <c type="pl">.</c>
          </s>
          <s n="2">
            <w lemma="hann" type="fpken">Hann</w>
            <w lemma="festa" type="sfm3eþ">festist</w>
            <w lemma="og" type="c">og</w>
            <w lemma="aðstoða" type="sfg3fþ">aðstoðuðu</w>
            <w lemma="björgunarsveitarmaður" type="nkfo">björgunarsveitarmenn</w>
            <w lemma="við" type="af">við</w>
            <w lemma="að" type="cn">að</w>
            <w lemma="losa" type="sng">losa</w>
            <w lemma="hann" type="fpkeo">hann</w>
            <c type="pl">.</c>
          </s>
          <s n="3">
            <w lemma="Flóðið" type="nhengs">Flóðið</w>
            <w lemma="mæla" type="sfm3eþ">mældist</w>
            <w lemma="2,5" type="ta">2,5</w>
            <w lemma="stig" type="nhfn">stig</w>
            <w lemma="sem" type="ct">sem</w>
            <w lemma="þýða" type="sfg3en">þýðir</w>
            <w lemma="að" type="c">að</w>
            <w lemma="það" type="fphen">það</w>
            <w lemma="geta" type="sfg3en">getur</w>
            <w lemma="vera" type="sþghen">verið</w>
            <w lemma="lífshættulegur" type="lhensf">lífshættulegt</w>
            <w lemma="að" type="cn">að</w>
            <w lemma="lenda" type="sng">lenda</w>
            <w lemma="í" type="af">í</w>
            <w lemma="slíkur" type="fbheþ">slíku</w>
            <w lemma="flóð" type="nheþ">flóði</w>
            <w lemma="enda" type="c">enda</w>
            <w lemma="geta" type="sfg3en">getur</w>
            <w lemma="snjómagn" type="nheng">snjómagnið</w>
            <w lemma="vera" type="sþghen">verið</w>
            <w lemma="að" type="af">að</w>
            <w lemma="lítill" type="lkeþve">minnsta</w>
            <w lemma="kostur" type="nkeþ">kosti</w>
            <w lemma="þúsund" type="tfhfn">þúsund</w>
            <w lemma="tonn" type="nhfn">tonn</w>
            <c type="pl">.</c>
          </s>
          <s n="4">
            <w lemma="vegur" type="nkeng">Vegurinn</w>
            <w lemma="hafa" type="sfg3en">hefur</w>
            <w lemma="vera" type="sþghen">verið</w>
            <w lemma="lokaður" type="lkensf">lokaður</w>
            <w lemma="síðan" type="aa">síðan</w>
            <c type="pl">.</c>
          </s>
          <s n="5">
            <w lemma="telja" type="sþghen">Talið</w>
            <w lemma="vera" type="sfg3en">er</w>
            <w lemma="líklegur" type="lhensf">líklegt</w>
            <w lemma="að" type="c">að</w>
            <w lemma="margur" type="lhfnvm">fleiri</w>
            <w lemma="flóð" type="nhfn">flóð</w>
            <w lemma="hafa" type="svg3fn">hafi</w>
            <w lemma="falla" type="sþghen">fallið</w>
            <w lemma="á" type="af">á</w>
            <w lemma="Tröllaskagi" type="nkeþ-s">Tröllaskaga</w>
            <w lemma="eða" type="c">eða</w>
            <w lemma="í" type="af">í</w>
            <w lemma="Fjallabyggð" type="nveþ-s">Fjallabyggð</w>
            <w lemma="í" type="af">í</w>
            <w lemma="nótt" type="nveþ">nótt</w>
            <w lemma="en" type="c">en</w>
            <w lemma="það" type="fphen">það</w>
            <w lemma="skýra" type="sfm3en">skýrist</w>
            <w lemma="ekki" type="aa">ekki</w>
            <w lemma="snemma" type="aam">fyrr</w>
            <w lemma="en" type="c">en</w>
            <w lemma="núna" type="aa">núna</w>
            <w lemma="í" type="af">í</w>
            <w lemma="birting" type="nveo">birtingu</w>
            <c type="pl">.</c>
          </s>
          <s n="6">
            <w lemma="veðurstofa" type="nveng">Veðurstofan</w>
            <w lemma="telja" type="sfg3en">telur</w>
            <w lemma="enn" type="aa">enn</w>
            <w lemma="mikill" type="lveosf">mikla</w>
            <w lemma="snjóflóðahætta" type="nveo">snjóflóðahættu</w>
            <w lemma="á" type="af">á</w>
            <w lemma="svæði" type="nheþg">svæðinu</w>
            <w lemma="en" type="c">en</w>
            <w lemma="þó" type="aa">þó</w>
            <w lemma="utan" type="af">utan</w>
            <w lemma="alfaraleið" type="nvfe">alfaraleiða</w>
            <w lemma="og" type="c">og</w>
            <w lemma="að" type="af">að</w>
            <w lemma="byggð" type="nvfþg">byggðunum</w>
            <w lemma="í" type="af">í</w>
            <w lemma="Ólafsfjörður" type="nkeþ-s">Ólafsfirði</w>
            <w lemma="og" type="c">og</w>
            <w lemma="á" type="af">á</w>
            <w lemma="Siglufjörður" type="nkeþ-s">Siglufirði</w>
            <w lemma="vera" type="svg3en">sé</w>
            <w lemma="ekki" type="aa">ekki</w>
            <w lemma="hætta" type="nven">hætta</w>
            <w lemma="búinn" type="lvensf">búin</w>
            <c type="pl">.</c>
          </s>
        </p>
      </div1>
    </body>
  </text>
</TEI>
