<?xml version="1.0" encoding="utf-8"?>
<TEI xmlns="http://www.tei-c.org/ns/1.0">
  <teiHeader>
    <fileDesc>
      <titleStmt>
        <title>
          <title type="main">Klárast ekki fyrir þinglok</title>
        </title>
        <respStmt>
          <resp xml:lang="is">Söfnun og úrvinnsla texta</resp>
          <resp xml:lang="en">Collection and processing of text</resp>
          <name xml:lang="is">Stofnun Árna Magnússonar í íslenskum fræðum</name>
          <name xml:lang="en">The Arni Magnusson Institute for Icelandic Studies</name>
        </respStmt>
      </titleStmt>
      <editionStmt>
        <p xml:lang="is">Íslensk risamálheild (2019)</p>
        <p xml:lang="en">Tagged Icelandic Gigaword Corpus (2019)</p>
      </editionStmt>
      <publicationStmt>
        <distributor xml:lang="is">Stofnun Árna Magnússonar í íslenskum fræðum</distributor>
        <distributor xml:lang="en">The Arni Magnusson Institute for Icelandic Studies</distributor>
        <address>
          <addrLine xml:lang="is">Árnagarður við Suðurgötu, 107 Reykjavík, Íslandi</addrLine>
          <addrLine xml:lang="en">Árnagarður Suðurgata, 107 Reykjavik, Iceland</addrLine>
          <addrLine>
            <email>arnastofnun@arnastofnun.is</email>
          </addrLine>
        </address>
        <idno type="risam">G-25-2543866</idno>
        <availability>
          <p xml:lang="is">Þessi texti er til notkunar í málrannsóknum og máltækniverkefnum um allan heim með sérstöku leyfi, sjá rmh2Hdr.xml</p>
          <p xml:lang="en">This text is available for use in language research and language technology projects world wide with a special license, see rmh2Hdr.xml</p>
        </availability>
        <date>2020-05-26</date>
      </publicationStmt>
      <sourceDesc>
        <biblStruct>
          <analytic>
            <title>
              <title type="main">Klárast ekki fyrir þinglok</title>
            </title>
            <date when="2013-03-02T12:00:00">02.03 2013 kl. 12:00:00</date>
          </analytic>
          <monogr>
            <title>Bylgjan</title>
            <imprint>
              <publisher>365 miðlar hf.</publisher>
              <pubPlace>Reykjavík</pubPlace>
            </imprint>
          </monogr>
        </biblStruct>
      </sourceDesc>
    </fileDesc>
    <encodingDesc>
      <projectDesc>
        <p xml:lang="is">Sjá lýsingu á verkefninu í rmh2Hdr.xml.</p>
        <p xml:lang="en">See description of project in rmh2Hdr.xml.</p>
      </projectDesc>
      <tagsDecl>
        <namespace name="http://www.tei-c.org/ns/1.0">
          <tagUsage gi="text" occurs="1"/>
          <tagUsage gi="body" occurs="1"/>
          <tagUsage gi="div1" occurs="1"/>
          <tagUsage gi="p" occurs="7"/>
          <tagUsage gi="s" occurs="17"/>
          <tagUsage gi="w" occurs="359"/>
          <tagUsage gi="c" occurs="31"/>
        </namespace>
      </tagsDecl>
    </encodingDesc>
    <profileDesc>
     <textClass>
      <keywords scheme="#RMH">
       <list>
        <item>Frétt – almennt</item>
       </list>
      </keywords>
     </textClass>
    </profileDesc>
  </teiHeader>
  <text>
    <body>
      <div1>
        <p n="1">
          <s n="1">
            <w lemma="Árni" type="nken-s">Árni</w>
            <w lemma="Páll" type="nken-s">Páll</w>
            <w lemma="Árnason" type="nken-s">Árnason</w>
            <c type="pk">,</c>
            <w lemma="formaður" type="nken">formaður</w>
            <w lemma="Samfylkingin" type="nveegs">Samfylkingarinnar</w>
            <w lemma="leggja" type="sfg3en">leggur</w>
            <w lemma="til" type="af">til</w>
            <w lemma="að" type="c">að</w>
            <w lemma="Alþingi" type="nhen-s">Alþingi</w>
            <w lemma="afgreiða" type="sfg3fn">afgreiða</w>
            <w lemma="hluti" type="nkeo">hluta</w>
            <w lemma="stjórnarskrárfrumvarp" type="nheeg">stjórnarskrárfrumvarpsins</w>
            <w lemma="á" type="af">á</w>
            <w lemma="þessi" type="faheþ">þessu</w>
            <w lemma="þing" type="nheþ">þingi</w>
            <c type="pk">,</c>
            <w lemma="en" type="c">en</w>
            <w lemma="að" type="c">að</w>
            <w lemma="mál" type="nheng">málið</w>
            <w lemma="verða" type="svg3en">verði</w>
            <w lemma="klára" type="sþghen">klárað</w>
            <w lemma="síðar" type="aam">síðar</w>
            <c type="pl">.</c>
          </s>
          <s n="2">
            <w lemma="hann" type="fpken">Hann</w>
            <w lemma="segja" type="sfg3en">segir</w>
            <w lemma="óraunhæfur" type="lheosf">óraunhæft</w>
            <w lemma="að" type="cn">að</w>
            <w lemma="reyna" type="sng">reyna</w>
            <w lemma="að" type="cn">að</w>
            <w lemma="klára" type="sng">klára</w>
            <w lemma="mál" type="nheog">málið</w>
            <w lemma="allur" type="foheo">allt</w>
            <w lemma="þegar" type="c">þegar</w>
            <w lemma="svo" type="aa">svo</w>
            <w lemma="skammt" type="aa">skammt</w>
            <w lemma="vera" type="sfg3en">er</w>
            <w lemma="til" type="af">til</w>
            <w lemma="þinglok" type="nhfe">þingloka</w>
            <c type="pl">.</c>
          </s>
        </p>
        <p n="2">
          <s n="1">
            <w lemma="Árni" type="nken-s">Árni</w>
            <w lemma="Páll" type="nken-s">Páll</w>
            <w lemma="segja" type="sfg3en">segir</w>
            <w lemma="mikilvægur" type="lheosf">mikilvægt</w>
            <w lemma="að" type="c">að</w>
            <w lemma="þingmaður" type="nkfn">þingmenn</w>
            <w lemma="fara" type="svg3fn">fari</w>
            <w lemma="nú" type="aa">nú</w>
            <w lemma="að" type="cn">að</w>
            <w lemma="undirbúa" type="sng">undirbúa</w>
            <w lemma="lok" type="nhfo">lok</w>
            <w lemma="þing" type="nhee">þings</w>
            <w lemma="og" type="c">og</w>
            <w lemma="semja" type="sng">semja</w>
            <w lemma="um" type="af">um</w>
            <w lemma="framgangur" type="nkeo">framgang</w>
            <w lemma="mál" type="nhfe">mála</w>
            <w lemma="og" type="c">og</w>
            <w lemma="taka" type="sfg3fn">taka</w>
            <w lemma="ákvörðun" type="nvfo">ákvarðanir</w>
            <w lemma="um" type="af">um</w>
            <w lemma="hvernig" type="aa">hvernig</w>
            <w lemma="vel" type="aae">best</w>
            <w lemma="vera" type="svg3en">sé</w>
            <w lemma="hægur" type="lhensf">hægt</w>
            <w lemma="að" type="cn">að</w>
            <w lemma="koma" type="sng">koma</w>
            <w lemma="hlutur" type="nkfþ">hlutum</w>
            <w lemma="í" type="af">í</w>
            <w lemma="horf" type="nheo">horf</w>
            <c type="pl">.</c>
          </s>
        </p>
        <p n="3">
          <s n="1">
            <w lemma="Árni" type="nken-s">Árni</w>
            <w lemma="Páll" type="nken-s">Páll</w>
            <w lemma="Árnason" type="nken-s">Árnason</w>
            <c type="pk">,</c>
            <w lemma="formaður" type="nken">formaður</w>
            <w lemma="Samfylkingin" type="nveegs">Samfylkingarinnar</w>
            <c type="pa">:</c>
            <w lemma="augljós" type="lhensf">Augljóst</w>
            <w lemma="mál" type="nhen">mál</w>
            <w lemma="vera" type="sfg3en">er</w>
            <w lemma="auðvitað" type="aa">auðvitað</w>
            <w lemma="það" type="fphen">það</w>
            <w lemma="að" type="c">að</w>
            <w lemma="eins" type="aa">eins</w>
            <w lemma="og" type="c">og</w>
            <w lemma="staða" type="nveng">staðan</w>
            <w lemma="vera" type="sfg3en">er</w>
            <w lemma="núna" type="aa">núna</w>
            <w lemma="að" type="aa">að</w>
            <w lemma="þá" type="aa">þá</w>
            <w lemma="vera" type="sfg3en">er</w>
            <w lemma="enginn" type="foven">engin</w>
            <w lemma="leið" type="nven">leið</w>
            <w lemma="til" type="af">til</w>
            <w lemma="það" type="fphee">þess</w>
            <w lemma="að" type="c">að</w>
            <w lemma="stjórnarskrármál" type="nheng">stjórnarskrármálið</w>
            <w lemma="í" type="af">í</w>
            <w lemma="heild" type="nveþ">heild</w>
            <w lemma="verða" type="svg3en">verði</w>
            <w lemma="afgreiða" type="sþghen">afgreitt</w>
            <w lemma="í" type="af">í</w>
            <w lemma="vor" type="nheo">vor</w>
            <c type="pl">.</c>
          </s>
          <s n="2">
            <w lemma="þá" type="aa">Þá</w>
            <w lemma="vera" type="sfg3en">er</w>
            <w lemma="mjög" type="aa">mjög</w>
            <w lemma="mikilvægur" type="lhensf">mikilvægt</w>
            <w lemma="að" type="cn">að</w>
            <w lemma="fá" type="sng">fá</w>
            <w lemma="heildstæður" type="lveosf">heildstæða</w>
            <w lemma="stjórnarskrá" type="nveo">stjórnarskrá</w>
            <w lemma="út" type="aa">út</w>
            <w lemma="úr" type="af">úr</w>
            <w lemma="nefndarvinna" type="nveþg">nefndarvinnunni</w>
            <c type="pl">.</c>
          </s>
          <s n="3">
            <w lemma="það" type="fphen">Það</w>
            <w lemma="taka" type="sfm3eþ">tókst</w>
            <w lemma="í" type="aa">í</w>
            <w lemma="gær" type="aa">gær</w>
            <c type="pk">,</c>
            <w lemma="nú" type="aa">nú</w>
            <w lemma="liggja" type="sfg3en">liggur</w>
            <w lemma="fyrir" type="aa">fyrir</w>
            <w lemma="heildstæður" type="lhensf">heildstætt</w>
            <w lemma="plagg" type="nhen">plagg</w>
            <w lemma="með" type="af">með</w>
            <w lemma="skýring" type="nvfþ">skýringum</w>
            <c type="pl">.</c>
          </s>
          <s n="4">
            <w lemma="þannig" type="aa">Þannig</w>
            <w lemma="að" type="c">að</w>
            <w lemma="enginn" type="foven">engin</w>
            <w lemma="þurfa" type="sfg3en">þarf</w>
            <w lemma="að" type="cn">að</w>
            <w lemma="velkja" type="snm">velkjast</w>
            <w lemma="í" type="af">í</w>
            <w lemma="vafi" type="nkeþ">vafa</w>
            <w lemma="um" type="af">um</w>
            <w lemma="efni" type="nheo">efni</w>
            <w lemma="það" type="fphee">þess</w>
            <w lemma="og" type="c">og</w>
            <w lemma="það" type="fphen">það</w>
            <w lemma="vera" type="sfg3en">er</w>
            <w lemma="alveg" type="aa">alveg</w>
            <w lemma="ljós" type="lhensf">ljóst</w>
            <w lemma="að" type="c">að</w>
            <w lemma="þessi" type="fahen">þetta</w>
            <w lemma="vera" type="sfg3en">er</w>
            <w lemma="ekki" type="aa">ekki</w>
            <w lemma="ferð" type="nven">ferð</w>
            <w lemma="án" type="af">án</w>
            <w lemma="fyrirheit" type="nhee">fyrirheits</w>
            <c type="pk">,</c>
            <w lemma="þessi" type="fahen">þetta</w>
            <w lemma="vera" type="sfg3fn">eru</w>
            <w lemma="alvara" type="nvee">alvöru</w>
            <w lemma="hugmynd" type="nvfn">hugmyndir</w>
            <c type="pk">,</c>
            <w lemma="framsækinn" type="lvfnsf">framsæknar</w>
            <w lemma="hugmynd" type="nvfn">hugmyndir</w>
            <w lemma="sem" type="ct">sem</w>
            <w lemma="að" type="cn">að</w>
            <w lemma="hafa" type="sng">hafa</w>
            <w lemma="vera" type="sþghen">verið</w>
            <w lemma="prófa" type="sþgvfn">prófaðar</w>
            <c type="pl">.</c>
          </s>
          <s n="5">
            <w lemma="og" type="c">Og</w>
            <w lemma="það" type="fphen">það</w>
            <w lemma="skipta" type="sfg3en">skiptir</w>
            <w lemma="mál" type="nheþ">máli</w>
            <w lemma="að" type="cn">að</w>
            <w lemma="tryggja" type="sng">tryggja</w>
            <w lemma="það" type="fphfþ">þeim</w>
            <w lemma="núna" type="aa">núna</w>
            <w lemma="farvegur" type="nkeo">farveg</w>
            <w lemma="áfram" type="aa">áfram</w>
            <c type="pl">.</c>
          </s>
          <s n="6">
            <w lemma="þannig" type="aa">Þannig</w>
            <w lemma="að" type="c">að</w>
            <w lemma="það" type="fphen">það</w>
            <w lemma="verða" type="svg3en">verði</w>
            <w lemma="ekki" type="aa">ekki</w>
            <w lemma="hægur" type="lhensf">hægt</w>
            <w lemma="að" type="cn">að</w>
            <w lemma="tala" type="sng">tala</w>
            <w lemma="þessi" type="faheo">þetta</w>
            <w lemma="mál" type="nheo">mál</w>
            <w lemma="til" type="af">til</w>
            <w lemma="dauður" type="lheesf">dauðs</w>
            <w lemma="hér" type="aa">hér</w>
            <w lemma="á" type="af">á</w>
            <w lemma="þessi" type="faheþ">þessu</w>
            <w lemma="næstur" type="lvfþve">næstu</w>
            <w lemma="vika" type="nvfþ">vikum</w>
            <c type="pl">.</c>
          </s>
          <s n="7">
            <w lemma="það" type="fphee">Þess</w>
            <w lemma="vegna" type="af">vegna</w>
            <w lemma="halda" type="sfg1en">held</w>
            <w lemma="ég" type="fp1en">ég</w>
            <w lemma="að" type="c">að</w>
            <w lemma="það" type="fphen">það</w>
            <w lemma="vera" type="svg3en">sé</w>
            <w lemma="nauðsynlegur" type="lhensf">nauðsynlegt</w>
            <w lemma="að" type="c">að</w>
            <w lemma="ég" type="fp1fn">við</w>
            <w lemma="ná" type="sfg1fn">náum</w>
            <w lemma="samstaða" type="nveo">samstöðu</w>
            <w lemma="um" type="af">um</w>
            <w lemma="þingsályktun" type="nveo">þingsályktun</w>
            <w lemma="um" type="af">um</w>
            <w lemma="framhald" type="nheo">framhald</w>
            <w lemma="mál" type="nheeg">málsins</w>
            <w lemma="inn" type="aa">inn</w>
            <w lemma="í" type="af">í</w>
            <w lemma="næstur" type="lheove">næsta</w>
            <w lemma="kjörtímabil" type="nheo">kjörtímabil</w>
            <w lemma="og" type="c">og</w>
            <w lemma="afmarkaður" type="lvfosf">afmarkaðar</w>
            <w lemma="breyting" type="nvfo">breytingar</w>
            <w lemma="á" type="af">á</w>
            <w lemma="stjórnarskrá" type="nveþg">stjórnarskránni</w>
            <c type="pl">.</c>
          </s>
        </p>
        <p n="4">
          <s n="1">
            <w lemma="en" type="c">En</w>
            <w lemma="hvaða" type="fsvfo">hvaða</w>
            <w lemma="breyting" type="nvfo">breytingar</w>
            <w lemma="sjá" type="sfg3en">sér</w>
            <w lemma="Árni" type="nken-s">Árni</w>
            <w lemma="fyrir" type="af">fyrir</w>
            <w lemma="sig" type="fpkeþ">sér</w>
            <w lemma="að" type="c">að</w>
            <w lemma="hægur" type="lhensf">hægt</w>
            <w lemma="verða" type="svg3en">verði</w>
            <w lemma="að" type="cn">að</w>
            <w lemma="klára" type="sng">klára</w>
            <w lemma="nú" type="aa">nú</w>
            <c type="pl">?</c>
          </s>
        </p>
        <p n="5">
          <s n="1">
            <w lemma="Árni" type="nken-s">Árni</w>
            <w lemma="Páll" type="nken-s">Páll</w>
            <w lemma="Árnason" type="nken-s">Árnason</w>
            <c type="pa">:</c>
            <w lemma="ég" type="fp1en">Ég</w>
            <w lemma="vilja" type="sfg1en">vil</w>
            <w lemma="sjá" type="sng">sjá</w>
            <w lemma="breytingaákvæði" type="nheo">breytingaákvæði</w>
            <c type="pk">,</c>
            <w lemma="þannig" type="aa">þannig</w>
            <w lemma="að" type="c">að</w>
            <w lemma="það" type="fphen">það</w>
            <w lemma="vera" type="svg3en">sé</w>
            <w lemma="raunsær" type="lhensf">raunsætt</w>
            <w lemma="að" type="cn">að</w>
            <w lemma="breyta" type="sng">breyta</w>
            <w lemma="stjórnarskrá" type="nveþg">stjórnarskránni</w>
            <w lemma="á" type="af">á</w>
            <w lemma="næstur" type="lheþve">næsta</w>
            <w lemma="kjörtímabil" type="nheþ">kjörtímabili</w>
            <c type="pl">.</c>
          </s>
          <s n="2">
            <w lemma="ég" type="fp1en">Ég</w>
            <w lemma="vilja" type="sfg1en">vil</w>
            <w lemma="sjá" type="sng">sjá</w>
            <w lemma="ákvæði" type="nheo">ákvæði</w>
            <w lemma="um" type="af">um</w>
            <w lemma="þjóðareign" type="nveo">þjóðareign</w>
            <w lemma="á" type="af">á</w>
            <w lemma="auðlind" type="nvfþ">auðlindum</w>
            <c type="pl">.</c>
          </s>
          <s n="3">
            <w lemma="ég" type="fp1fn">Við</w>
            <w lemma="vera" type="sfg1fn">erum</w>
            <w lemma="búinn" type="lkensf">búinn</w>
            <w lemma="að" type="cn">að</w>
            <w lemma="ræða" type="sng">ræða</w>
            <w lemma="það" type="fpheo">það</w>
            <w lemma="í" type="af">í</w>
            <w lemma="þrettán" type="tfhfo">þrettán</w>
            <w lemma="ár" type="nhfo">ár</w>
            <w lemma="og" type="c">og</w>
            <w lemma="ég" type="fp1en">ég</w>
            <w lemma="vorkenna" type="sfg1en">vorkenni</w>
            <w lemma="enginn" type="fokeþ">engum</w>
            <w lemma="flokkur" type="nkeþ">flokki</w>
            <w lemma="að" type="cn">að</w>
            <w lemma="taka" type="sng">taka</w>
            <w lemma="afstaða" type="nveo">afstöðu</w>
            <w lemma="til" type="af">til</w>
            <w lemma="það" type="fphee">þess</w>
            <c type="pl">.</c>
          </s>
          <s n="4">
            <w lemma="og" type="c">Og</w>
            <w lemma="ég" type="fp1en">ég</w>
            <w lemma="vilja" type="sfg1en">vil</w>
            <w lemma="sjá" type="sng">sjá</w>
            <w lemma="ákvæði" type="nheo">ákvæði</w>
            <w lemma="um" type="af">um</w>
            <w lemma="þjóðaratkvæði" type="nheo">þjóðaratkvæði</w>
            <c type="pk">,</c>
            <w lemma="þannig" type="aa">þannig</w>
            <w lemma="að" type="c">að</w>
            <w lemma="þjóð" type="nveng">þjóðin</w>
            <w lemma="geta" type="svg3en">geti</w>
            <w lemma="leggja" type="sþghen">lagt</w>
            <w lemma="mál" type="nheo">mál</w>
            <c type="pk">,</c>
            <w lemma="fá" type="sþghen">fengið</w>
            <w lemma="mál" type="nheo">mál</w>
            <w lemma="til" type="af">til</w>
            <w lemma="afgreiðsla" type="nvee">afgreiðslu</w>
            <c type="pk">,</c>
            <w lemma="það" type="fpheo">það</w>
            <w lemma="halda" type="sfg1en">held</w>
            <w lemma="ég" type="fp1en">ég</w>
            <w lemma="að" type="c">að</w>
            <w lemma="vera" type="svg3en">sé</w>
            <w lemma="lykilatriði" type="nhfog">lykilatriðin</w>
            <w lemma="sem" type="ct">sem</w>
            <w lemma="að" type="c">að</w>
            <w lemma="ég" type="fp1fn">við</w>
            <w lemma="eiga" type="svg1fn">eigum</w>
            <w lemma="að" type="cn">að</w>
            <w lemma="geta" type="sng">geta</w>
            <w lemma="afgreiða" type="sþghen">afgreitt</w>
            <w lemma="núna" type="aa">núna</w>
            <c type="pl">.</c>
          </s>
        </p>
        <p n="6">
          <s n="1">
            <w lemma="stuttur" type="lhensf">Stutt</w>
            <w lemma="vera" type="sfg3en">er</w>
            <w lemma="nú" type="aa">nú</w>
            <w lemma="til" type="af">til</w>
            <w lemma="þinglok" type="nhfe">þingloka</w>
            <w lemma="og" type="c">og</w>
            <w lemma="því" type="aa">því</w>
            <w lemma="lítill" type="lkensf">lítill</w>
            <w lemma="tími" type="nken">tími</w>
            <w lemma="til" type="af">til</w>
            <w lemma="stefna" type="nvee">stefnu</w>
            <c type="pl">.</c>
          </s>
        </p>
        <p n="7">
          <s n="1">
            <w lemma="Árni" type="nken-s">Árni</w>
            <w lemma="Páll" type="nken-s">Páll</w>
            <w lemma="Árnason" type="nken-s">Árnason</w>
            <c type="pa">:</c>
            <w lemma="ég" type="fp1fn">Við</w>
            <w lemma="munu" type="sfg1fn">munum</w>
            <w lemma="fara" type="sng">fara</w>
            <w lemma="yfir" type="af">yfir</w>
            <w lemma="mál" type="nhfog">málin</w>
            <w lemma="núna" type="aa">núna</w>
            <w lemma="um" type="af">um</w>
            <w lemma="helgi" type="nveog">helgina</w>
            <w lemma="formaður" type="nkfo">formenn</w>
            <w lemma="stjórnarflokkur" type="nkfeg">stjórnarflokkanna</w>
            <w lemma="og" type="c">og</w>
            <w lemma="meta" type="sfg3fn">meta</w>
            <w lemma="staða" type="nveog">stöðuna</w>
            <w lemma="og" type="c">og</w>
            <w lemma="leggja" type="sfg3fn">leggja</w>
            <w lemma="drag" type="nhfo">drög</w>
            <w lemma="að" type="af">að</w>
            <w lemma="hugmynd" type="nvfþ">hugmyndum</w>
            <w lemma="um" type="af">um</w>
            <w lemma="samkomulag" type="nheo">samkomulag</w>
            <w lemma="um" type="af">um</w>
            <w lemma="lok" type="nhfo">lok</w>
            <w lemma="þingstarf" type="nhfe">þingstarfa</w>
            <w lemma="við" type="af">við</w>
            <w lemma="formaður" type="nkfo">formenn</w>
            <w lemma="stjórnarandstöðuflokkur" type="nkfeg">stjórnarandstöðuflokkanna</w>
            <w lemma="eftir" type="af">eftir</w>
            <w lemma="helgi" type="nveo">helgi</w>
            <w lemma="og" type="c">og</w>
            <w lemma="ég" type="fp1fn">við</w>
            <w lemma="þurfa" type="sfg1fn">þurfum</w>
            <w lemma="auðvitað" type="aa">auðvitað</w>
            <w lemma="að" type="cn">að</w>
            <w lemma="ljúka" type="sng">ljúka</w>
            <w lemma="þing" type="nheþg">þinginu</w>
            <w lemma="í" type="af">í</w>
            <w lemma="samvinna" type="nveþ">samvinnu</w>
            <c type="pk">,</c>
            <w lemma="það" type="fphen">það</w>
            <w lemma="skipta" type="sfg3en">skiptir</w>
            <w lemma="mikill" type="lheþsf">miklu</w>
            <w lemma="mál" type="nheþ">máli</w>
            <w lemma="og" type="c">og</w>
            <w lemma="gera" type="sng">gera</w>
            <w lemma="það" type="fpheo">það</w>
            <w lemma="þannig" type="aa">þannig</w>
            <w lemma="að" type="c">að</w>
            <w lemma="allur" type="fokfn">allir</w>
            <w lemma="hafa" type="svg3fn">hafi</w>
            <w lemma="sóma" type="sng">sóma</w>
            <w lemma="af" type="aa">af</w>
            <c type="pl">.</c>
          </s>
        </p>
      </div1>
    </body>
  </text>
</TEI>
