<?xml version="1.0" encoding="utf-8"?>
<TEI xmlns="http://www.tei-c.org/ns/1.0">
  <teiHeader>
    <fileDesc>
      <titleStmt>
        <title>
          <title type="main">Kaup Gamma á íbúðum í Reyjavík skoðuð</title>
        </title>
        <respStmt>
          <resp xml:lang="is">Söfnun og úrvinnsla texta</resp>
          <resp xml:lang="en">Collection and processing of text</resp>
          <name xml:lang="is">Stofnun Árna Magnússonar í íslenskum fræðum</name>
          <name xml:lang="en">The Arni Magnusson Institute for Icelandic Studies</name>
        </respStmt>
      </titleStmt>
      <editionStmt>
        <p xml:lang="is">Íslensk risamálheild (2019)</p>
        <p xml:lang="en">Tagged Icelandic Gigaword Corpus (2019)</p>
      </editionStmt>
      <publicationStmt>
        <distributor xml:lang="is">Stofnun Árna Magnússonar í íslenskum fræðum</distributor>
        <distributor xml:lang="en">The Arni Magnusson Institute for Icelandic Studies</distributor>
        <address>
          <addrLine xml:lang="is">Árnagarður við Suðurgötu, 107 Reykjavík, Íslandi</addrLine>
          <addrLine xml:lang="en">Árnagarður Suðurgata, 107 Reykjavik, Iceland</addrLine>
          <addrLine>
            <email>arnastofnun@arnastofnun.is</email>
          </addrLine>
        </address>
        <idno type="risam">G-25-2518193</idno>
        <availability>
          <p xml:lang="is">Þessi texti er til notkunar í málrannsóknum og máltækniverkefnum um allan heim með sérstöku leyfi, sjá rmh2Hdr.xml</p>
          <p xml:lang="en">This text is available for use in language research and language technology projects world wide with a special license, see rmh2Hdr.xml</p>
        </availability>
        <date>2020-05-26</date>
      </publicationStmt>
      <sourceDesc>
        <biblStruct>
          <analytic>
            <title>
              <title type="main">Kaup Gamma á íbúðum í Reyjavík skoðuð</title>
            </title>
            <date when="2013-03-25T12:00:00">25.03 2013 kl. 12:00:00</date>
          </analytic>
          <monogr>
            <title>Bylgjan</title>
            <imprint>
              <publisher>365 miðlar hf.</publisher>
              <pubPlace>Reykjavík</pubPlace>
            </imprint>
          </monogr>
        </biblStruct>
      </sourceDesc>
    </fileDesc>
    <encodingDesc>
      <projectDesc>
        <p xml:lang="is">Sjá lýsingu á verkefninu í rmh2Hdr.xml.</p>
        <p xml:lang="en">See description of project in rmh2Hdr.xml.</p>
      </projectDesc>
      <tagsDecl>
        <namespace name="http://www.tei-c.org/ns/1.0">
          <tagUsage gi="text" occurs="1"/>
          <tagUsage gi="body" occurs="1"/>
          <tagUsage gi="div1" occurs="1"/>
          <tagUsage gi="p" occurs="8"/>
          <tagUsage gi="s" occurs="17"/>
          <tagUsage gi="w" occurs="410"/>
          <tagUsage gi="c" occurs="46"/>
        </namespace>
      </tagsDecl>
    </encodingDesc>
    <profileDesc>
     <textClass>
      <keywords scheme="#RMH">
       <list>
        <item>Frétt – almennt</item>
       </list>
      </keywords>
     </textClass>
    </profileDesc>
  </teiHeader>
  <text>
    <body>
      <div1>
        <p n="1">
          <s n="1">
            <w lemma="atvinnuvegaráðuneyti" type="nheng">Atvinnuvegaráðuneytið</w>
            <w lemma="skoða" type="sfg3en">skoðar</w>
            <w lemma="kaup" type="nheo">kaup</w>
            <w lemma="sjóðsstýringafyrirtæki" type="nheeg">sjóðsstýringafyrirtækisins</w>
            <w lemma="Gamma" type="n----s">Gamma</w>
            <w lemma="á" type="af">á</w>
            <w lemma="140" type="ta">140</w>
            <w lemma="íbúð" type="nvfþ">íbúðum</w>
            <w lemma="í" type="af">í</w>
            <w lemma="Reykjavík" type="nveþ-s">Reykjavík</w>
            <w lemma="vegna" type="af">vegna</w>
            <w lemma="þungur" type="lvfesf">þungra</w>
            <w lemma="áhyggja" type="nvfe">áhyggna</w>
            <w lemma="Félag" type="nhee-s">Félags</w>
            <w lemma="fasteignasala" type="nvfe">fasteignasala</w>
            <c type="pl">.</c>
          </s>
          <s n="2">
            <w lemma="formaður" type="nken">Formaður</w>
            <w lemma="félag" type="nheeg">félagsins</w>
            <w lemma="telja" type="sfg3en">telur</w>
            <w lemma="kaup" type="nhfog">kaupin</w>
            <w lemma="geta" type="sng">geta</w>
            <w lemma="hafa" type="sþghen">haft</w>
            <w lemma="verulegur" type="lhfosf">veruleg</w>
            <w lemma="áhrif" type="nhfo">áhrif</w>
            <w lemma="á" type="af">á</w>
            <w lemma="verðmyndun" type="nveo">verðmyndun</w>
            <w lemma="á" type="af">á</w>
            <w lemma="markaður" type="nkeþ">markaði</w>
            <c type="pl">.</c>
          </s>
        </p>
        <p n="2">
          <s n="1">
            <w lemma="sjóðsstýringafyrirtæki" type="nheng">Sjóðsstýringafyrirtækið</w>
            <w lemma="Gamma" type="n----s">Gamma</w>
            <w lemma="hafa" type="sfg3en">hefur</w>
            <w lemma="á" type="af">á</w>
            <w lemma="síðari" type="lkfþve">síðustu</w>
            <w lemma="mánuður" type="nkfþ">mánuðum</w>
            <w lemma="kaupa" type="sþghen">keypt</w>
            <w lemma="140" type="ta">140</w>
            <w lemma="íbúð" type="nvfo">íbúðir</w>
            <w lemma="í" type="af">í</w>
            <w lemma="Reykjavík" type="nveþ-s">Reykjavík</w>
            <w lemma="fyrir" type="af">fyrir</w>
            <w lemma="4" type="ta">4</w>
            <w lemma="milljarður" type="nkfo">milljarða</w>
            <w lemma="króna" type="nvfe">króna</w>
            <w lemma="en" type="c">en</w>
            <w lemma="Gísli" type="nken-s">Gísli</w>
            <w lemma="Hauksson" type="nken-s">Hauksson</w>
            <c type="pk">,</c>
            <w lemma="framkvæmdastjóri" type="nken">framkvæmdastjóri</w>
            <w lemma="fyrirtæki" type="nheeg">fyrirtækisins</w>
            <c type="pk">,</c>
            <w lemma="segja" type="sfg3eþ">sagði</w>
            <w lemma="í" type="af">í</w>
            <w lemma="viðtal" type="nheþ">viðtali</w>
            <w lemma="við" type="af">við</w>
            <w lemma="DV" type="n----s">DV</w>
            <w lemma="á" type="af">á</w>
            <w lemma="föstudagur" type="nkeo">föstudag</w>
            <w lemma="að" type="c">að</w>
            <w lemma="sjóður" type="nkeng">sjóðurinn</w>
            <w lemma="hafa" type="svg3eþ">hefði</w>
            <w lemma="fara" type="sþghen">farið</w>
            <w lemma="út" type="aa">út</w>
            <w lemma="í" type="af">í</w>
            <w lemma="viðskipti" type="nhfog">viðskiptin</w>
            <w lemma="þar" type="aa">þar</w>
            <w lemma="sem" type="c">sem</w>
            <w lemma="hann" type="fpken">hann</w>
            <w lemma="telja" type="sfg3eþ">taldi</w>
            <w lemma="fasteign" type="nvfog">fasteignirnar</w>
            <w lemma="of" type="aa">of</w>
            <w lemma="lágt" type="aa">lágt</w>
            <w lemma="metinn" type="lvfosf">metnar</w>
            <w lemma="í" type="af">í</w>
            <w lemma="verð" type="nheþ">verði</w>
            <c type="pl">.</c>
          </s>
          <s n="2">
            <w lemma="Ingibjörg" type="nven-s">Ingibjörg</w>
            <w lemma="Þórðardóttir" type="nven-s">Þórðardóttir</w>
            <c type="pk">,</c>
            <w lemma="formaður" type="nken">formaður</w>
            <w lemma="Félag" type="nhee-s">Félags</w>
            <w lemma="fasteignasali" type="nkfe">fasteignasala</w>
            <c type="pk">,</c>
            <w lemma="hafa" type="sfg3en">hefur</w>
            <w lemma="þungur" type="lvfosf">þungar</w>
            <w lemma="áhyggja" type="nvfo">áhyggjur</w>
            <w lemma="af" type="af">af</w>
            <w lemma="kaup" type="nhfþg">kaupunum</w>
            <c type="pl">.</c>
          </s>
        </p>
        <p n="3">
          <s n="1">
            <w lemma="Ingibjörg" type="nven-s">Ingibjörg</w>
            <w lemma="Þórðardóttir" type="nven-s">Þórðardóttir</w>
            <c type="pk">,</c>
            <w lemma="formaður" type="nken">formaður</w>
            <w lemma="Félag" type="nhee-s">Félags</w>
            <w lemma="fasteignasali" type="nkee">fasteignasala</w>
            <c type="pa">:</c>
            <w lemma="vegna" type="af">Vegna</w>
            <w lemma="það" type="fphee">þess</w>
            <w lemma="að" type="c">að</w>
            <w lemma="það" type="fphen">það</w>
            <w lemma="vera" type="sfg3en">er</w>
            <w lemma="erfiður" type="lhensf">erfitt</w>
            <w lemma="að" type="cn">að</w>
            <w lemma="keppa" type="sng">keppa</w>
            <w lemma="við" type="af">við</w>
            <w lemma="svona" type="aa">svona</w>
            <w lemma="fjársterkur" type="lkfosf">fjársterka</w>
            <w lemma="aðili" type="nkfo">aðila</w>
            <w lemma="fyrir" type="af">fyrir</w>
            <w lemma="almenningur" type="nkeo">almenning</w>
            <w lemma="sem" type="ct">sem</w>
            <w lemma="vera" type="sfg3en">er</w>
            <w lemma="á" type="af">á</w>
            <w lemma="þessi" type="fakeþ">þessum</w>
            <w lemma="markaður" type="nkeþ">markaði</w>
            <c type="pl">.</c>
          </s>
          <s n="2">
            <w lemma="hann" type="fpkfn">Þeir</w>
            <w lemma="vera" type="sfg3fn">eru</w>
            <w lemma="að" type="cn">að</w>
            <w lemma="kaupa" type="sng">kaupa</w>
            <w lemma="upp" type="aa">upp</w>
            <w lemma="lítill" type="lvfovm">minni</w>
            <w lemma="eign" type="nvfo">eignir</w>
            <c type="pk">,</c>
            <w lemma="tveir" type="tfhfe">tveggja</w>
            <c type="pk">,</c>
            <w lemma="þrír" type="tfhfe">þriggja</w>
            <c type="pk">,</c>
            <w lemma="fjórir" type="tfhfe">fjögurra</w>
            <w lemma="herbergi" type="nhfe">herbergja</w>
            <w lemma="íbúð" type="nvfo">íbúðir</w>
            <w lemma="fyrir" type="af">fyrir</w>
            <w lemma="utan" type="aa">utan</w>
            <w lemma="það" type="fpheo">það</w>
            <w lemma="náttúrulega" type="aa">náttúrulega</w>
            <w lemma="að" type="c">að</w>
            <w lemma="þessi" type="fahen">þetta</w>
            <w lemma="geta" type="sfg3en">getur</w>
            <w lemma="hafa" type="sþghen">haft</w>
            <w lemma="verðmyndandi" type="nhfo">verðmyndandi</w>
            <w lemma="áhrif" type="nhfo">áhrif</w>
            <w lemma="þegar" type="c">þegar</w>
            <w lemma="hann" type="fpkfn">þeir</w>
            <w lemma="setja" type="sfg3fn">setja</w>
            <w lemma="íbúð" type="nvfo">íbúðir</w>
            <w lemma="aftur" type="aa">aftur</w>
            <w lemma="inn" type="aa">inn</w>
            <w lemma="á" type="af">á</w>
            <w lemma="markaður" type="nkeo">markað</w>
            <w lemma="og" type="c">og</w>
            <w lemma="hann" type="fpkfn">þeir</w>
            <w lemma="vera" type="sfg3fn">eru</w>
            <w lemma="náttúrulega" type="aa">náttúrulega</w>
            <w lemma="í" type="af">í</w>
            <w lemma="útleiga" type="nveþ">útleigu</w>
            <w lemma="og" type="c">og</w>
            <w lemma="hann" type="fpkfn">þeir</w>
            <w lemma="vera" type="sfg3fn">eru</w>
            <w lemma="að" type="cn">að</w>
            <w lemma="tala" type="sng">tala</w>
            <w lemma="um" type="af">um</w>
            <w lemma="það" type="fpheo">það</w>
            <w lemma="að" type="c">að</w>
            <c type="pk">,</c>
            <w lemma="að" type="c">að</w>
            <w lemma="húsaleigumarkaður" type="nken">húsaleigumarkaður</w>
            <w lemma="vera" type="svg3en">sé</w>
            <w lemma="of" type="aa">of</w>
            <w lemma="lágur" type="lhensf">lágt</w>
            <w lemma="metinn" type="lkensf">metinn</w>
            <w lemma="og" type="c">og</w>
            <c type="pk">,</c>
            <w lemma="og" type="c">og</w>
            <w lemma="vera" type="sfg3fn">eru</w>
            <w lemma="með" type="af">með</w>
            <w lemma="tiltölulega" type="aa">tiltölulega</w>
            <w lemma="hár" type="lveosf">háa</w>
            <w lemma="leiga" type="nveo">leigu</w>
            <w lemma="og" type="c">og</w>
            <w lemma="jafnvel" type="aa">jafnvel</w>
            <w lemma="mjög" type="aa">mjög</w>
            <w lemma="hár" type="lveosf">háa</w>
            <w lemma="leiga" type="nveo">leigu</w>
            <w lemma="hafa" type="sfg3en">hefur</w>
            <w lemma="maður" type="nken">maður</w>
            <w lemma="heyra" type="sþghen">heyrt</w>
            <c type="pl">.</c>
          </s>
        </p>
        <p n="4">
          <s n="1">
            <w lemma="hún" type="fpven">Hún</w>
            <w lemma="segja" type="sfg3en">segir</w>
            <w lemma="Gamma" type="n----s">Gamma</w>
            <w lemma="enn" type="aa">enn</w>
            <w lemma="vera" type="sng">vera</w>
            <w lemma="að" type="cn">að</w>
            <w lemma="leita" type="sng">leita</w>
            <w lemma="að" type="af">að</w>
            <w lemma="íbúð" type="nvfþ">íbúðum</w>
            <w lemma="til" type="af">til</w>
            <w lemma="að" type="cn">að</w>
            <w lemma="kaupa" type="sng">kaupa</w>
            <w lemma="og" type="c">og</w>
            <w lemma="benda" type="sfg3en">bendir</w>
            <w lemma="á" type="af">á</w>
            <w lemma="að" type="c">að</w>
            <w lemma="fyrirtæki" type="nheng">fyrirtækið</w>
            <w lemma="standa" type="svg3en">standi</w>
            <w lemma="öðruvísi" type="aa">öðruvísi</w>
            <w lemma="að" type="af">að</w>
            <w lemma="vígi" type="nheþ">vígi</w>
            <w lemma="en" type="c">en</w>
            <w lemma="annar" type="fokfn">aðrir</w>
            <w lemma="kaupandi" type="nkfn">kaupendur</w>
            <c type="pl">.</c>
          </s>
        </p>
        <p n="5">
          <s n="1">
            <w lemma="Ingibjörg" type="nven-s">Ingibjörg</w>
            <w lemma="Þórðardóttir" type="nven-s">Þórðardóttir</w>
            <c type="pa">:</c>
            <w lemma="jafnvel" type="aa">Jafnvel</w>
            <w lemma="þegar" type="c">þegar</w>
            <w lemma="hann" type="fpken">hann</w>
            <w lemma="vera" type="sfg3en">er</w>
            <w lemma="að" type="cn">að</w>
            <w lemma="taka" type="sng">taka</w>
            <w lemma="þáttur" type="nkeo">þátt</w>
            <w lemma="í" type="af">í</w>
            <w lemma="gjaldeyrisútboð" type="nheþ">gjaldeyrisútboði</w>
            <w lemma="Seðlabanki" type="nkeegs">Seðlabankans</w>
            <w lemma="og" type="c">og</w>
            <w lemma="vera" type="sfg3en">er</w>
            <w lemma="jafnvel" type="aa">jafnvel</w>
            <w lemma="að" type="cn">að</w>
            <w lemma="fá" type="sng">fá</w>
            <w lemma="allur" type="foheo">allt</w>
            <w lemma="upp" type="aa">upp</w>
            <w lemma="í" type="af">í</w>
            <w lemma="30" type="ta">30</w>
            <c type="pk">,</c>
            <w lemma="35%" type="tp">35%</w>
            <w lemma="hár" type="lheovm">hærra</w>
            <w lemma="verð" type="nheo">verð</w>
            <w lemma="fyrir" type="aa">fyrir</w>
            <c type="pk">,</c>
            <w lemma="fyrir" type="af">fyrir</w>
            <w lemma="hérna" type="aa">hérna</w>
            <w lemma="sinn" type="fekfo">sína</w>
            <w lemma="peningur" type="nkfo">peninga</w>
            <w lemma="vegna" type="af">vegna</w>
            <w lemma="það" type="fphee">þess</w>
            <w lemma="að" type="c">að</w>
            <c type="pk">,</c>
            <w lemma="að" type="c">að</w>
            <w lemma="evra" type="nveng">evran</w>
            <w lemma="hafa" type="sfg3en">hefur</w>
            <w lemma="vera" type="sþghen">verið</w>
            <w lemma="að" type="cn">að</w>
            <w lemma="fara" type="sng">fara</w>
            <w lemma="allur" type="fohen">allt</w>
            <w lemma="upp" type="aa">upp</w>
            <w lemma="í" type="af">í</w>
            <w lemma="230" type="ta">230</w>
            <c type="pk">,</c>
            <w lemma="rúmlega" type="aa">rúmlega</w>
            <w lemma="230" type="ta">230</w>
            <w lemma="króna" type="nvfo">krónur</w>
            <w lemma="í" type="af">í</w>
            <w lemma="útboð" type="nhfþ">útboðum</w>
            <w lemma="en" type="c">en</w>
            <c type="pk">,</c>
            <w lemma="en" type="c">en</w>
            <w lemma="almenningur" type="nken">almenningur</w>
            <w lemma="vera" type="sfg3en">er</w>
            <c type="pk">,</c>
            <w lemma="vera" type="sfg3en">er</w>
            <w lemma="að" type="cn">að</w>
            <w lemma="fá" type="sng">fá</w>
            <w lemma="kannski" type="aa">kannski</w>
            <w lemma="160" type="ta">160</w>
            <w lemma="króna" type="nvfo">krónur</w>
            <w lemma="fyrir" type="aa">fyrir</w>
            <c type="pk">,</c>
            <w lemma="fyrir" type="af">fyrir</w>
            <w lemma="evra" type="nveog">evruna</w>
            <w lemma="sinn" type="feveo">sína</w>
            <c type="pl">.</c>
          </s>
          <s n="2">
            <w lemma="þannig" type="aa">Þannig</w>
            <w lemma="að" type="c">að</w>
            <w lemma="þessi" type="fahen">þetta</w>
            <w lemma="vera" type="sfg3en">er</w>
            <w lemma="náttúrulega" type="aa">náttúrulega</w>
            <w lemma="líka" type="aa">líka</w>
            <w lemma="skekkja" type="nven">skekkja</w>
            <w lemma="í" type="af">í</w>
            <w lemma="þessi" type="faheþ">þessu</w>
            <w lemma="að" type="c">að</w>
            <c type="pk">,</c>
            <w lemma="að" type="c">að</w>
            <w lemma="einn" type="foken">einn</w>
            <w lemma="geta" type="svg3en">geti</w>
            <w lemma="koma" type="sþghen">komið</w>
            <w lemma="með" type="af">með</w>
            <w lemma="svona" type="lheoof">svona</w>
            <w lemma="afl" type="nheo">afl</w>
            <c type="pk">,</c>
            <w lemma="eða" type="c">eða</w>
            <w lemma="peningur" type="nkfo">peninga</w>
            <w lemma="að" type="aa">að</w>
            <w lemma="utan" type="aa">utan</w>
            <w lemma="á" type="aa">á</w>
            <w lemma="meðan" type="c">meðan</w>
            <w lemma="að" type="c">að</w>
            <w lemma="annar" type="fokfn">aðrir</w>
            <w lemma="þurfa" type="sfg3fn">þurfa</w>
            <w lemma="að" type="cn">að</w>
            <w lemma="vinna" type="sng">vinna</w>
            <w lemma="harður" type="lvfþsf">hörðum</w>
            <w lemma="hönd" type="nvfþ">höndum</w>
            <w lemma="hér" type="aa">hér</w>
            <w lemma="á" type="af">á</w>
            <w lemma="Ísland" type="nheþ-s">Íslandi</w>
            <w lemma="fyrir" type="af">fyrir</w>
            <w lemma="íslenskur" type="lveþvf">íslensku</w>
            <w lemma="króna" type="nveþg">krónunni</w>
            <w lemma="og" type="c">og</w>
            <c type="pk">,</c>
            <w lemma="og" type="c">og</w>
            <w lemma="kaupa" type="sng">kaupa</w>
            <w lemma="með" type="af">með</w>
            <w lemma="hún" type="fpveþ">henni</w>
            <c type="pl">.</c>
          </s>
        </p>
        <p n="6">
          <s n="1">
            <w lemma="félag" type="nheng">Félagið</w>
            <w lemma="senda" type="sfg3eþ">sendi</w>
            <w lemma="Steingrímur" type="nkeþ-s">Steingrími</w>
            <w lemma="J." type="ks">J.</w>
            <w lemma="Sigfússynir" type="nkeo-s">Sigfússyni</w>
            <c type="pk">,</c>
            <w lemma="atvinnuvegaráðherra" type="nkeo">atvinnuvegaráðherra</w>
            <c type="pk">,</c>
            <w lemma="bréf" type="nheo">bréf</w>
            <w lemma="í" type="af">í</w>
            <w lemma="nóvember" type="nkeþ">nóvember</w>
            <w lemma="þar" type="aa">þar</w>
            <w lemma="sem" type="c">sem</w>
            <w lemma="þessi" type="favfþ">þessum</w>
            <w lemma="áhyggja" type="nvfþ">áhyggjum</w>
            <w lemma="vera" type="sfg3eþ">var</w>
            <w lemma="lýsa" type="sþghen">lýst</w>
            <c type="pl">.</c>
          </s>
          <s n="2">
            <w lemma="svar" type="nhen">Svar</w>
            <w lemma="úr" type="af">úr</w>
            <w lemma="ráðuneyti" type="nheþg">ráðuneytinu</w>
            <w lemma="bera" type="sfm3eþ">barst</w>
            <w lemma="félag" type="nheþg">félaginu</w>
            <w lemma="þó" type="aa">þó</w>
            <w lemma="ekki" type="aa">ekki</w>
            <w lemma="snemma" type="aam">fyrr</w>
            <w lemma="en" type="c">en</w>
            <w lemma="í" type="af">í</w>
            <w lemma="morgunn" type="nkeo">morgun</w>
            <w lemma="en" type="c">en</w>
            <w lemma="þar" type="aa">þar</w>
            <w lemma="hafa" type="sfg3en">hefur</w>
            <w lemma="vera" type="sþghen">verið</w>
            <w lemma="ákveða" type="sþghen">ákveðið</w>
            <w lemma="að" type="cn">að</w>
            <w lemma="skoða" type="sng">skoða</w>
            <w lemma="mál" type="nheog">málið</w>
            <c type="pl">.</c>
          </s>
        </p>
        <p n="7">
          <s n="1">
            <w lemma="Ingibjörg" type="nven-s">Ingibjörg</w>
            <w lemma="Þórðardóttir" type="nven-s">Þórðardóttir</w>
            <c type="pa">:</c>
            <w lemma="það" type="fphen">Það</w>
            <w lemma="vera" type="sfg3en">er</w>
            <w lemma="spurning" type="nven">spurning</w>
            <w lemma="hvort" type="c">hvort</w>
            <w lemma="að" type="c">að</w>
            <w lemma="það" type="fphen">það</w>
            <w lemma="vera" type="svg3fn">séu</w>
            <w lemma="þá" type="aa">þá</w>
            <w lemma="einhver" type="fovfn">einhverjar</w>
            <w lemma="leikregla" type="nvfn">leikreglur</w>
            <w lemma="setja" type="sþgvfn">settar</w>
            <c type="pk">,</c>
            <w lemma="ég" type="fp1en">ég</w>
            <w lemma="meina" type="sfg1en">meina</w>
            <w lemma="að" type="c">að</w>
            <w lemma="hann" type="fpkfn">þeir</w>
            <w lemma="þá" type="aa">þá</w>
            <w lemma="grípa" type="svg3fn">grípi</w>
            <w lemma="til" type="af">til</w>
            <w lemma="einhver" type="fokfe">einhverra</w>
            <c type="pk">,</c>
            <w lemma="ég" type="fp1en">ég</w>
            <w lemma="vita" type="sfg1en">veit</w>
            <w lemma="það" type="fpheo">það</w>
            <w lemma="ekki" type="aa">ekki</w>
            <c type="pl">.</c>
          </s>
          <s n="2">
            <w lemma="að" type="c">Að</w>
            <w lemma="það" type="fphen">það</w>
            <w lemma="vera" type="svg3en">sé</w>
            <w lemma="þá" type="aa">þá</w>
            <w lemma="skoða" type="sþghen">skoðað</w>
            <w lemma="hver" type="fskfn">hverjir</w>
            <w lemma="vera" type="sfg3fn">eru</w>
            <w lemma="að" type="cn">að</w>
            <w lemma="taka" type="sng">taka</w>
            <w lemma="þáttur" type="nkeo">þátt</w>
            <w lemma="í" type="af">í</w>
            <w lemma="þessi" type="fahfþ">þessum</w>
            <w lemma="útboð" type="nhfþ">útboðum</w>
            <c type="pl">.</c>
          </s>
          <s n="3">
            <w lemma="vera" type="sfg3fn">Eru</w>
            <w lemma="þessi" type="fahen">þetta</w>
            <w lemma="sami" type="fbkfn">sömu</w>
            <w lemma="aðili" type="nkfng">aðilarnir</w>
            <c type="pk">,</c>
            <w lemma="vera" type="sfg3fn">eru</w>
            <w lemma="hann" type="fpkfn">þeir</w>
            <w lemma="að" type="cn">að</w>
            <w lemma="flytja" type="sng">flytja</w>
            <w lemma="inn" type="aa">inn</w>
            <w lemma="milljarður" type="nkfo">milljarða</w>
            <w lemma="til" type="aa">til</w>
            <c type="pk">,</c>
            <w lemma="til" type="af">til</w>
            <w lemma="fjárfesting" type="nvfe">fjárfestinga</w>
            <w lemma="eða" type="c">eða</w>
            <c type="pl">?</c>
          </s>
          <s n="4">
            <w lemma="hann" type="fpkfn">Þeir</w>
            <w lemma="verða" type="sfg3fn">verða</w>
            <w lemma="allavega" type="aa">allavega</w>
            <w lemma="að" type="cn">að</w>
            <w lemma="skoða" type="sng">skoða</w>
            <w lemma="þessi" type="faheo">þetta</w>
            <w lemma="og" type="c">og</w>
            <w lemma="vita" type="sng">vita</w>
            <w lemma="af" type="af">af</w>
            <w lemma="þessi" type="faheþ">þessu</w>
            <c type="pl">.</c>
          </s>
          <s n="5">
            <w lemma="hann" type="fpkfn">Þeir</w>
            <w lemma="geta" type="sfg3fn">geta</w>
            <w lemma="þá" type="aa">þá</w>
            <w lemma="ekki" type="aa">ekki</w>
            <w lemma="segja" type="sþghen">sagt</w>
            <w lemma="eftir" type="aa">eftir</w>
            <w lemma="á" type="af">á</w>
            <w lemma="að" type="c">að</w>
            <w lemma="hann" type="fpkfþ">þeim</w>
            <w lemma="hafa" type="svg3fn">hafi</w>
            <w lemma="ekki" type="aa">ekki</w>
            <w lemma="vera" type="sþghen">verið</w>
            <w lemma="kunnugur" type="lhensf">kunnugt</w>
            <w lemma="um" type="af">um</w>
            <w lemma="þessi" type="faheo">þetta</w>
            <c type="pl">.</c>
          </s>
        </p>
        <p n="8">
          <s n="1">
            <w lemma="segja" type="sfg3en">Segir</w>
            <w lemma="Ingibjörg" type="nven-s">Ingibjörg</w>
            <w lemma="Þórðardóttir" type="nven-s">Þórðardóttir</w>
            <c type="pl">.</c>
          </s>
        </p>
      </div1>
    </body>
  </text>
</TEI>
