<?xml version="1.0" encoding="utf-8"?>
<TEI xmlns="http://www.tei-c.org/ns/1.0">
  <teiHeader>
    <fileDesc>
      <titleStmt>
        <title>
          <title type="main">CAOZ framleiðir þætti um Elías</title>
        </title>
        <respStmt>
          <resp xml:lang="is">Söfnun og úrvinnsla texta</resp>
          <resp xml:lang="en">Collection and processing of text</resp>
          <name xml:lang="is">Stofnun Árna Magnússonar í íslenskum fræðum</name>
          <name xml:lang="en">The Arni Magnusson Institute for Icelandic Studies</name>
        </respStmt>
      </titleStmt>
      <editionStmt>
        <p xml:lang="is">Íslensk risamálheild (2019)</p>
        <p xml:lang="en">Tagged Icelandic Gigaword Corpus (2019)</p>
      </editionStmt>
      <publicationStmt>
        <distributor xml:lang="is">Stofnun Árna Magnússonar í íslenskum fræðum</distributor>
        <distributor xml:lang="en">The Arni Magnusson Institute for Icelandic Studies</distributor>
        <address>
          <addrLine xml:lang="is">Árnagarður við Suðurgötu, 107 Reykjavík, Íslandi</addrLine>
          <addrLine xml:lang="en">Árnagarður Suðurgata, 107 Reykjavik, Iceland</addrLine>
          <addrLine>
            <email>arnastofnun@arnastofnun.is</email>
          </addrLine>
        </address>
        <idno type="risam">G-25-2503792</idno>
        <availability>
          <p xml:lang="is">Þessi texti er til notkunar í málrannsóknum og máltækniverkefnum um allan heim með sérstöku leyfi, sjá rmh2Hdr.xml</p>
          <p xml:lang="en">This text is available for use in language research and language technology projects world wide with a special license, see rmh2Hdr.xml</p>
        </availability>
        <date>2020-05-26</date>
      </publicationStmt>
      <sourceDesc>
        <biblStruct>
          <analytic>
            <title>
              <title type="main">CAOZ framleiðir þætti um Elías</title>
            </title>
            <date when="2013-03-19T12:00:00">19.03 2013 kl. 12:00:00</date>
          </analytic>
          <monogr>
            <title>Bylgjan</title>
            <imprint>
              <publisher>365 miðlar hf.</publisher>
              <pubPlace>Reykjavík</pubPlace>
            </imprint>
          </monogr>
        </biblStruct>
      </sourceDesc>
    </fileDesc>
    <encodingDesc>
      <projectDesc>
        <p xml:lang="is">Sjá lýsingu á verkefninu í rmh2Hdr.xml.</p>
        <p xml:lang="en">See description of project in rmh2Hdr.xml.</p>
      </projectDesc>
      <tagsDecl>
        <namespace name="http://www.tei-c.org/ns/1.0">
          <tagUsage gi="text" occurs="1"/>
          <tagUsage gi="body" occurs="1"/>
          <tagUsage gi="div1" occurs="1"/>
          <tagUsage gi="p" occurs="5"/>
          <tagUsage gi="s" occurs="11"/>
          <tagUsage gi="w" occurs="238"/>
          <tagUsage gi="c" occurs="23"/>
        </namespace>
      </tagsDecl>
    </encodingDesc>
    <profileDesc>
     <textClass>
      <keywords scheme="#RMH">
       <list>
        <item>Frétt – almennt</item>
       </list>
      </keywords>
     </textClass>
    </profileDesc>
  </teiHeader>
  <text>
    <body>
      <div1>
        <p n="1">
          <s n="1">
            <w lemma="íslenskur" type="lhenvf">Íslenska</w>
            <w lemma="framleiðslufyrirtæki" type="nheng">framleiðslufyrirtækið</w>
            <w lemma="CAOZ" type="n----s">CAOZ</w>
            <w lemma="hafa" type="sfg3en">hefur</w>
            <w lemma="gera" type="sþghen">gert</w>
            <w lemma="samningur" type="nkeo">samning</w>
            <w lemma="við" type="af">við</w>
            <w lemma="norskur" type="lheovf">norska</w>
            <w lemma="fyrirtæki" type="nheog">fyrirtækið</w>
            <w lemma="Animando" type="n----s">Animando</w>
            <w lemma="um" type="af">um</w>
            <w lemma="framleiðsla" type="nveo">framleiðslu</w>
            <w lemma="á" type="af">á</w>
            <w lemma="52" type="ta">52</w>
            <w lemma="teiknimyndaþátt" type="nvfþ">teiknimyndaþáttum</w>
            <w lemma="um" type="af">um</w>
            <w lemma="björgunarbátur" type="nkeog">björgunarbátinn</w>
            <w lemma="Elías" type="nkeo-s">Elías</w>
            <c type="pl">.</c>
          </s>
          <s n="2">
            <w lemma="um" type="aa">Um</w>
            <w lemma="30" type="ta">30</w>
            <w lemma="starf" type="nhfn">störf</w>
            <w lemma="verða" type="sfg3fn">verða</w>
            <w lemma="til" type="aa">til</w>
            <w lemma="á" type="aa">á</w>
            <w lemma="meðan" type="c">meðan</w>
            <w lemma="á" type="af">á</w>
            <w lemma="framleiðsla" type="nveþg">framleiðslunni</w>
            <w lemma="standa" type="sfg3en">stendur</w>
            <c type="pl">.</c>
          </s>
        </p>
        <p n="2">
          <s n="1">
            <w lemma="björgunarbátur" type="nkeng">Björgunarbáturinn</w>
            <w lemma="Elías" type="nken-s">Elías</w>
            <w lemma="vera" type="sfg3en">er</w>
            <w lemma="íslenskur" type="lhfþsf">íslenskum</w>
            <w lemma="barn" type="nhfþ">börnum</w>
            <w lemma="að" type="af">að</w>
            <w lemma="góður" type="lheþsf">góðu</w>
            <w lemma="kunnur" type="lkensf">kunnur</w>
            <c type="pk">,</c>
            <w lemma="Ísland" type="nhen-s">Ísland</w>
            <w lemma="vera" type="sfg3en">er</w>
            <w lemma="þó" type="aa">þó</w>
            <w lemma="aðeins" type="aa">aðeins</w>
            <w lemma="einn" type="tfhen">eitt</w>
            <w lemma="af" type="af">af</w>
            <w lemma="yfir" type="aa">yfir</w>
            <w lemma="hundrað" type="tfhfþ">hundrað</w>
            <w lemma="land" type="nhfþ">löndum</w>
            <w lemma="þar" type="aa">þar</w>
            <w lemma="sem" type="c">sem</w>
            <w lemma="þáttur" type="nkfng">þættirnir</w>
            <w lemma="vera" type="sfg3fn">eru</w>
            <w lemma="sýna" type="sþgkfn">sýndir</w>
            <c type="pl">.</c>
          </s>
          <s n="2">
            <w lemma="Arnar" type="nken-s">Arnar</w>
            <w lemma="Gunnarsson" type="nken-s">Gunnarsson</w>
            <c type="pk">,</c>
            <w lemma="tæknilegur" type="lkensf">tæknilegur</w>
            <w lemma="framkvæmdastjóri" type="nken">framkvæmdastjóri</w>
            <w lemma="CAOZ" type="n----s">CAOZ</w>
            <c type="pk">,</c>
            <w lemma="hlakka" type="sfg3en">hlakkar</w>
            <w lemma="til" type="af">til</w>
            <w lemma="að" type="cn">að</w>
            <w lemma="taka" type="snm">takast</w>
            <w lemma="á" type="aa">á</w>
            <w lemma="við" type="af">við</w>
            <w lemma="þessi" type="faheo">þetta</w>
            <w lemma="nýr" type="lheovf">nýja</w>
            <w lemma="verkefni" type="nheo">verkefni</w>
            <c type="pl">.</c>
          </s>
        </p>
        <p n="3">
          <s n="1">
            <w lemma="Arnar" type="nken-s">Arnar</w>
            <w lemma="Gunnarsson" type="nken-s">Gunnarsson</w>
            <c type="pk">,</c>
            <w lemma="tæknilegur" type="lkensf">tæknilegur</w>
            <w lemma="framkvæmdastjóri" type="nken">framkvæmdastjóri</w>
            <w lemma="CAOZ" type="n----s">CAOZ</w>
            <c type="pa">:</c>
            <w lemma="nú" type="aa">Nú</w>
            <w lemma="eiga" type="sfg3en">á</w>
            <w lemma="að" type="c">að</w>
            <w lemma="með" type="af">með</w>
            <w lemma="nýr" type="lkeþsf">nýjum</w>
            <w lemma="samningur" type="nkeþ">samningi</w>
            <c type="pk">,</c>
            <w lemma="dreifingasamningur" type="nkeþ">dreifingasamningi</w>
            <w lemma="við" type="af">við</w>
            <w lemma="Jim" type="n----s">Jim</w>
            <w lemma="Henson" type="n----s">Henson</w>
            <c type="pk">,</c>
            <w lemma="þá" type="aa">þá</w>
            <w lemma="eiga" type="sfg3en">á</w>
            <w lemma="að" type="cn">að</w>
            <w lemma="gera" type="sng">gera</w>
            <w lemma="þessi" type="faheo">þetta</w>
            <w lemma="að" type="af">að</w>
            <w lemma="munur" type="nkeþ">mun</w>
            <w lemma="alþjóðlegur" type="lveþsf">alþjóðlegri</w>
            <w lemma="vara" type="nveþ">vöru</w>
            <w lemma="og" type="c">og</w>
            <w lemma="dreifa" type="sng">dreifa</w>
            <w lemma="hún" type="fpveþ">henni</w>
            <w lemma="munur" type="nkeþ">mun</w>
            <w lemma="víða" type="aam">víðar</w>
            <w lemma="og" type="c">og</w>
            <w lemma="ég" type="fp1fn">við</w>
            <w lemma="munu" type="sfg1fn">munum</w>
            <w lemma="taka" type="sng">taka</w>
            <w lemma="þáttur" type="nkeo">þátt</w>
            <w lemma="í" type="af">í</w>
            <w lemma="það" type="fpheþ">því</w>
            <w lemma="að" type="cn">að</w>
            <w lemma="sjá" type="sng">sjá</w>
            <w lemma="um" type="af">um</w>
            <w lemma="það" type="fpheo">það</w>
            <w lemma="að" type="cn">að</w>
            <w lemma="endurhanna" type="sng">endurhanna</w>
            <w lemma="allur" type="foheo">allt</w>
            <w lemma="útlit" type="nheo">útlit</w>
            <w lemma="á" type="af">á</w>
            <w lemma="þáttur" type="nkfþg">þáttunum</w>
            <w lemma="og" type="c">og</w>
            <w lemma="sjá" type="sng">sjá</w>
            <w lemma="svo" type="aa">svo</w>
            <w lemma="um" type="af">um</w>
            <w lemma="framleiðsla" type="nveo">framleiðslu</w>
            <w lemma="á" type="af">á</w>
            <w lemma="hann" type="fpkfþ">þeim</w>
            <c type="pl">.</c>
          </s>
        </p>
        <p n="4">
          <s n="1">
            <w lemma="framleiðsla" type="nven">Framleiðsla</w>
            <w lemma="CAOZ" type="n----s">CAOZ</w>
            <w lemma="á" type="af">á</w>
            <w lemma="þáttur" type="nkfþg">þáttunum</w>
            <w lemma="fara" type="sfg3en">fer</w>
            <w lemma="alfarið" type="aa">alfarið</w>
            <w lemma="fram" type="aa">fram</w>
            <w lemma="á" type="af">á</w>
            <w lemma="Ísland" type="nheþ-s">Íslandi</w>
            <w lemma="og" type="c">og</w>
            <w lemma="vera" type="sfg3en">er</w>
            <w lemma="áætlaður" type="lhensf">áætlað</w>
            <w lemma="að" type="c">að</w>
            <w lemma="hún" type="fpven">hún</w>
            <w lemma="taka" type="svg3en">taki</w>
            <w lemma="um" type="aa">um</w>
            <w lemma="20" type="ta">20</w>
            <w lemma="mánuður" type="nkfo">mánuði</w>
            <c type="pl">.</c>
          </s>
          <s n="2">
            <w lemma="á" type="af">Á</w>
            <w lemma="sá" type="faheþ">því</w>
            <w lemma="tímabil" type="nheþ">tímabili</w>
            <w lemma="þurfa" type="sfg3en">þarf</w>
            <w lemma="fyrirtæki" type="nheng">fyrirtækið</w>
            <w lemma="að" type="cn">að</w>
            <w lemma="bæta" type="sng">bæta</w>
            <w lemma="við" type="af">við</w>
            <w lemma="sig" type="fpheo">sig</w>
            <w lemma="30" type="ta">30</w>
            <w lemma="starfsmaður" type="nkfþ">starfsmönnum</w>
            <c type="pl">.</c>
          </s>
          <s n="3">
            <w lemma="samningur" type="nkeng">Samningurinn</w>
            <w lemma="hafa" type="sfg3en">hefur</w>
            <w lemma="því" type="aa">því</w>
            <w lemma="gríðarlegur" type="lveosf">gríðarlega</w>
            <w lemma="þýðing" type="nveo">þýðingu</w>
            <w lemma="fyrir" type="af">fyrir</w>
            <w lemma="fyrirtæki" type="nheog">fyrirtækið</w>
            <c type="pl">.</c>
          </s>
          <s n="4">
            <w lemma="til" type="af">Til</w>
            <w lemma="mark" type="nhee">marks</w>
            <w lemma="um" type="af">um</w>
            <w lemma="vinsæld" type="nvfo">vinsældir</w>
            <w lemma="Elías" type="nkee-s">Elíasar</w>
            <w lemma="í" type="af">í</w>
            <w lemma="heimaland" type="nheog">heimalandið</w>
            <w lemma="Noregur" type="nkeþ-s">Noregi</w>
            <w lemma="nota" type="sfg3en">notar</w>
            <w lemma="norskur" type="lvenvf">norska</w>
            <w lemma="strandgæsla" type="nveng">strandgæslan</w>
            <w lemma="hann" type="fpkeo">hann</w>
            <w lemma="sem" type="c">sem</w>
            <w lemma="lukkutröll" type="nheo">lukkutröll</w>
            <c type="pl">.</c>
          </s>
        </p>
        <p n="5">
          <s n="1">
            <w lemma="Arnar" type="nken-s">Arnar</w>
            <w lemma="Gunnarsson" type="nken-s">Gunnarsson</w>
            <c type="pa">:</c>
            <w lemma="það" type="fphen">Það</w>
            <w lemma="koma" type="sfg3eþ">kom</w>
            <w lemma="ég" type="fp1eþ">mér</w>
            <w lemma="í" type="af">í</w>
            <w lemma="raun" type="nveþ">raun</w>
            <w lemma="og" type="c">og</w>
            <w lemma="vera" type="nveþ">veru</w>
            <w lemma="pínulítið" type="aa">pínulítið</w>
            <w lemma="á" type="af">á</w>
            <w lemma="óvar" type="lheosf">óvart</w>
            <c type="pk">,</c>
            <w lemma="þessi" type="fahen">þetta</w>
            <w lemma="vera" type="sfg3en">er</w>
            <w lemma="raunar" type="aa">raunar</w>
            <w lemma="svona" type="aa">svona</w>
            <w lemma="halda" type="sfg1en">held</w>
            <w lemma="ég" type="fp1en">ég</w>
            <w lemma="svolítið" type="aa">svolítið</w>
            <w lemma="eins" type="aa">eins</w>
            <w lemma="og" type="c">og</w>
            <w lemma="Latibær" type="nken-s">Latibær</w>
            <w lemma="Norðmaður" type="nkfe-s">Norðmanna</w>
            <c type="pk">,</c>
            <w lemma="gífurlega" type="aa">gífurlega</w>
            <w lemma="vinsæll" type="lhensf">vinsælt</w>
            <w lemma="og" type="c">og</w>
            <w lemma="svolítið" type="aa">svolítið</w>
            <w lemma="heilagur" type="lhensf">heilagt</w>
            <w lemma="fyrir" type="af">fyrir</w>
            <w lemma="hann" type="fpkfo">þá</w>
            <c type="pl">.</c>
          </s>
          <s n="2">
            <w lemma="það" type="fphen">Það</w>
            <w lemma="hafa" type="sfg3en">hefur</w>
            <w lemma="líka" type="aa">líka</w>
            <c type="pk">,</c>
            <w lemma="fyrir" type="af">fyrir</w>
            <w lemma="utan" type="aa">utan</w>
            <w lemma="þessi" type="fakfo">þessa</w>
            <w lemma="þáttur" type="nkfo">þætti</w>
            <w lemma="sem" type="ct">sem</w>
            <w lemma="hafa" type="sfg3fn">hafa</w>
            <w lemma="vera" type="sþghen">verið</w>
            <w lemma="gera" type="sþgkfn">gerðir</w>
            <w lemma="þá" type="aa">þá</w>
            <w lemma="hafa" type="sng">hafa</w>
            <w lemma="vera" type="sþghen">verið</w>
            <w lemma="gera" type="sþgvfn">gerðar</w>
            <w lemma="tveir" type="tfvfn">tvær</w>
            <w lemma="bíómynd" type="nvfn">bíómyndir</w>
            <w lemma="líka" type="aa">líka</w>
            <w lemma="sem" type="ct">sem</w>
            <w lemma="hafa" type="sfg3fn">hafa</w>
            <w lemma="vera" type="sþghen">verið</w>
            <w lemma="sýna" type="sþgvfn">sýndar</w>
            <w lemma="úti" type="aa">úti</w>
            <w lemma="í" type="af">í</w>
            <w lemma="Noregur" type="nkeþ-s">Noregi</w>
            <w lemma="og" type="c">og</w>
            <w lemma="allur" type="fohen">allt</w>
            <w lemma="hafa" type="sfg3en">hefur</w>
            <w lemma="þessi" type="fahen">þetta</w>
            <w lemma="ganga" type="sþghen">gengið</w>
            <w lemma="rosalega" type="aa">rosalega</w>
            <w lemma="vel" type="aa">vel</w>
            <c type="pk">,</c>
            <w lemma="þessi" type="fahen">þetta</w>
            <w lemma="vera" type="sfg3en">er</w>
            <w lemma="einhver" type="fohen">eitthvað</w>
            <w lemma="sem" type="ct">sem</w>
            <w lemma="vera" type="sfg3en">er</w>
            <w lemma="búinn" type="lhensf">búið</w>
            <w lemma="að" type="cn">að</w>
            <w lemma="sanna" type="sng">sanna</w>
            <w lemma="sig" type="fpheo">sig</w>
            <c type="pl">.</c>
          </s>
        </p>
      </div1>
    </body>
  </text>
</TEI>
