<?xml version="1.0" encoding="utf-8"?>
<TEI xmlns="http://www.tei-c.org/ns/1.0">
  <teiHeader>
    <fileDesc>
      <titleStmt>
        <title>
          <title type="main">Náttúrupassar</title>
        </title>
        <respStmt>
          <resp xml:lang="is">Söfnun og úrvinnsla texta</resp>
          <resp xml:lang="en">Collection and processing of text</resp>
          <name xml:lang="is">Stofnun Árna Magnússonar í íslenskum fræðum</name>
          <name xml:lang="en">The Arni Magnusson Institute for Icelandic Studies</name>
        </respStmt>
      </titleStmt>
      <editionStmt>
        <p xml:lang="is">Íslensk risamálheild (2019)</p>
        <p xml:lang="en">Tagged Icelandic Gigaword Corpus (2019)</p>
      </editionStmt>
      <publicationStmt>
        <distributor xml:lang="is">Stofnun Árna Magnússonar í íslenskum fræðum</distributor>
        <distributor xml:lang="en">The Arni Magnusson Institute for Icelandic Studies</distributor>
        <address>
          <addrLine xml:lang="is">Árnagarður við Suðurgötu, 107 Reykjavík, Íslandi</addrLine>
          <addrLine xml:lang="en">Árnagarður Suðurgata, 107 Reykjavik, Iceland</addrLine>
          <addrLine>
            <email>arnastofnun@arnastofnun.is</email>
          </addrLine>
        </address>
        <idno type="risam">G-25-2540794</idno>
        <availability>
          <p xml:lang="is">Þessi texti er til notkunar í málrannsóknum og máltækniverkefnum um allan heim með sérstöku leyfi, sjá rmh2Hdr.xml</p>
          <p xml:lang="en">This text is available for use in language research and language technology projects world wide with a special license, see rmh2Hdr.xml</p>
        </availability>
        <date>2020-05-26</date>
      </publicationStmt>
      <sourceDesc>
        <biblStruct>
          <analytic>
            <title>
              <title type="main">Náttúrupassar</title>
            </title>
            <date when="2013-03-20T12:00:00">20.03 2013 kl. 12:00:00</date>
          </analytic>
          <monogr>
            <title>Bylgjan</title>
            <imprint>
              <publisher>365 miðlar hf.</publisher>
              <pubPlace>Reykjavík</pubPlace>
            </imprint>
          </monogr>
        </biblStruct>
      </sourceDesc>
    </fileDesc>
    <encodingDesc>
      <projectDesc>
        <p xml:lang="is">Sjá lýsingu á verkefninu í rmh2Hdr.xml.</p>
        <p xml:lang="en">See description of project in rmh2Hdr.xml.</p>
      </projectDesc>
      <tagsDecl>
        <namespace name="http://www.tei-c.org/ns/1.0">
          <tagUsage gi="text" occurs="1"/>
          <tagUsage gi="body" occurs="1"/>
          <tagUsage gi="div1" occurs="1"/>
          <tagUsage gi="p" occurs="7"/>
          <tagUsage gi="s" occurs="18"/>
          <tagUsage gi="w" occurs="357"/>
          <tagUsage gi="c" occurs="33"/>
        </namespace>
      </tagsDecl>
    </encodingDesc>
    <profileDesc>
     <textClass>
      <keywords scheme="#RMH">
       <list>
        <item>Frétt – almennt</item>
       </list>
      </keywords>
     </textClass>
    </profileDesc>
  </teiHeader>
  <text>
    <body>
      <div1>
        <p n="1">
          <s n="1">
            <w lemma="náttúrupassi" type="nkfn">Náttúrupassar</w>
            <w lemma="vera" type="sfg3en">er</w>
            <w lemma="það" type="fphen">það</w>
            <w lemma="sem" type="ct">sem</w>
            <w lemma="koma" type="sng">koma</w>
            <w lemma="skulu" type="sfg3en">skal</w>
            <w lemma="í" type="af">í</w>
            <w lemma="íslenskur" type="lveþsf">íslenskri</w>
            <w lemma="ferðaþjónusta" type="nveþ">ferðaþjónustu</w>
            <c type="pk">,</c>
            <w lemma="segja" type="sfg3en">segir</w>
            <w lemma="Kjartan" type="nken-s">Kjartan</w>
            <w lemma="Ragnarsson" type="nken-s">Ragnarsson</w>
            <w lemma="hjá" type="af">hjá</w>
            <w lemma="Landnámssetur" type="nheþgs">Landnámssetrinu</w>
            <w lemma="í" type="af">í</w>
            <w lemma="Borgarnes" type="nheþ-s">Borgarnesi</w>
            <c type="pl">.</c>
          </s>
          <s n="2">
            <w lemma="hann" type="fpken">Hann</w>
            <w lemma="sjá" type="sfg3en">sér</w>
            <w lemma="fyrir" type="af">fyrir</w>
            <w lemma="sig" type="fpkeþ">sér</w>
            <w lemma="að" type="c">að</w>
            <w lemma="hver" type="foken">hver</w>
            <w lemma="erlendur" type="lkensf">erlendur</w>
            <w lemma="ferðamaður" type="nken">ferðamaður</w>
            <w lemma="greiða" type="svg3en">greiði</w>
            <w lemma="5" type="to">5</w>
            <w lemma="þúsund" type="tfvfo">þúsund</w>
            <w lemma="króna" type="nvfo">krónur</w>
            <w lemma="fyrir" type="af">fyrir</w>
            <w lemma="passi" type="nkeog">passann</w>
            <w lemma="sem" type="ct">sem</w>
            <w lemma="skila" type="svg3en">skili</w>
            <w lemma="hann" type="fpkfo">þá</w>
            <w lemma="tveir" type="tfkfþ">tveimur</w>
            <w lemma="og" type="c">og</w>
            <w lemma="hálfur" type="lkeþsf">hálfum</w>
            <w lemma="milljarður" type="nkeþ">milljarði</w>
            <w lemma="króna" type="nvfe">króna</w>
            <w lemma="til" type="af">til</w>
            <w lemma="uppbygging" type="nvee">uppbyggingar</w>
            <w lemma="ferðamannastaður" type="nkfe">ferðamannastaða</w>
            <c type="pl">.</c>
          </s>
          <s n="3">
            <w lemma="Íslendingur" type="nkfn-s">Íslendingar</w>
            <w lemma="eiga" type="svg3fn">eigi</w>
            <w lemma="hinn" type="fakee">hins</w>
            <w lemma="vegur" type="nkee">vegar</w>
            <w lemma="ekki" type="aa">ekki</w>
            <w lemma="að" type="cn">að</w>
            <w lemma="þurfa" type="sng">þurfa</w>
            <w lemma="að" type="cn">að</w>
            <w lemma="borga" type="sng">borga</w>
            <w lemma="fyrir" type="af">fyrir</w>
            <w lemma="að" type="cn">að</w>
            <w lemma="skoða" type="sng">skoða</w>
            <w lemma="íslenskur" type="lvfosf">íslenskar</w>
            <w lemma="náttúruperla" type="nvfo">náttúruperlur</w>
            <c type="pl">.</c>
          </s>
        </p>
        <p n="2">
          <s n="1">
            <w lemma="Markaðsstofa" type="nven-s">Markaðsstofa</w>
            <w lemma="Suðurland" type="nhee-s">Suðurlands</w>
            <w lemma="standa" type="sfg3eþ">stóð</w>
            <w lemma="fyrir" type="af">fyrir</w>
            <w lemma="málstofa" type="nveo">málstofu</w>
            <w lemma="á" type="af">á</w>
            <w lemma="Hvolsvöllur" type="nkeþ-s">Hvolsvelli</w>
            <w lemma="í" type="aa">í</w>
            <w lemma="gær" type="aa">gær</w>
            <w lemma="þar" type="aa">þar</w>
            <w lemma="sem" type="c">sem</w>
            <w lemma="fjalla" type="sþghen">fjallað</w>
            <w lemma="vera" type="sfg3eþ">var</w>
            <w lemma="um" type="af">um</w>
            <w lemma="gjaldtaka" type="nveo">gjaldtöku</w>
            <w lemma="á" type="af">á</w>
            <w lemma="ferðamannastaður" type="nkfþ">ferðamannastöðum</w>
            <w lemma="á" type="af">á</w>
            <w lemma="Ísland" type="nheþ-s">Íslandi</w>
            <c type="pl">.</c>
          </s>
          <s n="2">
            <w lemma="Kjartan" type="nken-s">Kjartan</w>
            <w lemma="Ragnarsson" type="nken-s">Ragnarsson</w>
            <c type="pk">,</c>
            <w lemma="hjá" type="af">hjá</w>
            <w lemma="Landnámssetur" type="nheþgs">Landnámssetrinu</w>
            <w lemma="í" type="af">í</w>
            <w lemma="Borgarnes" type="nheþ-s">Borgarnesi</w>
            <w lemma="vera" type="sfg3eþ">var</w>
            <w lemma="einn" type="tfken">einn</w>
            <w lemma="frummælandi" type="nkfe">frummælenda</w>
            <c type="pl">.</c>
          </s>
          <s n="3">
            <w lemma="hann" type="fpken">Hann</w>
            <w lemma="vilja" type="sfg3en">vill</w>
            <w lemma="að" type="c">að</w>
            <w lemma="allur" type="fokfn">allir</w>
            <w lemma="erlendur" type="lkfnsf">erlendir</w>
            <w lemma="ferðamaður" type="nkfn">ferðamenn</w>
            <w lemma="sem" type="ct">sem</w>
            <w lemma="koma" type="svg3fn">komi</w>
            <w lemma="til" type="af">til</w>
            <w lemma="land" type="nheeg">landsins</w>
            <w lemma="kaupa" type="svg3en">kaupi</w>
            <w lemma="náttúrupassi" type="nkeo">náttúrupassa</w>
            <w lemma="sem" type="ct">sem</w>
            <w lemma="gefa" type="svg3fn">gefi</w>
            <w lemma="hann" type="fpkfþ">þeim</w>
            <w lemma="þá" type="aa">þá</w>
            <w lemma="grænn" type="lheosf">grænt</w>
            <w lemma="ljós" type="nheo">ljós</w>
            <w lemma="til" type="af">til</w>
            <w lemma="að" type="cn">að</w>
            <w lemma="skoða" type="sng">skoða</w>
            <w lemma="allur" type="fovfo">allar</w>
            <w lemma="heldri" type="lvfove">helstu</w>
            <w lemma="náttúruperla" type="nvfo">náttúruperlur</w>
            <w lemma="land" type="nheeg">landsins</w>
            <c type="pl">.</c>
          </s>
        </p>
        <p n="3">
          <s n="1">
            <w lemma="Kjartan" type="nken-s">Kjartan</w>
            <w lemma="Ragnarsson" type="nken-s">Ragnarsson</w>
            <c type="pk">,</c>
            <w lemma="Landnámssetur" type="nheþgs">Landnámssetrinu</w>
            <w lemma="í" type="af">í</w>
            <w lemma="Borgarnes" type="nheþ-s">Borgarnesi</w>
            <c type="pa">:</c>
            <w lemma="ég" type="fp1en">Ég</w>
            <w lemma="vilja" type="sfg1en">vil</w>
            <w lemma="að" type="aa">að</w>
            <w lemma="hafa" type="sfg1fn">höfum</w>
            <w lemma="fyrir" type="af">fyrir</w>
            <w lemma="hver" type="fokeo">hvern</w>
            <w lemma="einasti" type="lkeovf">einasta</w>
            <w lemma="ferðamaður" type="nkeo">ferðamann</w>
            <w lemma="sem" type="ct">sem</w>
            <w lemma="koma" type="sfg3en">kemur</w>
            <w lemma="inn" type="aa">inn</w>
            <w lemma="í" type="af">í</w>
            <w lemma="land" type="nheog">landið</w>
            <w lemma="skyldur" type="lheosf">skylt</w>
            <w lemma="að" type="cn">að</w>
            <w lemma="kaupa" type="sng">kaupa</w>
            <w lemma="sig" type="fpkeþ">sér</w>
            <w lemma="náttúrupassi" type="nkeo">náttúrupassa</w>
            <w lemma="sem" type="ct">sem</w>
            <w lemma="kosta" type="sfg3en">kostar</w>
            <w lemma="svo" type="aa">svo</w>
            <w lemma="sem" type="aa">sem</w>
            <w lemma="eins" type="aa">eins</w>
            <w lemma="og" type="c">og</w>
            <w lemma="5" type="to">5</w>
            <w lemma="þúsund" type="tfvfo">þúsund</w>
            <w lemma="króna" type="nvfo">krónur</w>
            <w lemma="sem" type="ct">sem</w>
            <w lemma="vera" type="sfg3en">er</w>
            <w lemma="bara" type="aa">bara</w>
            <w lemma="eins" type="aa">eins</w>
            <w lemma="og" type="c">og</w>
            <w lemma="tvisvar" type="aa">tvisvar</w>
            <w lemma="í" type="af">í</w>
            <w lemma="bíó" type="nheþ">bíó</w>
            <w lemma="og" type="c">og</w>
            <w lemma="ef" type="c">ef</w>
            <w lemma="að" type="c">að</w>
            <w lemma="það" type="fphen">það</w>
            <w lemma="verða" type="svg3en">verði</w>
            <w lemma="gera" type="sþghen">gert</w>
            <w lemma="hann" type="fpkfo">þá</w>
            <w lemma="vera" type="sfg3en">er</w>
            <w lemma="til" type="aa">til</w>
            <w lemma="tveir" type="tfkfn">tveir</w>
            <w lemma="og" type="c">og</w>
            <w lemma="hálfur" type="lkensf">hálfur</w>
            <w lemma="milljarður" type="nken">milljarður</w>
            <w lemma="til" type="af">til</w>
            <w lemma="það" type="fphee">þess</w>
            <w lemma="að" type="cn">að</w>
            <w lemma="sinna" type="sng">sinna</w>
            <w lemma="sá" type="faheþ">því</w>
            <w lemma="sem" type="ct">sem</w>
            <w lemma="þurfa" type="sfg3en">þarf</w>
            <w lemma="að" type="cn">að</w>
            <w lemma="sinna" type="sng">sinna</w>
            <w lemma="í" type="af">í</w>
            <w lemma="ferðaþjónusta" type="nveþ">ferðaþjónustu</w>
            <c type="pl">.</c>
          </s>
          <s n="2">
            <w lemma="og" type="c">Og</w>
            <w lemma="ég" type="fp1en">ég</w>
            <w lemma="vilja" type="sfg1en">vil</w>
            <w lemma="að" type="c">að</w>
            <w lemma="Íslendingur" type="nkfn-s">Íslendingar</w>
            <w lemma="líta" type="svg3fn">líti</w>
            <w lemma="svo" type="aa">svo</w>
            <w lemma="á" type="aa">á</w>
            <w lemma="að" type="c">að</w>
            <w lemma="hann" type="fpkfn">þeir</w>
            <w lemma="hafa" type="svg3fn">hafi</w>
            <w lemma="þegar" type="aa">þegar</w>
            <w lemma="greiða" type="sþghen">greitt</w>
            <w lemma="þessi" type="faheo">þetta</w>
            <w lemma="í" type="af">í</w>
            <w lemma="opinber" type="lhfþsf">opinberum</w>
            <w lemma="gjald" type="nhfþ">gjöldum</w>
            <w lemma="þannig" type="aa">þannig</w>
            <w lemma="að" type="c">að</w>
            <w lemma="hann" type="fpkfn">þeir</w>
            <c type="pk">,</c>
            <w lemma="hann" type="fpkfe">þeirra</w>
            <w lemma="persónuskilríki" type="nhfn">persónuskilríki</w>
            <c type="pk">,</c>
            <w lemma="eh" type="aa">eh</w>
            <w lemma="hérna" type="aa">hérna</w>
            <w lemma="ökuskírteini" type="nheng">ökuskírteinið</w>
            <w lemma="eða" type="c">eða</w>
            <c type="pk">,</c>
            <w lemma="eða" type="c">eða</w>
            <w lemma="bara" type="aa">bara</w>
            <w lemma="þú" type="fp2en">þú</w>
            <w lemma="vita" type="sfg2en">veist</w>
            <w lemma="vísakortið" type="x">vísakortið</w>
            <w lemma="það" type="fpheo">það</w>
            <c type="pk">,</c>
            <w lemma="það" type="fphen">það</w>
            <w lemma="vera" type="svg3en">sé</w>
            <w lemma="það" type="fphfe">þeirra</w>
            <w lemma="náttúrupassi" type="nken">náttúrupassi</w>
            <c type="pl">.</c>
          </s>
          <s n="3">
            <w lemma="þannig" type="aa">Þannig</w>
            <w lemma="að" type="c">að</w>
            <w lemma="þessi" type="fahen">þetta</w>
            <w lemma="vera" type="svg3en">sé</w>
            <w lemma="enginn" type="fohen">ekkert</w>
            <w lemma="stórmál" type="nhen">stórmál</w>
            <w lemma="fyrir" type="af">fyrir</w>
            <w lemma="Íslendingur" type="nkfo-s">Íslendinga</w>
            <c type="pl">.</c>
          </s>
        </p>
        <p n="4">
          <s n="1">
            <w lemma="en" type="c">En</w>
            <w lemma="hvernig" type="aa">hvernig</w>
            <w lemma="sjá" type="sfg3en">sér</w>
            <w lemma="Kjartan" type="nken-s">Kjartan</w>
            <w lemma="náttúrupassi" type="nkeog">náttúrupassann</w>
            <w lemma="virka" type="sng">virka</w>
            <w lemma="í" type="af">í</w>
            <w lemma="raun" type="nveþ">raun</w>
            <c type="pl">?</c>
          </s>
        </p>
        <p n="5">
          <s n="1">
            <w lemma="Kjartan" type="nken-s">Kjartan</w>
            <w lemma="Ragnarsson" type="nken-s">Ragnarsson</w>
            <c type="pa">:</c>
            <w lemma="bara" type="aa">Bara</w>
            <w lemma="þú" type="fp2en">þú</w>
            <w lemma="vera" type="sfg2en">ert</w>
            <w lemma="með" type="af">með</w>
            <w lemma="miði" type="nkeog">miðann</w>
            <w lemma="í" type="af">í</w>
            <w lemma="vasi" type="nkeþg">vasanum</w>
            <c type="pk">,</c>
            <w lemma="þessi" type="fahen">þetta</w>
            <w lemma="vera" type="sfg3en">er</w>
            <w lemma="eins" type="aa">eins</w>
            <w lemma="og" type="c">og</w>
            <w lemma="þegar" type="c">þegar</w>
            <w lemma="þú" type="fp2en">þú</w>
            <w lemma="kaupa" type="sfg2en">kaupir</w>
            <w lemma="þú" type="fp2eþ">þér</w>
            <w lemma="miða" type="sng">miða</w>
            <w lemma="í" type="af">í</w>
            <w lemma="neðanjarðarlest" type="nveo">neðanjarðarlest</w>
            <w lemma="erlendis" type="aa">erlendis</w>
            <c type="pl">.</c>
          </s>
          <s n="2">
            <w lemma="þú" type="fp2en">Þú</w>
            <w lemma="þurfa" type="sfg2en">þarft</w>
            <w lemma="enginn" type="foheo">ekkert</w>
            <w lemma="að" type="cn">að</w>
            <w lemma="sýna" type="sng">sýna</w>
            <w lemma="þessi" type="fakeo">þennan</w>
            <w lemma="passi" type="nkeo">passa</w>
            <w lemma="nema" type="c">nema</w>
            <w lemma="það" type="fphen">það</w>
            <w lemma="koma" type="svg3en">komi</w>
            <w lemma="eftirlitsmaður" type="nken">eftirlitsmaður</w>
            <w lemma="og" type="c">og</w>
            <w lemma="spyrja" type="svg3en">spyrji</w>
            <w lemma="vera" type="sfg3fn">eru</w>
            <w lemma="með" type="af">með</w>
            <w lemma="þessi" type="fakeo">þennan</w>
            <w lemma="passi" type="nkeo">passa</w>
            <w lemma="og" type="c">og</w>
            <w lemma="ef" type="c">ef</w>
            <w lemma="þú" type="fp2en">þú</w>
            <w lemma="vera" type="sfg2en">ert</w>
            <w lemma="ekki" type="aa">ekki</w>
            <w lemma="með" type="af">með</w>
            <w lemma="þessi" type="fakeo">þennan</w>
            <w lemma="passi" type="nkeo">passa</w>
            <w lemma="þá" type="aa">þá</w>
            <w lemma="þurfa" type="sfg2en">þarftu</w>
            <w lemma="að" type="cn">að</w>
            <w lemma="greiða" type="sng">greiða</w>
            <w lemma="sekt" type="nveþ">sekt</w>
            <c type="pl">.</c>
          </s>
          <s n="3">
            <w lemma="hinn" type="gken">Hinn</w>
            <w lemma="erlendur" type="lkenvf">erlendi</w>
            <w lemma="ferðamaður" type="nken">ferðamaður</w>
            <w lemma="sem" type="ct">sem</w>
            <w lemma="vera" type="sfg3en">er</w>
            <w lemma="ekki" type="aa">ekki</w>
            <w lemma="með" type="af">með</w>
            <w lemma="þessi" type="fakeo">þennan</w>
            <w lemma="passi" type="nkeo">passa</w>
            <w lemma="hann" type="fpken">hann</w>
            <w lemma="greiða" type="sfg3en">greiðir</w>
            <w lemma="sekt" type="nveo">sekt</w>
            <c type="pl">.</c>
          </s>
        </p>
        <p n="6">
          <s n="1">
            <w lemma="Magnús" type="nken-s">Magnús</w>
            <w lemma="Hlynur" type="nken-s">Hlynur</w>
            <w lemma="Hreiðarsson" type="nken-s">Hreiðarsson</w>
            <c type="pa">:</c>
            <w lemma="af" type="af">Af</w>
            <w lemma="hver" type="fsheþ">hverju</w>
            <w lemma="vera" type="sfg3en">er</w>
            <w lemma="ekki" type="aa">ekki</w>
            <w lemma="langur" type="lheþsf">löngu</w>
            <w lemma="búinn" type="lhensf">búið</w>
            <w lemma="að" type="cn">að</w>
            <w lemma="taka" type="sng">taka</w>
            <w lemma="þessi" type="faheo">þetta</w>
            <w lemma="upp" type="aa">upp</w>
            <w lemma="á" type="af">á</w>
            <w lemma="Ísland" type="nheþ-s">Íslandi</w>
            <c type="pl">?</c>
          </s>
        </p>
        <p n="7">
          <s n="1">
            <w lemma="Kjartan" type="nken-s">Kjartan</w>
            <w lemma="Ragnarsson" type="nken-s">Ragnarsson</w>
            <c type="pa">:</c>
            <w lemma="ég" type="fp1en">Ég</w>
            <w lemma="vita" type="sfg1en">veit</w>
            <w lemma="það" type="fpheo">það</w>
            <w lemma="ekki" type="aa">ekki</w>
            <c type="pl">.</c>
          </s>
          <s n="2">
            <w lemma="það" type="fphen">Það</w>
            <w lemma="vanta" type="sfg3en">vantar</w>
            <c type="pk">,</c>
            <w lemma="það" type="fphen">það</w>
            <w lemma="vera" type="sfg3en">er</w>
            <w lemma="bara" type="aa">bara</w>
            <c type="pk">,</c>
            <w lemma="maður" type="nkfn">menn</w>
            <w lemma="vera" type="sfg3fn">eru</w>
            <w lemma="fara" type="sþgkfn">farnir</w>
            <w lemma="að" type="cn">að</w>
            <w lemma="finna" type="sng">finna</w>
            <w lemma="krafa" type="nveog">kröfuna</w>
            <w lemma="núna" type="aa">núna</w>
            <c type="pl">.</c>
          </s>
          <s n="3">
            <w lemma="núna" type="aa">Núna</w>
            <w lemma="vera" type="sfg3en">er</w>
            <c type="pk">,</c>
            <w lemma="vera" type="sfg3en">er</w>
            <w lemma="sko" type="aa">sko</w>
            <w lemma="verða" type="sþgken">orðinn</w>
            <w lemma="það" type="fphen">það</w>
            <w lemma="mikill" type="lhensf">mikið</w>
            <w lemma="ágangur" type="nkeng">ágangurinn</w>
            <w lemma="að" type="c">að</w>
            <w lemma="það" type="fphen">það</w>
            <w lemma="verða" type="sfg3en">verður</w>
            <w lemma="að" type="cn">að</w>
            <w lemma="gera" type="sng">gera</w>
            <w lemma="einhver" type="foheo">eitthvað</w>
            <w lemma="og" type="c">og</w>
            <w lemma="þessi" type="fahen">þetta</w>
            <w lemma="finna" type="sfm3en">finnst</w>
            <w lemma="ég" type="fp1eþ">mér</w>
            <w lemma="einfaldur" type="lvenve">einfaldasta</w>
            <w lemma="leið" type="nveng">leiðin</w>
            <c type="pl">.</c>
          </s>
          <s n="4">
            <w lemma="það" type="fphen">Það</w>
            <w lemma="mega" type="sfg3en">má</w>
            <w lemma="allur" type="fohee">alls</w>
            <w lemma="ekki" type="aa">ekki</w>
            <w lemma="láta" type="sng">láta</w>
            <w lemma="ríki" type="nheog">ríkið</w>
            <w lemma="gera" type="sng">gera</w>
            <w lemma="þessi" type="faheo">þetta</w>
            <w lemma="af" type="af">af</w>
            <w lemma="það" type="fpheþ">því</w>
            <w lemma="að" type="c">að</w>
            <w lemma="það" type="fphen">það</w>
            <w lemma="fara" type="sfg3en">fer</w>
            <w lemma="beint" type="aa">beint</w>
            <w lemma="í" type="af">í</w>
            <w lemma="einhver" type="foheo">eitthvað</w>
            <w lemma="annar" type="foheo">annað</w>
            <c type="pl">.</c>
          </s>
        </p>
      </div1>
    </body>
  </text>
</TEI>
