<?xml version="1.0" encoding="utf-8"?>
<TEI xmlns="http://www.tei-c.org/ns/1.0">
  <teiHeader>
    <fileDesc>
      <titleStmt>
        <title>
          <title type="main">Drengir segja síður frá</title>
        </title>
        <respStmt>
          <resp xml:lang="is">Söfnun og úrvinnsla texta</resp>
          <resp xml:lang="en">Collection and processing of text</resp>
          <name xml:lang="is">Stofnun Árna Magnússonar í íslenskum fræðum</name>
          <name xml:lang="en">The Arni Magnusson Institute for Icelandic Studies</name>
        </respStmt>
      </titleStmt>
      <editionStmt>
        <p xml:lang="is">Íslensk risamálheild (2019)</p>
        <p xml:lang="en">Tagged Icelandic Gigaword Corpus (2019)</p>
      </editionStmt>
      <publicationStmt>
        <distributor xml:lang="is">Stofnun Árna Magnússonar í íslenskum fræðum</distributor>
        <distributor xml:lang="en">The Arni Magnusson Institute for Icelandic Studies</distributor>
        <address>
          <addrLine xml:lang="is">Árnagarður við Suðurgötu, 107 Reykjavík, Íslandi</addrLine>
          <addrLine xml:lang="en">Árnagarður Suðurgata, 107 Reykjavik, Iceland</addrLine>
          <addrLine>
            <email>arnastofnun@arnastofnun.is</email>
          </addrLine>
        </address>
        <idno type="risam">G-25-2542607</idno>
        <availability>
          <p xml:lang="is">Þessi texti er til notkunar í málrannsóknum og máltækniverkefnum um allan heim með sérstöku leyfi, sjá rmh2Hdr.xml</p>
          <p xml:lang="en">This text is available for use in language research and language technology projects world wide with a special license, see rmh2Hdr.xml</p>
        </availability>
        <date>2020-05-26</date>
      </publicationStmt>
      <sourceDesc>
        <biblStruct>
          <analytic>
            <title>
              <title type="main">Drengir segja síður frá</title>
            </title>
            <date when="2013-03-23T12:00:00">23.03 2013 kl. 12:00:00</date>
          </analytic>
          <monogr>
            <title>Bylgjan</title>
            <imprint>
              <publisher>365 miðlar hf.</publisher>
              <pubPlace>Reykjavík</pubPlace>
            </imprint>
          </monogr>
        </biblStruct>
      </sourceDesc>
    </fileDesc>
    <encodingDesc>
      <projectDesc>
        <p xml:lang="is">Sjá lýsingu á verkefninu í rmh2Hdr.xml.</p>
        <p xml:lang="en">See description of project in rmh2Hdr.xml.</p>
      </projectDesc>
      <tagsDecl>
        <namespace name="http://www.tei-c.org/ns/1.0">
          <tagUsage gi="text" occurs="1"/>
          <tagUsage gi="body" occurs="1"/>
          <tagUsage gi="div1" occurs="1"/>
          <tagUsage gi="p" occurs="7"/>
          <tagUsage gi="s" occurs="13"/>
          <tagUsage gi="w" occurs="368"/>
          <tagUsage gi="c" occurs="33"/>
        </namespace>
      </tagsDecl>
    </encodingDesc>
    <profileDesc>
     <textClass>
      <keywords scheme="#RMH">
       <list>
        <item>Frétt – almennt</item>
       </list>
      </keywords>
     </textClass>
    </profileDesc>
  </teiHeader>
  <text>
    <body>
      <div1>
        <p n="1">
          <s n="1">
            <w lemma="Drengir" type="nkfn-s">Drengir</w>
            <w lemma="sem" type="ct">sem</w>
            <w lemma="hafa" type="sfg3fn">hafa</w>
            <w lemma="vera" type="sþghen">verið</w>
            <w lemma="beita" type="sþgkfn">beittir</w>
            <w lemma="kynferðisofbeldi" type="nhen">kynferðisofbeldi</w>
            <c type="pk">,</c>
            <w lemma="segja" type="sfg3fn">segja</w>
            <w lemma="varla" type="aam">síður</w>
            <w lemma="frá" type="af">frá</w>
            <w lemma="það" type="fpheþ">því</w>
            <w lemma="en" type="c">en</w>
            <w lemma="stúlka" type="nvfn">stúlkur</w>
            <w lemma="og" type="c">og</w>
            <w lemma="telja" type="sfg3en">telur</w>
            <w lemma="Gunnar" type="nkeo-s">Gunnar</w>
            <w lemma="Hansson" type="nkeo-s">Hansson</w>
            <c type="pk">,</c>
            <w lemma="leikari" type="nken">leikari</w>
            <w lemma="að" type="c">að</w>
            <w lemma="hann" type="fpkfn">þeir</w>
            <w lemma="vera" type="svg3fn">séu</w>
            <w lemma="munur" type="nkeþ">mun</w>
            <w lemma="margur" type="lkfnvm">fleiri</w>
            <w lemma="en" type="c">en</w>
            <w lemma="rannsókn" type="nvfn">rannsóknir</w>
            <w lemma="hafa" type="sfg3fn">hafa</w>
            <w lemma="sýna" type="sþghen">sýnt</w>
            <c type="pl">.</c>
          </s>
        </p>
        <p n="2">
          <s n="1">
            <w lemma="málþing" type="nhen">Málþing</w>
            <w lemma="um" type="af">um</w>
            <w lemma="kynferðisafbrot" type="nheo">kynferðisafbrot</w>
            <w lemma="gegn" type="af">gegn</w>
            <w lemma="drengur" type="nkfþ">drengjum</w>
            <w lemma="vera" type="sfg3eþ">var</w>
            <w lemma="halda" type="sþghen">haldið</w>
            <w lemma="í" type="af">í</w>
            <w lemma="gærdagur" type="nkeo">gærdag</w>
            <c type="pk">,</c>
            <w lemma="en" type="c">en</w>
            <w lemma="þar" type="aa">þar</w>
            <w lemma="benda" type="sfg3eþ">benti</w>
            <w lemma="Ólöf" type="nven-s">Ólöf</w>
            <w lemma="Ásta" type="nven-s">Ásta</w>
            <w lemma="Farestveit" type="nven-s">Farestveit</w>
            <c type="pk">,</c>
            <w lemma="forstöðumaður" type="nken">forstöðumaður</w>
            <w lemma="Barnahús" type="nhen-s">Barnahús</w>
            <w lemma="á" type="af">á</w>
            <w lemma="að" type="c">að</w>
            <w lemma="munur" type="nkeþ">mun</w>
            <w lemma="margur" type="lvfnvm">fleiri</w>
            <w lemma="stúlka" type="nvfn">stúlkur</w>
            <w lemma="en" type="c">en</w>
            <w lemma="drengur" type="nkfn">drengir</w>
            <w lemma="greina" type="svg3fn">greini</w>
            <w lemma="frá" type="af">frá</w>
            <w lemma="kynferðisbrot" type="nhfþ">kynferðisbrotum</w>
            <c type="pl">.</c>
          </s>
          <s n="2">
            <w lemma="Ólöf" type="nven-s">Ólöf</w>
            <w lemma="segja" type="sfg3en">segir</w>
            <w lemma="tala" type="nvfog">tölurnar</w>
            <w lemma="ekki" type="aa">ekki</w>
            <w lemma="endurspegla" type="sng">endurspegla</w>
            <w lemma="raunveruleiki" type="nkeog">raunveruleikann</w>
            <w lemma="og" type="c">og</w>
            <w lemma="það" type="fpheo">það</w>
            <w lemma="taka" type="sfg3en">tekur</w>
            <w lemma="Gunnar" type="nken-s">Gunnar</w>
            <w lemma="Hansson" type="nken-s">Hansson</w>
            <c type="pk">,</c>
            <w lemma="leikari" type="nken">leikari</w>
            <w lemma="undir" type="aa">undir</w>
            <c type="pk">,</c>
            <w lemma="en" type="c">en</w>
            <w lemma="í" type="af">í</w>
            <w lemma="sautján" type="tfhfo">sautján</w>
            <w lemma="ár" type="nhfo">ár</w>
            <w lemma="þegja" type="sfg3eþ">þagði</w>
            <w lemma="hann" type="fpken">hann</w>
            <w lemma="um" type="af">um</w>
            <w lemma="kynferðislegur" type="lveosf">kynferðislega</w>
            <w lemma="misnotkun" type="nveo">misnotkun</w>
            <w lemma="sem" type="ct">sem</w>
            <w lemma="hann" type="fpken">hann</w>
            <w lemma="vera" type="sfg3eþ">var</w>
            <w lemma="beita" type="sþgken">beittur</w>
            <w lemma="þrettán" type="tfhfe">þrettán</w>
            <w lemma="ár" type="nhfe">ára</w>
            <c type="pl">.</c>
          </s>
        </p>
        <p n="3">
          <s n="1">
            <w lemma="Gunnar" type="nken-s">Gunnar</w>
            <w lemma="Hansson" type="nken-s">Hansson</w>
            <c type="pk">,</c>
            <w lemma="leikari" type="nken">leikari</w>
            <c type="pa">:</c>
            <w lemma="ég" type="fp1en">Ég</w>
            <w lemma="hafa" type="sfg1en">hef</w>
            <w lemma="oft" type="aa">oft</w>
            <w lemma="hugsa" type="sþghen">hugsað</w>
            <w lemma="um" type="af">um</w>
            <w lemma="þessi" type="faheo">þetta</w>
            <w lemma="þegar" type="c">þegar</w>
            <w lemma="ég" type="fp1en">ég</w>
            <w lemma="hafa" type="sfg1en">hef</w>
            <w lemma="lesa" type="sþghen">lesið</w>
            <w lemma="svona" type="aa">svona</w>
            <w lemma="út" type="aa">út</w>
            <w lemma="úr" type="af">úr</w>
            <w lemma="rannsókn" type="nvfþ">rannsóknum</w>
            <w lemma="um" type="af">um</w>
            <w lemma="þessi" type="fahfo">þessi</w>
            <w lemma="málefni" type="nhfo">málefni</w>
            <c type="pk">,</c>
            <w lemma="að" type="c">að</w>
            <w lemma="alveg" type="aa">alveg</w>
            <w lemma="frá" type="af">frá</w>
            <w lemma="það" type="fpheþ">því</w>
            <w lemma="að" type="c">að</w>
            <w lemma="ég" type="fp1en">ég</w>
            <w lemma="lenda" type="sfg1en">lendi</w>
            <w lemma="í" type="af">í</w>
            <w lemma="svona" type="lheoof">svona</w>
            <w lemma="þangað" type="aa">þangað</w>
            <w lemma="til" type="af">til</w>
            <w lemma="að" type="c">að</w>
            <w lemma="ég" type="fp1en">ég</w>
            <w lemma="verða" type="sfg1en">verð</w>
            <w lemma="þrítugur" type="lkensf">þrítugur</w>
            <c type="pk">,</c>
            <w lemma="þá" type="aa">þá</w>
            <w lemma="hafa" type="svg1eþ">hefði</w>
            <w lemma="ég" type="fp1en">ég</w>
            <w lemma="aldrei" type="aa">aldrei</w>
            <w lemma="þó" type="aa">þó</w>
            <w lemma="að" type="c">að</w>
            <w lemma="ég" type="fp1en">ég</w>
            <w lemma="hafa" type="svg1eþ">hefði</w>
            <w lemma="taka" type="sþghen">tekið</w>
            <w lemma="þáttur" type="nkeo">þátt</w>
            <w lemma="í" type="af">í</w>
            <w lemma="nafnlaus" type="lveþsf">nafnlausri</w>
            <w lemma="könnun" type="nveþ">könnun</w>
            <c type="pk">,</c>
            <w lemma="þar" type="aa">þar</w>
            <w lemma="sem" type="c">sem</w>
            <w lemma="ég" type="fp1en">ég</w>
            <w lemma="munu" type="svg1eþ">myndi</w>
            <w lemma="vita" type="sng">vita</w>
            <w lemma="til" type="af">til</w>
            <w lemma="það" type="fphee">þess</w>
            <w lemma="að" type="c">að</w>
            <w lemma="það" type="fphen">það</w>
            <w lemma="vera" type="svg3eþ">væri</w>
            <w lemma="aldrei" type="aa">aldrei</w>
            <w lemma="hægur" type="lhensf">hægt</w>
            <w lemma="að" type="cn">að</w>
            <w lemma="rekja" type="sng">rekja</w>
            <w lemma="hún" type="fpveo">hana</w>
            <w lemma="til" type="af">til</w>
            <w lemma="ég" type="fp1ee">mín</w>
            <c type="pk">,</c>
            <w lemma="ef" type="c">ef</w>
            <w lemma="ég" type="fp1en">ég</w>
            <w lemma="hafa" type="svg1eþ">hefði</w>
            <w lemma="vera" type="sþghen">verið</w>
            <w lemma="spyrja" type="sþgken">spurður</w>
            <w lemma="um" type="af">um</w>
            <w lemma="það" type="fpheo">það</w>
            <w lemma="hvort" type="c">hvort</w>
            <w lemma="ég" type="fp1en">ég</w>
            <w lemma="hafa" type="svg1eþ">hefði</w>
            <w lemma="vera" type="sþghen">verið</w>
            <w lemma="misnota" type="sþgken">misnotaður</w>
            <w lemma="kynferðislega" type="aa">kynferðislega</w>
            <c type="pk">,</c>
            <w lemma="þá" type="aa">þá</w>
            <w lemma="hafa" type="svg1eþ">hefði</w>
            <w lemma="ég" type="fp1en">ég</w>
            <w lemma="merkja" type="sþghen">merkt</w>
            <w lemma="við" type="af">við</w>
            <w lemma="nei" type="au">nei</w>
            <c type="pl">.</c>
          </s>
          <s n="2">
            <w lemma="og" type="c">Og</w>
            <w lemma="ég" type="fp1en">ég</w>
            <w lemma="hafa" type="sfg1en">hef</w>
            <w lemma="spyrja" type="sþghen">spurt</w>
            <w lemma="annar" type="fokfo">aðra</w>
            <w lemma="karlmaður" type="nkfo">karlmenn</w>
            <w lemma="sem" type="ct">sem</w>
            <w lemma="hafa" type="sfg3fn">hafa</w>
            <w lemma="lenda" type="sþghen">lent</w>
            <w lemma="í" type="af">í</w>
            <w lemma="sami" type="fbkfþ">sömu</w>
            <w lemma="hlutur" type="nkfþ">hlutum</w>
            <w lemma="og" type="c">og</w>
            <w lemma="hann" type="fpkfn">þeir</w>
            <w lemma="vera" type="sfg3fþ">voru</w>
            <w lemma="ég" type="fp1eþ">mér</w>
            <w lemma="sammála" type="lkfnof">sammála</w>
            <w lemma="í" type="af">í</w>
            <w lemma="það" type="fpheþ">því</w>
            <w lemma="að" type="c">að</w>
            <w lemma="hann" type="fpkfn">þeir</w>
            <w lemma="hafa" type="svg3fþ">hefðu</w>
            <w lemma="segja" type="sþghen">sagt</w>
            <w lemma="nei" type="au">nei</w>
            <c type="pl">.</c>
          </s>
          <s n="3">
            <w lemma="þannig" type="aa">Þannig</w>
            <w lemma="að" type="aa">að</w>
            <w lemma="af" type="af">af</w>
            <w lemma="sá" type="faheþ">því</w>
            <w lemma="leyti" type="nheþ">leyti</w>
            <w lemma="halda" type="sfg1en">held</w>
            <w lemma="ég" type="fp1en">ég</w>
            <w lemma="að" type="c">að</w>
            <w lemma="ég" type="fp1fn">við</w>
            <w lemma="vera" type="svg1fn">séum</w>
            <w lemma="í" type="af">í</w>
            <w lemma="raun" type="nveþg">rauninni</w>
            <w lemma="bara" type="aa">bara</w>
            <w lemma="rétt" type="aa">rétt</w>
            <w lemma="svo" type="aa">svo</w>
            <w lemma="að" type="cn">að</w>
            <w lemma="skoða" type="sng">skoða</w>
            <w lemma="toppur" type="nkeog">toppinn</w>
            <w lemma="á" type="af">á</w>
            <w lemma="ísjaki" type="nkeþg">ísjakanum</w>
            <c type="pl">.</c>
          </s>
        </p>
        <p n="4">
          <s n="1">
            <w lemma="Gunnar" type="nken-s">Gunnar</w>
            <w lemma="segja" type="sfg3en">segir</w>
            <w lemma="það" type="fpheo">það</w>
            <w lemma="mjög" type="aa">mjög</w>
            <w lemma="mikilvægur" type="lheosf">mikilvægt</w>
            <w lemma="að" type="c">að</w>
            <w lemma="barn" type="nhfn">börn</w>
            <w lemma="fá" type="svg3fn">fái</w>
            <w lemma="sá" type="fahfo">þau</w>
            <w lemma="skilaboð" type="nhfo">skilaboð</w>
            <w lemma="að" type="c">að</w>
            <w lemma="kynferðisofbeldi" type="nhen">kynferðisofbeldi</w>
            <w lemma="vera" type="svg3en">sé</w>
            <w lemma="aldrei" type="aa">aldrei</w>
            <w lemma="það" type="fphfþ">þeim</w>
            <w lemma="að" type="cn">að</w>
            <w lemma="kenna" type="sng">kenna</w>
            <w lemma="og" type="c">og</w>
            <w lemma="að" type="c">að</w>
            <w lemma="aðstoð" type="nven">aðstoð</w>
            <w lemma="vera" type="svg3en">sé</w>
            <w lemma="nauðsynlegur" type="lvensf">nauðsynleg</w>
            <c type="pl">.</c>
          </s>
        </p>
        <p n="5">
          <s n="1">
            <w lemma="Gunnar" type="nken-s">Gunnar</w>
            <w lemma="Hansson" type="nken-s">Hansson</w>
            <c type="pa">:</c>
            <w lemma="sko" type="aa">Sko</w>
            <w lemma="annar" type="fohen">annað</w>
            <w lemma="sem" type="ct">sem</w>
            <w lemma="að" type="c">að</w>
            <w lemma="krakki" type="nkfn">krakkar</w>
            <w lemma="verða" type="sfg3fn">verða</w>
            <w lemma="að" type="cn">að</w>
            <w lemma="fatta" type="sng">fatta</w>
            <w lemma="í" type="aa">í</w>
            <w lemma="sem" type="c">sem</w>
            <w lemma="að" type="cn">að</w>
            <w lemma="lenda" type="sng">lenda</w>
            <w lemma="í" type="af">í</w>
            <w lemma="þessi" type="faheþ">þessu</w>
            <c type="pk">,</c>
            <w lemma="af" type="af">af</w>
            <w lemma="það" type="fpheþ">því</w>
            <w lemma="að" type="c">að</w>
            <w lemma="það" type="fphen">það</w>
            <w lemma="hafa" type="sfg3en">hefur</w>
            <w lemma="verða" type="sþghen">orðið</w>
            <w lemma="svo" type="aa">svo</w>
            <w lemma="mikill" type="lvensf">mikil</w>
            <w lemma="fjölmiðlaumfjöllun" type="nven">fjölmiðlaumfjöllun</w>
            <w lemma="um" type="af">um</w>
            <w lemma="þessi" type="faheo">þetta</w>
            <c type="pl">.</c>
          </s>
          <s n="2">
            <w lemma="það" type="fphfn">Þau</w>
            <w lemma="þurfa" type="sfg3fn">þurfa</w>
            <w lemma="ekki" type="aa">ekki</w>
            <w lemma="að" type="cn">að</w>
            <w lemma="koma" type="sng">koma</w>
            <w lemma="opinberlega" type="aa">opinberlega</w>
            <w lemma="fram" type="aa">fram</w>
            <w lemma="með" type="af">með</w>
            <w lemma="mál" type="nhfog">málin</w>
            <w lemma="sinn" type="fehfo">sín</w>
            <c type="pl">.</c>
          </s>
        </p>
        <p n="6">
          <s n="1">
            <w lemma="og" type="c">Og</w>
            <w lemma="svo" type="aa">svo</w>
            <w lemma="biðja" type="sfg3en">biður</w>
            <w lemma="hann" type="fpken">hann</w>
            <w lemma="fólk" type="nheo">fólk</w>
            <w lemma="um" type="af">um</w>
            <w lemma="að" type="cn">að</w>
            <w lemma="passa" type="sng">passa</w>
            <w lemma="vel" type="aa">vel</w>
            <w lemma="upp" type="aa">upp</w>
            <w lemma="á" type="aa">á</w>
            <w lemma="hvernig" type="aa">hvernig</w>
            <w lemma="það" type="fphen">það</w>
            <w lemma="tala" type="sfg3en">talar</w>
            <w lemma="um" type="af">um</w>
            <w lemma="þessi" type="fahfo">þessi</w>
            <w lemma="mál" type="nhfo">mál</w>
            <c type="pl">.</c>
          </s>
        </p>
        <p n="7">
          <s n="1">
            <w lemma="Gunnar" type="nken-s">Gunnar</w>
            <w lemma="Hansson" type="nken-s">Hansson</w>
            <c type="pa">:</c>
            <w lemma="sko" type="aa">Sko</w>
            <w lemma="það" type="fphen">það</w>
            <w lemma="hafa" type="sfg3fn">hafa</w>
            <w lemma="til" type="af">til</w>
            <w lemma="dæmi" type="nhee">dæmis</w>
            <w lemma="vera" type="sþghen">verið</w>
            <w lemma="nota" type="sþghfn">notuð</w>
            <w lemma="verða" type="sþghfn">orðin</w>
            <w lemma="fórnarlamb" type="nhfn">fórnarlömb</w>
            <w lemma="og" type="c">og</w>
            <w lemma="sálarmorð" type="nhfn">sálarmorð</w>
            <w lemma="mikið" type="aa">mikið</w>
            <w lemma="í" type="af">í</w>
            <w lemma="þessi" type="faheþ">þessu</w>
            <c type="pl">.</c>
          </s>
          <s n="2">
            <w lemma="ef" type="c">Ef</w>
            <w lemma="ég" type="fp1en">ég</w>
            <w lemma="hafa" type="svg1eþ">hefði</w>
            <w lemma="þrettán" type="tfhfe">þrettán</w>
            <w lemma="ár" type="nhfe">ára</w>
            <w lemma="heyra" type="sþghen">heyrt</w>
            <w lemma="þessi" type="faheo">þetta</w>
            <w lemma="ítrekað" type="aa">ítrekað</w>
            <w lemma="í" type="af">í</w>
            <w lemma="samband" type="nheþ">sambandi</w>
            <w lemma="við" type="af">við</w>
            <w lemma="þessi" type="fahfo">þessi</w>
            <w lemma="mál" type="nhfo">mál</w>
            <c type="pk">,</c>
            <w lemma="það" type="fphen">það</w>
            <w lemma="hafa" type="svg3eþ">hefði</w>
            <w lemma="hafa" type="sþghen">haft</w>
            <w lemma="mjög" type="aa">mjög</w>
            <w lemma="slæmur" type="lhfosf">slæm</w>
            <w lemma="áhrif" type="nhfo">áhrif</w>
            <w lemma="á" type="af">á</w>
            <w lemma="ég" type="fp1eo">mig</w>
            <c type="pk">,</c>
            <w lemma="af" type="af">af</w>
            <w lemma="það" type="fpheþ">því</w>
            <w lemma="að" type="c">að</w>
            <w lemma="þessi" type="fahen">þetta</w>
            <w lemma="vera" type="sfg3en">er</w>
            <w lemma="svo" type="aa">svo</w>
            <w lemma="endanlegur" type="lvensf">endanleg</w>
            <w lemma="orð" type="nhfo">orð</w>
            <w lemma="eins" type="aa">eins</w>
            <w lemma="og" type="c">og</w>
            <w lemma="það" type="fphen">það</w>
            <w lemma="vera" type="svg3en">sé</w>
            <w lemma="enginn" type="foven">engin</w>
            <w lemma="von" type="nven">von</w>
            <c type="pk">,</c>
            <w lemma="eins" type="aa">eins</w>
            <w lemma="og" type="c">og</w>
            <w lemma="það" type="fphen">það</w>
            <w lemma="vera" type="svg3en">sé</w>
            <w lemma="bara" type="aa">bara</w>
            <w lemma="í" type="af">í</w>
            <w lemma="raun" type="nveþ">raun</w>
            <w lemma="og" type="c">og</w>
            <w lemma="vera" type="nveþ">veru</w>
            <w lemma="enginn" type="foven">engin</w>
            <w lemma="von" type="nven">von</w>
            <c type="pl">.</c>
          </s>
          <s n="3">
            <w lemma="en" type="c">En</w>
            <w lemma="það" type="fphen">það</w>
            <w lemma="vera" type="sfg3en">er</w>
            <w lemma="fullur" type="lhensf">fullt</w>
            <w lemma="af" type="af">af</w>
            <w lemma="von" type="nveþ">von</w>
            <c type="pk">,</c>
            <w lemma="það" type="fphen">það</w>
            <w lemma="vera" type="sfg3en">er</w>
            <w lemma="algjörlega" type="aa">algjörlega</w>
            <w lemma="hægur" type="lhensf">hægt</w>
            <w lemma="að" type="cn">að</w>
            <w lemma="vinna" type="sng">vinna</w>
            <w lemma="sig" type="fpkeo">sig</w>
            <w lemma="í" type="aa">í</w>
            <w lemma="gegnum" type="af">gegnum</w>
            <w lemma="svona" type="lveoof">svona</w>
            <w lemma="reynsla" type="nveo">reynslu</w>
            <w lemma="og" type="c">og</w>
            <w lemma="lifa" type="sng">lifa</w>
            <w lemma="hamingjusamur" type="lheþsf">hamingjusömu</w>
            <w lemma="líf" type="nheþ">lífi</w>
            <c type="pl">.</c>
          </s>
        </p>
      </div1>
    </body>
  </text>
</TEI>
