<?xml version="1.0" encoding="utf-8"?>
<TEI xmlns="http://www.tei-c.org/ns/1.0">
  <teiHeader>
    <fileDesc>
      <titleStmt>
        <title>
          <title type="main">Leitað á Vatnajökli</title>
        </title>
        <respStmt>
          <resp xml:lang="is">Söfnun og úrvinnsla texta</resp>
          <resp xml:lang="en">Collection and processing of text</resp>
          <name xml:lang="is">Stofnun Árna Magnússonar í íslenskum fræðum</name>
          <name xml:lang="en">The Arni Magnusson Institute for Icelandic Studies</name>
        </respStmt>
      </titleStmt>
      <editionStmt>
        <p xml:lang="is">Íslensk risamálheild (2019)</p>
        <p xml:lang="en">Tagged Icelandic Gigaword Corpus (2019)</p>
      </editionStmt>
      <publicationStmt>
        <distributor xml:lang="is">Stofnun Árna Magnússonar í íslenskum fræðum</distributor>
        <distributor xml:lang="en">The Arni Magnusson Institute for Icelandic Studies</distributor>
        <address>
          <addrLine xml:lang="is">Árnagarður við Suðurgötu, 107 Reykjavík, Íslandi</addrLine>
          <addrLine xml:lang="en">Árnagarður Suðurgata, 107 Reykjavik, Iceland</addrLine>
          <addrLine>
            <email>arnastofnun@arnastofnun.is</email>
          </addrLine>
        </address>
        <idno type="risam">G-25-2545731</idno>
        <availability>
          <p xml:lang="is">Þessi texti er til notkunar í málrannsóknum og máltækniverkefnum um allan heim með sérstöku leyfi, sjá rmh2Hdr.xml</p>
          <p xml:lang="en">This text is available for use in language research and language technology projects world wide with a special license, see rmh2Hdr.xml</p>
        </availability>
        <date>2020-05-26</date>
      </publicationStmt>
      <sourceDesc>
        <biblStruct>
          <analytic>
            <title>
              <title type="main">Leitað á Vatnajökli</title>
            </title>
            <date when="2013-03-17T12:00:00">17.03 2013 kl. 12:00:00</date>
          </analytic>
          <monogr>
            <title>Bylgjan</title>
            <imprint>
              <publisher>365 miðlar hf.</publisher>
              <pubPlace>Reykjavík</pubPlace>
            </imprint>
          </monogr>
        </biblStruct>
      </sourceDesc>
    </fileDesc>
    <encodingDesc>
      <projectDesc>
        <p xml:lang="is">Sjá lýsingu á verkefninu í rmh2Hdr.xml.</p>
        <p xml:lang="en">See description of project in rmh2Hdr.xml.</p>
      </projectDesc>
      <tagsDecl>
        <namespace name="http://www.tei-c.org/ns/1.0">
          <tagUsage gi="text" occurs="1"/>
          <tagUsage gi="body" occurs="1"/>
          <tagUsage gi="div1" occurs="1"/>
          <tagUsage gi="p" occurs="8"/>
          <tagUsage gi="s" occurs="22"/>
          <tagUsage gi="w" occurs="376"/>
          <tagUsage gi="c" occurs="59"/>
        </namespace>
      </tagsDecl>
    </encodingDesc>
    <profileDesc>
     <textClass>
      <keywords scheme="#RMH">
       <list>
        <item>Frétt – almennt</item>
       </list>
      </keywords>
     </textClass>
    </profileDesc>
  </teiHeader>
  <text>
    <body>
      <div1>
        <p n="1">
          <s n="1">
            <w lemma="björgunarsveitarmaður" type="nkfn">Björgunarsveitarmenn</w>
            <w lemma="hefja" type="sfg3fþ">hófu</w>
            <w lemma="leit" type="nveo">leit</w>
            <w lemma="í" type="af">í</w>
            <w lemma="tvígangur" type="nkeo">tvígang</w>
            <w lemma="á" type="af">á</w>
            <w lemma="Vatnajökull" type="nkeþ-s">Vatnajökli</w>
            <w lemma="í" type="af">í</w>
            <w lemma="gærkvöld" type="nheþ">gærkvöldi</w>
            <c type="pl">.</c>
          </s>
          <s n="2">
            <w lemma="fjölmennur" type="lkensf">Fjölmennur</w>
            <w lemma="ferðahópur" type="nken">ferðahópur</w>
            <w lemma="lenda" type="sfg3eþ">lenti</w>
            <w lemma="í" type="af">í</w>
            <w lemma="sjálfhelda" type="nveþ">sjálfheldu</w>
            <w lemma="í" type="af">í</w>
            <w lemma="afar" type="aa">afar</w>
            <w lemma="vondur" type="lheþsf">vondu</w>
            <w lemma="veður" type="nheþ">veðri</w>
            <w lemma="og" type="c">og</w>
            <w lemma="síðar" type="aam">síðar</w>
            <w lemma="um" type="af">um</w>
            <w lemma="kvöld" type="nheog">kvöldið</w>
            <w lemma="sjá" type="sfm3eþ">sást</w>
            <w lemma="neyðarblys" type="nhen">neyðarblys</w>
            <w lemma="upp" type="aa">upp</w>
            <w lemma="af" type="af">af</w>
            <w lemma="Jökulheimar" type="nkfþ-s">Jökulheimum</w>
            <c type="pl">.</c>
          </s>
        </p>
        <p n="2">
          <s n="1">
            <w lemma="65" type="ta">65</w>
            <w lemma="maður" type="nkfe">manna</w>
            <w lemma="ferðahópur" type="nken">ferðahópur</w>
            <w lemma="á" type="af">á</w>
            <w lemma="28" type="ta">28</w>
            <w lemma="bíll" type="nkfþ">bílum</w>
            <w lemma="lenda" type="sfg3eþ">lendi</w>
            <w lemma="í" type="af">í</w>
            <w lemma="hann" type="fpkeþ">honum</w>
            <w lemma="krappur" type="lkeþsf">kröppum</w>
            <w lemma="á" type="af">á</w>
            <w lemma="jökull" type="nkeþg">jöklinum</w>
            <w lemma="í" type="af">í</w>
            <w lemma="gærkvöld" type="nheþ">gærkvöldi</w>
            <c type="pl">.</c>
          </s>
          <s n="2">
            <w lemma="þar" type="aa">Þar</w>
            <w lemma="hafa" type="sfg3eþ">hafði</w>
            <w lemma="veður" type="nhen">veður</w>
            <w lemma="vera" type="sþghen">verið</w>
            <w lemma="góður" type="lhensf">gott</w>
            <w lemma="og" type="c">og</w>
            <w lemma="bjartur" type="lhensf">bjart</w>
            <w lemma="en" type="c">en</w>
            <w lemma="það" type="fphen">það</w>
            <w lemma="breyta" type="sfm3eþ">breyttist</w>
            <w lemma="á" type="af">á</w>
            <w lemma="mjög" type="aa">mjög</w>
            <w lemma="skammur" type="lkeþsf">skömmum</w>
            <w lemma="tími" type="nkeþ">tíma</w>
            <c type="pl">.</c>
          </s>
          <s n="3">
            <w lemma="hópur" type="nkeng">Hópurinn</w>
            <w lemma="senda" type="sfg3eþ">sendi</w>
            <w lemma="hjálparbeiðni" type="nveo">hjálparbeiðni</w>
            <w lemma="í" type="aa">í</w>
            <w lemma="gegnum" type="af">gegnum</w>
            <w lemma="talstöð" type="nveo">talstöð</w>
            <w lemma="og" type="c">og</w>
            <w lemma="í" type="af">í</w>
            <w lemma="nokkur" type="fokeo">nokkurn</w>
            <w lemma="tími" type="nkeo">tíma</w>
            <w lemma="ná" type="sfm3eþ">náðist</w>
            <w lemma="ekki" type="aa">ekki</w>
            <w lemma="samband" type="nhen">samband</w>
            <w lemma="við" type="af">við</w>
            <w lemma="sá" type="fakfo">þá</w>
            <w lemma="sem" type="ct">sem</w>
            <w lemma="senda" type="sfg3fþ">sendu</w>
            <w lemma="beiðni" type="nveog">beiðnina</w>
            <w lemma="og" type="c">og</w>
            <w lemma="því" type="aa">því</w>
            <w lemma="vera" type="sfg3eþ">var</w>
            <w lemma="ákveða" type="sþghen">ákveðið</w>
            <w lemma="að" type="cn">að</w>
            <w lemma="hefja" type="sng">hefja</w>
            <w lemma="leit" type="nveo">leit</w>
            <c type="pl">.</c>
          </s>
          <s n="4">
            <w lemma="það" type="fphen">Það</w>
            <w lemma="reyna" type="sfm3eþ">reyndist</w>
            <w lemma="þó" type="aa">þó</w>
            <w lemma="strembinn" type="lhensf">strembið</w>
            <w lemma="það" type="fpheþ">því</w>
            <w lemma="enginn" type="foven">engin</w>
            <w lemma="ákveðinn" type="lvensf">ákveðin</w>
            <w lemma="staðsetning" type="nven">staðsetning</w>
            <w lemma="vera" type="sfg3eþ">var</w>
            <w lemma="gefa" type="sþgven">gefin</w>
            <w lemma="upp" type="aa">upp</w>
            <c type="pl">.</c>
          </s>
        </p>
        <p n="3">
          <s n="1">
            <w lemma="Sigurgeir" type="nken-s">Sigurgeir</w>
            <w lemma="Guðmundsson" type="nken-s">Guðmundsson</w>
            <c type="pk">,</c>
            <w lemma="formaður" type="nken">formaður</w>
            <w lemma="svæðisstjórn" type="nvee">svæðisstjórnar</w>
            <w lemma="á" type="af">á</w>
            <w lemma="svæði" type="nheþ">svæði</w>
            <w lemma="16" type="ta">16</w>
            <c type="pa">:</c>
            <w lemma="ég" type="fp1fn">Við</w>
            <w lemma="vera" type="sfg1fn">erum</w>
            <w lemma="í" type="af">í</w>
            <w lemma="vandræði" type="nhfþ">vandræðum</w>
            <w lemma="á" type="af">á</w>
            <w lemma="Vatnajökull" type="nkeþ-s">Vatnajökli</w>
            <c type="pk">,</c>
            <w lemma="þurfa" type="sfg1fn">þurfum</w>
            <w lemma="aðstoð" type="nveo">aðstoð</w>
            <c type="pl">.</c>
          </s>
          <s n="2">
            <w lemma="þessi" type="fahen">Þetta</w>
            <w lemma="vera" type="sfg3en">er</w>
            <w lemma="kalla" type="sþghen">kallað</w>
            <w lemma="margsinnis" type="aa">margsinnis</w>
            <w lemma="og" type="c">og</w>
            <w lemma="ja" type="au">ja</w>
            <c type="pk">,</c>
            <w lemma="Vatnajökull" type="nken-s">Vatnajökull</w>
            <w lemma="vera" type="sfg3en">er</w>
            <w lemma="stór" type="lkensf">stór</w>
            <c type="pk">,</c>
            <w lemma="eins" type="aa">eins</w>
            <w lemma="og" type="c">og</w>
            <w lemma="ég" type="fp1en">ég</w>
            <w lemma="segja" type="sfg1eþ">sagði</w>
            <c type="pk">,</c>
            <w lemma="og" type="c">og</w>
            <c type="pa">...</c>
            <w lemma="hefja" type="sng">hefja</w>
            <w lemma="leit" type="nveo">leit</w>
            <w lemma="til" type="af">til</w>
            <w lemma="aðstoð" type="nvee">aðstoðar</w>
            <w lemma="við" type="af">við</w>
            <w lemma="slíkur" type="fbveo">slíka</w>
            <c type="pk">,</c>
            <w lemma="slíkur" type="fbkfo">slíka</w>
            <w lemma="einstaklingur" type="nkfo">einstaklinga</w>
            <c type="pl">.</c>
          </s>
        </p>
        <p n="4">
          <s n="1">
            <w lemma="segja" type="sfg3en">Segir</w>
            <w lemma="Sigurgeir" type="nken-s">Sigurgeir</w>
            <w lemma="Guðmundsson" type="nken-s">Guðmundsson</w>
            <c type="pk">,</c>
            <w lemma="formaður" type="nken">formaður</w>
            <w lemma="svæðisstjórn" type="nvee">svæðisstjórnar</w>
            <w lemma="á" type="af">á</w>
            <w lemma="svæði" type="nheþ">svæði</w>
            <w lemma="16" type="ta">16</w>
            <c type="pl">.</c>
          </s>
          <s n="2">
            <w lemma="að" type="af">Að</w>
            <w lemma="lok" type="nhfþ">lokum</w>
            <w lemma="ná" type="sfm3eþ">náðist</w>
            <w lemma="í" type="af">í</w>
            <w lemma="fólk" type="nheog">fólkið</w>
            <w lemma="og" type="c">og</w>
            <w lemma="koma" type="sfg3eþ">kom</w>
            <w lemma="þá" type="aa">þá</w>
            <w lemma="í" type="af">í</w>
            <w lemma="ljós" type="nheo">ljós</w>
            <w lemma="að" type="c">að</w>
            <w lemma="það" type="fphfn">þau</w>
            <w lemma="koma" type="sfm3fþ">komust</w>
            <w lemma="að" type="af">að</w>
            <w lemma="sjálfsdáðir" type="nvfþ">sjálfsdáðum</w>
            <w lemma="í" type="af">í</w>
            <w lemma="skáli" type="nkeþ">skála</w>
            <w lemma="við" type="af">við</w>
            <w lemma="Grímsfjall" type="nheo-s">Grímsfjall</w>
            <w lemma="þar" type="aa">þar</w>
            <w lemma="sem" type="c">sem</w>
            <w lemma="það" type="fphfn">þau</w>
            <w lemma="bíða" type="sfg3fþ">biðu</w>
            <w lemma="af" type="af">af</w>
            <w lemma="sig" type="fphfþ">sér</w>
            <w lemma="slæmur" type="lheosf">slæmt</w>
            <w lemma="veður" type="nheo">veður</w>
            <c type="pl">.</c>
          </s>
          <s n="3">
            <w lemma="þessi" type="fahen">Þetta</w>
            <w lemma="vera" type="sfg3eþ">var</w>
            <w lemma="ekki" type="aa">ekki</w>
            <w lemma="einn" type="lvenvf">eina</w>
            <w lemma="leit" type="nveng">leitin</w>
            <w lemma="á" type="af">á</w>
            <w lemma="jökull" type="nkeþg">jöklinum</w>
            <w lemma="í" type="af">í</w>
            <w lemma="gærkvöld" type="nheþ">gærkvöldi</w>
            <w lemma="það" type="fpheþ">því</w>
            <w lemma="björgunarsveit" type="nvfn">björgunarsveitir</w>
            <w lemma="ásamt" type="af">ásamt</w>
            <w lemma="Landhelgisgæslan" type="nveþgs">Landhelgisgæslunni</w>
            <w lemma="hefja" type="sfg3fþ">hófu</w>
            <w lemma="leit" type="nveo">leit</w>
            <w lemma="seint" type="aa">seint</w>
            <w lemma="í" type="af">í</w>
            <w lemma="gærkvöld" type="nheþ">gærkvöldi</w>
            <w lemma="eftir" type="af">eftir</w>
            <w lemma="að" type="c">að</w>
            <w lemma="neyðarblys" type="nhen">neyðarblys</w>
            <w lemma="sjá" type="sfm3eþ">sást</w>
            <w lemma="upp" type="aa">upp</w>
            <w lemma="af" type="af">af</w>
            <w lemma="Jökulheimar" type="nkfþ-s">Jökulheimum</w>
            <c type="pl">.</c>
          </s>
        </p>
        <p n="5">
          <s n="1">
            <w lemma="Sigurgeir" type="nken-s">Sigurgeir</w>
            <w lemma="Guðmundsson" type="nken-s">Guðmundsson</w>
            <c type="pa">:</c>
            <w lemma="ég" type="fp1fn">Við</w>
            <w lemma="ræsa" type="sfg1fþ">ræstum</w>
            <w lemma="úr" type="af">úr</w>
            <w lemma="þyrla" type="nveþ">þyrlu</w>
            <w lemma="Landhelgisgæslan" type="nveegs">Landhelgisgæslunnar</w>
            <c type="pl">.</c>
          </s>
          <s n="2">
            <w lemma="hún" type="fpven">Hún</w>
            <w lemma="fljúga" type="sfg3eþ">flaug</w>
            <w lemma="þarna" type="aa">þarna</w>
            <w lemma="yfir" type="aa">yfir</w>
            <w lemma="og" type="c">og</w>
            <c type="pk">,</c>
            <w lemma="og" type="c">og</w>
            <w lemma="síðan" type="aa">síðan</w>
            <w lemma="koma" type="sfg3eþ">kom</w>
            <w lemma="TF-SIF" type="n-en-s">TF-SIF</w>
            <c type="pk">,</c>
            <w lemma="flugvél" type="nven">flugvél</w>
            <w lemma="gæsla" type="nveeg">gæslunnar</w>
            <w lemma="sem" type="ct">sem</w>
            <w lemma="vera" type="sfg3en">er</w>
            <w lemma="með" type="af">með</w>
            <w lemma="mjög" type="aa">mjög</w>
            <w lemma="góður" type="lkeosf">góðan</w>
            <w lemma="radar" type="nkeo">radar</w>
            <w lemma="og" type="c">og</w>
            <c type="pk">,</c>
            <w lemma="og" type="c">og</w>
            <w lemma="hitamyndavél" type="nveo">hitamyndavél</w>
            <c type="pk">,</c>
            <w lemma="fljúga" type="sfg3eþ">flaug</w>
            <w lemma="þarna" type="aa">þarna</w>
            <w lemma="yfir" type="aa">yfir</w>
            <w lemma="og" type="c">og</w>
            <c type="pk">,</c>
            <w lemma="og" type="c">og</w>
            <c type="pk">,</c>
            <w lemma="og" type="c">og</w>
            <w lemma="hérna" type="aa">hérna</w>
            <c type="pk">,</c>
            <w lemma="finna" type="sfg3eþ">fann</w>
            <w lemma="enginn" type="fohen">ekkert</w>
            <w lemma="óeðlilegur" type="lheosf">óeðlilegt</w>
            <c type="pl">.</c>
          </s>
          <s n="3">
            <w lemma="það" type="fphen">Það</w>
            <w lemma="vera" type="sfg3eþ">var</w>
            <w lemma="eng" type="nven">eng</w>
            <c type="pk">,</c>
            <w lemma="enginn" type="fokfn">engir</w>
            <c type="pk">,</c>
            <w lemma="enginn" type="fokfn">engir</w>
            <w lemma="sem" type="ct">sem</w>
            <w lemma="vera" type="sfg3fþ">voru</w>
            <w lemma="staddur" type="lkfnsf">staddir</w>
            <w lemma="í" type="af">í</w>
            <w lemma="neinn" type="fohfþ">neinum</w>
            <w lemma="vandræði" type="nhfþ">vandræðum</w>
            <c type="pl">.</c>
          </s>
          <s n="4">
            <w lemma="ég" type="fp1fn">Við</w>
            <w lemma="láta" type="sfg1fþ">létum</w>
            <w lemma="hérna" type="aa">hérna</w>
            <c type="pk">,</c>
            <w lemma="að" type="cn">að</w>
            <w lemma="fljúga" type="sng">fljúga</w>
            <w lemma="með" type="aa">með</w>
            <c type="pa">...</c>
            <w lemma="ég" type="fp1fn">við</w>
            <w lemma="eiga" type="sfg1fþ">áttum</w>
            <w lemma="von" type="nveo">von</w>
            <w lemma="á" type="af">á</w>
            <w lemma="það" type="fpheþ">því</w>
            <w lemma="að" type="c">að</w>
            <w lemma="bíll" type="nkfn">bílar</w>
            <w lemma="hafa" type="svg3fþ">hefðu</w>
            <w lemma="geta" type="sþghen">getað</w>
            <w lemma="fara" type="sþghen">farið</w>
            <w lemma="þar" type="aa">þar</w>
            <w lemma="niður" type="aa">niður</w>
            <c type="pl">.</c>
          </s>
          <s n="5">
            <w lemma="en" type="c">En</w>
            <w lemma="Vatnajökull" type="nken-s">Vatnajökull</w>
            <c type="pk">,</c>
            <w lemma="ef" type="c">ef</w>
            <w lemma="það" type="fphen">það</w>
            <w lemma="mega" type="svg3eþ">mætti</w>
            <w lemma="nota" type="sng">nota</w>
            <w lemma="samlíking" type="nveo">samlíkingu</w>
            <c type="pk">,</c>
            <w lemma="ég" type="fp1en">ég</w>
            <w lemma="halda" type="sfg1en">held</w>
            <w lemma="að" type="c">að</w>
            <w lemma="hann" type="fpken">hann</w>
            <w lemma="hafa" type="svg3en">hafi</w>
            <c type="pk">,</c>
            <w lemma="miða" type="sþghen">miðað</w>
            <w lemma="við" type="af">við</w>
            <w lemma="lýsing" type="nvfo">lýsingar</w>
            <w lemma="flugmaður" type="nkfe">flugmanna</w>
            <c type="pk">,</c>
            <w lemma="að" type="c">að</w>
            <w lemma="þá" type="aa">þá</w>
            <w lemma="hafa" type="svg3en">hafi</w>
            <w lemma="hann" type="fpken">hann</w>
            <w lemma="vera" type="sþghen">verið</w>
            <w lemma="eins" type="aa">eins</w>
            <w lemma="og" type="c">og</w>
            <w lemma="mauraþúfa" type="nven">mauraþúfa</w>
            <c type="pl">.</c>
          </s>
          <s n="6">
            <w lemma="Straum" type="nken-s">Straum</w>
            <c type="pk">,</c>
            <w lemma="bílastraumur" type="nkfn">bílastraumar</w>
            <w lemma="upp" type="aa">upp</w>
            <w lemma="og" type="c">og</w>
            <w lemma="niður" type="aa">niður</w>
            <w lemma="í" type="af">í</w>
            <w lemma="allur" type="fovfo">allar</w>
            <w lemma="átt" type="nvfo">áttir</w>
            <c type="pl">.</c>
          </s>
        </p>
        <p n="6">
          <s n="1">
            <w lemma="eftir" type="af">Eftir</w>
            <w lemma="árangurslaus" type="lveosf">árangurslausa</w>
            <w lemma="leit" type="nveo">leit</w>
            <w lemma="í" type="af">í</w>
            <w lemma="nokkur" type="fovfo">nokkrar</w>
            <w lemma="klukkustund" type="nvfo">klukkustundir</w>
            <w lemma="vera" type="sfg3eþ">var</w>
            <w lemma="ákveða" type="sþghen">ákveðið</w>
            <w lemma="að" type="cn">að</w>
            <w lemma="hætta" type="sng">hætta</w>
            <w lemma="klukka" type="nveng">klukkan</w>
            <w lemma="þrír" type="ta">þrjú</w>
            <w lemma="í" type="af">í</w>
            <w lemma="nótt" type="nveþ">nótt</w>
            <w lemma="þar" type="aa">þar</w>
            <w lemma="sem" type="c">sem</w>
            <w lemma="enginn" type="fohen">ekkert</w>
            <w lemma="benda" type="sfg3eþ">benti</w>
            <w lemma="til" type="af">til</w>
            <w lemma="það" type="fphee">þess</w>
            <w lemma="að" type="c">að</w>
            <w lemma="einhver" type="foken">einhver</w>
            <w lemma="vera" type="svg3eþ">væri</w>
            <w lemma="í" type="af">í</w>
            <w lemma="hætta" type="nveþ">hættu</w>
            <w lemma="staddur" type="lkensf">staddur</w>
            <c type="pl">.</c>
          </s>
        </p>
        <p n="7">
          <s n="1">
            <w lemma="Sigurgeir" type="nken-s">Sigurgeir</w>
            <w lemma="Guðmundsson" type="nken-s">Guðmundsson</w>
            <c type="pa">:</c>
            <w lemma="ég" type="fp1fn">Við</w>
            <w lemma="meta" type="sfg1fn">metum</w>
            <w lemma="það" type="fpheo">það</w>
            <w lemma="þannig" type="aa">þannig</w>
            <w lemma="að" type="c">að</w>
            <c type="pk">,</c>
            <w lemma="að" type="c">að</w>
            <w lemma="flugvél" type="nveng">flugvélin</w>
            <w lemma="hafa" type="svg3eþ">hefði</w>
            <w lemma="sjá" type="sþghen">séð</w>
            <w lemma="í" type="af">í</w>
            <w lemma="sinn" type="fehfþ">sínum</w>
            <w lemma="tæki" type="nhfþ">tækjum</w>
            <w lemma="ef" type="c">ef</w>
            <w lemma="einhver" type="fohen">eitthvað</w>
            <w lemma="óvenjulegur" type="lhensf">óvenjulegt</w>
            <w lemma="hafa" type="svg3eþ">hefði</w>
            <w lemma="vera" type="sþghen">verið</w>
            <w lemma="þarna" type="aa">þarna</w>
            <w lemma="á" type="af">á</w>
            <w lemma="þessi" type="faheþ">þessu</w>
            <w lemma="svæði" type="nheþ">svæði</w>
            <c type="pk">,</c>
            <c type="pa">...</c>
            <w lemma="mjög" type="aa">mjög</w>
            <c type="pk">,</c>
            <w lemma="mjög" type="aa">mjög</w>
            <w lemma="vel" type="aa">vel</w>
            <w lemma="og" type="c">og</w>
            <c type="pk">,</c>
            <w lemma="og" type="c">og</w>
            <c type="pk">,</c>
            <w lemma="og" type="c">og</w>
            <w lemma="hérna" type="aa">hérna</w>
            <c type="pk">,</c>
            <c type="pa">...</c>
            <w lemma="hún" type="fpven">hún</w>
            <w lemma="hafa" type="svg3en">hafi</w>
            <w lemma="fara" type="sþghen">farið</w>
            <w lemma="yfir" type="af">yfir</w>
            <w lemma="allur" type="foheo">allt</w>
            <c type="pk">,</c>
            <w lemma="allur" type="foheo">allt</w>
            <w lemma="þessi" type="faheo">þetta</w>
            <w lemma="leitarsvæði" type="nheo">leitarsvæði</w>
            <w lemma="sko" type="aa">sko</w>
            <c type="pl">.</c>
          </s>
          <s n="2">
            <w lemma="vera" type="sfg3eþ">Var</w>
            <w lemma="þessi" type="fahen">þetta</w>
            <w lemma="einhver" type="foken">einhver</w>
            <w lemma="að" type="cn">að</w>
            <w lemma="fikta" type="sng">fikta</w>
            <w lemma="með" type="af">með</w>
            <w lemma="einhver" type="foveo">einhverja</w>
            <w lemma="græja" type="nveo">græju</w>
            <w lemma="eða" type="c">eða</w>
            <c type="pk">,</c>
            <w lemma="eða" type="c">eða</w>
            <w lemma="vera" type="sfg3eþ">var</w>
            <w lemma="þessi" type="fahen">þetta</w>
            <w lemma="missýn" type="nven">missýn</w>
            <c type="pl">?</c>
          </s>
          <s n="3">
            <w lemma="þessi" type="fahen">Þetta</w>
            <w lemma="vera" type="sfg3en">er</w>
            <w lemma="svolítið" type="aa">svolítið</w>
            <w lemma="svona" type="aa">svona</w>
            <w lemma="erfiður" type="lhensf">erfitt</w>
            <w lemma="um" type="af">um</w>
            <w lemma="það" type="fpheo">það</w>
            <w lemma="að" type="cn">að</w>
            <w lemma="segja" type="sng">segja</w>
            <c type="pl">.</c>
          </s>
        </p>
        <p n="8">
          <s n="1">
            <w lemma="segja" type="sfg3en">Segir</w>
            <w lemma="Sigurgeir" type="nken-s">Sigurgeir</w>
            <w lemma="Guðmundsson" type="nken-s">Guðmundsson</w>
            <c type="pl">.</c>
          </s>
        </p>
      </div1>
    </body>
  </text>
</TEI>
