<?xml version="1.0" encoding="utf-8"?>
<TEI xmlns="http://www.tei-c.org/ns/1.0">
  <teiHeader>
    <fileDesc>
      <titleStmt>
        <title>
          <title type="main">Fór ekki að reglum </title>
        </title>
        <respStmt>
          <resp xml:lang="is">Söfnun og úrvinnsla texta</resp>
          <resp xml:lang="en">Collection and processing of text</resp>
          <name xml:lang="is">Stofnun Árna Magnússonar í íslenskum fræðum</name>
          <name xml:lang="en">The Arni Magnusson Institute for Icelandic Studies</name>
        </respStmt>
      </titleStmt>
      <editionStmt>
        <p xml:lang="is">Íslensk risamálheild (2019)</p>
        <p xml:lang="en">Tagged Icelandic Gigaword Corpus (2019)</p>
      </editionStmt>
      <publicationStmt>
        <distributor xml:lang="is">Stofnun Árna Magnússonar í íslenskum fræðum</distributor>
        <distributor xml:lang="en">The Arni Magnusson Institute for Icelandic Studies</distributor>
        <address>
          <addrLine xml:lang="is">Árnagarður við Suðurgötu, 107 Reykjavík, Íslandi</addrLine>
          <addrLine xml:lang="en">Árnagarður Suðurgata, 107 Reykjavik, Iceland</addrLine>
          <addrLine>
            <email>arnastofnun@arnastofnun.is</email>
          </addrLine>
        </address>
        <idno type="risam">G-25-2547349</idno>
        <availability>
          <p xml:lang="is">Þessi texti er til notkunar í málrannsóknum og máltækniverkefnum um allan heim með sérstöku leyfi, sjá rmh2Hdr.xml</p>
          <p xml:lang="en">This text is available for use in language research and language technology projects world wide with a special license, see rmh2Hdr.xml</p>
        </availability>
        <date>2020-05-26</date>
      </publicationStmt>
      <sourceDesc>
        <biblStruct>
          <analytic>
            <title>
              <title type="main">Fór ekki að reglum </title>
            </title>
            <date when="2013-03-26T12:00:00">26.03 2013 kl. 12:00:00</date>
          </analytic>
          <monogr>
            <title>Bylgjan</title>
            <imprint>
              <publisher>365 miðlar hf.</publisher>
              <pubPlace>Reykjavík</pubPlace>
            </imprint>
          </monogr>
        </biblStruct>
      </sourceDesc>
    </fileDesc>
    <encodingDesc>
      <projectDesc>
        <p xml:lang="is">Sjá lýsingu á verkefninu í rmh2Hdr.xml.</p>
        <p xml:lang="en">See description of project in rmh2Hdr.xml.</p>
      </projectDesc>
      <tagsDecl>
        <namespace name="http://www.tei-c.org/ns/1.0">
          <tagUsage gi="text" occurs="1"/>
          <tagUsage gi="body" occurs="1"/>
          <tagUsage gi="div1" occurs="1"/>
          <tagUsage gi="p" occurs="2"/>
          <tagUsage gi="s" occurs="8"/>
          <tagUsage gi="w" occurs="245"/>
          <tagUsage gi="c" occurs="9"/>
        </namespace>
      </tagsDecl>
    </encodingDesc>
    <profileDesc>
     <textClass>
      <keywords scheme="#RMH">
       <list>
        <item>Frétt – almennt</item>
       </list>
      </keywords>
     </textClass>
    </profileDesc>
  </teiHeader>
  <text>
    <body>
      <div1>
        <p n="1">
          <s n="1">
            <w lemma="maður" type="nken">Maður</w>
            <w lemma="sem" type="ct">sem</w>
            <w lemma="kveikja" type="sfg3eþ">kveikti</w>
            <w lemma="í" type="af">í</w>
            <w lemma="sina" type="nveþ">sinu</w>
            <w lemma="á" type="af">á</w>
            <w lemma="landareign" type="nveþ">landareign</w>
            <w lemma="sinn" type="feveþ">sinni</w>
            <w lemma="í" type="af">í</w>
            <w lemma="Borgarfjörður" type="nkeþ-s">Borgarfirði</w>
            <w lemma="í" type="aa">í</w>
            <w lemma="gær" type="aa">gær</w>
            <w lemma="með" type="af">með</w>
            <w lemma="sá" type="favfþ">þeim</w>
            <w lemma="afleiðing" type="nvfþ">afleiðingum</w>
            <w lemma="að" type="c">að</w>
            <w lemma="eldur" type="nkeng">eldurinn</w>
            <w lemma="fara" type="sfg3eþ">fór</w>
            <w lemma="úr" type="af">úr</w>
            <w lemma="band" type="nhfþg">böndunum</w>
            <w lemma="fara" type="sfg3eþ">fór</w>
            <w lemma="ekki" type="aa">ekki</w>
            <w lemma="að" type="af">að</w>
            <w lemma="regla" type="nvfþ">reglum</w>
            <w lemma="þótt" type="c">þótt</w>
            <w lemma="hann" type="fpken">hann</w>
            <w lemma="hafa" type="svg3en">hafi</w>
            <w lemma="hafa" type="sþghen">haft</w>
            <w lemma="leyfi" type="nheo">leyfi</w>
            <w lemma="sýslumaður" type="nkee">sýslumanns</w>
            <c type="pl">.</c>
          </s>
          <s n="2">
            <w lemma="slökkviliðsstjóri" type="nken">Slökkviliðsstjóri</w>
            <w lemma="í" type="af">í</w>
            <w lemma="Borgarfjörður" type="nkeþ-s">Borgarfirði</w>
            <w lemma="vilja" type="sfg3en">vill</w>
            <w lemma="banna" type="sng">banna</w>
            <w lemma="sinubruni" type="nkeo">sinubruna</w>
            <w lemma="með" type="af">með</w>
            <w lemma="allur" type="foheþ">öllu</w>
            <w lemma="enda" type="c">enda</w>
            <w lemma="bæta" type="svg3en">bæti</w>
            <w lemma="hann" type="fpken">hann</w>
            <w lemma="enginn" type="foheo">ekkert</w>
            <w lemma="gróður" type="nkeog">gróðurinn</w>
            <c type="pl">.</c>
          </s>
        </p>
        <p n="2">
          <s n="1">
            <w lemma="minnsta" type="nveþ">Minnstu</w>
            <w lemma="muna" type="sfg3eþ">munaði</w>
            <w lemma="að" type="c">að</w>
            <w lemma="eldur" type="nkeng">eldurinn</w>
            <w lemma="bera" type="svm3eþ">bærist</w>
            <w lemma="í" type="af">í</w>
            <w lemma="bygging" type="nvfo">byggingar</w>
            <w lemma="á" type="af">á</w>
            <w lemma="landareign" type="nveþg">landareigninni</w>
            <w lemma="en" type="c">en</w>
            <w lemma="að" type="af">að</w>
            <w lemma="sögn" type="nveþ">sögn</w>
            <w lemma="Bjarni" type="nkee-s">Bjarna</w>
            <w lemma="Þorsteinsson" type="nkee-s">Þorsteinssonar</w>
            <c type="pk">,</c>
            <w lemma="slökkviliðsstjóri" type="nkee">slökkviliðsstjóra</w>
            <w lemma="vera" type="sfg3eþ">var</w>
            <w lemma="það" type="fphen">það</w>
            <w lemma="fyrir" type="af">fyrir</w>
            <w lemma="skarpskyggni" type="nveo">skarpskyggni</w>
            <w lemma="annar" type="fokee">annars</w>
            <w lemma="íbúi" type="nkfe">íbúa</w>
            <w lemma="í" type="af">í</w>
            <w lemma="sveit" type="nveþg">sveitinni</w>
            <w lemma="að" type="c">að</w>
            <w lemma="ekki" type="aa">ekki</w>
            <w lemma="fara" type="sfg3eþ">fór</w>
            <w lemma="svo" type="aa">svo</w>
            <w lemma="það" type="fpheþ">því</w>
            <w lemma="hann" type="fpken">hann</w>
            <w lemma="kalla" type="sfg3eþ">kallaði</w>
            <w lemma="á" type="af">á</w>
            <w lemma="slökkvilið" type="nheog">slökkviliðið</w>
            <w lemma="en" type="c">en</w>
            <w lemma="ekki" type="aa">ekki</w>
            <w lemma="landeigandi" type="nkeng">landeigandinn</w>
            <w lemma="sem" type="ct">sem</w>
            <w lemma="kveikja" type="sfg3eþ">kveikti</w>
            <w lemma="eldur" type="nkfog">eldana</w>
            <c type="pl">.</c>
          </s>
          <s n="2">
            <w lemma="þá" type="aa">Þá</w>
            <w lemma="láta" type="sfg3eþ">lét</w>
            <w lemma="eigandi" type="nkeng">eigandinn</w>
            <w lemma="slökkvilið" type="nheog">slökkviliðið</w>
            <w lemma="vita" type="sng">vita</w>
            <w lemma="símleiðis" type="aa">símleiðis</w>
            <w lemma="og" type="c">og</w>
            <w lemma="auk" type="af">auk</w>
            <w lemma="það" type="fphee">þess</w>
            <w lemma="með" type="af">með</w>
            <w lemma="of" type="aa">of</w>
            <w lemma="skammur" type="lkeþsf">skömmum</w>
            <w lemma="fyrirvari" type="nkeþ">fyrirvara</w>
            <w lemma="um" type="af">um</w>
            <w lemma="hver" type="fsheo">hvað</w>
            <w lemma="hann" type="fpken">hann</w>
            <w lemma="hafa" type="svg3eþ">hefði</w>
            <w lemma="í" type="af">í</w>
            <w lemma="hyggja" type="nveþ">hyggju</w>
            <w lemma="þannig" type="aa">þannig</w>
            <w lemma="að" type="c">að</w>
            <w lemma="ekki" type="aa">ekki</w>
            <w lemma="vera" type="sfg3eþ">var</w>
            <w lemma="ráðrúm" type="nhen">ráðrúm</w>
            <w lemma="til" type="af">til</w>
            <w lemma="að" type="cn">að</w>
            <w lemma="ganga" type="sng">ganga</w>
            <w lemma="úr" type="af">úr</w>
            <w lemma="skuggi" type="nkeþ">skugga</w>
            <w lemma="um" type="af">um</w>
            <w lemma="að" type="c">að</w>
            <w lemma="hann" type="fpken">hann</w>
            <w lemma="geta" type="svg3eþ">gæti</w>
            <w lemma="örugglega" type="aa">örugglega</w>
            <w lemma="hafa" type="sþghen">haft</w>
            <w lemma="hemill" type="nkeo">hemil</w>
            <w lemma="á" type="af">á</w>
            <w lemma="útbreiðsla" type="nveþ">útbreiðslu</w>
            <w lemma="eldur" type="nkfeg">eldanna</w>
            <c type="pl">.</c>
          </s>
          <s n="3">
            <w lemma="þegar" type="c">Þegar</w>
            <w lemma="30" type="ta">30</w>
            <w lemma="maður" type="nkfe">manna</w>
            <w lemma="slökkvilið" type="nhen">slökkvilið</w>
            <w lemma="úr" type="af">úr</w>
            <w lemma="Borgarfjörður" type="nkeþ-s">Borgarfirði</w>
            <w lemma="og" type="c">og</w>
            <w lemma="nokkur" type="fokfn">nokkrir</w>
            <w lemma="bóndi" type="nkfn">bændur</w>
            <w lemma="hafa" type="sfg3fþ">höfðu</w>
            <w lemma="berja" type="sþmhen">barist</w>
            <w lemma="við" type="af">við</w>
            <w lemma="eldur" type="nkeog">eldinn</w>
            <w lemma="um" type="af">um</w>
            <w lemma="hríð" type="nveo">hríð</w>
            <w lemma="vera" type="sfg3eþ">var</w>
            <w lemma="óttast" type="sþmhen">óttast</w>
            <w lemma="að" type="c">að</w>
            <w lemma="eldur" type="nkeng">eldurinn</w>
            <w lemma="kunna" type="svg3eþ">kynni</w>
            <w lemma="að" type="cn">að</w>
            <w lemma="teygja" type="sng">teygja</w>
            <w lemma="sig" type="fpkeo">sig</w>
            <w lemma="yfir" type="aa">yfir</w>
            <w lemma="í" type="af">í</w>
            <w lemma="Skorradalur" type="nkeo-s">Skorradal</w>
            <w lemma="með" type="af">með</w>
            <w lemma="ófyrirsjáanlegur" type="lvfþsf">ófyrirsjáanlegum</w>
            <w lemma="afleiðing" type="nvfþ">afleiðingum</w>
            <w lemma="fyrir" type="af">fyrir</w>
            <w lemma="trjágróður" type="nkeo">trjágróður</w>
            <w lemma="og" type="c">og</w>
            <w lemma="sumarbústaður" type="nkfo">sumarbústaði</w>
            <w lemma="þar" type="aa">þar</w>
            <c type="pl">.</c>
          </s>
          <s n="4">
            <w lemma="vera" type="sfg3eþ">Var</w>
            <w lemma="þá" type="aa">þá</w>
            <w lemma="kalla" type="sþghen">kallað</w>
            <w lemma="á" type="af">á</w>
            <w lemma="aðstoð" type="nveo">aðstoð</w>
            <w lemma="þyrla" type="nvee">þyrlu</w>
            <w lemma="Gæslan" type="nveegs">Gæslunnar</w>
            <w lemma="sem" type="ct">sem</w>
            <w lemma="dæla" type="sfg3eþ">dældi</w>
            <w lemma="22" type="to">22</w>
            <w lemma="þúsund" type="tfkfþ">þúsund</w>
            <w lemma="lítri" type="nkfþ">lítrum</w>
            <w lemma="af" type="af">af</w>
            <w lemma="vatn" type="nheþ">vatni</w>
            <w lemma="á" type="af">á</w>
            <w lemma="eldur" type="nkeog">eldinn</w>
            <w lemma="sem" type="ct">sem</w>
            <w lemma="ráða" type="sfg3eþ">réði</w>
            <w lemma="úrslit" type="nhfþ">úrslitum</w>
            <w lemma="og" type="c">og</w>
            <w lemma="ljúka" type="sfg3eþ">lauk</w>
            <w lemma="slökkvistarf" type="nheþ">slökkvistarfi</w>
            <w lemma="á" type="af">á</w>
            <w lemma="níundi" type="lkeþvf">níunda</w>
            <w lemma="tími" type="nkeþg">tímanum</w>
            <w lemma="í" type="af">í</w>
            <w lemma="gærkvöld" type="nheþ">gærkvöldi</w>
            <c type="pl">.</c>
          </s>
          <s n="5">
            <w lemma="Bjarni" type="nken-s">Bjarni</w>
            <w lemma="hafa" type="sfg3en">hefur</w>
            <w lemma="það" type="fpheo">það</w>
            <w lemma="eftir" type="af">eftir</w>
            <w lemma="gróðurfræðingur" type="nkfþ">gróðurfræðingum</w>
            <w lemma="að" type="c">að</w>
            <w lemma="sinubruni" type="nken">sinubruni</w>
            <w lemma="hafa" type="svg3en">hafi</w>
            <w lemma="enginn" type="fohfo">engin</w>
            <w lemma="jákvæður" type="lhfosf">jákvæð</w>
            <w lemma="áhrif" type="nhfo">áhrif</w>
            <w lemma="á" type="af">á</w>
            <w lemma="svörður" type="nkeog">svörðinn</w>
            <w lemma="og" type="c">og</w>
            <w lemma="vera" type="svg3en">sé</w>
            <w lemma="því" type="aa">því</w>
            <w lemma="óþarfur" type="lkensf">óþarfur</w>
            <c type="pl">.</c>
          </s>
          <s n="6">
            <w lemma="þá" type="aa">Þá</w>
            <w lemma="þurfa" type="svg3fn">þurfi</w>
            <w lemma="jarðeigandi" type="nkfn">jarðeigendur</w>
            <w lemma="sem" type="ct">sem</w>
            <w lemma="fá" type="sfg3fn">fá</w>
            <w lemma="leyfi" type="nheo">leyfi</w>
            <w lemma="til" type="af">til</w>
            <w lemma="það" type="fphee">þess</w>
            <w lemma="ekki" type="aa">ekki</w>
            <w lemma="að" type="cn">að</w>
            <w lemma="tryggja" type="sng">tryggja</w>
            <w lemma="sig" type="fpkfo">sig</w>
            <w lemma="fyrir" type="af">fyrir</w>
            <w lemma="tjón" type="nheþ">tjóni</w>
            <w lemma="sem" type="ct">sem</w>
            <w lemma="hann" type="fpkfn">þeir</w>
            <w lemma="kunna" type="sfg3fn">kunna</w>
            <w lemma="að" type="cn">að</w>
            <w lemma="valda" type="sng">valda</w>
            <w lemma="annar" type="fokfþ">öðrum</w>
            <w lemma="með" type="af">með</w>
            <w lemma="eldur" type="nkfþg">eldunum</w>
            <w lemma="en" type="c">en</w>
            <w lemma="þegar" type="c">þegar</w>
            <w lemma="björgunarsveit" type="nveng">björgunarsveitin</w>
            <w lemma="í" type="af">í</w>
            <w lemma="Borgarnes" type="nheþ-s">Borgarnesi</w>
            <w lemma="halda" type="svg3en">haldi</w>
            <w lemma="þrettándabrenna" type="nveo">þrettándabrennu</w>
            <w lemma="í" type="af">í</w>
            <w lemma="öruggur" type="lheþsf">öruggu</w>
            <w lemma="umhverfi" type="nheþ">umhverfi</w>
            <w lemma="þurfa" type="svg3en">þurfi</w>
            <w lemma="hún" type="fpven">hún</w>
            <w lemma="5" type="ta">5</w>
            <w lemma="mismunandi" type="lvfoof">mismunandi</w>
            <w lemma="heimild" type="nvfo">heimildir</w>
            <w lemma="og" type="c">og</w>
            <w lemma="umsögn" type="nvfo">umsagnir</w>
            <w lemma="og" type="c">og</w>
            <w lemma="þurfa" type="svg3en">þurfi</w>
            <w lemma="meðal" type="af">meðal</w>
            <w lemma="annar" type="fohee">annars</w>
            <w lemma="að" type="cn">að</w>
            <w lemma="framvísa" type="sng">framvísa</w>
            <w lemma="slíkur" type="fbveþ">slíkri</w>
            <w lemma="trygging" type="nveþ">tryggingu</w>
            <c type="pl">.</c>
          </s>
        </p>
      </div1>
    </body>
  </text>
</TEI>
