<?xml version="1.0" encoding="utf-8"?>
<TEI xmlns="http://www.tei-c.org/ns/1.0">
  <teiHeader>
    <fileDesc>
      <titleStmt>
        <title>
          <title type="main">Vantraust, svik fjórflokksins, framsóknarmadamman og málefnaþurrð</title>
        </title>
        <respStmt>
          <resp xml:lang="is">Söfnun og úrvinnsla texta</resp>
          <resp xml:lang="en">Collection and processing of text</resp>
          <name xml:lang="is">Stofnun Árna Magnússonar í íslenskum fræðum</name>
          <name xml:lang="en">The Arni Magnusson Institute for Icelandic Studies</name>
        </respStmt>
      </titleStmt>
      <editionStmt>
        <p xml:lang="is">Íslensk risamálheild (2019)</p>
        <p xml:lang="en">Tagged Icelandic Gigaword Corpus (2019)</p>
      </editionStmt>
      <publicationStmt>
        <distributor xml:lang="is">Stofnun Árna Magnússonar í íslenskum fræðum</distributor>
        <distributor xml:lang="en">The Arni Magnusson Institute for Icelandic Studies</distributor>
        <address>
          <addrLine xml:lang="is">Árnagarður við Suðurgötu, 107 Reykjavík, Íslandi</addrLine>
          <addrLine xml:lang="en">Árnagarður Suðurgata, 107 Reykjavik, Iceland</addrLine>
          <addrLine>
            <email>arnastofnun@arnastofnun.is</email>
          </addrLine>
        </address>
        <idno type="risam">G-25-2517757</idno>
        <availability>
          <p xml:lang="is">Þessi texti er til notkunar í málrannsóknum og máltækniverkefnum um allan heim með sérstöku leyfi, sjá rmh2Hdr.xml</p>
          <p xml:lang="en">This text is available for use in language research and language technology projects world wide with a special license, see rmh2Hdr.xml</p>
        </availability>
        <date>2020-05-26</date>
      </publicationStmt>
      <sourceDesc>
        <biblStruct>
          <analytic>
            <title>
              <title type="main">Vantraust, svik fjórflokksins, framsóknarmadamman og málefnaþurrð</title>
            </title>
            <date when="2013-03-07T12:00:00">07.03 2013 kl. 12:00:00</date>
          </analytic>
          <monogr>
            <title>Bylgjan</title>
            <imprint>
              <publisher>365 miðlar hf.</publisher>
              <pubPlace>Reykjavík</pubPlace>
            </imprint>
          </monogr>
        </biblStruct>
      </sourceDesc>
    </fileDesc>
    <encodingDesc>
      <projectDesc>
        <p xml:lang="is">Sjá lýsingu á verkefninu í rmh2Hdr.xml.</p>
        <p xml:lang="en">See description of project in rmh2Hdr.xml.</p>
      </projectDesc>
      <tagsDecl>
        <namespace name="http://www.tei-c.org/ns/1.0">
          <tagUsage gi="text" occurs="1"/>
          <tagUsage gi="body" occurs="1"/>
          <tagUsage gi="div1" occurs="1"/>
          <tagUsage gi="p" occurs="11"/>
          <tagUsage gi="s" occurs="17"/>
          <tagUsage gi="w" occurs="376"/>
          <tagUsage gi="c" occurs="37"/>
        </namespace>
      </tagsDecl>
    </encodingDesc>
    <profileDesc>
     <textClass>
      <keywords scheme="#RMH">
       <list>
        <item>Frétt – almennt</item>
       </list>
      </keywords>
     </textClass>
    </profileDesc>
  </teiHeader>
  <text>
    <body>
      <div1>
        <p n="1">
          <s n="1">
            <w lemma="vantrauststillaga" type="nven">Vantrauststillaga</w>
            <w lemma="Þór" type="nken-s">Þór</w>
            <w lemma="saari" type="nken">Saari</w>
            <w lemma="á" type="af">á</w>
            <w lemma="ríkisstjórn" type="nveog">ríkisstjórnina</w>
            <w lemma="munu" type="sfg3en">mun</w>
            <w lemma="endanlega" type="aa">endanlega</w>
            <w lemma="gera" type="sng">gera</w>
            <w lemma="út" type="aa">út</w>
            <w lemma="um" type="af">um</w>
            <w lemma="stjórnarskrármál" type="nheog">stjórnarskrármálið</w>
            <w lemma="verða" type="svg3en">verði</w>
            <w lemma="hún" type="fpven">hún</w>
            <w lemma="samþykkja" type="sþgven">samþykkt</w>
            <c type="pl">.</c>
          </s>
          <s n="2">
            <w lemma="þessi" type="fahen">Þetta</w>
            <w lemma="koma" type="sfg3eþ">kom</w>
            <w lemma="fram" type="aa">fram</w>
            <w lemma="í" type="af">í</w>
            <w lemma="mál" type="nheþ">máli</w>
            <w lemma="þingmaður" type="nkee">þingmanns</w>
            <w lemma="Samfylkingin" type="nveegs">Samfylkingarinnar</w>
            <w lemma="á" type="af">á</w>
            <w lemma="Alþingi" type="nheþ-s">Alþingi</w>
            <w lemma="í" type="af">í</w>
            <w lemma="morgunn" type="nkeo">morgun</w>
            <c type="pl">.</c>
          </s>
          <s n="3">
            <w lemma="stjórnarliði" type="nkfn">Stjórnarliðar</w>
            <w lemma="gagnrýna" type="sfg3fþ">gagnrýndu</w>
            <w lemma="sáttatilboð" type="nheo">sáttatilboð</w>
            <w lemma="Framsóknarmaður" type="nkfe-s">Framsóknarmanna</w>
            <w lemma="harðlega" type="aa">harðlega</w>
            <w lemma="og" type="c">og</w>
            <w lemma="saka" type="sfg3fþ">sökuðu</w>
            <w lemma="hann" type="fpkfo">þá</w>
            <w lemma="um" type="af">um</w>
            <w lemma="að" type="cn">að</w>
            <w lemma="ganga" type="sng">ganga</w>
            <w lemma="erindi" type="nhfe">erinda</w>
            <w lemma="kvótaeigandi" type="nkfe">kvótaeigenda</w>
            <w lemma="og" type="c">og</w>
            <w lemma="slá" type="sng">slá</w>
            <w lemma="skjaldborg" type="nveo">skjaldborg</w>
            <w lemma="um" type="af">um</w>
            <w lemma="einkaréttur" type="nkeo">einkarétt</w>
            <w lemma="á" type="af">á</w>
            <w lemma="auðlind" type="nvfþ">auðlindum</w>
            <c type="pl">.</c>
          </s>
        </p>
        <p n="2">
          <s n="1">
            <w lemma="vantrauststillaga" type="nven">Vantrauststillaga</w>
            <w lemma="Þór" type="nken-s">Þór</w>
            <w lemma="Saari" type="nken-s">Saari</w>
            <w lemma="vera" type="sfg3en">er</w>
            <w lemma="ekki" type="aa">ekki</w>
            <w lemma="á" type="af">á</w>
            <w lemma="dagskrá" type="nveþ">dagskrá</w>
            <w lemma="Alþingi" type="nhee-s">Alþingis</w>
            <w lemma="í" type="af">í</w>
            <w lemma="dagur" type="nkeo">dag</w>
            <w lemma="líkt" type="aa">líkt</w>
            <w lemma="og" type="c">og</w>
            <w lemma="Þór" type="nken-s">Þór</w>
            <w lemma="óska" type="svg3eþ">óskaði</w>
            <w lemma="eftir" type="aa">eftir</w>
            <w lemma="en" type="c">en</w>
            <w lemma="samkvæmt" type="af">samkvæmt</w>
            <w lemma="þingsköp" type="nhfþ">þingsköpum</w>
            <w lemma="þurfa" type="sfg3fn">þurfa</w>
            <w lemma="mál" type="nhfn">mál</w>
            <w lemma="að" type="cn">að</w>
            <w lemma="liggja" type="sng">liggja</w>
            <w lemma="fram" type="aa">fram</w>
            <w lemma="í" type="af">í</w>
            <w lemma="að" type="af">að</w>
            <w lemma="lítill" type="lkeþve">minnsta</w>
            <w lemma="kostur" type="nkeþ">kosti</w>
            <w lemma="tveir" type="tfvfn">tvær</w>
            <w lemma="nótt" type="nvfn">nætur</w>
            <w lemma="áður" type="aa">áður</w>
            <w lemma="en" type="c">en</w>
            <w lemma="það" type="fphfn">þau</w>
            <w lemma="vera" type="sfg3fn">eru</w>
            <w lemma="taka" type="sþghfn">tekin</w>
            <w lemma="til" type="af">til</w>
            <w lemma="umræða" type="nvee">umræðu</w>
            <c type="pl">.</c>
          </s>
          <s n="2">
            <w lemma="Magnús" type="nken-s">Magnús</w>
            <w lemma="Orri" type="nken-s">Orri</w>
            <w lemma="Schram" type="nken-s">Schram</w>
            <c type="pk">,</c>
            <w lemma="þingmaður" type="nken">þingmaður</w>
            <w lemma="Samfylkingin" type="nveegs">Samfylkingarinnar</w>
            <c type="pk">,</c>
            <w lemma="segja" type="sfg3eþ">sagði</w>
            <w lemma="á" type="af">á</w>
            <w lemma="Alþingi" type="nheþ-s">Alþingi</w>
            <w lemma="í" type="af">í</w>
            <w lemma="morgunn" type="nkeo">morgun</w>
            <w lemma="að" type="c">að</w>
            <w lemma="tillaga" type="nven">tillaga</w>
            <w lemma="Þór" type="nkee-s">Þórs</w>
            <w lemma="geta" type="svg3eþ">gæti</w>
            <w lemma="mögulega" type="aa">mögulega</w>
            <w lemma="stöðva" type="sþghen">stöðvað</w>
            <w lemma="stjórnarskrármál" type="nheog">stjórnarskrármálið</w>
            <w lemma="endanlega" type="aa">endanlega</w>
            <c type="pl">.</c>
          </s>
        </p>
        <p n="3">
          <s n="1">
            <w lemma="Magnús" type="nken-s">Magnús</w>
            <w lemma="Orri" type="nken-s">Orri</w>
            <w lemma="Schram" type="nken-s">Schram</w>
            <c type="pk">,</c>
            <w lemma="þingmaður" type="nken">þingmaður</w>
            <w lemma="Samfylkingin" type="nveegs">Samfylkingarinnar</w>
            <c type="pa">:</c>
            <w lemma="ég" type="fp1en">Ég</w>
            <w lemma="munu" type="svg1eþ">myndi</w>
            <w lemma="vilja" type="sng">vilja</w>
            <w lemma="hvetja" type="sng">hvetja</w>
            <w lemma="þingmaður" type="nkeog">þingmanninn</w>
            <w lemma="til" type="af">til</w>
            <w lemma="að" type="cn">að</w>
            <w lemma="stíga" type="sng">stíga</w>
            <w lemma="varlega" type="aa">varlega</w>
            <w lemma="til" type="af">til</w>
            <w lemma="jörð" type="nvee">jarðar</w>
            <w lemma="í" type="af">í</w>
            <w lemma="þessi" type="fahfþ">þessum</w>
            <w lemma="efni" type="nhfþ">efnum</w>
            <w lemma="það" type="fpheþ">því</w>
            <w lemma="að" type="c">að</w>
            <w lemma="það" type="fphen">það</w>
            <w lemma="vera" type="sfg3en">er</w>
            <w lemma="morgunljós" type="lhensf">morgunljóst</w>
            <w lemma="að" type="c">að</w>
            <w lemma="ef" type="c">ef</w>
            <w lemma="vantrauststillaga" type="nven">vantrauststillaga</w>
            <w lemma="þingmaður" type="nkeeg">þingmannsins</w>
            <w lemma="verða" type="sfg3en">verður</w>
            <w lemma="samþykkja" type="sþgven">samþykkt</w>
            <c type="pk">,</c>
            <w lemma="og" type="c">og</w>
            <w lemma="ekki" type="aa">ekki</w>
            <w lemma="vera" type="sfg3en">er</w>
            <w lemma="búinn" type="lhensf">búið</w>
            <w lemma="að" type="cn">að</w>
            <w lemma="tryggja" type="sng">tryggja</w>
            <w lemma="mál" type="nheþg">málinu</w>
            <w lemma="framhaldslíf" type="nheo">framhaldslíf</w>
            <c type="pk">,</c>
            <w lemma="að" type="c">að</w>
            <w lemma="þá" type="aa">þá</w>
            <w lemma="verða" type="sfg3en">verður</w>
            <w lemma="ábyrgð" type="nveng">ábyrgðin</w>
            <w lemma="á" type="af">á</w>
            <w lemma="það" type="fpheþ">því</w>
            <w lemma="að" type="cn">að</w>
            <w lemma="hafa" type="sng">hafa</w>
            <w lemma="stöðva" type="sþghen">stöðvað</w>
            <w lemma="stjórnarskrármál" type="nheog">stjórnarskrármálið</w>
            <w lemma="hjá" type="af">hjá</w>
            <w lemma="einn" type="tfkeþ">einum</w>
            <w lemma="þingmaður" type="nkeþ">þingmanni</w>
            <c type="pk">,</c>
            <w lemma="og" type="c">og</w>
            <w lemma="bara" type="aa">bara</w>
            <w lemma="einn" type="tfkeþ">einum</w>
            <w lemma="þingmaður" type="nkeþ">þingmanni</w>
            <c type="pl">.</c>
          </s>
        </p>
        <p n="4">
          <s n="1">
            <w lemma="Birgitta" type="nven-s">Birgitta</w>
            <w lemma="Jónsdóttir" type="nven-s">Jónsdóttir</w>
            <c type="pk">,</c>
            <w lemma="þingmaður" type="nken">þingmaður</w>
            <w lemma="Hreyfingin" type="nveegs">Hreyfingarinnar</w>
            <c type="pk">,</c>
            <w lemma="segja" type="sfg3eþ">sagði</w>
            <w lemma="að" type="c">að</w>
            <w lemma="fjórflokkur" type="nkeng">fjórflokkurinn</w>
            <w lemma="vera" type="svg3eþ">væri</w>
            <w lemma="að" type="cn">að</w>
            <w lemma="setja" type="sng">setja</w>
            <w lemma="stjórnarskrármál" type="nheog">stjórnarskrármálið</w>
            <w lemma="í" type="af">í</w>
            <w lemma="tætari" type="nkeþ">tætara</w>
            <c type="pl">.</c>
          </s>
        </p>
        <p n="5">
          <s n="1">
            <w lemma="Birgitta" type="nven-s">Birgitta</w>
            <w lemma="Jónsdóttir" type="nven-s">Jónsdóttir</w>
            <c type="pk">,</c>
            <w lemma="þingmaður" type="nken">þingmaður</w>
            <w lemma="Hreyfingin" type="nveegs">Hreyfingarinnar</w>
            <c type="pa">:</c>
            <w lemma="svona" type="lhfnof">Svona</w>
            <w lemma="tækifæri" type="nhfn">tækifæri</w>
            <w lemma="munu" type="sfg3fn">munu</w>
            <w lemma="ekki" type="aa">ekki</w>
            <w lemma="bjóða" type="snm">bjóðast</w>
            <w lemma="aftur" type="aa">aftur</w>
            <w lemma="nema" type="c">nema</w>
            <w lemma="fólk" type="nhen">fólk</w>
            <w lemma="skilja" type="svg3en">skilji</w>
            <w lemma="að" type="c">að</w>
            <w lemma="þessi" type="fahfn">þessi</w>
            <w lemma="svik" type="nhfn">svik</w>
            <w lemma="fjórflokk" type="nheeg">fjórflokksins</w>
            <w lemma="vera" type="sfg3fn">eru</w>
            <w lemma="síendurtekinn" type="lhensf">síendurtekið</w>
            <w lemma="stef" type="nhen">stef</w>
            <w lemma="sem" type="ct">sem</w>
            <w lemma="munu" type="sfg3en">mun</w>
            <w lemma="ekki" type="aa">ekki</w>
            <w lemma="breyta" type="snm">breytast</w>
            <w lemma="nema" type="c">nema</w>
            <w lemma="með" type="af">með</w>
            <w lemma="samspilltur" type="lheþsf">samspilltu</w>
            <w lemma="átæki" type="nheþ">átæki</w>
            <w lemma="til" type="af">til</w>
            <w lemma="að" type="cn">að</w>
            <w lemma="taka" type="sng">taka</w>
            <w lemma="geðræðislegu" type="x">geðræðislegu</w>
            <w lemma="vald" type="nhfog">völdin</w>
            <w lemma="af" type="af">af</w>
            <w lemma="valdhafi" type="nkfþ">valdhöfum</w>
            <c type="pl">.</c>
          </s>
        </p>
        <p n="6">
          <s n="1">
            <w lemma="þingflokkur" type="nken">Þingflokkur</w>
            <w lemma="Framsóknarmaður" type="nkfe-s">Framsóknarmanna</w>
            <w lemma="leggja" type="sfg3eþ">lagði</w>
            <w lemma="í" type="aa">í</w>
            <w lemma="gær" type="aa">gær</w>
            <w lemma="fram" type="aa">fram</w>
            <w lemma="sáttatillaga" type="nveo">sáttatillögu</w>
            <w lemma="í" type="af">í</w>
            <w lemma="stjórnarskrármál" type="nheþg">stjórnarskrármálinu</w>
            <w lemma="sem" type="ct">sem</w>
            <w lemma="fela" type="sfg3en">felur</w>
            <w lemma="í" type="af">í</w>
            <w lemma="sig" type="fpkeþ">sér</w>
            <w lemma="að" type="c">að</w>
            <w lemma="Alþingi" type="nhen-s">Alþingi</w>
            <w lemma="samþykkja" type="svg3en">samþykki</w>
            <w lemma="nýr" type="lheosf">nýtt</w>
            <w lemma="auðlindaákvæði" type="nheo">auðlindaákvæði</w>
            <w lemma="og" type="c">og</w>
            <w lemma="að" type="c">að</w>
            <w lemma="formaður" type="nkfn">formenn</w>
            <w lemma="allur" type="fokfe">allra</w>
            <w lemma="flokkur" type="nkfe">flokka</w>
            <w lemma="tryggja" type="svg3fn">tryggi</w>
            <w lemma="mál" type="nheþg">málinu</w>
            <w lemma="framhaldslíf" type="nheo">framhaldslíf</w>
            <w lemma="á" type="af">á</w>
            <w lemma="næstur" type="lheþve">næsta</w>
            <w lemma="kjörtímabil" type="nheþ">kjörtímabili</w>
            <c type="pl">.</c>
          </s>
          <s n="2">
            <w lemma="þingmaður" type="nkfn">Þingmenn</w>
            <w lemma="stjórnarflokkur" type="nkfeg">stjórnarflokkanna</w>
            <w lemma="gagnrýna" type="sfg3fþ">gagnrýndu</w>
            <w lemma="þessi" type="faheo">þetta</w>
            <w lemma="tilboð" type="nheo">tilboð</w>
            <w lemma="og" type="c">og</w>
            <w lemma="saka" type="sfg3fþ">sökuðu</w>
            <w lemma="Framsóknarmaður" type="nkfn-s">Framsóknarmenn</w>
            <w lemma="um" type="af">um</w>
            <w lemma="að" type="cn">að</w>
            <w lemma="ganga" type="sng">ganga</w>
            <w lemma="erindi" type="nhfe">erinda</w>
            <w lemma="kvótaeigandi" type="nkfe">kvótaeigenda</w>
            <c type="pl">.</c>
          </s>
        </p>
        <p n="7">
          <s n="1">
            <w lemma="ónafngreindur" type="lkensf">Ónafngreindur</w>
            <w lemma="ræðumaður" type="nken">ræðumaður</w>
            <c type="pa">:</c>
            <w lemma="Framsóknarflokkur" type="nkengs">Framsóknarflokkurinn</w>
            <w lemma="slá" type="sfg3en">slær</w>
            <w lemma="skjaldborg" type="nveo">skjaldborg</w>
            <w lemma="um" type="af">um</w>
            <w lemma="óbeinn" type="lkeosf">óbeinan</w>
            <w lemma="einkaeignarréttur" type="nkeo">einkaeignarrétt</w>
            <w lemma="á" type="af">á</w>
            <w lemma="auðlind" type="nvfþg">auðlindunum</w>
            <c type="pl">.</c>
          </s>
          <s n="2">
            <w lemma="nú" type="aa">Nú</w>
            <w lemma="vera" type="sfg3en">er</w>
            <w lemma="gríma" type="nven">gríma</w>
            <w lemma="gamall" type="lveevf">gömlu</w>
            <w lemma="framsóknarmadamma" type="nveeg">framsóknarmadömmunnar</w>
            <w lemma="falla" type="sþgven">fallin</w>
            <w lemma="það" type="fpheþ">því</w>
            <w lemma="þessi" type="faken">þessi</w>
            <w lemma="stjórnmálaflokkur" type="nken">stjórnmálaflokkur</w>
            <w lemma="vera" type="sfg3en">er</w>
            <w lemma="náttúrulega" type="aa">náttúrulega</w>
            <w lemma="gamall" type="lkensf">gamall</w>
            <w lemma="valdaklíkuflokkur" type="nken">valdaklíkuflokkur</w>
            <w lemma="og" type="c">og</w>
            <w lemma="það" type="fphen">það</w>
            <w lemma="vera" type="sfg3en">er</w>
            <w lemma="koma" type="sþghen">komið</w>
            <w lemma="í" type="af">í</w>
            <w lemma="ljós" type="nheo">ljós</w>
            <c type="pl">.</c>
          </s>
        </p>
        <p n="8">
          <s n="1">
            <w lemma="Vigdís" type="nven-s">Vigdís</w>
            <w lemma="Hauksdóttir" type="nven-s">Hauksdóttir</w>
            <c type="pk">,</c>
            <w lemma="þingmaður" type="nken">þingmaður</w>
            <w lemma="Framsóknarflokkur" type="nkee-s">Framsóknarflokks</w>
            <c type="pk">,</c>
            <w lemma="segja" type="sfg3eþ">sagði</w>
            <w lemma="að" type="c">að</w>
            <w lemma="Alþingi" type="nhen-s">Alþingi</w>
            <w lemma="eiga" type="svg3eþ">ætti</w>
            <w lemma="frekar" type="aam">frekar</w>
            <w lemma="að" type="cn">að</w>
            <w lemma="beina" type="sng">beina</w>
            <w lemma="sjón" type="nvfþ">sjónum</w>
            <w lemma="sinn" type="fevfþ">sínum</w>
            <w lemma="að" type="af">að</w>
            <w lemma="staða" type="nveþ">stöðu</w>
            <w lemma="heimili" type="nhfeg">heimilanna</w>
            <w lemma="en" type="c">en</w>
            <w lemma="að" type="cn">að</w>
            <w lemma="eyða" type="sng">eyða</w>
            <w lemma="tími" type="nkeþ">tíma</w>
            <w lemma="í" type="af">í</w>
            <w lemma="umræða" type="nveþ">umræðu</w>
            <w lemma="um" type="af">um</w>
            <w lemma="nýr" type="lveosf">nýja</w>
            <w lemma="stjórnarskrá" type="nveo">stjórnarskrá</w>
            <c type="pl">.</c>
          </s>
        </p>
        <p n="9">
          <s n="1">
            <w lemma="Vigdís" type="nven-s">Vigdís</w>
            <w lemma="Hauksdóttir" type="nven-s">Hauksdóttir</w>
            <c type="pk">,</c>
            <w lemma="þingmaður" type="nken">þingmaður</w>
            <w lemma="Framsóknarflokkur" type="nkeegs">Framsóknarflokksins</w>
            <c type="pa">:</c>
            <w lemma="ég" type="fp1en">Ég</w>
            <w lemma="hafa" type="sfg1en">hef</w>
            <w lemma="stundum" type="aa">stundum</w>
            <w lemma="segja" type="sþghen">sagt</w>
            <w lemma="að" type="c">að</w>
            <w lemma="forgangsröðun" type="nveng">forgangsröðunin</w>
            <w lemma="hér" type="aa">hér</w>
            <w lemma="í" type="af">í</w>
            <w lemma="þing" type="nheþg">þinginu</w>
            <w lemma="á" type="af">á</w>
            <w lemma="þessi" type="faheþ">þessu</w>
            <w lemma="kjörtímabil" type="nheþ">kjörtímabili</w>
            <w lemma="vera" type="sfg3en">er</w>
            <w lemma="dæmalaus" type="lvensf">dæmalaus</w>
            <c type="pl">.</c>
          </s>
          <s n="2">
            <w lemma="ég" type="fp1en">Ég</w>
            <w lemma="hafa" type="sfg1en">hef</w>
            <w lemma="benda" type="sþghen">bent</w>
            <w lemma="á" type="af">á</w>
            <w lemma="það" type="fpheo">það</w>
            <w lemma="að" type="c">að</w>
            <w lemma="það" type="fphen">það</w>
            <w lemma="borða" type="sfg3en">borðar</w>
            <w lemma="enginn" type="foken">enginn</w>
            <w lemma="stjórnarskrá" type="nvfeg">stjórnarskránna</w>
            <c type="pl">.</c>
          </s>
        </p>
        <p n="10">
          <s n="1">
            <w lemma="Sigurður" type="nken-s">Sigurður</w>
            <w lemma="Ingi" type="nken-s">Ingi</w>
            <w lemma="Jóhannsson" type="nken-s">Jóhannsson</w>
            <c type="pk">,</c>
            <w lemma="varaformaður" type="nken">varaformaður</w>
            <w lemma="Framsóknarflokkur" type="nkee-s">Framsóknarflokks</w>
            <c type="pk">,</c>
            <w lemma="saka" type="sfg3eþ">sakaði</w>
            <w lemma="stjórnmálaflokkur" type="nkfog">stjórnmálaflokkana</w>
            <w lemma="um" type="af">um</w>
            <w lemma="málefnaþurrð" type="nheo">málefnaþurrð</w>
            <c type="pl">.</c>
          </s>
        </p>
        <p n="11">
          <s n="1">
            <w lemma="Sigurður" type="nken-s">Sigurður</w>
            <w lemma="Ingi" type="nken-s">Ingi</w>
            <w lemma="Jóhannsson" type="nken-s">Jóhannsson</w>
            <c type="pk">,</c>
            <w lemma="varaformaður" type="nken">varaformaður</w>
            <w lemma="Framsóknarflokkur" type="nkeegs">Framsóknarflokksins</w>
            <c type="pa">:</c>
            <w lemma="Dapurt" type="n----s">Dapurt</w>
            <w lemma="að" type="cn">að</w>
            <w lemma="hlusta" type="sng">hlusta</w>
            <w lemma="á" type="af">á</w>
            <w lemma="málefnaþurrð" type="nveo">málefnaþurrð</w>
            <w lemma="þingmaður" type="nkfe">þingmanna</w>
            <w lemma="stjórnarflokkur" type="nkfeg">stjórnarflokkanna</w>
            <w lemma="þar" type="aa">þar</w>
            <w lemma="sem" type="c">sem</w>
            <w lemma="hann" type="fpkfn">þeir</w>
            <w lemma="koma" type="sfg3fn">koma</w>
            <w lemma="hér" type="aa">hér</w>
            <w lemma="upp" type="aa">upp</w>
            <w lemma="með" type="af">með</w>
            <w lemma="hreinn" type="lhfnsf">hrein</w>
            <w lemma="ósannindi" type="nhfn">ósannindi</w>
            <w lemma="og" type="c">og</w>
            <w lemma="hafa" type="sfg3fn">hafa</w>
            <w lemma="ekki" type="aa">ekki</w>
            <w lemma="neinn" type="foheo">neitt</w>
            <w lemma="annar" type="foheo">annað</w>
            <w lemma="góður" type="lheevm">betra</w>
            <w lemma="mál" type="nhfþ">málum</w>
            <w lemma="fram" type="aa">fram</w>
            <w lemma="að" type="cn">að</w>
            <w lemma="færa" type="sng">færa</w>
            <w lemma="en" type="c">en</w>
            <w lemma="að" type="cn">að</w>
            <w lemma="ráða" type="snm">ráðast</w>
            <w lemma="með" type="af">með</w>
            <w lemma="ósannindi" type="nhfþ">ósannindum</w>
            <w lemma="að" type="af">að</w>
            <w lemma="annar" type="fokfþ">öðrum</w>
            <w lemma="flokkur" type="nkfþ">flokkum</w>
            <w lemma="og" type="c">og</w>
            <w lemma="rangtúlkun" type="nvfþ">rangtúlkunum</w>
            <c type="pl">.</c>
          </s>
        </p>
      </div1>
    </body>
  </text>
</TEI>
