<?xml version="1.0" encoding="utf-8"?>
<TEI xmlns="http://www.tei-c.org/ns/1.0">
  <teiHeader>
    <fileDesc>
      <titleStmt>
        <title>
          <title type="main">Alþingi kom saman í morgun til fundar</title>
        </title>
        <respStmt>
          <resp xml:lang="is">Söfnun og úrvinnsla texta</resp>
          <resp xml:lang="en">Collection and processing of text</resp>
          <name xml:lang="is">Stofnun Árna Magnússonar í íslenskum fræðum</name>
          <name xml:lang="en">The Arni Magnusson Institute for Icelandic Studies</name>
        </respStmt>
      </titleStmt>
      <editionStmt>
        <p xml:lang="is">Íslensk risamálheild (2019)</p>
        <p xml:lang="en">Tagged Icelandic Gigaword Corpus (2019)</p>
      </editionStmt>
      <publicationStmt>
        <distributor xml:lang="is">Stofnun Árna Magnússonar í íslenskum fræðum</distributor>
        <distributor xml:lang="en">The Arni Magnusson Institute for Icelandic Studies</distributor>
        <address>
          <addrLine xml:lang="is">Árnagarður við Suðurgötu, 107 Reykjavík, Íslandi</addrLine>
          <addrLine xml:lang="en">Árnagarður Suðurgata, 107 Reykjavik, Iceland</addrLine>
          <addrLine>
            <email>arnastofnun@arnastofnun.is</email>
          </addrLine>
        </address>
        <idno type="risam">G-25-2518109</idno>
        <availability>
          <p xml:lang="is">Þessi texti er til notkunar í málrannsóknum og máltækniverkefnum um allan heim með sérstöku leyfi, sjá rmh2Hdr.xml</p>
          <p xml:lang="en">This text is available for use in language research and language technology projects world wide with a special license, see rmh2Hdr.xml</p>
        </availability>
        <date>2020-05-26</date>
      </publicationStmt>
      <sourceDesc>
        <biblStruct>
          <analytic>
            <title>
              <title type="main">Alþingi kom saman í morgun til fundar</title>
            </title>
            <date when="2013-03-21T12:00:00">21.03 2013 kl. 12:00:00</date>
          </analytic>
          <monogr>
            <title>Bylgjan</title>
            <imprint>
              <publisher>365 miðlar hf.</publisher>
              <pubPlace>Reykjavík</pubPlace>
            </imprint>
          </monogr>
        </biblStruct>
      </sourceDesc>
    </fileDesc>
    <encodingDesc>
      <projectDesc>
        <p xml:lang="is">Sjá lýsingu á verkefninu í rmh2Hdr.xml.</p>
        <p xml:lang="en">See description of project in rmh2Hdr.xml.</p>
      </projectDesc>
      <tagsDecl>
        <namespace name="http://www.tei-c.org/ns/1.0">
          <tagUsage gi="text" occurs="1"/>
          <tagUsage gi="body" occurs="1"/>
          <tagUsage gi="div1" occurs="1"/>
          <tagUsage gi="p" occurs="9"/>
          <tagUsage gi="s" occurs="19"/>
          <tagUsage gi="w" occurs="546"/>
          <tagUsage gi="c" occurs="36"/>
        </namespace>
      </tagsDecl>
    </encodingDesc>
    <profileDesc>
     <textClass>
      <keywords scheme="#RMH">
       <list>
        <item>Frétt – almennt</item>
       </list>
      </keywords>
     </textClass>
    </profileDesc>
  </teiHeader>
  <text>
    <body>
      <div1>
        <p n="1">
          <s n="1">
            <w lemma="Alþingi" type="nhen-s">Alþingi</w>
            <w lemma="koma" type="sfg3fn">koma</w>
            <w lemma="saman" type="aa">saman</w>
            <w lemma="til" type="af">til</w>
            <w lemma="fundur" type="nkee">fundar</w>
            <w lemma="í" type="af">í</w>
            <w lemma="morgunn" type="nkeo">morgun</w>
            <w lemma="til" type="af">til</w>
            <w lemma="atkvæðagreiðsla" type="nvee">atkvæðagreiðslu</w>
            <w lemma="um" type="af">um</w>
            <w lemma="12" type="ta">12</w>
            <w lemma="mál" type="nhfo">mál</w>
            <w lemma="en" type="c">en</w>
            <w lemma="að" type="af">að</w>
            <w lemma="atkvæðagreiðsla" type="nvfþ">atkvæðagreiðslum</w>
            <w lemma="lokinn" type="lvfþsf">loknum</w>
            <w lemma="hefja" type="sfm3eþ">hófst</w>
            <w lemma="umræða" type="nven">umræða</w>
            <w lemma="um" type="af">um</w>
            <w lemma="stjórnarskrárfrumvarp" type="nheo">stjórnarskrárfrumvarp</w>
            <w lemma="formaður" type="nkfe">formanna</w>
            <w lemma="Samfylking" type="nvee-s">Samfylkingar</w>
            <c type="pk">,</c>
            <w lemma="Vinstri-grænn" type="lkfesf">Vinstri-grænna</w>
            <w lemma="og" type="c">og</w>
            <w lemma="Bjartur" type="nkfn-s">Bjartrar</w>
            <w lemma="framtíð" type="nvee">framtíðar</w>
            <c type="pl">.</c>
          </s>
          <s n="2">
            <w lemma="en" type="c">En</w>
            <w lemma="enginn" type="fohen">ekkert</w>
            <w lemma="samkomulag" type="nhen">samkomulag</w>
            <w lemma="vera" type="sfg3en">er</w>
            <w lemma="um" type="af">um</w>
            <w lemma="að" type="cn">að</w>
            <w lemma="ljúka" type="sng">ljúka</w>
            <w lemma="umræða" type="nvfþ">umræðum</w>
            <w lemma="um" type="af">um</w>
            <w lemma="sá" type="faheo">það</w>
            <w lemma="mál" type="nheo">mál</w>
            <w lemma="og" type="c">og</w>
            <w lemma="því" type="aa">því</w>
            <w lemma="vera" type="sfg3en">er</w>
            <w lemma="líklegur" type="lhensf">líklegt</w>
            <w lemma="að" type="c">að</w>
            <w lemma="þrátefli" type="nhen">þrátefli</w>
            <w lemma="hefja" type="svm3fn">hefjist</w>
            <w lemma="á" type="aa">á</w>
            <w lemma="ný" type="aa">ný</w>
            <w lemma="við" type="af">við</w>
            <w lemma="Sjálfstæðis-" type="x">Sjálfstæðis-</w>
            <w lemma="og" type="c">og</w>
            <w lemma="Framsóknarflokkur" type="nkeo-s">Framsóknarflokk</w>
            <c type="pl">.</c>
          </s>
        </p>
        <p n="2">
          <s n="1">
            <w lemma="Ásta" type="nven-s">Ásta</w>
            <w lemma="Ragnheiður" type="nven-s">Ragnheiður</w>
            <w lemma="Jóhannesdóttir" type="nven-s">Jóhannesdóttir</w>
            <c type="pk">,</c>
            <w lemma="forseti" type="nken">forseti</w>
            <w lemma="Alþingi" type="nhee-s">Alþingis</w>
            <w lemma="þrýsta" type="sfg3eþ">þrýsti</w>
            <w lemma="á" type="af">á</w>
            <w lemma="leiðtogi" type="nkeþ">leiðtoga</w>
            <w lemma="stjórnmálaflokkur" type="nkfeg">stjórnmálaflokkanna</w>
            <w lemma="í" type="aa">í</w>
            <w lemma="gær" type="aa">gær</w>
            <w lemma="með" type="af">með</w>
            <w lemma="það" type="fpheþ">því</w>
            <w lemma="að" type="cn">að</w>
            <w lemma="boða" type="sng">boða</w>
            <w lemma="ekki" type="aa">ekki</w>
            <w lemma="til" type="af">til</w>
            <w lemma="þingfundur" type="nkee">þingfundar</w>
            <w lemma="eftir" type="af">eftir</w>
            <w lemma="að" type="c">að</w>
            <w lemma="stjórnarskrárfrumvarp" type="nhen">stjórnarskrárfrumvarp</w>
            <w lemma="formaður" type="nkfeg">formannanna</w>
            <w lemma="þrír" type="tfkfe">þriggja</w>
            <w lemma="hafa" type="sfg3eþ">hafði</w>
            <w lemma="vera" type="sþghen">verið</w>
            <w lemma="ræða" type="sþghen">rætt</w>
            <w lemma="í" type="af">í</w>
            <w lemma="2" type="ta">2</w>
            <w lemma="dagur" type="nkfo">daga</w>
            <w lemma="með" type="af">með</w>
            <w lemma="fjöldi" type="nkeþ">fjölda</w>
            <w lemma="maður" type="nkee">manns</w>
            <w lemma="á" type="af">á</w>
            <w lemma="mælendaskrá" type="nveþ">mælendaskrá</w>
            <w lemma="og" type="c">og</w>
            <w lemma="enginn" type="fohen">ekkert</w>
            <w lemma="útlit" type="nhen">útlit</w>
            <w lemma="fyrir" type="af">fyrir</w>
            <w lemma="að" type="c">að</w>
            <w lemma="umræða" type="nveþg">umræðunni</w>
            <w lemma="vera" type="svg3eþ">væri</w>
            <w lemma="að" type="cn">að</w>
            <w lemma="ljúka" type="sng">ljúka</w>
            <w lemma="Árni" type="nken-s">Árni</w>
            <w lemma="Páll" type="nken-s">Páll</w>
            <w lemma="Árnason" type="nken-s">Árnason</w>
            <c type="pk">,</c>
            <w lemma="formaður" type="nken">formaður</w>
            <w lemma="Samfylkingin" type="nveegs">Samfylkingarinnar</w>
            <w lemma="og" type="c">og</w>
            <w lemma="Katrín" type="nven-s">Katrín</w>
            <w lemma="Jakobsdóttir" type="nven-s">Jakobsdóttir</w>
            <c type="pk">,</c>
            <w lemma="formaður" type="nken">formaður</w>
            <w lemma="Vinstri-grænn" type="lkfesf">Vinstri-grænna</w>
            <w lemma="segja" type="sfg3fþ">sögðu</w>
            <w lemma="í" type="aa">í</w>
            <w lemma="gær" type="aa">gær</w>
            <w lemma="að" type="c">að</w>
            <w lemma="eðlilegur" type="lhensf">eðlilegt</w>
            <w lemma="vera" type="svg3eþ">væri</w>
            <w lemma="að" type="c">að</w>
            <w lemma="þing" type="nheng">þingið</w>
            <w lemma="afgreiða" type="svg3eþ">afgreiddi</w>
            <w lemma="mál" type="nheo">mál</w>
            <w lemma="sem" type="ct">sem</w>
            <w lemma="sæmilegur" type="lvensf">sæmileg</w>
            <w lemma="samstaða" type="nven">samstaða</w>
            <w lemma="vera" type="svg3eþ">væri</w>
            <w lemma="um" type="aa">um</w>
            <w lemma="og" type="c">og</w>
            <w lemma="við" type="af">við</w>
            <w lemma="upphaf" type="nheo">upphaf</w>
            <w lemma="þingfundur" type="nkee">þingfundar</w>
            <w lemma="í" type="af">í</w>
            <w lemma="morgunn" type="nkeo">morgun</w>
            <w lemma="vera" type="sfg3fþ">voru</w>
            <w lemma="11" type="ta">11</w>
            <w lemma="frumvarp" type="nhfn">frumvörp</w>
            <w lemma="og" type="c">og</w>
            <w lemma="einn" type="tfven">ein</w>
            <w lemma="þingsályktunartillaga" type="nven">þingsályktunartillaga</w>
            <w lemma="til" type="af">til</w>
            <w lemma="atkvæðagreiðsla" type="nvee">atkvæðagreiðslu</w>
            <w lemma="en" type="c">en</w>
            <w lemma="þrettándi" type="lhenvf">þrettánda</w>
            <w lemma="mál" type="nheng">málið</w>
            <w lemma="vera" type="sfg3en">er</w>
            <w lemma="stjórnarskrárfrumvarp" type="nhen">stjórnarskrárfrumvarp</w>
            <w lemma="formaður" type="nkfeg">formannanna</w>
            <c type="pl">.</c>
          </s>
        </p>
        <p n="3">
          <s n="1">
            <w lemma="Árni" type="nken-s">Árni</w>
            <w lemma="Páll" type="nken-s">Páll</w>
            <w lemma="Árnason" type="nken-s">Árnason</w>
            <c type="pk">,</c>
            <w lemma="formaður" type="nken">formaður</w>
            <w lemma="Samfylkingin" type="nveegs">Samfylkingarinnar</w>
            <c type="pa">:</c>
            <w lemma="og" type="c">Og</w>
            <w lemma="það" type="fphen">það</w>
            <w lemma="vera" type="sfg3en">er</w>
            <w lemma="auðvitað" type="aa">auðvitað</w>
            <w lemma="eðlilegur" type="lhensf">eðlilegt</w>
            <w lemma="að" type="c">að</w>
            <w lemma="þingstarf" type="nhfng">þingstörfin</w>
            <w lemma="geta" type="svg3fn">geti</w>
            <w lemma="halda" type="sþghen">haldið</w>
            <w lemma="einhver" type="foheo">eitthvað</w>
            <w lemma="áfram" type="aa">áfram</w>
            <w lemma="og" type="c">og</w>
            <w lemma="svo" type="aa">svo</w>
            <w lemma="verða" type="sfg1fn">verðum</w>
            <w lemma="ég" type="fp1fn">við</w>
            <w lemma="að" type="cn">að</w>
            <w lemma="reyna" type="sng">reyna</w>
            <w lemma="að" type="cn">að</w>
            <w lemma="finna" type="sng">finna</w>
            <w lemma="niðurstaða" type="nveo">niðurstöðu</w>
            <w lemma="sem" type="ct">sem</w>
            <w lemma="að" type="c">að</w>
            <w lemma="geta" type="sfg3en">getur</w>
            <w lemma="gera" type="sþghen">gert</w>
            <w lemma="ég" type="fp1fþ">okkur</w>
            <w lemma="kleifur" type="lheosf">kleift</w>
            <w lemma="að" type="cn">að</w>
            <w lemma="ljúka" type="sng">ljúka</w>
            <w lemma="þingstarf" type="nhfþ">þingstörfum</w>
            <w lemma="með" type="af">með</w>
            <w lemma="fullur" type="lkeþsf">fullum</w>
            <w lemma="sómi" type="nkeþ">sóma</w>
            <c type="pl">.</c>
          </s>
        </p>
        <p n="4">
          <s n="1">
            <w lemma="segja" type="sfg3eþ">Sagði</w>
            <w lemma="Árni" type="nken-s">Árni</w>
            <w lemma="Páll" type="nken-s">Páll</w>
            <w lemma="í" type="aa">í</w>
            <w lemma="gær" type="aa">gær</w>
            <w lemma="en" type="c">en</w>
            <w lemma="enginn" type="fohen">ekkert</w>
            <w lemma="benda" type="sfg3en">bendir</w>
            <w lemma="til" type="af">til</w>
            <w lemma="að" type="c">að</w>
            <w lemma="samkomulag" type="nhen">samkomulag</w>
            <w lemma="um" type="af">um</w>
            <w lemma="sómasamlegur" type="lhfosf">sómasamleg</w>
            <w lemma="lok" type="nhfo">lok</w>
            <w lemma="þingstarf" type="nhfe">þingstarfa</w>
            <w lemma="vera" type="svg3en">sé</w>
            <w lemma="í" type="af">í</w>
            <w lemma="sjónmál" type="nheþ">sjónmáli</w>
            <c type="pl">.</c>
          </s>
          <s n="2">
            <w lemma="en" type="c">En</w>
            <w lemma="vika" type="nven">vika</w>
            <w lemma="og" type="c">og</w>
            <w lemma="jafnvel" type="aa">jafnvel</w>
            <w lemma="klukkustund" type="nvfn">klukkustundir</w>
            <w lemma="geta" type="sfg3fn">geta</w>
            <w lemma="vera" type="sþghen">verið</w>
            <w lemma="langur" type="lkensf">langur</w>
            <w lemma="tími" type="nken">tími</w>
            <w lemma="í" type="af">í</w>
            <w lemma="pólitík" type="nveþ">pólitík</w>
            <w lemma="sérstaklega" type="aa">sérstaklega</w>
            <w lemma="þegar" type="c">þegar</w>
            <w lemma="kosning" type="nvfn">kosningar</w>
            <w lemma="vera" type="sfg3fn">eru</w>
            <w lemma="í" type="af">í</w>
            <w lemma="nánd" type="nveþ">nánd</w>
            <c type="pl">.</c>
          </s>
          <s n="3">
            <w lemma="í" type="af">Í</w>
            <w lemma="frumvarp" type="nheþ">frumvarpi</w>
            <w lemma="formaður" type="nkfeg">formannanna</w>
            <w lemma="vera" type="sfg3en">er</w>
            <w lemma="í" type="af">í</w>
            <w lemma="raun" type="nveþ">raun</w>
            <w lemma="bara" type="aa">bara</w>
            <w lemma="tvennur" type="lhensf">tvennt</w>
            <c type="pl">.</c>
          </s>
          <s n="4">
            <w lemma="nýr" type="lhensf">Nýtt</w>
            <w lemma="breytingarákvæði" type="nhen">breytingarákvæði</w>
            <w lemma="á" type="af">á</w>
            <w lemma="stjórnarskrá" type="nveþ">stjórnarskrá</w>
            <w lemma="og" type="c">og</w>
            <w lemma="auðlindaákvæði" type="nheþ">auðlindaákvæði</w>
            <c type="pl">.</c>
          </s>
        </p>
        <p n="5">
          <s n="1">
            <w lemma="Heimir" type="nken-s">Heimir</w>
            <w lemma="Már" type="nken-s">Már</w>
            <w lemma="Pétursson" type="nken-s">Pétursson</w>
            <c type="pa">:</c>
            <w lemma="vera" type="svg3eþ">Væri</w>
            <w lemma="hægur" type="lhensf">hægt</w>
            <w lemma="að" type="cn">að</w>
            <w lemma="semja" type="sng">semja</w>
            <w lemma="um" type="af">um</w>
            <w lemma="annar" type="lheosf">annað</w>
            <w lemma="ákvæði" type="nheog">ákvæðið</w>
            <w lemma="af" type="af">af</w>
            <w lemma="þessi" type="faheþ">þessu</w>
            <w lemma="tvennur" type="lheþsf">tvennu</w>
            <c type="pl">?</c>
          </s>
        </p>
        <p n="6">
          <s n="1">
            <w lemma="Sigmundur" type="nken-s">Sigmundur</w>
            <w lemma="Davíð" type="nken-s">Davíð</w>
            <w lemma="Gunnlaugsson" type="nken-s">Gunnlaugsson</w>
            <c type="pa">:</c>
            <w lemma="ég" type="fp1fn">Við</w>
            <w lemma="hafa" type="sfg1fn">höfum</w>
            <w lemma="lengi" type="aa">lengi</w>
            <w lemma="leggja" type="sþghen">lagt</w>
            <w lemma="áhersla" type="nveo">áherslu</w>
            <w lemma="á" type="af">á</w>
            <w lemma="mikilvægi" type="nheo">mikilvægi</w>
            <w lemma="það" type="fphee">þess</w>
            <w lemma="að" type="cn">að</w>
            <w lemma="nota" type="sng">nota</w>
            <w lemma="nú" type="aa">nú</w>
            <w lemma="tækifæri" type="nheog">tækifærið</w>
            <w lemma="til" type="af">til</w>
            <w lemma="það" type="fphee">þess</w>
            <w lemma="að" type="cn">að</w>
            <w lemma="ná" type="sng">ná</w>
            <w lemma="saman" type="aa">saman</w>
            <w lemma="um" type="af">um</w>
            <w lemma="breyting" type="nvfo">breytingar</w>
            <c type="pk">,</c>
            <w lemma="um" type="af">um</w>
            <w lemma="auðlindaákvæði" type="nhfo">auðlindaákvæði</w>
            <w lemma="og" type="c">og</w>
            <w lemma="ég" type="fp1fn">við</w>
            <w lemma="hafa" type="sfg1fn">höfum</w>
            <w lemma="tala" type="sþghen">talað</w>
            <w lemma="fyrir" type="af">fyrir</w>
            <w lemma="það" type="fpheþ">því</w>
            <w lemma="mánuður" type="nkfþ">mánuðum</w>
            <w lemma="saman" type="aa">saman</w>
            <w lemma="og" type="c">og</w>
            <w lemma="senda" type="sfg1fn">sendum</w>
            <w lemma="mikill" type="lheovm">meira</w>
            <w lemma="að" type="cn">að</w>
            <w lemma="segja" type="sng">segja</w>
            <w lemma="frá" type="af">frá</w>
            <w lemma="ég" type="fp1fþ">okkur</w>
            <w lemma="sérstakur" type="lveosf">sérstaka</w>
            <w lemma="yfirlýsing" type="nveo">yfirlýsingu</w>
            <w lemma="um" type="af">um</w>
            <w lemma="það" type="fpheo">það</w>
            <w lemma="í" type="af">í</w>
            <w lemma="janúar" type="nkeþ">janúar</w>
            <w lemma="að" type="c">að</w>
            <w lemma="tími" type="nkeng">tíminn</w>
            <w lemma="vera" type="svg3eþ">væri</w>
            <w lemma="að" type="cn">að</w>
            <w lemma="renna" type="sng">renna</w>
            <w lemma="út" type="aa">út</w>
            <w lemma="til" type="af">til</w>
            <w lemma="að" type="cn">að</w>
            <w lemma="klára" type="sng">klára</w>
            <w lemma="það" type="fpheo">það</w>
            <c type="pl">.</c>
          </s>
          <s n="2">
            <w lemma="eftir" type="aa">Eftir</w>
            <w lemma="sem" type="c">sem</w>
            <w lemma="áður" type="aa">áður</w>
            <w lemma="vera" type="sfg1fn">erum</w>
            <w lemma="ég" type="fp1fn">við</w>
            <w lemma="tilbúinn" type="lhfnsf">tilbúin</w>
            <w lemma="til" type="af">til</w>
            <w lemma="það" type="fphee">þess</w>
            <w lemma="að" type="cn">að</w>
            <w lemma="reyna" type="sng">reyna</w>
            <w lemma="að" type="cn">að</w>
            <w lemma="ná" type="sng">ná</w>
            <w lemma="hér" type="aa">hér</w>
            <w lemma="í" type="aa">í</w>
            <w lemma="gegn" type="aa">gegn</w>
            <w lemma="auðlindaákvæði" type="nheþ">auðlindaákvæði</w>
            <w lemma="ef" type="c">ef</w>
            <w lemma="að" type="c">að</w>
            <w lemma="það" type="fphen">það</w>
            <w lemma="vera" type="sfg3en">er</w>
            <w lemma="þá" type="aa">þá</w>
            <w lemma="ákvæði" type="nhen">ákvæði</w>
            <w lemma="sem" type="ct">sem</w>
            <w lemma="að" type="c">að</w>
            <w lemma="maður" type="nkfn">menn</w>
            <w lemma="vera" type="sfg3fn">eru</w>
            <w lemma="ásáttur" type="lkfnsf">ásáttir</w>
            <w lemma="um" type="aa">um</w>
            <w lemma="en" type="c">en</w>
            <w lemma="vera" type="sfg3en">er</w>
            <w lemma="ekki" type="aa">ekki</w>
            <w lemma="mikill" type="lkeþsf">miklum</w>
            <w lemma="vafi" type="nkeþ">vafa</w>
            <w lemma="undirorpinn" type="lhensf">undirorpið</w>
            <w lemma="þannig" type="aa">þannig</w>
            <w lemma="að" type="c">að</w>
            <w lemma="það" type="fphen">það</w>
            <w lemma="þurfa" type="svg3en">þurfi</w>
            <w lemma="ekki" type="aa">ekki</w>
            <w lemma="að" type="cn">að</w>
            <w lemma="fara" type="sng">fara</w>
            <w lemma="í" type="aa">í</w>
            <w lemma="gegnum" type="af">gegnum</w>
            <w lemma="allur" type="foheo">allt</w>
            <w lemma="þessi" type="faheo">þetta</w>
            <w lemma="ferli" type="nheo">ferli</w>
            <w lemma="sem" type="ct">sem</w>
            <w lemma="ekki" type="aa">ekki</w>
            <w lemma="vera" type="sfg3en">er</w>
            <w lemma="tími" type="nken">tími</w>
            <w lemma="fyrir" type="aa">fyrir</w>
            <c type="pl">.</c>
          </s>
        </p>
        <p n="7">
          <s n="1">
            <w lemma="segja" type="sfg3eþ">Sagði</w>
            <w lemma="Sigmundur" type="nken-s">Sigmundur</w>
            <w lemma="Davíð" type="nken-s">Davíð</w>
            <w lemma="Gunnlaugsson" type="nken-s">Gunnlaugsson</w>
            <c type="pk">,</c>
            <w lemma="formaður" type="nken">formaður</w>
            <w lemma="Framsóknarflokkur" type="nkeegs">Framsóknarflokksins</w>
            <c type="pl">.</c>
          </s>
          <s n="2">
            <w lemma="Bjarni" type="nken-s">Bjarni</w>
            <w lemma="Benediktsson" type="nken-s">Benediktsson</w>
            <c type="pk">,</c>
            <w lemma="formaður" type="nken">formaður</w>
            <w lemma="Sjálfstæðisflokkur" type="nkeegs">Sjálfstæðisflokksins</w>
            <w lemma="segja" type="sfm3en">segist</w>
            <w lemma="sannfærður" type="lkensf">sannfærður</w>
            <w lemma="um" type="af">um</w>
            <w lemma="að" type="c">að</w>
            <w lemma="halda" type="sþghen">haldið</w>
            <w lemma="verða" type="svg3en">verði</w>
            <w lemma="áfram" type="aa">áfram</w>
            <w lemma="að" type="cn">að</w>
            <w lemma="vinna" type="sng">vinna</w>
            <w lemma="að" type="af">að</w>
            <w lemma="endurskoðun" type="nveþ">endurskoðun</w>
            <w lemma="stjórnarskrá" type="nveeg">stjórnarskrárinnar</w>
            <w lemma="á" type="af">á</w>
            <w lemma="næstur" type="lheþve">næsta</w>
            <w lemma="kjörtímabil" type="nheþ">kjörtímabili</w>
            <w lemma="óháð" type="af">óháð</w>
            <w lemma="það" type="fpheþ">því</w>
            <w lemma="hver" type="fskfn">hverjir</w>
            <w lemma="verða" type="svg3fn">verði</w>
            <w lemma="í" type="af">í</w>
            <w lemma="stjórn" type="nveþ">stjórn</w>
            <w lemma="og" type="c">og</w>
            <w lemma="mikilvægur" type="lhensf">mikilvægt</w>
            <w lemma="að" type="c">að</w>
            <w lemma="þá" type="aa">þá</w>
            <w lemma="mynda" type="svm3en">myndist</w>
            <w lemma="breiður" type="lvensf">breið</w>
            <w lemma="samstaða" type="nven">samstaða</w>
            <w lemma="um" type="af">um</w>
            <w lemma="breyting" type="nvfo">breytingar</w>
            <w lemma="sem" type="ct">sem</w>
            <w lemma="fara" type="svg3fn">fari</w>
            <w lemma="í" type="af">í</w>
            <w lemma="þjóðaratkvæðagreiðsla" type="nveo">þjóðaratkvæðagreiðslu</w>
            <c type="pl">.</c>
          </s>
        </p>
        <p n="8">
          <s n="1">
            <w lemma="Bjarni" type="nken-s">Bjarni</w>
            <w lemma="Benediktsson" type="nken-s">Benediktsson</w>
            <c type="pk">,</c>
            <w lemma="formaður" type="nken">formaður</w>
            <w lemma="Sjálfstæðisflokkur" type="nkeegs">Sjálfstæðisflokksins</w>
            <c type="pa">:</c>
            <w lemma="en" type="c">En</w>
            <w lemma="ekki" type="aa">ekki</w>
            <w lemma="að" type="c">að</w>
            <w lemma="mál" type="nheng">málið</w>
            <w lemma="verða" type="svg3en">verði</w>
            <w lemma="taka" type="sþghen">tekið</w>
            <w lemma="héðan" type="aa">héðan</w>
            <w lemma="út" type="aa">út</w>
            <w lemma="frá" type="af">frá</w>
            <w lemma="Alþingi" type="nheþ-s">Alþingi</w>
            <w lemma="í" type="af">í</w>
            <w lemma="einhver" type="fokeþ">einhverjum</w>
            <w lemma="mikill" type="lkeþsf">miklum</w>
            <w lemma="ágreiningur" type="nkeþ">ágreiningi</w>
            <w lemma="og" type="c">og</w>
            <w lemma="þjóð" type="nveng">þjóðin</w>
            <w lemma="klofna" type="svg3en">klofni</w>
            <w lemma="svo" type="aa">svo</w>
            <w lemma="í" type="af">í</w>
            <w lemma="afstaða" type="nveþ">afstöðu</w>
            <w lemma="sinn" type="feveþ">sinni</w>
            <w lemma="til" type="af">til</w>
            <w lemma="niðurstaða" type="nveeg">niðurstöðunnar</w>
            <c type="pl">.</c>
          </s>
          <s n="2">
            <w lemma="það" type="fphen">Það</w>
            <w lemma="vera" type="sfg3en">er</w>
            <w lemma="ekki" type="aa">ekki</w>
            <w lemma="þannig" type="aa">þannig</w>
            <c type="pk">,</c>
            <w lemma="það" type="fphen">það</w>
            <w lemma="vera" type="sfg3fn">eru</w>
            <w lemma="ekki" type="aa">ekki</w>
            <w lemma="þannig" type="lvfnof">þannig</w>
            <w lemma="stjórnarskrárbreyting" type="nvfn">stjórnarskrárbreytingar</w>
            <w lemma="sem" type="ct">sem</w>
            <w lemma="að" type="af">að</w>
            <w lemma="Alþingi" type="nheþ-s">Alþingi</w>
            <w lemma="eiga" type="svg3eþ">ætti</w>
            <w lemma="að" type="cn">að</w>
            <w lemma="vera" type="sng">vera</w>
            <w lemma="að" type="cn">að</w>
            <w lemma="vinna" type="sng">vinna</w>
            <w lemma="að" type="aa">að</w>
            <w lemma="um" type="af">um</w>
            <w lemma="þessi" type="favfo">þessar</w>
            <w lemma="mund" type="nvfo">mundir</w>
            <c type="pl">.</c>
          </s>
        </p>
        <p n="9">
          <s n="1">
            <w lemma="segja" type="sfg3eþ">Sagði</w>
            <w lemma="Bjarni" type="nken-s">Bjarni</w>
            <w lemma="Benediktsson" type="nken-s">Benediktsson</w>
            <w lemma="en" type="c">en</w>
            <w lemma="nú" type="aa">nú</w>
            <w lemma="skammur" type="lheþsf">skömmu</w>
            <w lemma="fyrir" type="af">fyrir</w>
            <w lemma="frétt" type="nvfo">fréttir</w>
            <w lemma="ljúka" type="sfg3eþ">lauk</w>
            <w lemma="atkvæðagreiðsla" type="nvfþ">atkvæðagreiðslum</w>
            <w lemma="um" type="af">um</w>
            <w lemma="12" type="ta">12</w>
            <w lemma="mál" type="nhfo">mál</w>
            <w lemma="á" type="af">á</w>
            <w lemma="Alþingi" type="nheþ-s">Alþingi</w>
            <w lemma="og" type="c">og</w>
            <w lemma="umræða" type="nvfþ">umræðum</w>
            <w lemma="um" type="af">um</w>
            <w lemma="stjórnarskrárfrumvarp" type="nheo">stjórnarskrárfrumvarp</w>
            <w lemma="formaður" type="nkfe">formanna</w>
            <w lemma="Samfylking" type="nvee-s">Samfylkingar</w>
            <c type="pk">,</c>
            <w lemma="Vinstri-grænn" type="lvfesf">Vinstri-grænna</w>
            <w lemma="og" type="c">og</w>
            <w lemma="Bjartur" type="nvee-s">Bjartrar</w>
            <w lemma="framtíð" type="nvee">framtíðar</w>
            <w lemma="hefja" type="sfm3eþ">hófst</w>
            <w lemma="á" type="af">á</w>
            <w lemma="nýr" type="lkeosf">nýjan</w>
            <w lemma="leikur" type="nkeo">leik</w>
            <c type="pl">.</c>
          </s>
          <s n="2">
            <w lemma="Sigurður" type="nken-s">Sigurður</w>
            <w lemma="Ingi" type="nken-s">Ingi</w>
            <w lemma="Jóhannsson" type="nken-s">Jóhannsson</w>
            <c type="pk">,</c>
            <w lemma="varaformaður" type="nken">varaformaður</w>
            <w lemma="Framsóknarflokkur" type="nkeegs">Framsóknarflokksins</w>
            <w lemma="taka" type="sfg3eþ">tók</w>
            <w lemma="hann" type="fpkfo">þá</w>
            <w lemma="upp" type="aa">upp</w>
            <w lemma="þráður" type="nkeog">þráðinn</w>
            <w lemma="í" type="af">í</w>
            <w lemma="ræða" type="nveþ">ræðu</w>
            <w lemma="sinn" type="feveþ">sinni</w>
            <w lemma="sem" type="ct">sem</w>
            <w lemma="hann" type="fpken">hann</w>
            <w lemma="gera" type="sfg3eþ">gerði</w>
            <w lemma="hlé" type="nheo">hlé</w>
            <w lemma="á" type="aa">á</w>
            <w lemma="fyrir" type="af">fyrir</w>
            <w lemma="kvöldmatarhlé" type="nheo">kvöldmatarhlé</w>
            <w lemma="í" type="af">í</w>
            <w lemma="fyrradagur" type="nkeo">fyrradag</w>
            <c type="pl">.</c>
          </s>
          <s n="3">
            <w lemma="samþykkja" type="sþghen">Samþykkt</w>
            <w lemma="hafa" type="sfg3en">hefur</w>
            <w lemma="vera" type="sþghen">verið</w>
            <w lemma="að" type="c">að</w>
            <w lemma="þingfundur" type="nken">þingfundur</w>
            <w lemma="geta" type="svg3en">geti</w>
            <w lemma="standa" type="sþghen">staðið</w>
            <w lemma="fram" type="aa">fram</w>
            <w lemma="á" type="af">á</w>
            <w lemma="kvöld" type="nheo">kvöld</w>
            <w lemma="og" type="c">og</w>
            <w lemma="því" type="aa">því</w>
            <w lemma="mega" type="sfg3en">má</w>
            <w lemma="búa" type="snm">búast</w>
            <w lemma="við" type="af">við</w>
            <w lemma="að" type="c">að</w>
            <w lemma="þrátefli" type="nhen">þrátefli</w>
            <w lemma="um" type="af">um</w>
            <w lemma="stjórnarskrá" type="nveog">stjórnarskrána</w>
            <w lemma="halda" type="svg3en">haldi</w>
            <w lemma="áfram" type="aa">áfram</w>
            <w lemma="en" type="c">en</w>
            <w lemma="enginn" type="fohen">ekkert</w>
            <w lemma="samkomulag" type="nhen">samkomulag</w>
            <w lemma="liggja" type="sfg3en">liggur</w>
            <w lemma="fyrir" type="aa">fyrir</w>
            <w lemma="um" type="af">um</w>
            <w lemma="þinglok" type="nhfo">þinglok</w>
            <c type="pl">.</c>
          </s>
          <s n="4">
            <w lemma="Ólöf" type="nven-s">Ólöf</w>
            <w lemma="Nordal" type="nven-s">Nordal</w>
            <c type="pk">,</c>
            <w lemma="þingmaður" type="nken">þingmaður</w>
            <w lemma="Sjálfstæðisflokkur" type="nkeegs">Sjálfstæðisflokksins</w>
            <w lemma="leggja" type="sfg3eþ">lagði</w>
            <w lemma="fram" type="aa">fram</w>
            <w lemma="þingsályktunartillaga" type="nveo">þingsályktunartillögu</w>
            <w lemma="í" type="af">í</w>
            <w lemma="dagur" type="nkeo">dag</w>
            <w lemma="um" type="af">um</w>
            <w lemma="frestun" type="nveo">frestun</w>
            <w lemma="þingfundur" type="nkfe">þingfunda</w>
            <w lemma="frá" type="aa">frá</w>
            <w lemma="og" type="c">og</w>
            <w lemma="með" type="af">með</w>
            <w lemma="dagur" type="nkeþg">deginum</w>
            <w lemma="í" type="af">í</w>
            <w lemma="dagur" type="nkeo">dag</w>
            <w lemma="en" type="c">en</w>
            <w lemma="það" type="fphen">það</w>
            <w lemma="vera" type="sfg3en">er</w>
            <w lemma="nú" type="aa">nú</w>
            <w lemma="yfirleitt" type="aa">yfirleitt</w>
            <w lemma="í" type="af">í</w>
            <w lemma="verkahringur" type="nkeþ">verkahring</w>
            <w lemma="forsætisráðherra" type="nkee">forsætisráðherra</w>
            <w lemma="hver" type="foheþ">hverju</w>
            <w lemma="sinn" type="nheþ">sinni</w>
            <w lemma="að" type="cn">að</w>
            <w lemma="leggja" type="sng">leggja</w>
            <w lemma="fram" type="aa">fram</w>
            <w lemma="slíkur" type="fbveo">slíka</w>
            <w lemma="tillaga" type="nveo">tillögu</w>
            <c type="pl">.</c>
          </s>
        </p>
      </div1>
    </body>
  </text>
</TEI>
