<?xml version="1.0" encoding="utf-8"?>
<TEI xmlns="http://www.tei-c.org/ns/1.0">
  <teiHeader>
    <fileDesc>
      <titleStmt>
        <title>
          <title type="main">Herjólfur snéri við</title>
        </title>
        <respStmt>
          <resp xml:lang="is">Söfnun og úrvinnsla texta</resp>
          <resp xml:lang="en">Collection and processing of text</resp>
          <name xml:lang="is">Stofnun Árna Magnússonar í íslenskum fræðum</name>
          <name xml:lang="en">The Arni Magnusson Institute for Icelandic Studies</name>
        </respStmt>
      </titleStmt>
      <editionStmt>
        <p xml:lang="is">Íslensk risamálheild (2019)</p>
        <p xml:lang="en">Tagged Icelandic Gigaword Corpus (2019)</p>
      </editionStmt>
      <publicationStmt>
        <distributor xml:lang="is">Stofnun Árna Magnússonar í íslenskum fræðum</distributor>
        <distributor xml:lang="en">The Arni Magnusson Institute for Icelandic Studies</distributor>
        <address>
          <addrLine xml:lang="is">Árnagarður við Suðurgötu, 107 Reykjavík, Íslandi</addrLine>
          <addrLine xml:lang="en">Árnagarður Suðurgata, 107 Reykjavik, Iceland</addrLine>
          <addrLine>
            <email>arnastofnun@arnastofnun.is</email>
          </addrLine>
        </address>
        <idno type="risam">G-25-2546415</idno>
        <availability>
          <p xml:lang="is">Þessi texti er til notkunar í málrannsóknum og máltækniverkefnum um allan heim með sérstöku leyfi, sjá rmh2Hdr.xml</p>
          <p xml:lang="en">This text is available for use in language research and language technology projects world wide with a special license, see rmh2Hdr.xml</p>
        </availability>
        <date>2020-05-26</date>
      </publicationStmt>
      <sourceDesc>
        <biblStruct>
          <analytic>
            <title>
              <title type="main">Herjólfur snéri við</title>
            </title>
            <date when="2013-03-21T12:00:00">21.03 2013 kl. 12:00:00</date>
          </analytic>
          <monogr>
            <title>Bylgjan</title>
            <imprint>
              <publisher>365 miðlar hf.</publisher>
              <pubPlace>Reykjavík</pubPlace>
            </imprint>
          </monogr>
        </biblStruct>
      </sourceDesc>
    </fileDesc>
    <encodingDesc>
      <projectDesc>
        <p xml:lang="is">Sjá lýsingu á verkefninu í rmh2Hdr.xml.</p>
        <p xml:lang="en">See description of project in rmh2Hdr.xml.</p>
      </projectDesc>
      <tagsDecl>
        <namespace name="http://www.tei-c.org/ns/1.0">
          <tagUsage gi="text" occurs="1"/>
          <tagUsage gi="body" occurs="1"/>
          <tagUsage gi="div1" occurs="1"/>
          <tagUsage gi="p" occurs="1"/>
          <tagUsage gi="s" occurs="3"/>
          <tagUsage gi="w" occurs="62"/>
          <tagUsage gi="c" occurs="3"/>
        </namespace>
      </tagsDecl>
    </encodingDesc>
    <profileDesc>
     <textClass>
      <keywords scheme="#RMH">
       <list>
        <item>Frétt – almennt</item>
       </list>
      </keywords>
     </textClass>
    </profileDesc>
  </teiHeader>
  <text>
    <body>
      <div1>
        <p n="1">
          <s n="1">
            <w lemma="Herjólfur" type="nken-s">Herjólfur</w>
            <w lemma="snúa" type="sfg3eþ">snéri</w>
            <w lemma="við" type="aa">við</w>
            <w lemma="fyrir" type="af">fyrir</w>
            <w lemma="utan" type="aa">utan</w>
            <w lemma="Landeyjahöfn" type="nveo-s">Landeyjahöfn</w>
            <w lemma="í" type="af">í</w>
            <w lemma="síðari" type="lveþve">síðustu</w>
            <w lemma="ferð" type="nveþ">ferð</w>
            <w lemma="dagur" type="nkeeg">dagsins</w>
            <w lemma="á" type="af">á</w>
            <w lemma="sjöundi" type="lkeþvf">sjöunda</w>
            <w lemma="tími" type="nkeþg">tímanum</w>
            <w lemma="í" type="af">í</w>
            <w lemma="gærkvöld" type="nheþ">gærkvöldi</w>
            <w lemma="þar" type="aa">þar</w>
            <w lemma="sem" type="c">sem</w>
            <w lemma="ófær" type="lhensf">ófært</w>
            <w lemma="vera" type="sfg3eþ">var</w>
            <w lemma="verða" type="sþghen">orðið</w>
            <w lemma="inn" type="aa">inn</w>
            <w lemma="í" type="af">í</w>
            <w lemma="höfn" type="nveog">höfnina</w>
            <c type="pl">.</c>
          </s>
          <s n="2">
            <w lemma="vindhviða" type="nvfn">Vindhviður</w>
            <w lemma="fara" type="sfg3fþ">fóru</w>
            <w lemma="upp" type="aa">upp</w>
            <w lemma="í" type="af">í</w>
            <w lemma="25" type="ta">25</w>
            <w lemma="metri" type="nkfo">metra</w>
            <w lemma="á" type="af">á</w>
            <w lemma="sekúnda" type="nveþ">sekúndu</w>
            <w lemma="og" type="c">og</w>
            <w lemma="ölduhæð" type="nveng">ölduhæðin</w>
            <w lemma="nálgast" type="sfm3eþ">nálgaðist</w>
            <w lemma="3" type="ta">3</w>
            <w lemma="metri" type="nkfo">metra</w>
            <c type="pl">.</c>
          </s>
          <s n="3">
            <w lemma="góður" type="lvfnvm">Betri</w>
            <w lemma="horfa" type="nvfn">horfur</w>
            <w lemma="vera" type="sfg3fn">eru</w>
            <w lemma="á" type="af">á</w>
            <w lemma="ótruflaður" type="lvfþsf">ótrufluðum</w>
            <w lemma="sigling" type="nvfþ">siglingum</w>
            <w lemma="Herjólfur" type="nkee-s">Herjólfs</w>
            <w lemma="í" type="af">í</w>
            <w lemma="dagur" type="nkeo">dag</w>
            <w lemma="það" type="fpheþ">því</w>
            <w lemma="vind-" type="kt">vind-</w>
            <w lemma="og" type="c">og</w>
            <w lemma="ölduhæð" type="nven">ölduhæð</w>
            <w lemma="hafa" type="sfg3en">hefur</w>
            <w lemma="lægja" type="sþghen">lægt</w>
            <w lemma="töluvert" type="aa">töluvert</w>
            <w lemma="og" type="c">og</w>
            <w lemma="fara" type="sfg3eþ">fór</w>
            <w lemma="skip" type="nheng">skipið</w>
            <w lemma="í" type="af">í</w>
            <w lemma="fyrstur" type="lveove">fyrstu</w>
            <w lemma="ferð" type="nveog">ferðina</w>
            <w lemma="samkvæmt" type="af">samkvæmt</w>
            <w lemma="áætlun" type="nveþ">áætlun</w>
            <w lemma="í" type="af">í</w>
            <w lemma="morgunn" type="nkeo">morgun</w>
            <c type="pl">.</c>
          </s>
        </p>
      </div1>
    </body>
  </text>
</TEI>
