<?xml version="1.0" encoding="utf-8"?>
<TEI xmlns="http://www.tei-c.org/ns/1.0">
  <teiHeader>
    <fileDesc>
      <titleStmt>
        <title>
          <title type="main">Grunnskólakennurum með kennsluréttindi fjölgar hlutfallslega</title>
        </title>
        <respStmt>
          <resp xml:lang="is">Söfnun og úrvinnsla texta</resp>
          <resp xml:lang="en">Collection and processing of text</resp>
          <name xml:lang="is">Stofnun Árna Magnússonar í íslenskum fræðum</name>
          <name xml:lang="en">The Arni Magnusson Institute for Icelandic Studies</name>
        </respStmt>
      </titleStmt>
      <editionStmt>
        <p xml:lang="is">Íslensk risamálheild (2019)</p>
        <p xml:lang="en">Tagged Icelandic Gigaword Corpus (2019)</p>
      </editionStmt>
      <publicationStmt>
        <distributor xml:lang="is">Stofnun Árna Magnússonar í íslenskum fræðum</distributor>
        <distributor xml:lang="en">The Arni Magnusson Institute for Icelandic Studies</distributor>
        <address>
          <addrLine xml:lang="is">Árnagarður við Suðurgötu, 107 Reykjavík, Íslandi</addrLine>
          <addrLine xml:lang="en">Árnagarður Suðurgata, 107 Reykjavik, Iceland</addrLine>
          <addrLine>
            <email>arnastofnun@arnastofnun.is</email>
          </addrLine>
        </address>
        <idno type="risam">G-25-2517653</idno>
        <availability>
          <p xml:lang="is">Þessi texti er til notkunar í málrannsóknum og máltækniverkefnum um allan heim með sérstöku leyfi, sjá rmh2Hdr.xml</p>
          <p xml:lang="en">This text is available for use in language research and language technology projects world wide with a special license, see rmh2Hdr.xml</p>
        </availability>
        <date>2020-05-26</date>
      </publicationStmt>
      <sourceDesc>
        <biblStruct>
          <analytic>
            <title>
              <title type="main">Grunnskólakennurum með kennsluréttindi fjölgar hlutfallslega</title>
            </title>
            <date when="2013-03-04T12:00:00">04.03 2013 kl. 12:00:00</date>
          </analytic>
          <monogr>
            <title>Bylgjan</title>
            <imprint>
              <publisher>365 miðlar hf.</publisher>
              <pubPlace>Reykjavík</pubPlace>
            </imprint>
          </monogr>
        </biblStruct>
      </sourceDesc>
    </fileDesc>
    <encodingDesc>
      <projectDesc>
        <p xml:lang="is">Sjá lýsingu á verkefninu í rmh2Hdr.xml.</p>
        <p xml:lang="en">See description of project in rmh2Hdr.xml.</p>
      </projectDesc>
      <tagsDecl>
        <namespace name="http://www.tei-c.org/ns/1.0">
          <tagUsage gi="text" occurs="1"/>
          <tagUsage gi="body" occurs="1"/>
          <tagUsage gi="div1" occurs="1"/>
          <tagUsage gi="p" occurs="6"/>
          <tagUsage gi="s" occurs="19"/>
          <tagUsage gi="w" occurs="395"/>
          <tagUsage gi="c" occurs="32"/>
        </namespace>
      </tagsDecl>
    </encodingDesc>
    <profileDesc>
     <textClass>
      <keywords scheme="#RMH">
       <list>
        <item>Frétt – almennt</item>
       </list>
      </keywords>
     </textClass>
    </profileDesc>
  </teiHeader>
  <text>
    <body>
      <div1>
        <p n="1">
          <s n="1">
            <w lemma="grunnskólakennari" type="nkfn">Grunnskólakennarar</w>
            <w lemma="með" type="af">með</w>
            <w lemma="kennsluréttindi" type="nhfo">kennsluréttindi</w>
            <w lemma="hafa" type="sfg3fn">hafa</w>
            <w lemma="aldrei" type="aa">aldrei</w>
            <w lemma="vera" type="sþghen">verið</w>
            <w lemma="margur" type="lkfnvm">fleiri</w>
            <w lemma="en" type="c">en</w>
            <w lemma="nú" type="aa">nú</w>
            <w lemma="en" type="c">en</w>
            <w lemma="hann" type="fpkfn">þeir</w>
            <w lemma="vera" type="sfg3fþ">voru</w>
            <w lemma="95,9%" type="tp">95,9%</w>
            <w lemma="allur" type="fokfe">allra</w>
            <w lemma="kennari" type="nkfe">kennara</w>
            <w lemma="síðari" type="lheove">síðasta</w>
            <w lemma="haust" type="nhen">haust</w>
            <w lemma="samkvæmt" type="af">samkvæmt</w>
            <w lemma="nýr" type="lvfþsf">nýjum</w>
            <w lemma="tala" type="nvfþ">tölum</w>
            <w lemma="Hagstofa" type="nveegs">Hagstofunnar</w>
            <c type="pl">.</c>
          </s>
          <s n="2">
            <w lemma="formaður" type="nken">Formaður</w>
            <w lemma="Félag" type="nhee-s">Félags</w>
            <w lemma="grunnskólakennari" type="nkfe">grunnskólakennara</w>
            <w lemma="segja" type="sfg3en">segir</w>
            <w lemma="annar" type="fokfþ">öðrum</w>
            <w lemma="starfsmaður" type="nkfþ">starfsmönnum</w>
            <w lemma="grunnskóli" type="nkfeg">grunnskólanna</w>
            <c type="pk">,</c>
            <w lemma="eins" type="aa">eins</w>
            <w lemma="og" type="c">og</w>
            <w lemma="leiðbenendi" type="nhfþ">leiðbenendum</w>
            <c type="pk">,</c>
            <w lemma="hafa" type="sfg3fn">hafa</w>
            <w lemma="vera" type="sþghen">verið</w>
            <w lemma="að" type="cn">að</w>
            <w lemma="fækka" type="sng">fækka</w>
            <w lemma="þannig" type="aa">þannig</w>
            <w lemma="að" type="c">að</w>
            <w lemma="hlutfall" type="nhen">hlutfall</w>
            <w lemma="réttindakennari" type="nkfe">réttindakennara</w>
            <w lemma="hækka" type="sfg3en">hækkar</w>
            <c type="pl">.</c>
          </s>
        </p>
        <p n="2">
          <s n="1">
            <w lemma="réttindakennur" type="nhfþ">Réttindakennurum</w>
            <w lemma="hafa" type="sfg3en">hefur</w>
            <w lemma="fjölga" type="sþghen">fjölgað</w>
            <w lemma="mikið" type="aa">mikið</w>
            <w lemma="undanfarinn" type="lhfosf">undanfarin</w>
            <w lemma="ár" type="nhfo">ár</w>
            <w lemma="en" type="c">en</w>
            <w lemma="haust" type="nheog">haustið</w>
            <w lemma="2012" type="ta">2012</w>
            <w lemma="vera" type="sfg3fþ">voru</w>
            <w lemma="198" type="ta">198</w>
            <w lemma="maður" type="nkee">manns</w>
            <w lemma="við" type="af">við</w>
            <w lemma="kennsla" type="nveo">kennslu</w>
            <w lemma="án" type="af">án</w>
            <w lemma="kennsluréttindi" type="nhfe">kennsluréttinda</w>
            <w lemma="en" type="c">en</w>
            <w lemma="tíu" type="tfhfþ">tíu</w>
            <w lemma="ár" type="nhfþ">árum</w>
            <w lemma="snemma" type="aam">fyrr</w>
            <c type="pk">,</c>
            <w lemma="haust" type="nheog">haustið</w>
            <w lemma="2002" type="ta">2002</w>
            <c type="pk">,</c>
            <w lemma="vera" type="sfg3fþ">voru</w>
            <w lemma="hann" type="fpkfn">þeir</w>
            <w lemma="931" type="ta">931</w>
            <c type="pl">.</c>
          </s>
          <s n="2">
            <w lemma="hár" type="lvense">Hæst</w>
            <w lemma="vera" type="sfg3eþ">var</w>
            <w lemma="hlutfall" type="nhen">hlutfall</w>
            <w lemma="réttindakennari" type="nkee">réttindakennara</w>
            <w lemma="á" type="af">á</w>
            <w lemma="land" type="nheþg">landinu</w>
            <w lemma="í" type="af">í</w>
            <w lemma="Reykjavík" type="nveþ-s">Reykjavík</w>
            <w lemma="þar" type="aa">þar</w>
            <w lemma="sem" type="c">sem</w>
            <w lemma="98,7%" type="tp">98,7%</w>
            <w lemma="kennari" type="nkee">kennara</w>
            <w lemma="hafa" type="sfg3fþ">höfðu</w>
            <w lemma="kennsluréttindi" type="nhfo">kennsluréttindi</w>
            <c type="pl">.</c>
          </s>
          <s n="3">
            <w lemma="aðeins" type="aa">Aðeins</w>
            <w lemma="á" type="af">á</w>
            <w lemma="Vestfirðir" type="nkfþ-s">Vestfjörðum</w>
            <w lemma="og" type="c">og</w>
            <w lemma="á" type="af">á</w>
            <w lemma="Austurland" type="nheþ-s">Austurlandi</w>
            <w lemma="vera" type="sfg3fþ">voru</w>
            <w lemma="hann" type="fpkfn">þeir</w>
            <w lemma="undir" type="af">undir</w>
            <w lemma="90%" type="tp">90%</w>
            <c type="pl">.</c>
          </s>
          <s n="4">
            <w lemma="Ólafur" type="nken-s">Ólafur</w>
            <w lemma="Loftsson" type="nken-s">Loftsson</w>
            <c type="pk">,</c>
            <w lemma="formaður" type="nken">formaður</w>
            <w lemma="Félag" type="nhee-s">Félags</w>
            <w lemma="grunnskólakennari" type="nkfe">grunnskólakennara</w>
            <c type="pk">,</c>
            <w lemma="segja" type="sfg3en">segir</w>
            <w lemma="að" type="c">að</w>
            <w lemma="það" type="fphen">það</w>
            <w lemma="vera" type="svg3en">sé</w>
            <w lemma="góður" type="lhensf">gott</w>
            <w lemma="að" type="c">að</w>
            <w lemma="réttindakennari" type="nkfþ">réttindakennurum</w>
            <w lemma="fjölga" type="svg3en">fjölgi</w>
            <w lemma="en" type="c">en</w>
            <w lemma="það" type="fphen">það</w>
            <w lemma="koma" type="svg3en">komi</w>
            <w lemma="ekki" type="aa">ekki</w>
            <w lemma="til" type="aa">til</w>
            <w lemma="af" type="af">af</w>
            <w lemma="góður" type="lheþsf">góðu</w>
            <c type="pl">.</c>
          </s>
          <s n="5">
            <w lemma="annar" type="foheþ">Öðru</w>
            <w lemma="starfsfólk" type="nheþ">starfsfólki</w>
            <w lemma="skóli" type="nkfeg">skólanna</w>
            <w lemma="fækka" type="svg3en">fækki</w>
            <w lemma="og" type="c">og</w>
            <w lemma="vera" type="sþghen">verið</w>
            <w lemma="vera" type="svg3en">sé</w>
            <w lemma="að" type="cn">að</w>
            <w lemma="hlaða" type="sng">hlaða</w>
            <w lemma="verkefni" type="nhfþ">verkefnum</w>
            <w lemma="á" type="af">á</w>
            <w lemma="kennari" type="nkfog">kennarana</w>
            <c type="pl">.</c>
          </s>
        </p>
        <p n="3">
          <s n="1">
            <w lemma="Ólafur" type="nken-s">Ólafur</w>
            <w lemma="Loftsson" type="nken-s">Loftsson</w>
            <c type="pk">,</c>
            <w lemma="formaður" type="nken">formaður</w>
            <w lemma="Félag" type="nhee-s">Félags</w>
            <w lemma="grunnskólakennari" type="nkfe">grunnskólakennara</w>
            <c type="pa">:</c>
            <w lemma="það" type="fphen">Það</w>
            <w lemma="vera" type="sfg3en">er</w>
            <w lemma="vera" type="sþghen">verið</w>
            <w lemma="að" type="cn">að</w>
            <w lemma="fækka" type="sng">fækka</w>
            <w lemma="leiðbeinandi" type="nkfþ">leiðbeinendum</w>
            <w lemma="og" type="c">og</w>
            <w lemma="það" type="fphen">það</w>
            <w lemma="hafa" type="sfg3en">hefur</w>
            <w lemma="auðvitað" type="aa">auðvitað</w>
            <w lemma="fækka" type="sþghen">fækkað</w>
            <w lemma="í" type="af">í</w>
            <w lemma="hann" type="fpkfþ">þeim</w>
            <w lemma="sem" type="ct">sem</w>
            <w lemma="vera" type="sfg3fn">eru</w>
            <w lemma="að" type="cn">að</w>
            <w lemma="kenna" type="sng">kenna</w>
            <w lemma="og" type="c">og</w>
            <w lemma="snemma" type="aae">fyrst</w>
            <w lemma="og" type="c">og</w>
            <w lemma="frammi" type="aae">fremst</w>
            <w lemma="leiðbeinandi" type="nkfþg">leiðbeinendunum</w>
            <w lemma="þannig" type="aa">þannig</w>
            <w lemma="að" type="c">að</w>
            <w lemma="sá" type="fakfn">þeir</w>
            <w lemma="sem" type="ct">sem</w>
            <w lemma="að" type="c">að</w>
            <w lemma="eftir" type="aa">eftir</w>
            <w lemma="vera" type="sfg3fn">eru</w>
            <w lemma="vera" type="sfg3fn">eru</w>
            <w lemma="þá" type="aa">þá</w>
            <w lemma="með" type="af">með</w>
            <w lemma="kennsluréttindi" type="nhfo">kennsluréttindi</w>
            <w lemma="og" type="c">og</w>
            <w lemma="það" type="fphee">þess</w>
            <w lemma="vegna" type="af">vegna</w>
            <w lemma="verða" type="sfg3en">verður</w>
            <w lemma="hlutfall" type="nheng">hlutfallið</w>
            <w lemma="hár" type="lhenvm">hærra</w>
            <c type="pk">,</c>
            <w lemma="ekki" type="aa">ekki</w>
            <w lemma="þar" type="aa">þar</w>
            <w lemma="fyrir" type="aa">fyrir</w>
            <w lemma="utan" type="aa">utan</w>
            <w lemma="að" type="c">að</w>
            <w lemma="ef" type="c">ef</w>
            <w lemma="að" type="c">að</w>
            <w lemma="það" type="fphen">það</w>
            <w lemma="þurfa" type="sfg3en">þarf</w>
            <w lemma="að" type="cn">að</w>
            <w lemma="ráða" type="sng">ráða</w>
            <w lemma="kennari" type="nkfo">kennara</w>
            <w lemma="til" type="af">til</w>
            <w lemma="starf" type="nhfe">starfa</w>
            <w lemma="að" type="c">að</w>
            <w lemma="þá" type="aa">þá</w>
            <w lemma="vera" type="sfg3en">er</w>
            <w lemma="að" type="cn">að</w>
            <w lemma="verða" type="sng">verða</w>
            <w lemma="undantekning" type="nven">undantekning</w>
            <w lemma="að" type="c">að</w>
            <w lemma="það" type="fphen">það</w>
            <w lemma="þurfa" type="svg3en">þurfi</w>
            <w lemma="að" type="cn">að</w>
            <w lemma="ráða" type="sng">ráða</w>
            <w lemma="leiðbeinandi" type="nkfo">leiðbeinendur</w>
            <c type="pk">,</c>
            <w lemma="hann" type="fpkfn">þeir</w>
            <w lemma="sem" type="ct">sem</w>
            <w lemma="að" type="cn">að</w>
            <w lemma="koma" type="sng">koma</w>
            <w lemma="til" type="af">til</w>
            <w lemma="starf" type="nhfe">starfa</w>
            <w lemma="vera" type="sfg3fn">eru</w>
            <w lemma="án" type="af">án</w>
            <w lemma="undantekning" type="nvfe">undantekninga</w>
            <w lemma="náið" type="aae">nánast</w>
            <w lemma="með" type="af">með</w>
            <w lemma="kennsluréttindi" type="nhfo">kennsluréttindi</w>
            <w lemma="en" type="c">en</w>
            <w lemma="í" type="af">í</w>
            <w lemma="heild" type="nveog">heildina</w>
            <w lemma="vera" type="sfg3en">er</w>
            <w lemma="kennari" type="nkfþ">kennurum</w>
            <w lemma="að" type="cn">að</w>
            <w lemma="fækka" type="sng">fækka</w>
            <c type="pl">.</c>
          </s>
        </p>
        <p n="4">
          <s n="1">
            <w lemma="samkvæmt" type="af">Samkvæmt</w>
            <w lemma="könnun" type="nveþ">könnun</w>
            <w lemma="Hagstofa" type="nveegs">Hagstofunnar</w>
            <w lemma="fækka" type="sfg3en">fækkar</w>
            <w lemma="starfsfólk" type="nheþ">starfsfólki</w>
            <w lemma="grunnskóli" type="nkfeg">grunnskólanna</w>
            <w lemma="fjórði" type="lheovf">fjórða</w>
            <w lemma="ár" type="nheog">árið</w>
            <w lemma="í" type="af">í</w>
            <w lemma="röð" type="nveþ">röð</w>
            <w lemma="en" type="c">en</w>
            <w lemma="haust" type="nheog">haustið</w>
            <w lemma="2012" type="ta">2012</w>
            <w lemma="vera" type="sfg3fþ">voru</w>
            <w lemma="7.279" type="ta">7.279</w>
            <w lemma="starfsmaður" type="nkfn">starfsmenn</w>
            <w lemma="í" type="af">í</w>
            <w lemma="6.550" type="ta">6.550</w>
            <w lemma="stöðugildi" type="nhfþ">stöðugildum</w>
            <w lemma="í" type="af">í</w>
            <w lemma="grunnskóli" type="nkfþ">grunnskólum</w>
            <w lemma="á" type="af">á</w>
            <w lemma="Ísland" type="nheþ-s">Íslandi</w>
            <c type="pl">.</c>
          </s>
          <s n="2">
            <w lemma="þar" type="aa">Þar</w>
            <w lemma="af" type="aa">af</w>
            <w lemma="vera" type="sfg3fþ">voru</w>
            <w lemma="4.784" type="ta">4.784</w>
            <w lemma="starfsmaður" type="nkfn">starfsmenn</w>
            <w lemma="við" type="af">við</w>
            <w lemma="kennsla" type="nveo">kennslu</w>
            <c type="pl">.</c>
          </s>
          <s n="3">
            <w lemma="stöðugildi" type="nhfþ">Stöðugildum</w>
            <w lemma="hafa" type="sfg3en">hefur</w>
            <w lemma="fækka" type="sþghen">fækkað</w>
            <w lemma="mjög" type="aae">mest</w>
            <w lemma="hjá" type="af">hjá</w>
            <w lemma="annar" type="fokfþ">öðrum</w>
            <w lemma="starfsmaður" type="nkfþ">starfsmönnum</w>
            <w lemma="en" type="c">en</w>
            <w lemma="sá" type="fakfþ">þeim</w>
            <w lemma="sem" type="ct">sem</w>
            <w lemma="koma" type="sfg3fn">koma</w>
            <w lemma="beint" type="aa">beint</w>
            <w lemma="að" type="af">að</w>
            <w lemma="kennsla" type="nveþ">kennslu</w>
            <w lemma="barn" type="nhfe">barna</w>
            <c type="pl">.</c>
          </s>
          <s n="4">
            <w lemma="þá" type="aa">Þá</w>
            <w lemma="fækka" type="sfg3en">fækkar</w>
            <w lemma="karlmaður" type="nkfþ">karlmönnum</w>
            <w lemma="við" type="af">við</w>
            <w lemma="kennsla" type="nveo">kennslu</w>
            <c type="pk">,</c>
            <w lemma="haust" type="nheog">haustið</w>
            <w lemma="2011" type="ta">2011</w>
            <w lemma="vera" type="sfg3fþ">voru</w>
            <w lemma="karl" type="nkfn">karlar</w>
            <w lemma="19,9%" type="tp">19,9%</w>
            <w lemma="starfsfólk" type="nhee">starfsfólks</w>
            <w lemma="við" type="af">við</w>
            <w lemma="kennsla" type="nveo">kennslu</w>
            <w lemma="og" type="c">og</w>
            <w lemma="vera" type="sfg3eþ">var</w>
            <w lemma="það" type="fphen">það</w>
            <w lemma="í" type="af">í</w>
            <w lemma="fyrstur" type="lheove">fyrsta</w>
            <w lemma="skipti" type="nheo">skipti</w>
            <w lemma="sem" type="ct">sem</w>
            <w lemma="hlutur" type="nken">hlutur</w>
            <w lemma="hann" type="fpkfe">þeirra</w>
            <w lemma="fara" type="sfg3eþ">fór</w>
            <w lemma="undir" type="af">undir</w>
            <w lemma="20" type="ta">20</w>
            <w lemma="af" type="af">af</w>
            <w lemma="hundrað" type="nheþ">hundraði</w>
            <c type="pl">.</c>
          </s>
          <s n="5">
            <w lemma="síðari" type="lhenve">Síðasta</w>
            <w lemma="haust" type="nheo">haust</w>
            <w lemma="vera" type="sfg3fþ">voru</w>
            <w lemma="hann" type="fpkfn">þeir</w>
            <w lemma="19,3%" type="tp">19,3%</w>
            <w lemma="kennari" type="nkfe">kennara</w>
            <c type="pl">.</c>
          </s>
          <s n="6">
            <w lemma="Ólafur" type="nken-s">Ólafur</w>
            <w lemma="segja" type="sfg3en">segir</w>
            <w lemma="að" type="c">að</w>
            <w lemma="karlmaður" type="nkfþ">karlmönnum</w>
            <w lemma="hafa" type="svg3fn">hafi</w>
            <w lemma="vera" type="sþghen">verið</w>
            <w lemma="að" type="cn">að</w>
            <w lemma="fækka" type="sng">fækka</w>
            <w lemma="í" type="af">í</w>
            <w lemma="kennsla" type="nveþ">kennslu</w>
            <w lemma="á" type="af">á</w>
            <w lemma="síðari" type="lhfþve">síðustu</w>
            <w lemma="ár" type="nhfþ">árum</w>
            <w lemma="og" type="c">og</w>
            <w lemma="það" type="fphen">það</w>
            <w lemma="vera" type="svg3en">sé</w>
            <w lemma="enginn" type="fohen">ekkert</w>
            <w lemma="séríslenskur" type="lhensf">séríslenskt</w>
            <c type="pl">.</c>
          </s>
        </p>
        <p n="5">
          <s n="1">
            <w lemma="Ólafur" type="nken-s">Ólafur</w>
            <w lemma="Loftsson" type="nken-s">Loftsson</w>
            <c type="pa">:</c>
            <w lemma="en" type="c">En</w>
            <w lemma="einhver" type="fokfe">einhverra</w>
            <w lemma="hlutur" type="nkfe">hluta</w>
            <w lemma="vegna" type="af">vegna</w>
            <w lemma="þá" type="aa">þá</w>
            <w lemma="virða" type="sfm3en">virðist</w>
            <w lemma="þessi" type="fahen">þetta</w>
            <w lemma="í" type="af">í</w>
            <w lemma="bil" type="nheþ">bili</w>
            <w lemma="ekki" type="aa">ekki</w>
            <w lemma="sko" type="aa">sko</w>
            <w lemma="höfða" type="sng">höfða</w>
            <w lemma="nógur" type="lheþsf">nógu</w>
            <w lemma="mikið" type="aa">mikið</w>
            <w lemma="til" type="af">til</w>
            <w lemma="hann" type="fpkfe">þeirra</w>
            <w lemma="til" type="af">til</w>
            <w lemma="það" type="fphee">þess</w>
            <w lemma="að" type="c">að</w>
            <w lemma="hann" type="fpkfn">þeir</w>
            <w lemma="velja" type="svg3fn">velji</w>
            <w lemma="þessi" type="faheo">þetta</w>
            <w lemma="sem" type="ct">sem</w>
            <w lemma="sko" type="aa">sko</w>
            <w lemma="starfsvettvangur" type="nkeo">starfsvettvang</w>
            <c type="pl">.</c>
          </s>
          <s n="2">
            <w lemma="það" type="fphen">Það</w>
            <w lemma="hafa" type="sfg3fn">hafa</w>
            <w lemma="nógur" type="lheosf">nóg</w>
            <w lemma="til" type="af">til</w>
            <w lemma="að" type="c">að</w>
            <w lemma="sjálfsegja" type="sþghen">sjálfsagt</w>
            <w lemma="af" type="af">af</w>
            <w lemma="karlmaður" type="nkfþ">karlmönnum</w>
            <w lemma="með" type="af">með</w>
            <w lemma="kennsluréttindi" type="nhfo">kennsluréttindi</w>
            <w lemma="en" type="c">en</w>
            <w lemma="hann" type="fpkfn">þeir</w>
            <w lemma="velja" type="sfg3fn">velja</w>
            <w lemma="sig" type="fpkfþ">sér</w>
            <w lemma="annar" type="fokeo">annan</w>
            <w lemma="starfsvettvangur" type="nkeo">starfsvettvang</w>
            <w lemma="gjarnan" type="aam">heldur</w>
            <w lemma="en" type="c">en</w>
            <w lemma="kennsla" type="nveog">kennsluna</w>
            <w lemma="sjálfur" type="fbveo">sjálfa</w>
            <c type="pl">.</c>
          </s>
        </p>
        <p n="6">
          <s n="1">
            <w lemma="grunnskóli" type="nkfn">Grunnskólar</w>
            <w lemma="land" type="nheeg">landsins</w>
            <w lemma="vera" type="sfg3fn">eru</w>
            <w lemma="nú" type="aa">nú</w>
            <w lemma="168" type="ta">168</w>
            <w lemma="tal" type="nheeg">talsins</w>
            <w lemma="og" type="c">og</w>
            <w lemma="hafa" type="sfg3en">hefur</w>
            <w lemma="fækka" type="sþghen">fækkað</w>
            <w lemma="um" type="aa">um</w>
            <w lemma="fjórir" type="tfkfo">fjóra</w>
            <w lemma="frá" type="af">frá</w>
            <w lemma="síðari" type="lheþve">síðasta</w>
            <w lemma="skólaár" type="nheþ">skólaári</w>
            <c type="pl">.</c>
          </s>
          <s n="2">
            <w lemma="18,9" type="ta">18,9</w>
            <w lemma="nemandi" type="nkfn">nemendur</w>
            <w lemma="vera" type="sfg3fn">eru</w>
            <w lemma="í" type="af">í</w>
            <w lemma="hver" type="fokeþ">hverjum</w>
            <w lemma="bekkur" type="nkeþ">bekk</w>
            <w lemma="að" type="af">að</w>
            <w lemma="meðaltal" type="nheþ">meðaltali</w>
            <c type="pl">.</c>
          </s>
          <s n="3">
            <w lemma="nemandi" type="nkfn">Nemendur</w>
            <w lemma="í" type="af">í</w>
            <w lemma="grunnskóli" type="nkfþ">grunnskólum</w>
            <w lemma="á" type="af">á</w>
            <w lemma="Ísland" type="nheþ-s">Íslandi</w>
            <w lemma="vera" type="sfg3fþ">voru</w>
            <w lemma="42.320" type="ta">42.320</w>
            <w lemma="haust" type="nheog">haustið</w>
            <w lemma="2012" type="ta">2012</w>
            <w lemma="og" type="c">og</w>
            <w lemma="hafa" type="sfg3fþ">höfðu</w>
            <w lemma="ekki" type="aa">ekki</w>
            <w lemma="vera" type="sþghen">verið</w>
            <w lemma="fár" type="lkfnvm">færri</w>
            <w lemma="síðan" type="aa">síðan</w>
            <w lemma="ár" type="nheog">árið</w>
            <w lemma="1997" type="ta">1997</w>
            <c type="pk">,</c>
            <w lemma="samkvæmt" type="af">samkvæmt</w>
            <w lemma="tala" type="nvfþ">tölum</w>
            <w lemma="Hagstofa" type="nveegs">Hagstofunnar</w>
            <c type="pl">.</c>
          </s>
        </p>
      </div1>
    </body>
  </text>
</TEI>
