<?xml version="1.0" encoding="utf-8"?>
<TEI xmlns="http://www.tei-c.org/ns/1.0">
  <teiHeader>
    <fileDesc>
      <titleStmt>
        <title>
          <title type="main">Vona að yfirvöld sjái sóma sinn í að fylgja málinu eftir</title>
        </title>
        <respStmt>
          <resp xml:lang="is">Söfnun og úrvinnsla texta</resp>
          <resp xml:lang="en">Collection and processing of text</resp>
          <name xml:lang="is">Stofnun Árna Magnússonar í íslenskum fræðum</name>
          <name xml:lang="en">The Arni Magnusson Institute for Icelandic Studies</name>
        </respStmt>
      </titleStmt>
      <editionStmt>
        <p xml:lang="is">Íslensk risamálheild (2019)</p>
        <p xml:lang="en">Tagged Icelandic Gigaword Corpus (2019)</p>
      </editionStmt>
      <publicationStmt>
        <distributor xml:lang="is">Stofnun Árna Magnússonar í íslenskum fræðum</distributor>
        <distributor xml:lang="en">The Arni Magnusson Institute for Icelandic Studies</distributor>
        <address>
          <addrLine xml:lang="is">Árnagarður við Suðurgötu, 107 Reykjavík, Íslandi</addrLine>
          <addrLine xml:lang="en">Árnagarður Suðurgata, 107 Reykjavik, Iceland</addrLine>
          <addrLine>
            <email>arnastofnun@arnastofnun.is</email>
          </addrLine>
        </address>
        <idno type="risam">G-25-2547327</idno>
        <availability>
          <p xml:lang="is">Þessi texti er til notkunar í málrannsóknum og máltækniverkefnum um allan heim með sérstöku leyfi, sjá rmh2Hdr.xml</p>
          <p xml:lang="en">This text is available for use in language research and language technology projects world wide with a special license, see rmh2Hdr.xml</p>
        </availability>
        <date>2020-05-26</date>
      </publicationStmt>
      <sourceDesc>
        <biblStruct>
          <analytic>
            <title>
              <title type="main">Vona að yfirvöld sjái sóma sinn í að fylgja málinu eftir</title>
            </title>
            <date when="2013-03-26T12:00:00">26.03 2013 kl. 12:00:00</date>
          </analytic>
          <monogr>
            <title>Bylgjan</title>
            <imprint>
              <publisher>365 miðlar hf.</publisher>
              <pubPlace>Reykjavík</pubPlace>
            </imprint>
          </monogr>
        </biblStruct>
      </sourceDesc>
    </fileDesc>
    <encodingDesc>
      <projectDesc>
        <p xml:lang="is">Sjá lýsingu á verkefninu í rmh2Hdr.xml.</p>
        <p xml:lang="en">See description of project in rmh2Hdr.xml.</p>
      </projectDesc>
      <tagsDecl>
        <namespace name="http://www.tei-c.org/ns/1.0">
          <tagUsage gi="text" occurs="1"/>
          <tagUsage gi="body" occurs="1"/>
          <tagUsage gi="div1" occurs="1"/>
          <tagUsage gi="p" occurs="7"/>
          <tagUsage gi="s" occurs="15"/>
          <tagUsage gi="w" occurs="273"/>
          <tagUsage gi="c" occurs="30"/>
        </namespace>
      </tagsDecl>
    </encodingDesc>
    <profileDesc>
     <textClass>
      <keywords scheme="#RMH">
       <list>
        <item>Frétt – almennt</item>
       </list>
      </keywords>
     </textClass>
    </profileDesc>
  </teiHeader>
  <text>
    <body>
      <div1>
        <p n="1">
          <s n="1">
            <w lemma="og" type="c">Og</w>
            <w lemma="mjög" type="aam">meira</w>
            <w lemma="þessi" type="faheþ">þessu</w>
            <w lemma="tengdur" type="lhensf">tengt</w>
            <c type="pl">.</c>
          </s>
          <s n="2">
            <w lemma="Erla" type="nven-s">Erla</w>
            <w lemma="Bolladóttir" type="nven-s">Bolladóttir</w>
            <c type="pk">,</c>
            <w lemma="einn" type="tfken">einn</w>
            <w lemma="sakborningur" type="nkfe">sakborninga</w>
            <w lemma="í" type="af">í</w>
            <w lemma="Geirfinnsmál" type="nheþgs">Geirfinnsmálinu</w>
            <w lemma="vona" type="sfm3fn">vonast</w>
            <w lemma="til" type="af">til</w>
            <w lemma="að" type="c">að</w>
            <w lemma="ekki" type="aa">ekki</w>
            <w lemma="koma" type="svg3en">komi</w>
            <w lemma="til" type="af">til</w>
            <w lemma="það" type="fphee">þess</w>
            <w lemma="að" type="c">að</w>
            <w lemma="dómfellda" type="nveþ">dómfelldu</w>
            <w lemma="þurfa" type="svg3en">þurfi</w>
            <w lemma="sjálfur" type="fbven">sjálf</w>
            <w lemma="að" type="cn">að</w>
            <w lemma="fara" type="sng">fara</w>
            <w lemma="fram" type="aa">fram</w>
            <w lemma="á" type="af">á</w>
            <w lemma="endurupptaka" type="nveo">endurupptöku</w>
            <w lemma="mál" type="nheeg">málsins</w>
            <c type="pl">.</c>
          </s>
          <s n="3">
            <w lemma="skýrsla" type="nven">Skýrsla</w>
            <w lemma="starfshópur" type="nkee">starfshóps</w>
            <w lemma="innanríkisráðuneyti" type="nheeg">innanríkisráðuneytisins</w>
            <w lemma="vera" type="svg3en">sé</w>
            <w lemma="afdráttarlaus" type="lvensf">afdráttarlaus</w>
            <w lemma="og" type="c">og</w>
            <w lemma="yfirvald" type="nhfn">yfirvöld</w>
            <w lemma="eiga" type="svg3fn">eigi</w>
            <w lemma="að" type="cn">að</w>
            <w lemma="sjá" type="sng">sjá</w>
            <w lemma="sómi" type="nkeo">sóma</w>
            <w lemma="sinn" type="fekeo">sinn</w>
            <w lemma="í" type="af">í</w>
            <w lemma="að" type="cn">að</w>
            <w lemma="fylgja" type="sng">fylgja</w>
            <w lemma="mál" type="nheþg">málinu</w>
            <w lemma="eftir" type="aa">eftir</w>
            <w lemma="án" type="af">án</w>
            <w lemma="utanaðkomandi" type="lkeeof">utanaðkomandi</w>
            <w lemma="þrýstingur" type="nkee">þrýstings</w>
            <c type="pl">.</c>
          </s>
        </p>
        <p n="2">
          <s n="1">
            <w lemma="Erla" type="nven-s">Erla</w>
            <w lemma="vera" type="sfg3eþ">var</w>
            <w lemma="dæma" type="sþgven">dæmd</w>
            <w lemma="í" type="af">í</w>
            <w lemma="þrír" type="tfhfe">þriggja</w>
            <w lemma="ár" type="nhfe">ára</w>
            <w lemma="fangelsi" type="nheþ">fangelsi</w>
            <w lemma="fyrir" type="af">fyrir</w>
            <w lemma="aðild" type="nveo">aðild</w>
            <w lemma="sinn" type="feveo">sína</w>
            <w lemma="að" type="af">að</w>
            <w lemma="Guðmundar-" type="kt">Guðmundar-</w>
            <w lemma="og" type="c">og</w>
            <w lemma="Geirfinnsmál" type="nheþgs">Geirfinnsmálinu</w>
            <c type="pl">.</c>
          </s>
          <s n="2">
            <w lemma="hún" type="fpven">Hún</w>
            <w lemma="hafa" type="sfg3en">hefur</w>
            <w lemma="rétt" type="aa">rétt</w>
            <w lemma="eins" type="aa">eins</w>
            <w lemma="og" type="c">og</w>
            <w lemma="annar" type="fokfn">aðrir</w>
            <w lemma="sakborningur" type="nkfn">sakborningar</w>
            <w lemma="í" type="af">í</w>
            <w lemma="mál" type="nheþg">málinu</w>
            <w lemma="halda" type="sþghen">haldið</w>
            <w lemma="fram" type="aa">fram</w>
            <w lemma="sakleysi" type="nheþ">sakleysi</w>
            <w lemma="sinn" type="feheþ">sínu</w>
            <w lemma="og" type="c">og</w>
            <w lemma="lengi" type="aa">lengi</w>
            <w lemma="þrýsta" type="sþghen">þrýst</w>
            <w lemma="á" type="af">á</w>
            <w lemma="yfirvald" type="nhfo">yfirvöld</w>
            <w lemma="að" type="cn">að</w>
            <w lemma="taka" type="sng">taka</w>
            <w lemma="mál" type="nheog">málið</w>
            <w lemma="upp" type="aa">upp</w>
            <w lemma="að" type="af">að</w>
            <w lemma="nýr" type="lheþsf">nýju</w>
            <c type="pl">.</c>
          </s>
          <s n="3">
            <w lemma="Erla" type="nven-s">Erla</w>
            <w lemma="segja" type="sfm3en">segist</w>
            <w lemma="fagna" type="sng">fagna</w>
            <w lemma="niðurstaða" type="nveþ">niðurstöðu</w>
            <w lemma="starfshópur" type="nkeeg">starfshópsins</w>
            <c type="pl">.</c>
          </s>
        </p>
        <p n="3">
          <s n="1">
            <w lemma="Erla" type="nven-s">Erla</w>
            <w lemma="Bolladóttir" type="nven-s">Bolladóttir</w>
            <c type="pk">,</c>
            <w lemma="sakborningur" type="nken">sakborningur</w>
            <c type="pa">:</c>
            <w lemma="ég" type="fp1en">Ég</w>
            <w lemma="vera" type="sfg1en">er</w>
            <w lemma="rosalega" type="aa">rosalega</w>
            <w lemma="feginn" type="lvensf">fegin</w>
            <c type="pk">,</c>
            <w lemma="feginn" type="lvensf">fegin</w>
            <w lemma="að" type="c">að</w>
            <w lemma="þessi" type="fahen">þetta</w>
            <w lemma="vera" type="sfg3en">er</w>
            <c type="pk">,</c>
            <w lemma="þessi" type="faven">þessi</w>
            <w lemma="vinna" type="nven">vinna</w>
            <w lemma="vera" type="sfg3en">er</w>
            <w lemma="búinn" type="lvensf">búin</w>
            <w lemma="og" type="c">og</w>
            <w lemma="niðurstaða" type="nven">niðurstaða</w>
            <w lemma="koma" type="sþgven">komin</w>
            <w lemma="í" type="af">í</w>
            <w lemma="hún" type="fpveo">hana</w>
            <c type="pl">.</c>
          </s>
          <s n="2">
            <w lemma="en" type="c">En</w>
            <w lemma="allur" type="fokeo">allan</w>
            <w lemma="tími" type="nkeog">tímann</w>
            <w lemma="hafa" type="sfg1en">hef</w>
            <w lemma="ég" type="fp1en">ég</w>
            <w lemma="aldrei" type="aa">aldrei</w>
            <w lemma="gefa" type="sþghen">gefið</w>
            <w lemma="ég" type="fp1eo">mig</w>
            <c type="pa">...</c>
            <w lemma="sko" type="aa">sko</w>
            <c type="pk">,</c>
            <w lemma="maður" type="nken">maður</w>
            <w lemma="vita" type="sfg3en">veit</w>
            <w lemma="aldrei" type="aa">aldrei</w>
            <w lemma="hver" type="fshen">hvað</w>
            <w lemma="geta" type="sfg3en">getur</w>
            <w lemma="koma" type="sþghen">komið</w>
            <w lemma="upp" type="aa">upp</w>
            <w lemma="á" type="af">á</w>
            <w lemma="leið" type="nveþg">leiðinni</w>
            <w lemma="og" type="c">og</w>
            <w lemma="hver" type="fsken">hver</w>
            <c type="pk">,</c>
            <w lemma="hver" type="fsken">hver</w>
            <w lemma="guggna" type="sfg3en">guggnar</w>
            <w lemma="þá" type="aa">þá</w>
            <w lemma="og" type="c">og</w>
            <w lemma="hver" type="fsken">hver</w>
            <w lemma="standa" type="sfg3en">stendur</w>
            <w lemma="í" type="af">í</w>
            <w lemma="fótur" type="nkfog">fæturna</w>
            <w lemma="og" type="c">og</w>
            <w lemma="svona" type="aa">svona</w>
            <c type="pl">.</c>
          </s>
        </p>
        <p n="4">
          <s n="1">
            <w lemma="Erla" type="nven-s">Erla</w>
            <w lemma="vonaa" type="sfg3en">vona</w>
            <w lemma="að" type="c">að</w>
            <w lemma="ríkissaksóknari" type="nken">ríkissaksóknari</w>
            <w lemma="leggja" type="svg3en">leggi</w>
            <w lemma="til" type="af">til</w>
            <w lemma="að" type="c">að</w>
            <w lemma="mál" type="nheng">málið</w>
            <w lemma="verða" type="svg3en">verði</w>
            <w lemma="taka" type="sþghen">tekið</w>
            <w lemma="upp" type="aa">upp</w>
            <w lemma="að" type="af">að</w>
            <w lemma="nýr" type="lheþsf">nýju</w>
            <c type="pl">.</c>
          </s>
          <s n="2">
            <w lemma="áralöng" type="nhfn">Áralöng</w>
            <w lemma="barátta" type="nven">barátta</w>
            <w lemma="sakborningur" type="nkfe">sakborninga</w>
            <w lemma="og" type="c">og</w>
            <w lemma="aðstandandi" type="nkfe">aðstandenda</w>
            <w lemma="hún" type="fpvfe">þeirra</w>
            <w lemma="hafa" type="svg3en">hafi</w>
            <w lemma="kosta" type="sþghen">kostað</w>
            <w lemma="mikill" type="lheosf">mikið</w>
            <w lemma="þrek" type="nheo">þrek</w>
            <c type="pl">.</c>
          </s>
        </p>
        <p n="5">
          <s n="1">
            <w lemma="Erla" type="nven-s">Erla</w>
            <w lemma="Bolladóttir" type="nven-s">Bolladóttir</w>
            <c type="pa">:</c>
            <w lemma="ég" type="fp1fn">Við</w>
            <w lemma="vera" type="sfg1fn">erum</w>
            <w lemma="búinn" type="lhfnsf">búin</w>
            <w lemma="að" type="cn">að</w>
            <w lemma="leggja" type="sng">leggja</w>
            <w lemma="það" type="fpheo">það</w>
            <w lemma="mikill" type="lheosf">mikið</w>
            <w lemma="í" type="af">í</w>
            <w lemma="þessi" type="faheo">þetta</w>
            <w lemma="sjálf" type="nheo">sjálf</w>
            <w lemma="og" type="c">og</w>
            <w lemma="hérna" type="aa">hérna</w>
            <w lemma="og" type="c">og</w>
            <w lemma="það" type="fphen">það</w>
            <w lemma="vera" type="sfg3en">er</w>
            <w lemma="svona" type="aa">svona</w>
            <w lemma="ákveðinn" type="lkensf">ákveðinn</w>
            <w lemma="svona" type="lvenof">svona</w>
            <w lemma="þreyta" type="nven">þreyta</w>
            <w lemma="koma" type="sþgven">komin</w>
            <w lemma="í" type="af">í</w>
            <w lemma="það" type="fpheo">það</w>
            <w lemma="sko" type="aa">sko</w>
            <c type="pk">,</c>
            <w lemma="og" type="c">og</w>
            <w lemma="ég" type="fp1en">ég</w>
            <w lemma="meina" type="sfg1en">meina</w>
            <w lemma="maður" type="nkfn">menn</w>
            <w lemma="hafa" type="sng">hafa</w>
            <w lemma="tapa" type="sþghen">tapað</w>
            <w lemma="heilsa" type="nveþ">heilsu</w>
            <w lemma="sinn" type="feveþ">sinni</w>
            <w lemma="og" type="c">og</w>
            <w lemma="jafnvel" type="aa">jafnvel</w>
            <w lemma="líf" type="nheþ">lífi</w>
            <w lemma="í" type="af">í</w>
            <w lemma="sá" type="faveþ">þeirri</w>
            <w lemma="þreyta" type="nveþ">þreytu</w>
            <w lemma="sko" type="aa">sko</w>
            <c type="pl">.</c>
          </s>
          <s n="2">
            <w lemma="þannig" type="aa">Þannig</w>
            <w lemma="að" type="c">að</w>
            <w lemma="ég" type="fp1en">ég</w>
            <w lemma="vera" type="sfg1en">er</w>
            <w lemma="bara" type="aa">bara</w>
            <w lemma="að" type="cn">að</w>
            <w lemma="vona" type="sng">vona</w>
            <w lemma="það" type="fpheo">það</w>
            <w lemma="að" type="c">að</w>
            <c type="pk">,</c>
            <w lemma="að" type="c">að</w>
            <w lemma="stjórnvöld" type="nhfn">stjórnvöld</w>
            <w lemma="sjá" type="svg3fn">sjái</w>
            <w lemma="sko" type="aa">sko</w>
            <w lemma="sinn" type="fekeo">sinn</w>
            <w lemma="staður" type="nkeo">stað</w>
            <w lemma="í" type="af">í</w>
            <w lemma="þessi" type="faheþ">þessu</w>
            <c type="pl">.</c>
          </s>
          <s n="3">
            <w lemma="þessi" type="fahen">Þetta</w>
            <w lemma="vera" type="sfg3en">er</w>
            <w lemma="verða" type="sþghen">orðið</w>
            <w lemma="augljós" type="lhensf">augljóst</w>
            <w lemma="og" type="c">og</w>
            <w lemma="af" type="af">af</w>
            <w lemma="hver" type="fsheþ">hverju</w>
            <w lemma="ekki" type="aa">ekki</w>
            <w lemma="að" type="cn">að</w>
            <w lemma="klára" type="sng">klára</w>
            <w lemma="þessi" type="faheo">þetta</w>
            <w lemma="þá" type="aa">þá</w>
            <c type="pl">.</c>
          </s>
        </p>
        <p n="6">
          <s n="1">
            <w lemma="Hjörtur" type="nken-s">Hjörtur</w>
            <w lemma="Hjartarson" type="nken-s">Hjartarson</w>
            <c type="pa">:</c>
            <w lemma="þú" type="fp2fn">Þið</w>
            <w lemma="vilja" type="sfg2fn">viljið</w>
            <w lemma="varla" type="aam">síður</w>
            <w lemma="þurfa" type="sng">þurfa</w>
            <w lemma="en" type="c">en</w>
            <w lemma="þú" type="fp2fn">þið</w>
            <w lemma="munu" type="sfg2fn">munuð</w>
            <w lemma="gera" type="sng">gera</w>
            <w lemma="ef" type="c">ef</w>
            <w lemma="þú" type="fp2fn">þið</w>
            <w lemma="þurfa" type="sfg2fn">þurfið</w>
            <w lemma="sjálfur" type="fbhfn">sjálf</w>
            <w lemma="að" type="cn">að</w>
            <w lemma="fara" type="sng">fara</w>
            <w lemma="fram" type="aa">fram</w>
            <w lemma="á" type="af">á</w>
            <w lemma="endurupptaka" type="nveo">endurupptöku</w>
            <w lemma="mál" type="nheeg">málsins</w>
            <c type="pl">?</c>
          </s>
        </p>
        <p n="7">
          <s n="1">
            <w lemma="Erla" type="nven-s">Erla</w>
            <w lemma="Bolladóttir" type="nven-s">Bolladóttir</w>
            <c type="pa">:</c>
            <w lemma="já" type="au">Já</w>
            <c type="pk">,</c>
            <w lemma="ég" type="fp1en">ég</w>
            <w lemma="meina" type="sfg1en">meina</w>
            <w lemma="ég" type="fp1en">ég</w>
            <w lemma="losna" type="sng">losna</w>
            <w lemma="aldrei" type="aa">aldrei</w>
            <w lemma="við" type="af">við</w>
            <w lemma="ábyrgð" type="nveog">ábyrgðina</w>
            <w lemma="sko" type="aa">sko</w>
            <c type="pk">,</c>
            <w lemma="ef" type="c">ef</w>
            <w lemma="enginn" type="foken">enginn</w>
            <w lemma="annar" type="foken">annar</w>
            <w lemma="þá" type="aa">þá</w>
            <w lemma="verða" type="sfg1en">verð</w>
            <w lemma="ég" type="fp1en">ég</w>
            <w lemma="að" type="cn">að</w>
            <w lemma="gjöra" type="sng">gjöra</w>
            <w lemma="svo" type="aa">svo</w>
            <w lemma="vel" type="aa">vel</w>
            <c type="pl">.</c>
          </s>
        </p>
      </div1>
    </body>
  </text>
</TEI>
