<?xml version="1.0" encoding="utf-8"?>
<TEI xmlns="http://www.tei-c.org/ns/1.0">
  <teiHeader>
    <fileDesc>
      <titleStmt>
        <title>
          <title type="main">Stjórnarskrármálið rætt á þingi</title>
        </title>
        <respStmt>
          <resp xml:lang="is">Söfnun og úrvinnsla texta</resp>
          <resp xml:lang="en">Collection and processing of text</resp>
          <name xml:lang="is">Stofnun Árna Magnússonar í íslenskum fræðum</name>
          <name xml:lang="en">The Arni Magnusson Institute for Icelandic Studies</name>
        </respStmt>
      </titleStmt>
      <editionStmt>
        <p xml:lang="is">Íslensk risamálheild (2019)</p>
        <p xml:lang="en">Tagged Icelandic Gigaword Corpus (2019)</p>
      </editionStmt>
      <publicationStmt>
        <distributor xml:lang="is">Stofnun Árna Magnússonar í íslenskum fræðum</distributor>
        <distributor xml:lang="en">The Arni Magnusson Institute for Icelandic Studies</distributor>
        <address>
          <addrLine xml:lang="is">Árnagarður við Suðurgötu, 107 Reykjavík, Íslandi</addrLine>
          <addrLine xml:lang="en">Árnagarður Suðurgata, 107 Reykjavik, Iceland</addrLine>
          <addrLine>
            <email>arnastofnun@arnastofnun.is</email>
          </addrLine>
        </address>
        <idno type="risam">G-25-2544693</idno>
        <availability>
          <p xml:lang="is">Þessi texti er til notkunar í málrannsóknum og máltækniverkefnum um allan heim með sérstöku leyfi, sjá rmh2Hdr.xml</p>
          <p xml:lang="en">This text is available for use in language research and language technology projects world wide with a special license, see rmh2Hdr.xml</p>
        </availability>
        <date>2020-05-26</date>
      </publicationStmt>
      <sourceDesc>
        <biblStruct>
          <analytic>
            <title>
              <title type="main">Stjórnarskrármálið rætt á þingi</title>
            </title>
            <date when="2013-03-09T12:00:00">09.03 2013 kl. 12:00:00</date>
          </analytic>
          <monogr>
            <title>Bylgjan</title>
            <imprint>
              <publisher>365 miðlar hf.</publisher>
              <pubPlace>Reykjavík</pubPlace>
            </imprint>
          </monogr>
        </biblStruct>
      </sourceDesc>
    </fileDesc>
    <encodingDesc>
      <projectDesc>
        <p xml:lang="is">Sjá lýsingu á verkefninu í rmh2Hdr.xml.</p>
        <p xml:lang="en">See description of project in rmh2Hdr.xml.</p>
      </projectDesc>
      <tagsDecl>
        <namespace name="http://www.tei-c.org/ns/1.0">
          <tagUsage gi="text" occurs="1"/>
          <tagUsage gi="body" occurs="1"/>
          <tagUsage gi="div1" occurs="1"/>
          <tagUsage gi="p" occurs="1"/>
          <tagUsage gi="s" occurs="4"/>
          <tagUsage gi="w" occurs="83"/>
          <tagUsage gi="c" occurs="6"/>
        </namespace>
      </tagsDecl>
    </encodingDesc>
    <profileDesc>
     <textClass>
      <keywords scheme="#RMH">
       <list>
        <item>Frétt – almennt</item>
       </list>
      </keywords>
     </textClass>
    </profileDesc>
  </teiHeader>
  <text>
    <body>
      <div1>
        <p n="1">
          <s n="1">
            <w lemma="það" type="fphee">Þess</w>
            <w lemma="bera" type="sfg3en">ber</w>
            <w lemma="að" type="cn">að</w>
            <w lemma="geta" type="sng">geta</w>
            <w lemma="að" type="c">að</w>
            <w lemma="stjórnarskrármál" type="nheng">stjórnarskrármálið</w>
            <w lemma="vera" type="sfg3eþ">var</w>
            <w lemma="lítillega" type="aa">lítillega</w>
            <w lemma="til" type="af">til</w>
            <w lemma="umræða" type="nvee">umræðu</w>
            <w lemma="í" type="af">í</w>
            <w lemma="starf" type="nhfþ">störfum</w>
            <w lemma="þing" type="nheeg">þingsins</w>
            <w lemma="á" type="af">á</w>
            <w lemma="þingfundur" type="nkeþ">þingfundi</w>
            <w lemma="í" type="af">í</w>
            <w lemma="morgunn" type="nkeo">morgun</w>
            <c type="pl">.</c>
          </s>
          <s n="2">
            <w lemma="þar" type="aa">Þar</w>
            <w lemma="koma" type="sfg3eþ">kom</w>
            <w lemma="Skúli" type="nken-s">Skúli</w>
            <w lemma="Helgason" type="nken-s">Helgason</w>
            <c type="pk">,</c>
            <w lemma="þingmaður" type="nken">þingmaður</w>
            <w lemma="Samfylkingin" type="nveegs">Samfylkingarinnar</w>
            <c type="pk">,</c>
            <w lemma="meðal" type="af">meðal</w>
            <w lemma="annar" type="fohee">annars</w>
            <w lemma="upp" type="aa">upp</w>
            <w lemma="í" type="af">í</w>
            <w lemma="ponta" type="nveo">pontu</w>
            <w lemma="og" type="c">og</w>
            <w lemma="leggja" type="sfg3eþ">lagði</w>
            <w lemma="á" type="af">á</w>
            <w lemma="það" type="fpheo">það</w>
            <w lemma="áhersla" type="nveo">áherslu</w>
            <w lemma="að" type="c">að</w>
            <w lemma="mikilvægur" type="lhense">mikilvægast</w>
            <w lemma="vera" type="svg3eþ">væri</w>
            <w lemma="að" type="cn">að</w>
            <w lemma="ná" type="sng">ná</w>
            <w lemma="sátt" type="nveþ">sátt</w>
            <w lemma="um" type="af">um</w>
            <w lemma="mál" type="nheog">málið</w>
            <w lemma="á" type="af">á</w>
            <w lemma="þing" type="nheþ">þingi</w>
            <c type="pl">.</c>
          </s>
          <s n="3">
            <w lemma="hann" type="fpken">Hann</w>
            <w lemma="segja" type="sfm3eþ">sagðist</w>
            <w lemma="jafnframt" type="aa">jafnframt</w>
            <w lemma="að" type="c">að</w>
            <w lemma="taka" type="svm3en">takist</w>
            <w lemma="samningur" type="nkfn">samningar</w>
            <w lemma="ekki" type="aa">ekki</w>
            <w lemma="vera" type="svg3eþ">væri</w>
            <w lemma="það" type="fphen">það</w>
            <w lemma="skylda" type="nven">skylda</w>
            <w lemma="Alþingi" type="nhee-s">Alþingis</w>
            <w lemma="að" type="cn">að</w>
            <w lemma="láta" type="sng">láta</w>
            <w lemma="mál" type="nheog">málið</w>
            <w lemma="koma" type="sng">koma</w>
            <w lemma="til" type="af">til</w>
            <w lemma="atkvæði" type="nhfe">atkvæða</w>
            <w lemma="í" type="af">í</w>
            <w lemma="ljós" type="nheþ">ljósi</w>
            <w lemma="sá" type="fahee">þess</w>
            <w lemma="sterkur" type="lheevf">sterka</w>
            <w lemma="umboð" type="nhee">umboðs</w>
            <w lemma="sem" type="ct">sem</w>
            <w lemma="fá" type="sfm3eþ">fékkst</w>
            <w lemma="í" type="af">í</w>
            <w lemma="þjóðaratkvæðagreiðsla" type="nveþg">þjóðaratkvæðagreiðslunni</w>
            <w lemma="20." type="ta">20.</w>
            <w lemma="október" type="nkeo">október</w>
            <w lemma="síðastliðinn" type="lkeosf">síðastliðinn</w>
            <c type="pl">.</c>
          </s>
          <s n="4">
            <w lemma="þingfundur" type="nken">Þingfundur</w>
            <w lemma="standa" type="sfg3en">stendur</w>
            <w lemma="enn" type="aa">enn</w>
            <w lemma="yfir" type="aa">yfir</w>
            <w lemma="á" type="af">á</w>
            <w lemma="Alþingi" type="nheþ-s">Alþingi</w>
            <w lemma="og" type="c">og</w>
            <w lemma="munu" type="sfg3en">mun</w>
            <w lemma="gera" type="sng">gera</w>
            <w lemma="frameftir" type="af">frameftir</w>
            <w lemma="dagur" type="nkeþ">degi</w>
            <c type="pl">.</c>
          </s>
        </p>
      </div1>
    </body>
  </text>
</TEI>
