<?xml version="1.0" encoding="utf-8"?>
<TEI xmlns="http://www.tei-c.org/ns/1.0">
  <teiHeader>
    <fileDesc>
      <titleStmt>
        <title>
          <title type="main">Tveir Litháar í gæsluvarðhaldi</title>
        </title>
        <respStmt>
          <resp xml:lang="is">Söfnun og úrvinnsla texta</resp>
          <resp xml:lang="en">Collection and processing of text</resp>
          <name xml:lang="is">Stofnun Árna Magnússonar í íslenskum fræðum</name>
          <name xml:lang="en">The Arni Magnusson Institute for Icelandic Studies</name>
        </respStmt>
      </titleStmt>
      <editionStmt>
        <p xml:lang="is">Íslensk risamálheild (2019)</p>
        <p xml:lang="en">Tagged Icelandic Gigaword Corpus (2019)</p>
      </editionStmt>
      <publicationStmt>
        <distributor xml:lang="is">Stofnun Árna Magnússonar í íslenskum fræðum</distributor>
        <distributor xml:lang="en">The Arni Magnusson Institute for Icelandic Studies</distributor>
        <address>
          <addrLine xml:lang="is">Árnagarður við Suðurgötu, 107 Reykjavík, Íslandi</addrLine>
          <addrLine xml:lang="en">Árnagarður Suðurgata, 107 Reykjavik, Iceland</addrLine>
          <addrLine>
            <email>arnastofnun@arnastofnun.is</email>
          </addrLine>
        </address>
        <idno type="risam">G-25-2545169</idno>
        <availability>
          <p xml:lang="is">Þessi texti er til notkunar í málrannsóknum og máltækniverkefnum um allan heim með sérstöku leyfi, sjá rmh2Hdr.xml</p>
          <p xml:lang="en">This text is available for use in language research and language technology projects world wide with a special license, see rmh2Hdr.xml</p>
        </availability>
        <date>2020-05-26</date>
      </publicationStmt>
      <sourceDesc>
        <biblStruct>
          <analytic>
            <title>
              <title type="main">Tveir Litháar í gæsluvarðhaldi</title>
            </title>
            <date when="2013-03-12T12:00:00">12.03 2013 kl. 12:00:00</date>
          </analytic>
          <monogr>
            <title>Bylgjan</title>
            <imprint>
              <publisher>365 miðlar hf.</publisher>
              <pubPlace>Reykjavík</pubPlace>
            </imprint>
          </monogr>
        </biblStruct>
      </sourceDesc>
    </fileDesc>
    <encodingDesc>
      <projectDesc>
        <p xml:lang="is">Sjá lýsingu á verkefninu í rmh2Hdr.xml.</p>
        <p xml:lang="en">See description of project in rmh2Hdr.xml.</p>
      </projectDesc>
      <tagsDecl>
        <namespace name="http://www.tei-c.org/ns/1.0">
          <tagUsage gi="text" occurs="1"/>
          <tagUsage gi="body" occurs="1"/>
          <tagUsage gi="div1" occurs="1"/>
          <tagUsage gi="p" occurs="1"/>
          <tagUsage gi="s" occurs="3"/>
          <tagUsage gi="w" occurs="89"/>
          <tagUsage gi="c" occurs="7"/>
        </namespace>
      </tagsDecl>
    </encodingDesc>
    <profileDesc>
     <textClass>
      <keywords scheme="#RMH">
       <list>
        <item>Frétt – almennt</item>
       </list>
      </keywords>
     </textClass>
    </profileDesc>
  </teiHeader>
  <text>
    <body>
      <div1>
        <p n="1">
          <s n="1">
            <w lemma="tveir" type="tfkfn">Tveir</w>
            <w lemma="karl" type="nkfn">karlar</w>
            <w lemma="frá" type="af">frá</w>
            <w lemma="Litháen" type="nheþ-s">Litháen</w>
            <c type="pk">,</c>
            <w lemma="annar" type="foken">annar</w>
            <w lemma="um" type="af">um</w>
            <w lemma="þrítugur" type="lheosf">þrítugt</w>
            <w lemma="og" type="c">og</w>
            <w lemma="hinn" type="faken">hinn</w>
            <w lemma="á" type="af">á</w>
            <w lemma="fimmtugsaldur" type="nkeþ">fimmtugsaldri</w>
            <c type="pk">,</c>
            <w lemma="sitja" type="sfg3fn">sitja</w>
            <w lemma="í" type="af">í</w>
            <w lemma="gæsluvarðhald" type="nheþ">gæsluvarðhaldi</w>
            <w lemma="í" type="af">í</w>
            <w lemma="tengsl" type="nhfþ">tengslum</w>
            <w lemma="við" type="af">við</w>
            <w lemma="fíkniefnamál" type="nheo">fíkniefnamál</w>
            <w lemma="sem" type="ct">sem</w>
            <w lemma="vera" type="sfg3en">er</w>
            <w lemma="til" type="af">til</w>
            <w lemma="rannsókn" type="nvee">rannsóknar</w>
            <w lemma="hjá" type="af">hjá</w>
            <w lemma="lögregla" type="nveþ">lögreglu</w>
            <w lemma="á" type="af">á</w>
            <w lemma="höfuðborgarsvæði" type="nheþg">höfuðborgarsvæðinu</w>
            <c type="pl">.</c>
          </s>
          <s n="2">
            <w lemma="maður" type="nkfng">Mennirnir</w>
            <w lemma="sem" type="ct">sem</w>
            <w lemma="koma" type="sfg3fþ">komu</w>
            <w lemma="hingað" type="aa">hingað</w>
            <w lemma="frá" type="af">frá</w>
            <w lemma="Bretland" type="nheþ-s">Bretlandi</w>
            <w lemma="í" type="af">í</w>
            <w lemma="síðari" type="lveþve">síðustu</w>
            <w lemma="vika" type="nveþ">viku</w>
            <w lemma="vera" type="sfg3fþ">voru</w>
            <w lemma="handtaka" type="sþgkfn">handteknir</w>
            <w lemma="síðastliðinn" type="lkeosf">síðastliðinn</w>
            <w lemma="föstudagur" type="nkeo">föstudag</w>
            <w lemma="og" type="c">og</w>
            <w lemma="úrskurða" type="sþgkfn">úrskurðaðir</w>
            <w lemma="dagur" type="nkeog">daginn</w>
            <w lemma="eftir" type="aa">eftir</w>
            <w lemma="í" type="af">í</w>
            <w lemma="gæsluvarðhald" type="nheo">gæsluvarðhald</w>
            <w lemma="til" type="af">til</w>
            <w lemma="15." type="ta">15.</w>
            <w lemma="mars" type="nkee">mars</w>
            <w lemma="en" type="c">en</w>
            <w lemma="annar" type="foken">annar</w>
            <w lemma="hann" type="fpkfe">þeirra</w>
            <w lemma="reyna" type="sfm3eþ">reyndist</w>
            <w lemma="hafa" type="sng">hafa</w>
            <w lemma="innvortis" type="aa">innvortis</w>
            <w lemma="um" type="aa">um</w>
            <w lemma="500" type="ta">500</w>
            <w lemma="gramm" type="nhfn">grömm</w>
            <w lemma="af" type="af">af</w>
            <w lemma="ætlaður" type="lheþsf">ætluðu</w>
            <w lemma="kókaín" type="nheþ">kókaíni</w>
            <c type="pl">.</c>
          </s>
          <s n="3">
            <w lemma="þriðji" type="lkenvf">Þriðji</w>
            <w lemma="maður" type="nkeng">maðurinn</w>
            <c type="pk">,</c>
            <w lemma="Íslendingur" type="nken-s">Íslendingur</w>
            <w lemma="á" type="af">á</w>
            <w lemma="þrítugsaldur" type="nkeþ">þrítugsaldri</w>
            <c type="pk">,</c>
            <w lemma="vera" type="sfg3eþ">var</w>
            <w lemma="svo" type="aa">svo</w>
            <w lemma="handtaka" type="sþgken">handtekinn</w>
            <w lemma="í" type="aa">í</w>
            <w lemma="gær" type="aa">gær</w>
            <w lemma="en" type="c">en</w>
            <w lemma="sá" type="faken">sá</w>
            <w lemma="vera" type="sfg3en">er</w>
            <w lemma="gruna" type="sþgken">grunaður</w>
            <w lemma="um" type="af">um</w>
            <w lemma="aðild" type="nveo">aðild</w>
            <w lemma="að" type="af">að</w>
            <w lemma="mál" type="nheþg">málinu</w>
            <w lemma="og" type="c">og</w>
            <w lemma="hafa" type="sfg3en">hefur</w>
            <w lemma="hann" type="fpken">hann</w>
            <w lemma="einnig" type="aa">einnig</w>
            <w lemma="vera" type="sþghen">verið</w>
            <w lemma="úrskurða" type="sþgken">úrskurðaður</w>
            <w lemma="í" type="af">í</w>
            <w lemma="gæsluvarðhald" type="nheo">gæsluvarðhald</w>
            <w lemma="til" type="af">til</w>
            <w lemma="15." type="lkeevf">15.</w>
            <w lemma="mars" type="nkee">mars</w>
            <c type="pl">.</c>
          </s>
        </p>
      </div1>
    </body>
  </text>
</TEI>
