<?xml version="1.0" encoding="utf-8"?>
<TEI xmlns="http://www.tei-c.org/ns/1.0">
  <teiHeader>
    <fileDesc>
      <titleStmt>
        <title>
          <title type="main">Gæðakokkar kærðir fyrir brot á matvælalögum</title>
        </title>
        <respStmt>
          <resp xml:lang="is">Söfnun og úrvinnsla texta</resp>
          <resp xml:lang="en">Collection and processing of text</resp>
          <name xml:lang="is">Stofnun Árna Magnússonar í íslenskum fræðum</name>
          <name xml:lang="en">The Arni Magnusson Institute for Icelandic Studies</name>
        </respStmt>
      </titleStmt>
      <editionStmt>
        <p xml:lang="is">Íslensk risamálheild (2019)</p>
        <p xml:lang="en">Tagged Icelandic Gigaword Corpus (2019)</p>
      </editionStmt>
      <publicationStmt>
        <distributor xml:lang="is">Stofnun Árna Magnússonar í íslenskum fræðum</distributor>
        <distributor xml:lang="en">The Arni Magnusson Institute for Icelandic Studies</distributor>
        <address>
          <addrLine xml:lang="is">Árnagarður við Suðurgötu, 107 Reykjavík, Íslandi</addrLine>
          <addrLine xml:lang="en">Árnagarður Suðurgata, 107 Reykjavik, Iceland</addrLine>
          <addrLine>
            <email>arnastofnun@arnastofnun.is</email>
          </addrLine>
        </address>
        <idno type="risam">G-25-2543274</idno>
        <availability>
          <p xml:lang="is">Þessi texti er til notkunar í málrannsóknum og máltækniverkefnum um allan heim með sérstöku leyfi, sjá rmh2Hdr.xml</p>
          <p xml:lang="en">This text is available for use in language research and language technology projects world wide with a special license, see rmh2Hdr.xml</p>
        </availability>
        <date>2020-05-26</date>
      </publicationStmt>
      <sourceDesc>
        <biblStruct>
          <analytic>
            <title>
              <title type="main">Gæðakokkar kærðir fyrir brot á matvælalögum</title>
            </title>
            <date when="2013-03-01T12:00:00">01.03 2013 kl. 12:00:00</date>
          </analytic>
          <monogr>
            <title>Bylgjan</title>
            <imprint>
              <publisher>365 miðlar hf.</publisher>
              <pubPlace>Reykjavík</pubPlace>
            </imprint>
          </monogr>
        </biblStruct>
      </sourceDesc>
    </fileDesc>
    <encodingDesc>
      <projectDesc>
        <p xml:lang="is">Sjá lýsingu á verkefninu í rmh2Hdr.xml.</p>
        <p xml:lang="en">See description of project in rmh2Hdr.xml.</p>
      </projectDesc>
      <tagsDecl>
        <namespace name="http://www.tei-c.org/ns/1.0">
          <tagUsage gi="text" occurs="1"/>
          <tagUsage gi="body" occurs="1"/>
          <tagUsage gi="div1" occurs="1"/>
          <tagUsage gi="p" occurs="7"/>
          <tagUsage gi="s" occurs="10"/>
          <tagUsage gi="w" occurs="186"/>
          <tagUsage gi="c" occurs="22"/>
        </namespace>
      </tagsDecl>
    </encodingDesc>
    <profileDesc>
     <textClass>
      <keywords scheme="#RMH">
       <list>
        <item>Frétt – almennt</item>
       </list>
      </keywords>
     </textClass>
    </profileDesc>
  </teiHeader>
  <text>
    <body>
      <div1>
        <p n="1">
          <s n="1">
            <w lemma="Heilbrigðisstofnun" type="nven-s">Heilbrigðisstofnun</w>
            <w lemma="Vesturland" type="nhee-s">Vesturlands</w>
            <w lemma="leggja" type="sfg3eþ">lagði</w>
            <w lemma="í" type="af">í</w>
            <w lemma="morgunn" type="nkeo">morgun</w>
            <w lemma="fram" type="aa">fram</w>
            <w lemma="kæra" type="nveo">kæru</w>
            <w lemma="á" type="af">á</w>
            <w lemma="hönd" type="nvfo">hendur</w>
            <w lemma="fyrirtæki" type="nheþg">fyrirtækinu</w>
            <w lemma="Gæðakokkur" type="nkfn-s">Gæðakokkar</w>
            <w lemma="fyrir" type="af">fyrir</w>
            <w lemma="brot" type="nheo">brot</w>
            <w lemma="á" type="af">á</w>
            <w lemma="matvælalag" type="nhfþ">matvælalögum</w>
            <c type="pl">.</c>
          </s>
          <s n="2">
            <w lemma="þá" type="aa">Þá</w>
            <w lemma="verða" type="sfg3en">verður</w>
            <w lemma="fyrirtæki" type="nheþg">fyrirtækinu</w>
            <w lemma="senda" type="sþgven">send</w>
            <w lemma="harðorður" type="lvensf">harðorð</w>
            <w lemma="áminning" type="nven">áminning</w>
            <w lemma="fyrir" type="af">fyrir</w>
            <w lemma="að" type="cn">að</w>
            <w lemma="blekkja" type="sng">blekkja</w>
            <w lemma="neytandi" type="nkfo">neytendur</w>
            <c type="pl">.</c>
          </s>
        </p>
        <p n="2">
          <s n="1">
            <w lemma="niðurstaða" type="nvfn">Niðurstöður</w>
            <w lemma="rannsókn" type="nvee">rannsóknar</w>
            <w lemma="Matvælastofnun" type="nvee-s">Matvælastofnunar</w>
            <c type="pk">,</c>
            <w lemma="sem" type="ct">sem</w>
            <w lemma="birta" type="sþgvfn">birtar</w>
            <w lemma="vera" type="sfg3fþ">voru</w>
            <w lemma="í" type="af">í</w>
            <w lemma="fyrradagur" type="nkeo">fyrradag</w>
            <c type="pk">,</c>
            <w lemma="sýna" type="sfg3fþ">sýndu</w>
            <w lemma="að" type="c">að</w>
            <w lemma="tveir" type="tfvfn">tvær</w>
            <w lemma="vara" type="nvfn">vörur</w>
            <w lemma="frá" type="af">frá</w>
            <w lemma="Gæðakokk" type="nhfþ-s">Gæðakokkum</w>
            <w lemma="í" type="af">í</w>
            <w lemma="Borgarnes" type="nheþ-s">Borgarnesi</w>
            <w lemma="innihalda" type="sfg3fþ">innihéldu</w>
            <w lemma="ekki" type="aa">ekki</w>
            <w lemma="nautakjöt" type="nheo">nautakjöt</w>
            <w lemma="eins" type="aa">eins</w>
            <w lemma="og" type="c">og</w>
            <w lemma="tilgreina" type="sþghen">tilgreint</w>
            <w lemma="vera" type="sfg3eþ">var</w>
            <w lemma="í" type="af">í</w>
            <w lemma="innihaldslýsing" type="nveþ">innihaldslýsingu</w>
            <c type="pl">.</c>
          </s>
          <s n="2">
            <w lemma="nautabökur" type="nken">Nautabökur</w>
            <w lemma="frá" type="af">frá</w>
            <w lemma="fyrirtæki" type="nheþg">fyrirtækinu</w>
            <w lemma="sem" type="ct">sem</w>
            <w lemma="segja" type="sþgvfn">sagðar</w>
            <w lemma="vera" type="sfg3fþ">voru</w>
            <w lemma="innihalda" type="sfg3fn">innihalda</w>
            <w lemma="30%" type="tp">30%</w>
            <w lemma="nautakjöt" type="nheo">nautakjöt</w>
            <w lemma="innihalda" type="sfg3fþ">innihéldu</w>
            <w lemma="enginn" type="foheo">ekkert</w>
            <w lemma="dýraprótein" type="nheo">dýraprótein</w>
            <w lemma="og" type="c">og</w>
            <w lemma="lamba-" type="kt">lamba-</w>
            <w lemma="og" type="c">og</w>
            <w lemma="nautahakksbollur" type="nken">nautahakksbollur</w>
            <w lemma="innihalda" type="sfg3fþ">innihéldu</w>
            <w lemma="aðeins" type="aa">aðeins</w>
            <w lemma="lambakjöt" type="nheo">lambakjöt</w>
            <c type="pl">.</c>
          </s>
        </p>
        <p n="3">
          <s n="1">
            <w lemma="Helgi" type="nken-s">Helgi</w>
            <w lemma="Helgason" type="nken-s">Helgason</w>
            <c type="pk">,</c>
            <w lemma="framkvæmdastjóri" type="nken">framkvæmdastjóri</w>
            <w lemma="Heilbrigðiseftirlit" type="nhee-s">Heilbrigðiseftirlits</w>
            <w lemma="Vesturland" type="nhee-s">Vesturlands</w>
            <c type="pa">:</c>
            <w lemma="mál" type="nheng">Málið</w>
            <w lemma="standa" type="sfg3en">stendur</w>
            <w lemma="þannig" type="aa">þannig</w>
            <w lemma="að" type="c">að</w>
            <w lemma="ég" type="fp1fn">við</w>
            <w lemma="kæra" type="sfg1fþ">kærðum</w>
            <w lemma="fyrirtæki" type="nheog">fyrirtækið</w>
            <w lemma="til" type="af">til</w>
            <w lemma="lögregla" type="nvee">lögreglu</w>
            <w lemma="í" type="af">í</w>
            <w lemma="morgunn" type="nkeo">morgun</w>
            <c type="pl">.</c>
          </s>
          <s n="2">
            <w lemma="það" type="fphen">Það</w>
            <w lemma="vera" type="sfg3en">er</w>
            <w lemma="annar" type="foken">annar</w>
            <w lemma="hluti" type="nken">hluti</w>
            <w lemma="af" type="af">af</w>
            <w lemma="mál" type="nheþg">málinu</w>
            <w lemma="og" type="c">og</w>
            <w lemma="hinn" type="fahen">hitt</w>
            <w lemma="vera" type="sfg3en">er</w>
            <w lemma="að" type="c">að</w>
            <w lemma="ég" type="fp1fn">við</w>
            <w lemma="munu" type="sfg1fn">munum</w>
            <w lemma="senda" type="sng">senda</w>
            <w lemma="fyrirtæki" type="nheþg">fyrirtækinu</w>
            <w lemma="harðorður" type="lheosf">harðort</w>
            <w lemma="bréf" type="nheo">bréf</w>
            <w lemma="þar" type="aa">þar</w>
            <w lemma="sem" type="c">sem</w>
            <w lemma="ég" type="fp1fn">við</w>
            <w lemma="áminna" type="sfg1fn">áminnum</w>
            <w lemma="það" type="fpheo">það</w>
            <w lemma="og" type="c">og</w>
            <c type="pk">,</c>
            <w lemma="um" type="af">um</w>
            <w lemma="að" type="cn">að</w>
            <w lemma="stunda" type="sng">stunda</w>
            <w lemma="góður" type="lkfovm">betri</w>
            <w lemma="viðskiptaþáttur" type="nkfo">viðskiptaþætti</w>
            <w lemma="meðal" type="af">meðal</w>
            <w lemma="annar" type="fohee">annars</w>
            <w lemma="með" type="af">með</w>
            <w lemma="góður" type="lheovm">betra</w>
            <w lemma="vinnuferli" type="nheþ">vinnuferli</w>
            <c type="pk">,</c>
            <w lemma="eða" type="c">eða</w>
            <w lemma="vinnsla" type="nveþ">vinnslu</w>
            <w lemma="á" type="af">á</w>
            <w lemma="matvæli" type="nhfþ">matvælum</w>
            <c type="pl">.</c>
          </s>
        </p>
        <p n="4">
          <s n="1">
            <w lemma="Erla" type="nven-s">Erla</w>
            <w lemma="Hlynsdóttir" type="nven-s">Hlynsdóttir</w>
            <c type="pa">:</c>
            <w lemma="en" type="c">En</w>
            <w lemma="hann" type="fpkfn">þeir</w>
            <w lemma="munu" type="sfg3fn">munu</w>
            <w lemma="þá" type="aa">þá</w>
            <w lemma="ekki" type="aa">ekki</w>
            <w lemma="missa" type="sng">missa</w>
            <w lemma="starfsleyfi" type="nheog">starfsleyfið</w>
            <c type="pl">?</c>
          </s>
        </p>
        <p n="5">
          <s n="1">
            <w lemma="Helgi" type="nken-s">Helgi</w>
            <w lemma="Helgason" type="nken-s">Helgason</w>
            <c type="pa">:</c>
            <w lemma="nei" type="au">Nei</w>
            <c type="pk">,</c>
            <w lemma="alvarleiki" type="nken">alvarleiki</w>
            <w lemma="mál" type="nheeg">málsins</w>
            <w lemma="vera" type="sfg3en">er</w>
            <w lemma="ekki" type="aa">ekki</w>
            <w lemma="þannig" type="aa">þannig</w>
            <w lemma="að" type="af">að</w>
            <w lemma="ég" type="fp1fe">okkar</w>
            <w lemma="mat" type="nheþ">mati</w>
            <w lemma="að" type="c">að</w>
            <w lemma="það" type="fphen">það</w>
            <w lemma="þurfa" type="svg3en">þurfi</w>
            <w lemma="að" type="cn">að</w>
            <w lemma="afturkalla" type="sng">afturkalla</w>
            <w lemma="starfsleyfi" type="nheog">starfsleyfið</w>
            <c type="pl">.</c>
          </s>
        </p>
        <p n="6">
          <s n="1">
            <w lemma="Helgi" type="nken-s">Helgi</w>
            <w lemma="segja" type="sfg3en">segir</w>
            <w lemma="að" type="c">að</w>
            <w lemma="í" type="af">í</w>
            <w lemma="framhald" type="nheþg">framhaldinu</w>
            <w lemma="verða" type="sfg3en">verður</w>
            <w lemma="vel" type="aam">betur</w>
            <w lemma="fylgja" type="sþmhen">fylgst</w>
            <w lemma="með" type="af">með</w>
            <w lemma="fyrirtæki" type="nheþg">fyrirtækinu</w>
            <c type="pl">.</c>
          </s>
        </p>
        <p n="7">
          <s n="1">
            <w lemma="Helgi" type="nken-s">Helgi</w>
            <w lemma="Helgason" type="nken-s">Helgason</w>
            <c type="pa">:</c>
            <w lemma="að" type="af">Að</w>
            <w lemma="vís" type="lheþsf">vísu</w>
            <w lemma="vera" type="sfg3en">er</w>
            <w lemma="mæling" type="nvfn">mælingar</w>
            <c type="pk">,</c>
            <w lemma="innihaldsmæling" type="nvfn">innihaldsmælingar</w>
            <w lemma="mjög" type="aa">mjög</w>
            <w lemma="dýr" type="lvfnsf">dýrar</w>
            <w lemma="þannig" type="aa">þannig</w>
            <w lemma="að" type="c">að</w>
            <w lemma="ég" type="fp1fn">við</w>
            <w lemma="munu" type="sfg1fn">munum</w>
            <w lemma="fara" type="sng">fara</w>
            <w lemma="fram" type="aa">fram</w>
            <w lemma="á" type="af">á</w>
            <w lemma="að" type="c">að</w>
            <w lemma="fyrirtæki" type="nheng">fyrirtækið</w>
            <w lemma="sýna" type="svg3en">sýni</w>
            <w lemma="fram" type="aa">fram</w>
            <w lemma="á" type="af">á</w>
            <w lemma="mæling" type="nvfo">mælingar</w>
            <c type="pk">,</c>
            <w lemma="að" type="c">að</w>
            <w lemma="það" type="fphen">það</w>
            <w lemma="gera" type="svg3en">geri</w>
            <w lemma="það" type="fpheo">það</w>
            <w lemma="sjálfur" type="fbhen">sjálft</w>
            <w lemma="þessi" type="favfo">þessar</w>
            <w lemma="mæling" type="nvfo">mælingar</w>
            <c type="pl">.</c>
          </s>
        </p>
      </div1>
    </body>
  </text>
</TEI>
