<?xml version="1.0" encoding="utf-8"?>
<TEI xmlns="http://www.tei-c.org/ns/1.0">
  <teiHeader>
    <fileDesc>
      <titleStmt>
        <title>
          <title type="main">Tævan - Öflugur jarðskjálfti</title>
        </title>
        <respStmt>
          <resp xml:lang="is">Söfnun og úrvinnsla texta</resp>
          <resp xml:lang="en">Collection and processing of text</resp>
          <name xml:lang="is">Stofnun Árna Magnússonar í íslenskum fræðum</name>
          <name xml:lang="en">The Arni Magnusson Institute for Icelandic Studies</name>
        </respStmt>
      </titleStmt>
      <editionStmt>
        <p xml:lang="is">Íslensk risamálheild (2019)</p>
        <p xml:lang="en">Tagged Icelandic Gigaword Corpus (2019)</p>
      </editionStmt>
      <publicationStmt>
        <distributor xml:lang="is">Stofnun Árna Magnússonar í íslenskum fræðum</distributor>
        <distributor xml:lang="en">The Arni Magnusson Institute for Icelandic Studies</distributor>
        <address>
          <addrLine xml:lang="is">Árnagarður við Suðurgötu, 107 Reykjavík, Íslandi</addrLine>
          <addrLine xml:lang="en">Árnagarður Suðurgata, 107 Reykjavik, Iceland</addrLine>
          <addrLine>
            <email>arnastofnun@arnastofnun.is</email>
          </addrLine>
        </address>
        <idno type="risam">G-25-2542067</idno>
        <availability>
          <p xml:lang="is">Þessi texti er til notkunar í málrannsóknum og máltækniverkefnum um allan heim með sérstöku leyfi, sjá rmh2Hdr.xml</p>
          <p xml:lang="en">This text is available for use in language research and language technology projects world wide with a special license, see rmh2Hdr.xml</p>
        </availability>
        <date>2020-05-26</date>
      </publicationStmt>
      <sourceDesc>
        <biblStruct>
          <analytic>
            <title>
              <title type="main">Tævan - Öflugur jarðskjálfti</title>
            </title>
            <date when="2013-03-27T08:00:00">27.03 2013 kl. 08:00:00</date>
          </analytic>
          <monogr>
            <title>Bylgjan</title>
            <imprint>
              <publisher>365 miðlar hf.</publisher>
              <pubPlace>Reykjavík</pubPlace>
            </imprint>
          </monogr>
        </biblStruct>
      </sourceDesc>
    </fileDesc>
    <encodingDesc>
      <projectDesc>
        <p xml:lang="is">Sjá lýsingu á verkefninu í rmh2Hdr.xml.</p>
        <p xml:lang="en">See description of project in rmh2Hdr.xml.</p>
      </projectDesc>
      <tagsDecl>
        <namespace name="http://www.tei-c.org/ns/1.0">
          <tagUsage gi="text" occurs="1"/>
          <tagUsage gi="body" occurs="1"/>
          <tagUsage gi="div1" occurs="1"/>
          <tagUsage gi="p" occurs="1"/>
          <tagUsage gi="s" occurs="2"/>
          <tagUsage gi="w" occurs="29"/>
          <tagUsage gi="c" occurs="2"/>
        </namespace>
      </tagsDecl>
    </encodingDesc>
    <profileDesc>
     <textClass>
      <keywords scheme="#RMH">
       <list>
        <item>Frétt – almennt</item>
       </list>
      </keywords>
     </textClass>
    </profileDesc>
  </teiHeader>
  <text>
    <body>
      <div1>
        <p n="1">
          <s n="1">
            <w lemma="öflugur" type="lkensf">Öflugur</w>
            <w lemma="jarðskjálfti" type="nken">jarðskjálfti</w>
            <w lemma="sem" type="ct">sem</w>
            <w lemma="mæla" type="sfm3eþ">mældist</w>
            <w lemma="6" type="ta">6</w>
            <w lemma="stig" type="nhfn">stig</w>
            <w lemma="skekja" type="sfg3eþ">skók</w>
            <w lemma="Tævan" type="nhen-s">Tævan</w>
            <w lemma="í" type="af">í</w>
            <w lemma="nótt" type="nveo">nótt</w>
            <c type="pl">.</c>
          </s>
          <s n="2">
            <w lemma="um" type="aa">Um</w>
            <w lemma="20" type="ta">20</w>
            <w lemma="maður" type="nkee">manns</w>
            <w lemma="slasa" type="sfm3fþ">slösuðust</w>
            <w lemma="í" type="af">í</w>
            <w lemma="skjálfti" type="nkeþg">skjálftanum</w>
            <w lemma="en" type="c">en</w>
            <w lemma="hann" type="fpken">hann</w>
            <w lemma="valda" type="sfg3eþ">olli</w>
            <w lemma="það" type="fpheþ">því</w>
            <w lemma="meðal" type="af">meðal</w>
            <w lemma="annar" type="fohee">annars</w>
            <w lemma="að" type="c">að</w>
            <w lemma="háhýsi" type="nhfn">háhýsi</w>
            <w lemma="sveifla" type="sfm3fþ">sveifluðust</w>
            <w lemma="til" type="aa">til</w>
            <w lemma="í" type="af">í</w>
            <w lemma="höfuðborg" type="nveþg">höfuðborginni</w>
            <w lemma="Tæpe" type="nheþ-s">Tæpei</w>
            <c type="pl">.</c>
          </s>
        </p>
      </div1>
    </body>
  </text>
</TEI>
