<?xml version="1.0" encoding="utf-8"?>
<TEI xmlns="http://www.tei-c.org/ns/1.0">
  <teiHeader>
    <fileDesc>
      <titleStmt>
        <title>
          <title type="main">Tveir Íslendingar létu lífið í fallhlífastökki</title>
        </title>
        <respStmt>
          <resp xml:lang="is">Söfnun og úrvinnsla texta</resp>
          <resp xml:lang="en">Collection and processing of text</resp>
          <name xml:lang="is">Stofnun Árna Magnússonar í íslenskum fræðum</name>
          <name xml:lang="en">The Arni Magnusson Institute for Icelandic Studies</name>
        </respStmt>
      </titleStmt>
      <editionStmt>
        <p xml:lang="is">Íslensk risamálheild (2019)</p>
        <p xml:lang="en">Tagged Icelandic Gigaword Corpus (2019)</p>
      </editionStmt>
      <publicationStmt>
        <distributor xml:lang="is">Stofnun Árna Magnússonar í íslenskum fræðum</distributor>
        <distributor xml:lang="en">The Arni Magnusson Institute for Icelandic Studies</distributor>
        <address>
          <addrLine xml:lang="is">Árnagarður við Suðurgötu, 107 Reykjavík, Íslandi</addrLine>
          <addrLine xml:lang="en">Árnagarður Suðurgata, 107 Reykjavik, Iceland</addrLine>
          <addrLine>
            <email>arnastofnun@arnastofnun.is</email>
          </addrLine>
        </address>
        <idno type="risam">G-25-2543426</idno>
        <availability>
          <p xml:lang="is">Þessi texti er til notkunar í málrannsóknum og máltækniverkefnum um allan heim með sérstöku leyfi, sjá rmh2Hdr.xml</p>
          <p xml:lang="en">This text is available for use in language research and language technology projects world wide with a special license, see rmh2Hdr.xml</p>
        </availability>
        <date>2020-05-26</date>
      </publicationStmt>
      <sourceDesc>
        <biblStruct>
          <analytic>
            <title>
              <title type="main">Tveir Íslendingar létu lífið í fallhlífastökki</title>
            </title>
            <date when="2013-03-24T12:00:00">24.03 2013 kl. 12:00:00</date>
          </analytic>
          <monogr>
            <title>Bylgjan</title>
            <imprint>
              <publisher>365 miðlar hf.</publisher>
              <pubPlace>Reykjavík</pubPlace>
            </imprint>
          </monogr>
        </biblStruct>
      </sourceDesc>
    </fileDesc>
    <encodingDesc>
      <projectDesc>
        <p xml:lang="is">Sjá lýsingu á verkefninu í rmh2Hdr.xml.</p>
        <p xml:lang="en">See description of project in rmh2Hdr.xml.</p>
      </projectDesc>
      <tagsDecl>
        <namespace name="http://www.tei-c.org/ns/1.0">
          <tagUsage gi="text" occurs="1"/>
          <tagUsage gi="body" occurs="1"/>
          <tagUsage gi="div1" occurs="1"/>
          <tagUsage gi="p" occurs="2"/>
          <tagUsage gi="s" occurs="11"/>
          <tagUsage gi="w" occurs="139"/>
          <tagUsage gi="c" occurs="16"/>
        </namespace>
      </tagsDecl>
    </encodingDesc>
    <profileDesc>
     <textClass>
      <keywords scheme="#RMH">
       <list>
        <item>Frétt – almennt</item>
       </list>
      </keywords>
     </textClass>
    </profileDesc>
  </teiHeader>
  <text>
    <body>
      <div1>
        <p n="1">
          <s n="1">
            <w lemma="tveir" type="tfkfn">Tveir</w>
            <w lemma="Íslendingur" type="nkfn-s">Íslendingar</w>
            <w lemma="láta" type="sfm3fþ">létust</w>
            <w lemma="í" type="af">í</w>
            <w lemma="fallhlífaslys" type="nkeþ">fallhlífaslysi</w>
            <w lemma="á" type="af">á</w>
            <w lemma="Flórída" type="nheþ-s">Flórída</w>
            <w lemma="í" type="aa">í</w>
            <w lemma="gær" type="aa">gær</w>
            <c type="pl">.</c>
          </s>
          <s n="2">
            <w lemma="maður" type="nkfng">Mennirnir</w>
            <w lemma="vera" type="sfg3fþ">voru</w>
            <w lemma="í" type="af">í</w>
            <w lemma="hópur" type="nkeþ">hópi</w>
            <w lemma="22" type="ta">22</w>
            <w lemma="íslenskur" type="lkfesf">íslenskra</w>
            <w lemma="fallhlífastökkvari" type="nkfe">fallhlífastökkvara</w>
            <c type="pl">.</c>
          </s>
        </p>
        <p n="2">
          <s n="1">
            <w lemma="hópur" type="nkeng">Hópurinn</w>
            <w lemma="vera" type="sfg3eþ">var</w>
            <w lemma="á" type="af">á</w>
            <w lemma="vegur" type="nkfþ">vegum</w>
            <w lemma="fallhlífafyrirtæki" type="nheeg">fallhlífafyrirtækisins</w>
            <w lemma="Skydive" type="n----s">Skydive</w>
            <w lemma="City" type="n----s">City</w>
            <c type="pl">.</c>
          </s>
          <s n="2">
            <w lemma="annar" type="foken">Annar</w>
            <w lemma="maður" type="nkfeg">mannanna</w>
            <w lemma="sem" type="ct">sem</w>
            <w lemma="láta" type="sfm3eþ">lést</w>
            <w lemma="vera" type="sfg3eþ">var</w>
            <w lemma="reyndur" type="lkensf">reyndur</w>
            <w lemma="fallhlífastökkvari" type="nken">fallhlífastökkvari</w>
            <w lemma="og" type="c">og</w>
            <w lemma="leiðbeinandi" type="nken">leiðbeinandi</w>
            <c type="pk">,</c>
            <w lemma="hinn" type="faken">hinn</w>
            <w lemma="vera" type="sfg3eþ">var</w>
            <w lemma="nemandi" type="nken">nemandi</w>
            <c type="pl">.</c>
          </s>
          <s n="3">
            <w lemma="hópur" type="nkeng">Hópurinn</w>
            <w lemma="fara" type="sfg3eþ">fór</w>
            <w lemma="í" type="af">í</w>
            <w lemma="loft" type="nheog">loftið</w>
            <w lemma="um" type="aa">um</w>
            <w lemma="klukka" type="nveng">klukkan</w>
            <w lemma="tíu" type="ta">tíu</w>
            <w lemma="í" type="af">í</w>
            <w lemma="gærkvöld" type="nheþ">gærkvöldi</w>
            <w lemma="að" type="af">að</w>
            <w lemma="staðartími" type="nkeþ">staðartíma</w>
            <c type="pk">,</c>
            <w lemma="eða" type="c">eða</w>
            <w lemma="um" type="aa">um</w>
            <w lemma="klukka" type="nveng">klukkan</w>
            <w lemma="tveir" type="ta">tvö</w>
            <w lemma="að" type="af">að</w>
            <w lemma="íslenskur" type="lkeþsf">íslenskum</w>
            <w lemma="tími" type="nkeþ">tíma</w>
            <c type="pl">.</c>
          </s>
          <s n="4">
            <w lemma="maður" type="nkfng">Mennirnir</w>
            <w lemma="stökkva" type="sfg3fþ">stukku</w>
            <w lemma="í" type="af">í</w>
            <w lemma="sitthvor" type="foheþ">sitthvoru</w>
            <w lemma="lag" type="nheþ">lagi</w>
            <c type="pk">,</c>
            <w lemma="en" type="c">en</w>
            <w lemma="ljós" type="lhensf">ljóst</w>
            <w lemma="vera" type="sfg3eþ">var</w>
            <w lemma="að" type="c">að</w>
            <w lemma="einhver" type="fohen">eitthvað</w>
            <w lemma="hafa" type="sfg3eþ">hafði</w>
            <w lemma="fara" type="sþghen">farið</w>
            <w lemma="úrskeiðis" type="aa">úrskeiðis</w>
            <w lemma="þegar" type="c">þegar</w>
            <w lemma="aðeins" type="aa">aðeins</w>
            <w lemma="tuttugu" type="tfkfn">tuttugu</w>
            <w lemma="stökkvari" type="nkfn">stökkvarar</w>
            <w lemma="skila" type="sfg3fþ">skiluðu</w>
            <w lemma="sig" type="fpkfþ">sér</w>
            <w lemma="eftir" type="af">eftir</w>
            <w lemma="stökk" type="nheog">stökkið</w>
            <c type="pl">.</c>
          </s>
          <s n="5">
            <w lemma="eftir" type="aa">Eftir</w>
            <w lemma="um" type="aa">um</w>
            <w lemma="hálftími" type="nkee">hálftíma</w>
            <w lemma="leit" type="nven">leit</w>
            <w lemma="vera" type="sfg3eþ">var</w>
            <w lemma="lögregla" type="nveþ">lögreglu</w>
            <w lemma="gera" type="sþghen">gert</w>
            <w lemma="viðvart" type="lhensf">viðvart</w>
            <c type="pl">.</c>
          </s>
          <s n="6">
            <w lemma="fjölmiðill" type="nkfn">Fjölmiðlar</w>
            <w lemma="á" type="af">á</w>
            <w lemma="Flórída" type="nheþ-s">Flórída</w>
            <w lemma="hafa" type="sfg3fn">hafa</w>
            <w lemma="greina" type="sþghen">greint</w>
            <w lemma="frá" type="af">frá</w>
            <w lemma="það" type="fpheþ">því</w>
            <w lemma="að" type="c">að</w>
            <w lemma="umfangsmikill" type="lvensf">umfangsmikil</w>
            <w lemma="leit" type="nven">leit</w>
            <w lemma="hafa" type="svg3en">hafi</w>
            <w lemma="þá" type="aa">þá</w>
            <w lemma="fara" type="sþghen">farið</w>
            <w lemma="af" type="af">af</w>
            <w lemma="staður" type="nkeþ">stað</w>
            <c type="pk">,</c>
            <w lemma="bæði" type="c">bæði</w>
            <w lemma="í" type="af">í</w>
            <w lemma="loft" type="nheo">loft</w>
            <w lemma="og" type="c">og</w>
            <w lemma="á" type="af">á</w>
            <w lemma="land" type="nheþ">landi</w>
            <c type="pl">.</c>
          </s>
          <s n="7">
            <w lemma="eftir" type="af">Eftir</w>
            <w lemma="nokkur" type="fokfe">nokkurra</w>
            <w lemma="klukkutími" type="nkee">klukkutíma</w>
            <w lemma="leit" type="nveo">leit</w>
            <w lemma="finna" type="sfm3fþ">fundust</w>
            <w lemma="lík" type="nhfn">lík</w>
            <w lemma="maður" type="nkfeg">mannanna</w>
            <w lemma="í" type="af">í</w>
            <w lemma="skóglendi" type="nheþ">skóglendi</w>
            <w lemma="við" type="af">við</w>
            <w lemma="flugvöllur" type="nkeog">flugvöllinn</w>
            <w lemma="í" type="af">í</w>
            <w lemma="Zephyrhills" type="n----s">Zephyrhills</w>
            <w lemma="skammt" type="aa">skammt</w>
            <w lemma="frá" type="af">frá</w>
            <w lemma="Tampa" type="n----s">Tampa</w>
            <c type="pl">.</c>
          </s>
          <s n="8">
            <w lemma="eigandi" type="nken">Eigandi</w>
            <w lemma="fallhlífafyrirtækir" type="nkeeg">fallhlífafyrirtækisins</w>
            <c type="pk">,</c>
            <w lemma="T.K" type="n----s">T.K</w>
            <c type="pl">.</c>
          </s>
          <s n="9">
            <w lemma="Hayes" type="n----s">Hayes</w>
            <w lemma="staðfesta" type="sfg3eþ">staðfesti</w>
            <w lemma="við" type="af">við</w>
            <w lemma="fjölmiðill" type="nkfo">fjölmiðla</w>
            <w lemma="að" type="c">að</w>
            <w lemma="maður" type="nkfng">mennirnir</w>
            <w lemma="hafa" type="svg3fþ">hefðu</w>
            <w lemma="vera" type="sþghen">verið</w>
            <w lemma="Íslendingur" type="nkfn-s">Íslendingar</w>
            <w lemma="og" type="c">og</w>
            <w lemma="að" type="c">að</w>
            <w lemma="fallhlífahópur" type="nkeng">fallhlífahópurinn</w>
            <w lemma="allur" type="foken">allur</w>
            <w lemma="hafa" type="svg3eþ">hefði</w>
            <w lemma="vera" type="sþghen">verið</w>
            <w lemma="skipa" type="sþgken">skipaður</w>
            <w lemma="Íslendingur" type="nkfþ-s">Íslendingum</w>
            <c type="pl">.</c>
          </s>
        </p>
      </div1>
    </body>
  </text>
</TEI>
