<?xml version="1.0" encoding="utf-8"?>
<TEI xmlns="http://www.tei-c.org/ns/1.0">
  <teiHeader>
    <fileDesc>
      <titleStmt>
        <title>
          <title type="main">Stjórnarskrármálið var tekið af dagskrá</title>
        </title>
        <respStmt>
          <resp xml:lang="is">Söfnun og úrvinnsla texta</resp>
          <resp xml:lang="en">Collection and processing of text</resp>
          <name xml:lang="is">Stofnun Árna Magnússonar í íslenskum fræðum</name>
          <name xml:lang="en">The Arni Magnusson Institute for Icelandic Studies</name>
        </respStmt>
      </titleStmt>
      <editionStmt>
        <p xml:lang="is">Íslensk risamálheild (2019)</p>
        <p xml:lang="en">Tagged Icelandic Gigaword Corpus (2019)</p>
      </editionStmt>
      <publicationStmt>
        <distributor xml:lang="is">Stofnun Árna Magnússonar í íslenskum fræðum</distributor>
        <distributor xml:lang="en">The Arni Magnusson Institute for Icelandic Studies</distributor>
        <address>
          <addrLine xml:lang="is">Árnagarður við Suðurgötu, 107 Reykjavík, Íslandi</addrLine>
          <addrLine xml:lang="en">Árnagarður Suðurgata, 107 Reykjavik, Iceland</addrLine>
          <addrLine>
            <email>arnastofnun@arnastofnun.is</email>
          </addrLine>
        </address>
        <idno type="risam">G-25-2503916</idno>
        <availability>
          <p xml:lang="is">Þessi texti er til notkunar í málrannsóknum og máltækniverkefnum um allan heim með sérstöku leyfi, sjá rmh2Hdr.xml</p>
          <p xml:lang="en">This text is available for use in language research and language technology projects world wide with a special license, see rmh2Hdr.xml</p>
        </availability>
        <date>2020-05-26</date>
      </publicationStmt>
      <sourceDesc>
        <biblStruct>
          <analytic>
            <title>
              <title type="main">Stjórnarskrármálið var tekið af dagskrá</title>
            </title>
            <date when="2013-03-20T08:00:00">20.03 2013 kl. 08:00:00</date>
          </analytic>
          <monogr>
            <title>Bylgjan</title>
            <imprint>
              <publisher>365 miðlar hf.</publisher>
              <pubPlace>Reykjavík</pubPlace>
            </imprint>
          </monogr>
        </biblStruct>
      </sourceDesc>
    </fileDesc>
    <encodingDesc>
      <projectDesc>
        <p xml:lang="is">Sjá lýsingu á verkefninu í rmh2Hdr.xml.</p>
        <p xml:lang="en">See description of project in rmh2Hdr.xml.</p>
      </projectDesc>
      <tagsDecl>
        <namespace name="http://www.tei-c.org/ns/1.0">
          <tagUsage gi="text" occurs="1"/>
          <tagUsage gi="body" occurs="1"/>
          <tagUsage gi="div1" occurs="1"/>
          <tagUsage gi="p" occurs="1"/>
          <tagUsage gi="s" occurs="3"/>
          <tagUsage gi="w" occurs="72"/>
          <tagUsage gi="c" occurs="3"/>
        </namespace>
      </tagsDecl>
    </encodingDesc>
    <profileDesc>
     <textClass>
      <keywords scheme="#RMH">
       <list>
        <item>Frétt – almennt</item>
       </list>
      </keywords>
     </textClass>
    </profileDesc>
  </teiHeader>
  <text>
    <body>
      <div1>
        <p n="1">
          <s n="1">
            <w lemma="forseti" type="nken">Forseti</w>
            <w lemma="Alþingi" type="nhee-s">Alþingis</w>
            <w lemma="og" type="c">og</w>
            <w lemma="þingflokksformaður" type="nkfn">þingflokksformenn</w>
            <w lemma="ná" type="sfg3fþ">náðu</w>
            <w lemma="samkomulag" type="nheþ">samkomulagi</w>
            <w lemma="um" type="af">um</w>
            <w lemma="það" type="fpheo">það</w>
            <w lemma="um" type="af">um</w>
            <w lemma="kvöldmatarleytið" type="nheog">kvöldmatarleytið</w>
            <w lemma="í" type="af">í</w>
            <w lemma="gærkvöld" type="nheo">gærkvöld</w>
            <w lemma="að" type="cn">að</w>
            <w lemma="taka" type="sng">taka</w>
            <w lemma="stjórnarskrármál" type="nheog">stjórnarskrármálið</w>
            <w lemma="af" type="af">af</w>
            <w lemma="dagskrá" type="nveþ">dagskrá</w>
            <w lemma="eftir" type="af">eftir</w>
            <w lemma="tveir" type="tfkfe">tveggja</w>
            <w lemma="dagur" type="nkfe">daga</w>
            <w lemma="þrátefli" type="nhfo">þrátefli</w>
            <c type="pl">.</c>
          </s>
          <s n="2">
            <w lemma="þegar" type="c">Þegar</w>
            <w lemma="þingfundur" type="nken">þingfundur</w>
            <w lemma="hefja" type="sfm3eþ">hófst</w>
            <w lemma="aftur" type="aa">aftur</w>
            <w lemma="klukka" type="nveng">klukkan</w>
            <w lemma="8" type="ta">8</w>
            <w lemma="vera" type="sfg3eþ">var</w>
            <w lemma="taka" type="sþghen">tekið</w>
            <w lemma="til" type="aa">til</w>
            <w lemma="við" type="af">við</w>
            <w lemma="að" type="cn">að</w>
            <w lemma="fjalla" type="sng">fjalla</w>
            <w lemma="um" type="af">um</w>
            <w lemma="sá" type="fahfo">þau</w>
            <w lemma="fjölmargur" type="lhfovf">fjölmörgu</w>
            <w lemma="mál" type="nhfo">mál</w>
            <w lemma="sem" type="ct">sem</w>
            <w lemma="bíða" type="sfg3fn">bíða</w>
            <w lemma="afgreiðsla" type="nveþ">afgreiðslu</w>
            <w lemma="þessi" type="fahee">þessa</w>
            <w lemma="þing" type="nhee">þings</w>
            <w lemma="eins" type="aa">eins</w>
            <w lemma="og" type="c">og</w>
            <w lemma="enginn" type="fohen">ekkert</w>
            <w lemma="hafa" type="svg3eþ">hefði</w>
            <w lemma="í" type="aa">í</w>
            <w lemma="skera" type="sþmhen">skorist</w>
            <w lemma="og" type="c">og</w>
            <w lemma="standa" type="sfg3eþ">stóð</w>
            <w lemma="þingfundur" type="nken">þingfundur</w>
            <w lemma="til" type="af">til</w>
            <w lemma="miðnætti" type="nhee">miðnættis</w>
            <c type="pl">.</c>
          </s>
          <s n="3">
            <w lemma="ekki" type="aa">Ekki</w>
            <w lemma="liggja" type="sfg3en">liggur</w>
            <w lemma="fyrir" type="aa">fyrir</w>
            <w lemma="hvenær" type="aa">hvenær</w>
            <w lemma="næstur" type="lkenve">næsti</w>
            <w lemma="þingfundur" type="nken">þingfundur</w>
            <w lemma="verða" type="sfg3en">verður</w>
            <w lemma="en" type="c">en</w>
            <w lemma="hann" type="fpken">hann</w>
            <w lemma="verða" type="sfg3en">verður</w>
            <w lemma="boða" type="sþgken">boðaður</w>
            <w lemma="með" type="af">með</w>
            <w lemma="dagskrá" type="nveþ">dagskrá</w>
            <w lemma="eins" type="aa">eins</w>
            <w lemma="og" type="c">og</w>
            <w lemma="segja" type="sfg3en">segir</w>
            <w lemma="á" type="af">á</w>
            <w lemma="vefur" type="nkeþ">vef</w>
            <w lemma="Alþingi" type="nhee-s">Alþingis</w>
            <c type="pl">.</c>
          </s>
        </p>
      </div1>
    </body>
  </text>
</TEI>
