<?xml version="1.0" encoding="utf-8"?>
<TEI xmlns="http://www.tei-c.org/ns/1.0">
  <teiHeader>
    <fileDesc>
      <titleStmt>
        <title>
          <title type="main">Starfshópur hefur skilað skýrslu</title>
        </title>
        <respStmt>
          <resp xml:lang="is">Söfnun og úrvinnsla texta</resp>
          <resp xml:lang="en">Collection and processing of text</resp>
          <name xml:lang="is">Stofnun Árna Magnússonar í íslenskum fræðum</name>
          <name xml:lang="en">The Arni Magnusson Institute for Icelandic Studies</name>
        </respStmt>
      </titleStmt>
      <editionStmt>
        <p xml:lang="is">Íslensk risamálheild (2019)</p>
        <p xml:lang="en">Tagged Icelandic Gigaword Corpus (2019)</p>
      </editionStmt>
      <publicationStmt>
        <distributor xml:lang="is">Stofnun Árna Magnússonar í íslenskum fræðum</distributor>
        <distributor xml:lang="en">The Arni Magnusson Institute for Icelandic Studies</distributor>
        <address>
          <addrLine xml:lang="is">Árnagarður við Suðurgötu, 107 Reykjavík, Íslandi</addrLine>
          <addrLine xml:lang="en">Árnagarður Suðurgata, 107 Reykjavik, Iceland</addrLine>
          <addrLine>
            <email>arnastofnun@arnastofnun.is</email>
          </addrLine>
        </address>
        <idno type="risam">G-25-2543658</idno>
        <availability>
          <p xml:lang="is">Þessi texti er til notkunar í málrannsóknum og máltækniverkefnum um allan heim með sérstöku leyfi, sjá rmh2Hdr.xml</p>
          <p xml:lang="en">This text is available for use in language research and language technology projects world wide with a special license, see rmh2Hdr.xml</p>
        </availability>
        <date>2020-05-26</date>
      </publicationStmt>
      <sourceDesc>
        <biblStruct>
          <analytic>
            <title>
              <title type="main">Starfshópur hefur skilað skýrslu</title>
            </title>
            <date when="2013-03-25T08:00:00">25.03 2013 kl. 08:00:00</date>
          </analytic>
          <monogr>
            <title>Bylgjan</title>
            <imprint>
              <publisher>365 miðlar hf.</publisher>
              <pubPlace>Reykjavík</pubPlace>
            </imprint>
          </monogr>
        </biblStruct>
      </sourceDesc>
    </fileDesc>
    <encodingDesc>
      <projectDesc>
        <p xml:lang="is">Sjá lýsingu á verkefninu í rmh2Hdr.xml.</p>
        <p xml:lang="en">See description of project in rmh2Hdr.xml.</p>
      </projectDesc>
      <tagsDecl>
        <namespace name="http://www.tei-c.org/ns/1.0">
          <tagUsage gi="text" occurs="1"/>
          <tagUsage gi="body" occurs="1"/>
          <tagUsage gi="div1" occurs="1"/>
          <tagUsage gi="p" occurs="1"/>
          <tagUsage gi="s" occurs="5"/>
          <tagUsage gi="w" occurs="83"/>
          <tagUsage gi="c" occurs="5"/>
        </namespace>
      </tagsDecl>
    </encodingDesc>
    <profileDesc>
     <textClass>
      <keywords scheme="#RMH">
       <list>
        <item>Frétt – almennt</item>
       </list>
      </keywords>
     </textClass>
    </profileDesc>
  </teiHeader>
  <text>
    <body>
      <div1>
        <p n="1">
          <s n="1">
            <w lemma="starfshópur" type="nken">Starfshópur</w>
            <w lemma="innanríkisráðherra" type="nken">innanríkisráðherra</w>
            <w lemma="um" type="af">um</w>
            <w lemma="Guðmundar-" type="kt">Guðmundar-</w>
            <w lemma="og" type="c">og</w>
            <w lemma="Geirfinnsmál" type="nhengs">Geirfinnsmálið</w>
            <w lemma="hafa" type="sfg3en">hefur</w>
            <w lemma="skila" type="sþghen">skilað</w>
            <w lemma="skýrsla" type="nveþ">skýrslu</w>
            <w lemma="sinn" type="feveþ">sinni</w>
            <w lemma="til" type="af">til</w>
            <w lemma="ráðherra" type="nkee">ráðherra</w>
            <c type="pl">.</c>
          </s>
          <s n="2">
            <w lemma="hún" type="fpven">Hún</w>
            <w lemma="verða" type="sfg3en">verður</w>
            <w lemma="kynna" type="sþgven">kynnt</w>
            <w lemma="á" type="af">á</w>
            <w lemma="blaðamannafundur" type="nkeþ">blaðamannafundi</w>
            <w lemma="í" type="af">í</w>
            <w lemma="ráðuneyti" type="nheþg">ráðuneytinu</w>
            <w lemma="í" type="af">í</w>
            <w lemma="dagur" type="nkeo">dag</w>
            <w lemma="klukka" type="nveng">klukkan</w>
            <w lemma="2" type="ta">2</w>
            <c type="pl">.</c>
          </s>
          <s n="3">
            <w lemma="hópur" type="nkeng">Hópurinn</w>
            <w lemma="vera" type="sfg3eþ">var</w>
            <w lemma="skipa" type="sþgken">skipaður</w>
            <w lemma="til" type="af">til</w>
            <w lemma="að" type="cn">að</w>
            <w lemma="fara" type="sng">fara</w>
            <w lemma="yfir" type="af">yfir</w>
            <w lemma="allur" type="fohfo">öll</w>
            <w lemma="gagn" type="nhfo">gögn</w>
            <w lemma="mál" type="nheeg">málsins</w>
            <w lemma="á" type="af">á</w>
            <w lemma="nýr" type="lkeosf">nýjan</w>
            <w lemma="leikur" type="nkeo">leik</w>
            <w lemma="bæði" type="c">bæði</w>
            <w lemma="málsgagn" type="nhfo">málsgögn</w>
            <w lemma="og" type="c">og</w>
            <w lemma="annar" type="foheo">annað</w>
            <w lemma="sem" type="ct">sem</w>
            <w lemma="kunna" type="sfg3en">kann</w>
            <w lemma="að" type="cn">að</w>
            <w lemma="skipta" type="sng">skipta</w>
            <w lemma="mál" type="nheþ">máli</w>
            <w lemma="og" type="c">og</w>
            <w lemma="fara" type="sng">fara</w>
            <w lemma="svo" type="aa">svo</w>
            <w lemma="yfir" type="af">yfir</w>
            <w lemma="mál" type="nheog">málið</w>
            <w lemma="í" type="af">í</w>
            <w lemma="heild" type="nveþ">heild</w>
            <w lemma="sinn" type="feveþ">sinni</w>
            <c type="pl">.</c>
          </s>
          <s n="4">
            <w lemma="ekki" type="aa">Ekki</w>
            <w lemma="varla" type="aae">síst</w>
            <w lemma="vera" type="sfg3eþ">var</w>
            <w lemma="hlutverk" type="nhen">hlutverk</w>
            <w lemma="hann" type="fpkee">hans</w>
            <w lemma="að" type="cn">að</w>
            <w lemma="kanna" type="sng">kanna</w>
            <w lemma="hvort" type="c">hvort</w>
            <w lemma="að" type="c">að</w>
            <w lemma="einhver" type="fohen">eitthvað</w>
            <w lemma="hafa" type="svg3eþ">hefði</w>
            <w lemma="aflaga" type="aa">aflaga</w>
            <w lemma="fara" type="sþghen">farið</w>
            <w lemma="við" type="af">við</w>
            <w lemma="rannsókn" type="nveo">rannsókn</w>
            <w lemma="það" type="fphee">þess</w>
            <c type="pl">.</c>
          </s>
          <s n="5">
            <w lemma="hann" type="fpkeþ">Honum</w>
            <w lemma="vera" type="sfg3eþ">var</w>
            <w lemma="jafnframt" type="aa">jafnframt</w>
            <w lemma="fela" type="sþghen">falið</w>
            <w lemma="að" type="cn">að</w>
            <w lemma="meta" type="sng">meta</w>
            <w lemma="hvort" type="c">hvort</w>
            <w lemma="tilefni" type="nhen">tilefni</w>
            <w lemma="vera" type="svg3eþ">væri</w>
            <w lemma="til" type="af">til</w>
            <w lemma="einhver" type="fovfe">einhverra</w>
            <w lemma="aðgerð" type="nvfe">aðgerða</w>
            <w lemma="í" type="af">í</w>
            <w lemma="kjölfar" type="nheog">kjölfarið</w>
            <c type="pl">.</c>
          </s>
        </p>
      </div1>
    </body>
  </text>
</TEI>
