<?xml version="1.0" encoding="utf-8"?>
<TEI xmlns="http://www.tei-c.org/ns/1.0">
  <teiHeader>
    <fileDesc>
      <titleStmt>
        <title>
          <title type="main">Dekk losnaði  undan strætisvagni</title>
        </title>
        <respStmt>
          <resp xml:lang="is">Söfnun og úrvinnsla texta</resp>
          <resp xml:lang="en">Collection and processing of text</resp>
          <name xml:lang="is">Stofnun Árna Magnússonar í íslenskum fræðum</name>
          <name xml:lang="en">The Arni Magnusson Institute for Icelandic Studies</name>
        </respStmt>
      </titleStmt>
      <editionStmt>
        <p xml:lang="is">Íslensk risamálheild (2019)</p>
        <p xml:lang="en">Tagged Icelandic Gigaword Corpus (2019)</p>
      </editionStmt>
      <publicationStmt>
        <distributor xml:lang="is">Stofnun Árna Magnússonar í íslenskum fræðum</distributor>
        <distributor xml:lang="en">The Arni Magnusson Institute for Icelandic Studies</distributor>
        <address>
          <addrLine xml:lang="is">Árnagarður við Suðurgötu, 107 Reykjavík, Íslandi</addrLine>
          <addrLine xml:lang="en">Árnagarður Suðurgata, 107 Reykjavik, Iceland</addrLine>
          <addrLine>
            <email>arnastofnun@arnastofnun.is</email>
          </addrLine>
        </address>
        <idno type="risam">G-25-2545157</idno>
        <availability>
          <p xml:lang="is">Þessi texti er til notkunar í málrannsóknum og máltækniverkefnum um allan heim með sérstöku leyfi, sjá rmh2Hdr.xml</p>
          <p xml:lang="en">This text is available for use in language research and language technology projects world wide with a special license, see rmh2Hdr.xml</p>
        </availability>
        <date>2020-05-26</date>
      </publicationStmt>
      <sourceDesc>
        <biblStruct>
          <analytic>
            <title>
              <title type="main">Dekk losnaði  undan strætisvagni</title>
            </title>
            <date when="2013-03-12T12:00:00">12.03 2013 kl. 12:00:00</date>
          </analytic>
          <monogr>
            <title>Bylgjan</title>
            <imprint>
              <publisher>365 miðlar hf.</publisher>
              <pubPlace>Reykjavík</pubPlace>
            </imprint>
          </monogr>
        </biblStruct>
      </sourceDesc>
    </fileDesc>
    <encodingDesc>
      <projectDesc>
        <p xml:lang="is">Sjá lýsingu á verkefninu í rmh2Hdr.xml.</p>
        <p xml:lang="en">See description of project in rmh2Hdr.xml.</p>
      </projectDesc>
      <tagsDecl>
        <namespace name="http://www.tei-c.org/ns/1.0">
          <tagUsage gi="text" occurs="1"/>
          <tagUsage gi="body" occurs="1"/>
          <tagUsage gi="div1" occurs="1"/>
          <tagUsage gi="p" occurs="7"/>
          <tagUsage gi="s" occurs="12"/>
          <tagUsage gi="w" occurs="289"/>
          <tagUsage gi="c" occurs="26"/>
        </namespace>
      </tagsDecl>
    </encodingDesc>
    <profileDesc>
     <textClass>
      <keywords scheme="#RMH">
       <list>
        <item>Frétt – almennt</item>
       </list>
      </keywords>
     </textClass>
    </profileDesc>
  </teiHeader>
  <text>
    <body>
      <div1>
        <p n="1">
          <s n="1">
            <w lemma="hjól" type="nken">Hjól</w>
            <w lemma="losna" type="sfg3eþ">losnaði</w>
            <w lemma="undan" type="af">undan</w>
            <w lemma="strætisvagn" type="nkeþ">strætisvagni</w>
            <w lemma="sem" type="ct">sem</w>
            <w lemma="vera" type="sfg3eþ">var</w>
            <w lemma="á" type="af">á</w>
            <w lemma="ferð" type="nveþ">ferð</w>
            <w lemma="yfir" type="af">yfir</w>
            <w lemma="gatnamót" type="nhfo">gatnamót</w>
            <w lemma="Kringlumýrarbraut" type="nvee-s">Kringlumýrarbrautar</w>
            <w lemma="og" type="c">og</w>
            <w lemma="Miklabraut" type="nvee-s">Miklubrautar</w>
            <w lemma="í" type="af">í</w>
            <w lemma="morgunn" type="nkeo">morgun</w>
            <c type="pl">.</c>
          </s>
          <s n="2">
            <w lemma="mikill" type="lvensf">Mikil</w>
            <w lemma="hætta" type="nven">hætta</w>
            <w lemma="skapa" type="sfm3eþ">skapaðist</w>
            <w lemma="vegna" type="af">vegna</w>
            <w lemma="þessi" type="fahee">þessa</w>
            <w lemma="en" type="c">en</w>
            <w lemma="hjól" type="nheng">hjólið</w>
            <w lemma="lenda" type="sfg3eþ">lenti</w>
            <w lemma="á" type="af">á</w>
            <w lemma="nærliggjandi" type="lkfþof">nærliggjandi</w>
            <w lemma="bíll" type="nkfþ">bílum</w>
            <w lemma="með" type="af">með</w>
            <w lemma="tilheyrandi" type="lheþof">tilheyrandi</w>
            <w lemma="tjón" type="nheþ">tjóni</w>
            <c type="pl">.</c>
          </s>
        </p>
        <p n="2">
          <s n="1">
            <w lemma="það" type="fphen">Það</w>
            <w lemma="vera" type="sfg3eþ">var</w>
            <w lemma="klukka" type="nveng">klukkan</w>
            <w lemma="níu" type="ta">níu</w>
            <w lemma="í" type="af">í</w>
            <w lemma="morgunn" type="nkeo">morgun</w>
            <w lemma="sem" type="ct">sem</w>
            <w lemma="óhapp" type="nheng">óhappið</w>
            <w lemma="eiga" type="sfg3eþ">átti</w>
            <w lemma="sig" type="fpheþ">sér</w>
            <w lemma="staður" type="nkeo">stað</w>
            <c type="pk">,</c>
            <w lemma="dekk" type="nheng">dekkið</w>
            <w lemma="losna" type="sfg3eþ">losnaði</w>
            <w lemma="og" type="c">og</w>
            <w lemma="fara" type="sfg3eþ">fór</w>
            <w lemma="á" type="af">á</w>
            <w lemma="fleygiferð" type="nveo">fleygiferð</w>
            <w lemma="áfram" type="aa">áfram</w>
            <w lemma="og" type="c">og</w>
            <w lemma="skapa" type="sfg3eþ">skapaði</w>
            <w lemma="mikill" type="lveosf">mikla</w>
            <w lemma="hætta" type="nveo">hættu</w>
            <c type="pl">.</c>
          </s>
          <s n="2">
            <w lemma="samkvæmt" type="af">Samkvæmt</w>
            <w lemma="upplýsing" type="nvfþ">upplýsingum</w>
            <w lemma="frá" type="af">frá</w>
            <w lemma="lögregla" type="nveþ">lögreglu</w>
            <w lemma="fara" type="sfg3eþ">fór</w>
            <w lemma="dekk" type="nheng">dekkið</w>
            <w lemma="utan" type="aa">utan</w>
            <w lemma="í" type="af">í</w>
            <w lemma="þrír" type="tfkfo">þrjá</w>
            <w lemma="bíll" type="nkfo">bíla</w>
            <w lemma="og" type="c">og</w>
            <w lemma="valda" type="sfg3eþ">olli</w>
            <w lemma="nokkur" type="foheþ">nokkru</w>
            <w lemma="tjón" type="nheþ">tjóni</w>
            <c type="pl">.</c>
          </s>
        </p>
        <p n="3">
          <s n="1">
            <w lemma="Reynir" type="nken-s">Reynir</w>
            <w lemma="Jónsson" type="nken-s">Jónsson</w>
            <c type="pk">,</c>
            <w lemma="framkvæmdastjóri" type="nken">framkvæmdastjóri</w>
            <w lemma="Strætó" type="nkee-s">Strætó</w>
            <c type="pa">:</c>
            <w lemma="sá" type="fahen">Það</w>
            <w lemma="sem" type="ct">sem</w>
            <w lemma="auðvitað" type="aa">auðvitað</w>
            <w lemma="bara" type="aa">bara</w>
            <w lemma="gera" type="sfm3en">gerist</w>
            <w lemma="vera" type="sfg3en">er</w>
            <w lemma="að" type="c">að</w>
            <w lemma="það" type="fphen">það</w>
            <w lemma="virða" type="sfm3en">virðist</w>
            <w lemma="vera" type="sng">vera</w>
            <w lemma="sem" type="c">sem</w>
            <w lemma="svo" type="aa">svo</w>
            <w lemma="að" type="c">að</w>
            <w lemma="það" type="fphen">það</w>
            <w lemma="hafa" type="svg3en">hafi</w>
            <w lemma="bara" type="aa">bara</w>
            <w lemma="losna" type="sþghen">losnað</w>
            <w lemma="bolti" type="nkfn">boltar</w>
            <w lemma="af" type="aa">af</w>
            <c type="pk">,</c>
            <w lemma="af" type="aa">af</w>
            <w lemma="sem" type="c">sem</w>
            <w lemma="segja" type="sþghen">sagt</w>
            <w lemma="dekk" type="nhfþg">dekkjunum</w>
            <w lemma="og" type="c">og</w>
            <w lemma="það" type="fphfn">þau</w>
            <w lemma="hafa" type="svg3fn">hafi</w>
            <w lemma="bara" type="aa">bara</w>
            <w lemma="falla" type="sþghen">fallið</w>
            <w lemma="af" type="aa">af</w>
            <c type="pl">.</c>
          </s>
        </p>
        <p n="4">
          <s n="1">
            <w lemma="segja" type="sfg3en">Segir</w>
            <w lemma="Reynir" type="nken-s">Reynir</w>
            <w lemma="Jónsson" type="nken-s">Jónsson</w>
            <c type="pk">,</c>
            <w lemma="framkvæmdastjóri" type="nken">framkvæmdastjóri</w>
            <w lemma="Strætó" type="nkee-s">Strætó</w>
            <c type="pk">,</c>
            <w lemma="um" type="af">um</w>
            <w lemma="óhapp" type="nheog">óhappið</w>
            <c type="pl">.</c>
          </s>
          <s n="2">
            <w lemma="atvik" type="nheng">Atvikið</w>
            <w lemma="vera" type="sfg3en">er</w>
            <w lemma="einnig" type="aa">einnig</w>
            <w lemma="til" type="af">til</w>
            <w lemma="rannsókn" type="nvee">rannsóknar</w>
            <w lemma="hjá" type="af">hjá</w>
            <w lemma="Strætó" type="nkeþ-s">Strætó</w>
            <w lemma="en" type="c">en</w>
            <w lemma="Reynir" type="nken-s">Reynir</w>
            <w lemma="segja" type="sfg3en">segir</w>
            <w lemma="að" type="c">að</w>
            <w lemma="sérstakur" type="lkensf">sérstakur</w>
            <w lemma="búnaður" type="nken">búnaður</w>
            <w lemma="úr" type="af">úr</w>
            <w lemma="plast" type="nheþ">plasti</w>
            <w lemma="vera" type="svg3en">sé</w>
            <w lemma="yfir" type="af">yfir</w>
            <w lemma="bolti" type="nkfþg">boltunum</w>
            <w lemma="sem" type="ct">sem</w>
            <w lemma="gera" type="sfg3en">gerir</w>
            <w lemma="það" type="fpheo">það</w>
            <w lemma="að" type="af">að</w>
            <w lemma="verk" type="nhfþ">verkum</w>
            <w lemma="að" type="c">að</w>
            <w lemma="það" type="fphen">það</w>
            <w lemma="vera" type="sfg3en">er</w>
            <w lemma="auðveldur" type="lhenvm">auðveldara</w>
            <w lemma="fyrir" type="af">fyrir</w>
            <w lemma="starfsmaður" type="nkfo">starfsmenn</w>
            <w lemma="Strætó" type="nkee-s">Strætó</w>
            <w lemma="að" type="cn">að</w>
            <w lemma="sjá" type="sng">sjá</w>
            <w lemma="hvort" type="c">hvort</w>
            <w lemma="bolti" type="nkfng">boltarnir</w>
            <w lemma="vera" type="svg3fn">séu</w>
            <w lemma="að" type="cn">að</w>
            <w lemma="losna" type="sng">losna</w>
            <c type="pl">.</c>
          </s>
        </p>
        <p n="5">
          <s n="1">
            <w lemma="Reynir" type="nken-s">Reynir</w>
            <w lemma="Jónsson" type="nken-s">Jónsson</w>
            <c type="pa">:</c>
            <w lemma="mitt" type="feken">Mitt</w>
            <w lemma="fólk" type="nhen">fólk</w>
            <w lemma="segja" type="sfg3en">segir</w>
            <w lemma="ég" type="fp1eþ">mér</w>
            <w lemma="að" type="c">að</w>
            <w lemma="sko" type="aa">sko</w>
            <w lemma="þegar" type="c">þegar</w>
            <w lemma="að" type="aa">að</w>
            <c type="pk">,</c>
            <w lemma="til" type="af">til</w>
            <w lemma="dæmi" type="nhee">dæmis</w>
            <w lemma="þegar" type="c">þegar</w>
            <w lemma="koma" type="sfg3eþ">kom</w>
            <w lemma="hérna" type="aa">hérna</w>
            <w lemma="þæfingur" type="nkeng">þæfingurinn</w>
            <c type="pk">,</c>
            <w lemma="snjór" type="nkeng">snjórinn</w>
            <w lemma="hérna" type="aa">hérna</w>
            <w lemma="um" type="af">um</w>
            <w lemma="dagur" type="nkeog">daginn</w>
            <w lemma="að" type="af">að</w>
            <w lemma="hann" type="fpkfo">þá</w>
            <w lemma="hérna" type="aa">hérna</w>
            <w lemma="vilji" type="nkeþ">vilja</w>
            <w lemma="þessi" type="favfo">þessar</w>
            <c type="pk">,</c>
            <w lemma="þessi" type="favfo">þessar</w>
            <w lemma="spenna" type="nvfo">spennur</w>
            <w lemma="sem" type="ct">sem</w>
            <w lemma="ég" type="fp1fn">við</w>
            <w lemma="setja" type="sfg1fn">setjum</w>
            <w lemma="á" type="af">á</w>
            <w lemma="hún" type="fpvfo">þær</w>
            <w lemma="vilji" type="nkeo">vilja</w>
            <w lemma="brotna" type="sfg3fn">brotna</w>
            <w lemma="í" type="af">í</w>
            <w lemma="snjór" type="nkeþg">snjónum</w>
            <w lemma="þegar" type="c">þegar</w>
            <w lemma="að" type="c">að</w>
            <w lemma="bíll" type="nkfng">bílarnir</w>
            <w lemma="vera" type="sfg3fn">eru</w>
            <w lemma="að" type="cn">að</w>
            <w lemma="gösla" type="sng">gösla</w>
            <w lemma="í" type="aa">í</w>
            <w lemma="gegnum" type="af">gegnum</w>
            <w lemma="snjór" type="nkeog">snjóinn</w>
            <w lemma="og" type="c">og</w>
            <w lemma="svo" type="aa">svo</w>
            <w lemma="líka" type="aa">líka</w>
            <w lemma="þegar" type="c">þegar</w>
            <w lemma="það" type="fphen">það</w>
            <w lemma="vera" type="sfg3en">er</w>
            <w lemma="svona" type="aa">svona</w>
            <w lemma="hálka" type="nven">hálka</w>
            <w lemma="og" type="c">og</w>
            <w lemma="snjór" type="nken">snjór</w>
            <w lemma="að" type="c">að</w>
            <w lemma="þá" type="aa">þá</w>
            <w lemma="fara" type="sfg3en">fer</w>
            <w lemma="sem" type="c">sem</w>
            <w lemma="segja" type="sþghen">sagt</w>
            <w lemma="spólvörn" type="nveng">spólvörnin</w>
            <w lemma="í" type="af">í</w>
            <w lemma="gangur" type="nkeo">gang</w>
            <w lemma="og" type="c">og</w>
            <w lemma="þá" type="aa">þá</w>
            <w lemma="koma" type="sfg3fn">koma</w>
            <w lemma="svona" type="aa">svona</w>
            <c type="pk">,</c>
            <w lemma="þá" type="aa">þá</w>
            <w lemma="koma" type="sfg3fn">koma</w>
            <w lemma="svona" type="lhfnof">svona</w>
            <w lemma="högg" type="nhfn">högg</w>
            <w lemma="í" type="af">í</w>
            <w lemma="drifbúnaður" type="nkeog">drifbúnaðinn</w>
            <w lemma="sem" type="ct">sem</w>
            <w lemma="að" type="cn">að</w>
            <w lemma="geta" type="sng">geta</w>
            <w lemma="valda" type="sþghen">valdið</w>
            <w lemma="það" type="fpheþ">því</w>
            <w lemma="að" type="c">að</w>
            <w lemma="hérna" type="aa">hérna</w>
            <w lemma="ró" type="nvfng">rærnar</w>
            <w lemma="losna" type="sfg3fn">losna</w>
            <c type="pl">.</c>
          </s>
        </p>
        <p n="6">
          <s n="1">
            <w lemma="það" type="fphen">Það</w>
            <w lemma="vera" type="sfg3en">er</w>
            <w lemma="ljós" type="lhensf">ljóst</w>
            <w lemma="að" type="c">að</w>
            <w lemma="dekk" type="nheng">dekkið</w>
            <w lemma="valda" type="sfg3eþ">olli</w>
            <w lemma="tjón" type="nheþ">tjóni</w>
            <w lemma="á" type="af">á</w>
            <w lemma="nærliggjandi" type="lkfþof">nærliggjandi</w>
            <w lemma="bíll" type="nkfþ">bílum</w>
            <w lemma="en" type="c">en</w>
            <w lemma="þessi" type="fahen">þetta</w>
            <w lemma="vera" type="sfg3en">er</w>
            <w lemma="ekki" type="aa">ekki</w>
            <w lemma="í" type="af">í</w>
            <w lemma="fyrstur" type="lheove">fyrsta</w>
            <w lemma="skipti" type="nheo">skipti</w>
            <w lemma="sem" type="ct">sem</w>
            <w lemma="svona" type="aa">svona</w>
            <w lemma="laga" type="sþghen">lagað</w>
            <w lemma="gera" type="sfm3en">gerist</w>
            <w lemma="hjá" type="af">hjá</w>
            <w lemma="Strætó" type="nkeþ-s">Strætó</w>
            <c type="pl">.</c>
          </s>
          <s n="2">
            <w lemma="þessi" type="fahen">Þetta</w>
            <w lemma="vera" type="svg3en">sé</w>
            <w lemma="þó" type="aa">þó</w>
            <w lemma="afar" type="aa">afar</w>
            <w lemma="fátíður" type="lhensf">fátítt</w>
            <w lemma="að" type="af">að</w>
            <w lemma="sögn" type="nveþ">sögn</w>
            <w lemma="Reynir" type="nkee-s">Reynis</w>
            <c type="pl">.</c>
          </s>
          <s n="3">
            <w lemma="kostnaður" type="nken">Kostnaður</w>
            <w lemma="vegna" type="af">vegna</w>
            <w lemma="tjón" type="nheeg">tjónsins</w>
            <w lemma="lenda" type="sfg3en">lendir</w>
            <w lemma="hinn" type="fakee">hins</w>
            <w lemma="vegur" type="nkee">vegar</w>
            <w lemma="á" type="af">á</w>
            <w lemma="fyrirtæki" type="nheþg">fyrirtækinu</w>
            <c type="pl">.</c>
          </s>
        </p>
        <p n="7">
          <s n="1">
            <w lemma="Reynir" type="nken-s">Reynir</w>
            <w lemma="Jónsson" type="nken-s">Jónsson</w>
            <c type="pa">:</c>
            <w lemma="en" type="c">En</w>
            <w lemma="ég" type="fp1fe">okkar</w>
            <w lemma="bíll" type="nkfn">bílar</w>
            <w lemma="vera" type="sfg3fn">eru</w>
            <w lemma="tryggður" type="lkfnsf">tryggðir</w>
            <w lemma="þannig" type="aa">þannig</w>
            <w lemma="að" type="c">að</w>
            <c type="pk">,</c>
            <w lemma="þannig" type="aa">þannig</w>
            <w lemma="að" type="c">að</w>
            <w lemma="hérna" type="aa">hérna</w>
            <w lemma="allur" type="fohen">allt</w>
            <w lemma="sá" type="fahen">það</w>
            <w lemma="tjón" type="nheo">tjón</w>
            <w lemma="sem" type="ct">sem</w>
            <w lemma="að" type="c">að</w>
            <w lemma="hann" type="fpkfn">þeir</w>
            <w lemma="valda" type="sfg3fn">valda</w>
            <w lemma="það" type="fpheo">það</w>
            <w lemma="er" type="x">er</w>
            <c type="pk">,</c>
            <w lemma="fá" type="sfg3fn">fá</w>
            <w lemma="hinn" type="fakfn">hinir</w>
            <w lemma="auðvitað" type="aa">auðvitað</w>
            <w lemma="bara" type="aa">bara</w>
            <w lemma="bæta" type="sþghen">bætt</w>
            <c type="pl">.</c>
          </s>
        </p>
      </div1>
    </body>
  </text>
</TEI>
