<?xml version="1.0" encoding="utf-8"?>
<TEI xmlns="http://www.tei-c.org/ns/1.0">
  <teiHeader>
    <fileDesc>
      <titleStmt>
        <title>
          <title type="main">Óráðsía</title>
        </title>
        <respStmt>
          <resp xml:lang="is">Söfnun og úrvinnsla texta</resp>
          <resp xml:lang="en">Collection and processing of text</resp>
          <name xml:lang="is">Stofnun Árna Magnússonar í íslenskum fræðum</name>
          <name xml:lang="en">The Arni Magnusson Institute for Icelandic Studies</name>
        </respStmt>
      </titleStmt>
      <editionStmt>
        <p xml:lang="is">Íslensk risamálheild (2019)</p>
        <p xml:lang="en">Tagged Icelandic Gigaword Corpus (2019)</p>
      </editionStmt>
      <publicationStmt>
        <distributor xml:lang="is">Stofnun Árna Magnússonar í íslenskum fræðum</distributor>
        <distributor xml:lang="en">The Arni Magnusson Institute for Icelandic Studies</distributor>
        <address>
          <addrLine xml:lang="is">Árnagarður við Suðurgötu, 107 Reykjavík, Íslandi</addrLine>
          <addrLine xml:lang="en">Árnagarður Suðurgata, 107 Reykjavik, Iceland</addrLine>
          <addrLine>
            <email>arnastofnun@arnastofnun.is</email>
          </addrLine>
        </address>
        <idno type="risam">G-25-2538570</idno>
        <availability>
          <p xml:lang="is">Þessi texti er til notkunar í málrannsóknum og máltækniverkefnum um allan heim með sérstöku leyfi, sjá rmh2Hdr.xml</p>
          <p xml:lang="en">This text is available for use in language research and language technology projects world wide with a special license, see rmh2Hdr.xml</p>
        </availability>
        <date>2020-05-26</date>
      </publicationStmt>
      <sourceDesc>
        <biblStruct>
          <analytic>
            <title>
              <title type="main">Óráðsía</title>
            </title>
            <date when="2013-03-18T12:00:00">18.03 2013 kl. 12:00:00</date>
          </analytic>
          <monogr>
            <title>Bylgjan</title>
            <imprint>
              <publisher>365 miðlar hf.</publisher>
              <pubPlace>Reykjavík</pubPlace>
            </imprint>
          </monogr>
        </biblStruct>
      </sourceDesc>
    </fileDesc>
    <encodingDesc>
      <projectDesc>
        <p xml:lang="is">Sjá lýsingu á verkefninu í rmh2Hdr.xml.</p>
        <p xml:lang="en">See description of project in rmh2Hdr.xml.</p>
      </projectDesc>
      <tagsDecl>
        <namespace name="http://www.tei-c.org/ns/1.0">
          <tagUsage gi="text" occurs="1"/>
          <tagUsage gi="body" occurs="1"/>
          <tagUsage gi="div1" occurs="1"/>
          <tagUsage gi="p" occurs="5"/>
          <tagUsage gi="s" occurs="11"/>
          <tagUsage gi="w" occurs="274"/>
          <tagUsage gi="c" occurs="18"/>
        </namespace>
      </tagsDecl>
    </encodingDesc>
    <profileDesc>
     <textClass>
      <keywords scheme="#RMH">
       <list>
        <item>Frétt – almennt</item>
       </list>
      </keywords>
     </textClass>
    </profileDesc>
  </teiHeader>
  <text>
    <body>
      <div1>
        <p n="1">
          <s n="1">
            <w lemma="þingmaður" type="nken">Þingmaður</w>
            <w lemma="Framsóknarflokkur" type="nkeegs">Framsóknarflokksins</w>
            <w lemma="og" type="c">og</w>
            <w lemma="fulltrúi" type="nken">fulltrúi</w>
            <w lemma="í" type="af">í</w>
            <w lemma="fjárlaganefnd" type="nveþ">fjárlaganefnd</w>
            <w lemma="Alþingi" type="nhee-s">Alþingis</w>
            <w lemma="segja" type="sfg3en">segir</w>
            <w lemma="enginn" type="fovfo">engar</w>
            <w lemma="forsenda" type="nvfo">forsendur</w>
            <w lemma="fyrir" type="af">fyrir</w>
            <w lemma="það" type="fpheþ">því</w>
            <w lemma="að" type="cn">að</w>
            <w lemma="ráða" type="snm">ráðast</w>
            <w lemma="í" type="af">í</w>
            <w lemma="bygging" type="nveo">byggingu</w>
            <w lemma="nýr" type="lkeesf">nýs</w>
            <w lemma="Landspítali" type="nkee-s">Landspítala</w>
            <w lemma="við" type="af">við</w>
            <w lemma="Hringbraut" type="nveo-s">Hringbraut</w>
            <w lemma="á" type="aa">á</w>
            <w lemma="meðan" type="c">meðan</w>
            <w lemma="skuldastaða" type="nven">skuldastaða</w>
            <w lemma="ríkissjóður" type="nkee">ríkissjóðs</w>
            <w lemma="vera" type="svg3en">sé</w>
            <w lemma="jafnslæmur" type="nkeþ">jafnslæm</w>
            <w lemma="og" type="c">og</w>
            <w lemma="raun" type="nven">raun</w>
            <w lemma="bera" type="sfg3en">ber</w>
            <w lemma="vitni" type="nheo">vitni</w>
            <c type="pl">.</c>
          </s>
          <s n="2">
            <w lemma="hann" type="fpken">Hann</w>
            <w lemma="segja" type="sfg3en">segir</w>
            <w lemma="óráðsía" type="nveo">óráðsíu</w>
            <w lemma="að" type="cn">að</w>
            <w lemma="ráða" type="snm">ráðast</w>
            <w lemma="í" type="af">í</w>
            <w lemma="86" type="ta">86</w>
            <w lemma="milljarður" type="nkfo">milljarða</w>
            <w lemma="framkvæmd" type="nveo">framkvæmd</w>
            <w lemma="á" type="af">á</w>
            <w lemma="þessi" type="fakeþ">þessum</w>
            <w lemma="tími" type="nkeþ">tíma</w>
            <c type="pl">.</c>
          </s>
          <s n="3">
            <w lemma="mál" type="nheng">Málið</w>
            <w lemma="bíða" type="sfg3en">bíður</w>
            <w lemma="annar" type="fovee">annarrar</w>
            <w lemma="umræða" type="nvee">umræðu</w>
            <w lemma="á" type="af">á</w>
            <w lemma="Alþingi" type="nheþ-s">Alþingi</w>
            <w lemma="í" type="af">í</w>
            <w lemma="dagur" type="nkeo">dag</w>
            <c type="pl">.</c>
          </s>
        </p>
        <p n="2">
          <s n="1">
            <w lemma="frumvarp" type="nhen">Frumvarp</w>
            <w lemma="fjármála-" type="kt">fjármála-</w>
            <w lemma="og" type="c">og</w>
            <w lemma="efnahagsráðherra" type="nkee">efnahagsráðherra</w>
            <w lemma="um" type="af">um</w>
            <w lemma="stofnun" type="nveo">stofnun</w>
            <w lemma="opinber" type="lheesf">opinbers</w>
            <w lemma="hlutafélag" type="nhee">hlutafélags</w>
            <w lemma="um" type="af">um</w>
            <w lemma="bygging" type="nveo">byggingu</w>
            <w lemma="nýr" type="lkeesf">nýs</w>
            <w lemma="Landspítali" type="nkee-s">Landspítala</w>
            <w lemma="við" type="af">við</w>
            <w lemma="Hringbraut" type="nveo-s">Hringbraut</w>
            <w lemma="vera" type="sfg3eþ">var</w>
            <w lemma="afgreiða" type="sþghen">afgreitt</w>
            <w lemma="úr" type="af">úr</w>
            <w lemma="fjárlaganefnd" type="nveþ">fjárlaganefnd</w>
            <w lemma="í" type="af">í</w>
            <w lemma="síðari" type="lveþve">síðustu</w>
            <w lemma="vika" type="nveþ">viku</w>
            <w lemma="og" type="c">og</w>
            <w lemma="fara" type="sfg3en">fer</w>
            <w lemma="nú" type="aa">nú</w>
            <w lemma="í" type="af">í</w>
            <w lemma="annar" type="lveosf">aðra</w>
            <w lemma="umræða" type="nveo">umræðu</w>
            <w lemma="á" type="af">á</w>
            <w lemma="þing" type="nheþ">þingi</w>
            <w lemma="í" type="af">í</w>
            <w lemma="dagur" type="nkeo">dag</w>
            <c type="pl">.</c>
          </s>
          <s n="2">
            <w lemma="Höskuldur" type="nken-s">Höskuldur</w>
            <w lemma="Þórhallsson" type="nken-s">Þórhallsson</w>
            <c type="pk">,</c>
            <w lemma="þingmaður" type="nken">þingmaður</w>
            <w lemma="Framsókn" type="nvee-s">Framsóknar</w>
            <w lemma="og" type="c">og</w>
            <w lemma="fulltrúi" type="nken">fulltrúi</w>
            <w lemma="í" type="af">í</w>
            <w lemma="fjárlaganefnd" type="nveþ">fjárlaganefnd</w>
            <w lemma="ætla" type="sfg3en">ætlar</w>
            <w lemma="að" type="cn">að</w>
            <w lemma="leggja" type="sng">leggja</w>
            <w lemma="til" type="af">til</w>
            <w lemma="að" type="c">að</w>
            <w lemma="frumvarp" type="nheþg">frumvarpinu</w>
            <w lemma="verða" type="svg3en">verði</w>
            <w lemma="hafna" type="sþghen">hafnað</w>
            <c type="pl">.</c>
          </s>
        </p>
        <p n="3">
          <s n="1">
            <w lemma="Höskuldur" type="nken-s">Höskuldur</w>
            <w lemma="Þórhallsson" type="nken-s">Þórhallsson</w>
            <c type="pk">,</c>
            <w lemma="þingmaður" type="nken">þingmaður</w>
            <w lemma="Framsóknarflokkur" type="nkee-s">Framsóknarflokks</w>
            <c type="pa">:</c>
            <w lemma="Fjárlagaskrifstofi" type="nkee-s">Fjárlagaskrifstofa</w>
            <w lemma="fjármálaráðuneyti" type="nheeg">fjármálaráðuneytisins</w>
            <w lemma="hafa" type="sfg3en">hefur</w>
            <w lemma="skila" type="sþghen">skilað</w>
            <w lemma="inn" type="aa">inn</w>
            <w lemma="mjög" type="aa">mjög</w>
            <w lemma="harðorður" type="lheþsf">harðorðu</w>
            <c type="pk">,</c>
            <w lemma="harðorður" type="lveþsf">harðorðri</w>
            <w lemma="greinargerð" type="nveþ">greinargerð</w>
            <w lemma="um" type="af">um</w>
            <w lemma="mál" type="nheog">málið</w>
            <w lemma="benda" type="sþghen">bent</w>
            <w lemma="á" type="af">á</w>
            <w lemma="að" type="c">að</w>
            <w lemma="ef" type="c">ef</w>
            <w lemma="að" type="aa">að</w>
            <w lemma="verða" type="sfg3en">verður</w>
            <w lemma="af" type="af">af</w>
            <w lemma="bygging" type="nveþ">byggingu</w>
            <w lemma="hátæknisjúkrahús" type="nheeg">hátæknisjúkrahússins</w>
            <w lemma="að" type="c">að</w>
            <w lemma="þá" type="aa">þá</w>
            <w lemma="verða" type="svg3en">verði</w>
            <w lemma="að" type="cn">að</w>
            <w lemma="stöðva" type="sng">stöðva</w>
            <w lemma="eða" type="c">eða</w>
            <w lemma="hægja" type="sng">hægja</w>
            <w lemma="á" type="af">á</w>
            <w lemma="annar" type="fovfþ">öðrum</w>
            <w lemma="framkvæmd" type="nvfþ">framkvæmdum</w>
            <c type="pl">.</c>
          </s>
          <s n="2">
            <w lemma="einnig" type="aa">Einnig</w>
            <w lemma="munu" type="sfg3fn">munu</w>
            <w lemma="allur" type="fohfn">öll</w>
            <w lemma="sá" type="fahfo">þau</w>
            <w lemma="markmið" type="nhfn">markmið</w>
            <w lemma="sem" type="ct">sem</w>
            <w lemma="að" type="c">að</w>
            <w lemma="ríkisstjórn" type="nveng">ríkisstjórnin</w>
            <w lemma="hafa" type="sfg3en">hefur</w>
            <w lemma="setja" type="sþghen">sett</w>
            <w lemma="sig" type="fpveþ">sér</w>
            <w lemma="um" type="af">um</w>
            <w lemma="jöfnuð" type="nhfo">jöfnuð</w>
            <w lemma="í" type="af">í</w>
            <w lemma="ríkisfjármál" type="nhfþ">ríkisfjármálum</w>
            <w lemma="verða" type="sfg3fn">verða</w>
            <w lemma="fyrir" type="af">fyrir</w>
            <w lemma="vindur" type="nkeo">vind</w>
            <c type="pl">.</c>
          </s>
          <s n="3">
            <w lemma="ég" type="fp1fn">Við</w>
            <w lemma="þurfa" type="sfg1fn">þurfum</w>
            <w lemma="væntanlega" type="aa">væntanlega</w>
            <w lemma="að" type="cn">að</w>
            <w lemma="fara" type="sng">fara</w>
            <w lemma="í" type="af">í</w>
            <w lemma="einhver" type="fovfo">einhverjar</w>
            <w lemma="skattahækkun" type="nvfo">skattahækkanir</w>
            <w lemma="til" type="af">til</w>
            <w lemma="það" type="fphee">þess</w>
            <w lemma="að" type="cn">að</w>
            <w lemma="standa" type="sng">standa</w>
            <w lemma="straumur" type="nkeo">straum</w>
            <w lemma="af" type="af">af</w>
            <w lemma="kostnaður" type="nkeþ">kostnaði</w>
            <c type="pl">.</c>
          </s>
          <s n="4">
            <w lemma="hvorki" type="c">Hvorki</w>
            <w lemma="lífeyrissjóður" type="nkfng">lífeyrissjóðirnir</w>
            <w lemma="né" type="c">né</w>
            <w lemma="annar" type="fokfn">aðrir</w>
            <w lemma="einkaaðili" type="nkfn">einkaaðilar</w>
            <w lemma="á" type="af">á</w>
            <w lemma="Ísland" type="nheþ-s">Íslandi</w>
            <w lemma="treysta" type="sfg3fþ">treystu</w>
            <w lemma="sig" type="fpkfþ">sér</w>
            <w lemma="til" type="af">til</w>
            <w lemma="það" type="fphee">þess</w>
            <w lemma="að" type="cn">að</w>
            <w lemma="fara" type="sng">fara</w>
            <w lemma="í" type="af">í</w>
            <w lemma="þessi" type="faveo">þessa</w>
            <w lemma="framkvæmd" type="nveo">framkvæmd</w>
            <c type="pk">,</c>
            <w lemma="hún" type="fpven">hún</w>
            <w lemma="vera" type="svg3eþ">væri</w>
            <w lemma="í" type="af">í</w>
            <w lemma="fyrstur" type="lheþve">fyrsta</w>
            <w lemma="lag" type="nheþ">lagi</w>
            <w lemma="of" type="aa">of</w>
            <w lemma="stór" type="lvensf">stór</w>
            <w lemma="og" type="c">og</w>
            <w lemma="í" type="af">í</w>
            <w lemma="annar" type="lheþsf">öðru</w>
            <w lemma="lag" type="nheþ">lagi</w>
            <w lemma="vera" type="svg3eþ">væri</w>
            <w lemma="of" type="aa">of</w>
            <w lemma="margur" type="lhensf">margt</w>
            <w lemma="óljós" type="lhensf">óljóst</w>
            <w lemma="um" type="af">um</w>
            <w lemma="kostnaður" type="nkeo">kostnað</w>
            <w lemma="og" type="c">og</w>
            <w lemma="hvernig" type="aa">hvernig</w>
            <w lemma="verk" type="nheþg">verkinu</w>
            <w lemma="munu" type="svg3eþ">myndi</w>
            <w lemma="miða" type="sng">miða</w>
            <c type="pk">,</c>
            <w lemma="sérstaklega" type="aa">sérstaklega</w>
            <w lemma="ef" type="c">ef</w>
            <w lemma="ég" type="fp1fn">við</w>
            <w lemma="líta" type="sfg1fn">lítum</w>
            <w lemma="á" type="af">á</w>
            <w lemma="bágur" type="lveosf">bága</w>
            <w lemma="staða" type="nveo">stöðu</w>
            <w lemma="ríkissjóður" type="nkee">ríkissjóðs</w>
            <c type="pl">.</c>
          </s>
        </p>
        <p n="4">
          <s n="1">
            <w lemma="Höskuldur" type="nken-s">Höskuldur</w>
            <w lemma="telja" type="sfg3en">telur</w>
            <w lemma="að" type="c">að</w>
            <w lemma="hinn" type="ghen">hið</w>
            <w lemma="opinber" type="lhenvf">opinbera</w>
            <w lemma="þurfa" type="svg3en">þurfi</w>
            <w lemma="að" type="cn">að</w>
            <w lemma="staldra" type="sng">staldra</w>
            <w lemma="aðeins" type="aa">aðeins</w>
            <w lemma="við" type="aa">við</w>
            <w lemma="og" type="c">og</w>
            <w lemma="skoða" type="sng">skoða</w>
            <w lemma="þurfa" type="svg3en">þurfi</w>
            <w lemma="uppbygging" type="nveo">uppbyggingu</w>
            <w lemma="heilbrigðiskerfi" type="nheeg">heilbrigðiskerfisins</w>
            <w lemma="út" type="aa">út</w>
            <w lemma="frá" type="af">frá</w>
            <w lemma="annar" type="fovfþ">öðrum</w>
            <w lemma="forsenda" type="nvfþ">forsendum</w>
            <c type="pl">.</c>
          </s>
        </p>
        <p n="5">
          <s n="1">
            <w lemma="Höskuldur" type="nken-s">Höskuldur</w>
            <w lemma="Þórhallsson" type="nken-s">Þórhallsson</w>
            <c type="pa">:</c>
            <w lemma="það" type="fphen">Það</w>
            <w lemma="vera" type="sfg3fn">eru</w>
            <w lemma="enginn" type="fovfn">engar</w>
            <w lemma="forsenda" type="nvfn">forsendur</w>
            <w lemma="að" type="af">að</w>
            <w lemma="minn" type="feheþ">mínu</w>
            <w lemma="mat" type="nheþ">mati</w>
            <w lemma="til" type="af">til</w>
            <w lemma="það" type="fphee">þess</w>
            <w lemma="að" type="cn">að</w>
            <w lemma="ráða" type="snm">ráðast</w>
            <w lemma="í" type="af">í</w>
            <w lemma="þessi" type="faheo">þetta</w>
            <w lemma="verkefni" type="nheo">verkefni</w>
            <w lemma="á" type="aa">á</w>
            <w lemma="meðan" type="c">meðan</w>
            <w lemma="skuldastaða" type="nven">skuldastaða</w>
            <w lemma="ríkissjóður" type="nkee">ríkissjóðs</w>
            <w lemma="vera" type="sfg3en">er</w>
            <w lemma="jafn" type="aa">jafn</w>
            <w lemma="slæmur" type="lvensf">slæm</w>
            <w lemma="og" type="c">og</w>
            <w lemma="raun" type="nven">raun</w>
            <w lemma="bera" type="sfg3en">ber</w>
            <w lemma="vitni" type="nheo">vitni</w>
            <w lemma="og" type="c">og</w>
            <w lemma="það" type="fphen">það</w>
            <w lemma="að" type="cn">að</w>
            <w lemma="ætla" type="sng">ætla</w>
            <w lemma="að" type="cn">að</w>
            <w lemma="fara" type="sng">fara</w>
            <w lemma="í" type="af">í</w>
            <w lemma="86" type="ta">86</w>
            <w lemma="milljarður" type="nkfo">milljarða</w>
            <w lemma="framkvæmd" type="nveo">framkvæmd</w>
            <w lemma="á" type="af">á</w>
            <w lemma="næstur" type="lhfþve">næstu</w>
            <w lemma="ár" type="nhfþ">árum</w>
            <w lemma="vera" type="sfg3en">er</w>
            <w lemma="að" type="af">að</w>
            <w lemma="minn" type="feheþ">mínu</w>
            <w lemma="mat" type="nheþ">mati</w>
            <w lemma="óráðsía" type="nven">óráðsía</w>
            <c type="pl">.</c>
          </s>
        </p>
      </div1>
    </body>
  </text>
</TEI>
