<?xml version="1.0" encoding="utf-8"?>
<TEI xmlns="http://www.tei-c.org/ns/1.0">
  <teiHeader>
    <fileDesc>
      <titleStmt>
        <title>
          <title type="main">Herjólfur siglir til Landeyjahafnar</title>
        </title>
        <respStmt>
          <resp xml:lang="is">Söfnun og úrvinnsla texta</resp>
          <resp xml:lang="en">Collection and processing of text</resp>
          <name xml:lang="is">Stofnun Árna Magnússonar í íslenskum fræðum</name>
          <name xml:lang="en">The Arni Magnusson Institute for Icelandic Studies</name>
        </respStmt>
      </titleStmt>
      <editionStmt>
        <p xml:lang="is">Íslensk risamálheild (2019)</p>
        <p xml:lang="en">Tagged Icelandic Gigaword Corpus (2019)</p>
      </editionStmt>
      <publicationStmt>
        <distributor xml:lang="is">Stofnun Árna Magnússonar í íslenskum fræðum</distributor>
        <distributor xml:lang="en">The Arni Magnusson Institute for Icelandic Studies</distributor>
        <address>
          <addrLine xml:lang="is">Árnagarður við Suðurgötu, 107 Reykjavík, Íslandi</addrLine>
          <addrLine xml:lang="en">Árnagarður Suðurgata, 107 Reykjavik, Iceland</addrLine>
          <addrLine>
            <email>arnastofnun@arnastofnun.is</email>
          </addrLine>
        </address>
        <idno type="risam">G-25-2503788</idno>
        <availability>
          <p xml:lang="is">Þessi texti er til notkunar í málrannsóknum og máltækniverkefnum um allan heim með sérstöku leyfi, sjá rmh2Hdr.xml</p>
          <p xml:lang="en">This text is available for use in language research and language technology projects world wide with a special license, see rmh2Hdr.xml</p>
        </availability>
        <date>2020-05-26</date>
      </publicationStmt>
      <sourceDesc>
        <biblStruct>
          <analytic>
            <title>
              <title type="main">Herjólfur siglir til Landeyjahafnar</title>
            </title>
            <date when="2013-03-19T12:00:00">19.03 2013 kl. 12:00:00</date>
          </analytic>
          <monogr>
            <title>Bylgjan</title>
            <imprint>
              <publisher>365 miðlar hf.</publisher>
              <pubPlace>Reykjavík</pubPlace>
            </imprint>
          </monogr>
        </biblStruct>
      </sourceDesc>
    </fileDesc>
    <encodingDesc>
      <projectDesc>
        <p xml:lang="is">Sjá lýsingu á verkefninu í rmh2Hdr.xml.</p>
        <p xml:lang="en">See description of project in rmh2Hdr.xml.</p>
      </projectDesc>
      <tagsDecl>
        <namespace name="http://www.tei-c.org/ns/1.0">
          <tagUsage gi="text" occurs="1"/>
          <tagUsage gi="body" occurs="1"/>
          <tagUsage gi="div1" occurs="1"/>
          <tagUsage gi="p" occurs="2"/>
          <tagUsage gi="s" occurs="7"/>
          <tagUsage gi="w" occurs="140"/>
          <tagUsage gi="c" occurs="12"/>
        </namespace>
      </tagsDecl>
    </encodingDesc>
    <profileDesc>
     <textClass>
      <keywords scheme="#RMH">
       <list>
        <item>Frétt – almennt</item>
       </list>
      </keywords>
     </textClass>
    </profileDesc>
  </teiHeader>
  <text>
    <body>
      <div1>
        <p n="1">
          <s n="1">
            <w lemma="ferðaþjónustufyrirtæki" type="nhen">Ferðaþjónustufyrirtæki</w>
            <w lemma="í" type="af">í</w>
            <w lemma="Vestmannaeyjar" type="nvfþ-s">Vestmannaeyjum</w>
            <w lemma="fara" type="sfg3fþ">fóru</w>
            <w lemma="strax" type="aa">strax</w>
            <w lemma="að" type="cn">að</w>
            <w lemma="fá" type="sng">fá</w>
            <w lemma="fyrirspurn" type="nvfo">fyrirspurnir</w>
            <w lemma="um" type="af">um</w>
            <w lemma="þjónusta" type="nveo">þjónustu</w>
            <w lemma="eftir" type="af">eftir</w>
            <w lemma="að" type="c">að</w>
            <w lemma="greina" type="sþghen">greint</w>
            <w lemma="vera" type="sfg3eþ">var</w>
            <w lemma="frá" type="af">frá</w>
            <w lemma="það" type="fpheþ">því</w>
            <w lemma="í" type="af">í</w>
            <w lemma="frétt" type="nvfþ">fréttum</w>
            <w lemma="í" type="af">í</w>
            <w lemma="morgunn" type="nkeo">morgun</w>
            <w lemma="að" type="c">að</w>
            <w lemma="Herjólfur" type="nken-s">Herjólfur</w>
            <w lemma="vera" type="svg3eþ">væri</w>
            <w lemma="aftur" type="aa">aftur</w>
            <w lemma="fara" type="sþgken">farinn</w>
            <w lemma="að" type="cn">að</w>
            <w lemma="sigla" type="sng">sigla</w>
            <w lemma="til" type="af">til</w>
            <w lemma="Landeyjahöfn" type="nvee-s">Landeyjahafnar</w>
            <c type="pl">.</c>
          </s>
        </p>
        <p n="2">
          <s n="1">
            <w lemma="hann" type="fpken">Hann</w>
            <w lemma="hefja" type="sfg3eþ">hóf</w>
            <w lemma="sigling" type="nvfo">siglingar</w>
            <w lemma="þangað" type="aa">þangað</w>
            <w lemma="á" type="aa">á</w>
            <w lemma="ný" type="aa">ný</w>
            <w lemma="í" type="af">í</w>
            <w lemma="morgunn" type="nkeo">morgun</w>
            <w lemma="og" type="c">og</w>
            <w lemma="sigla" type="sfg3en">siglir</w>
            <w lemma="fjórir" type="tfvfo">fjórar</w>
            <w lemma="ferð" type="nvfo">ferðir</w>
            <w lemma="daglega" type="aa">daglega</w>
            <w lemma="á" type="aa">á</w>
            <w lemma="milli" type="af">milli</w>
            <w lemma="land" type="nhee">lands</w>
            <w lemma="og" type="c">og</w>
            <w lemma="Eyjar" type="nvfe-s">Eyja</w>
            <w lemma="samkvæmt" type="af">samkvæmt</w>
            <w lemma="vetraráætlun" type="nveþ">vetraráætlun</w>
            <c type="pl">.</c>
          </s>
          <s n="2">
            <w lemma="svo" type="aa">Svo</w>
            <w lemma="verða" type="sfg3en">verður</w>
            <w lemma="ferð" type="nvfþ">ferðum</w>
            <w lemma="fjölga" type="sþghen">fjölgað</w>
            <w lemma="í" type="af">í</w>
            <w lemma="sumar" type="nheo">sumar</w>
            <c type="pl">.</c>
          </s>
          <s n="3">
            <w lemma="hann" type="fpken">Hann</w>
            <w lemma="hafa" type="sfg3en">hefur</w>
            <w lemma="hinn" type="fakee">hins</w>
            <w lemma="vegur" type="nkee">vegar</w>
            <w lemma="sigla" type="sþghen">siglt</w>
            <w lemma="aðeins" type="aa">aðeins</w>
            <w lemma="tveir" type="tfvfo">tvær</w>
            <w lemma="ferð" type="nvfo">ferðir</w>
            <w lemma="á" type="af">á</w>
            <w lemma="dagur" type="nkeo">dag</w>
            <w lemma="til" type="af">til</w>
            <w lemma="Þorlákshöfn" type="nvee-s">Þorlákshafnar</w>
            <w lemma="síðan" type="c">síðan</w>
            <w lemma="hann" type="fpken">hann</w>
            <w lemma="reka" type="sfm3eþ">rakst</w>
            <w lemma="utan" type="aa">utan</w>
            <w lemma="í" type="af">í</w>
            <w lemma="annar" type="fokeo">annan</w>
            <w lemma="hafnargarður" type="nkeog">hafnargarðinn</w>
            <w lemma="í" type="af">í</w>
            <w lemma="Landeyjahöfn" type="nveþ-s">Landeyjahöfn</w>
            <w lemma="í" type="af">í</w>
            <w lemma="nóvember" type="nkeþ">nóvember</w>
            <w lemma="en" type="c">en</w>
            <w lemma="þrír" type="tfhfn">þrjú</w>
            <w lemma="sanddæluskip" type="nhfn">sanddæluskip</w>
            <w lemma="hafa" type="sfg3fn">hafa</w>
            <w lemma="að" type="af">að</w>
            <w lemma="undanfarinn" type="lheþsf">undanförnu</w>
            <w lemma="vinna" type="sþghen">unnið</w>
            <w lemma="að" type="af">að</w>
            <w lemma="dýpkun" type="nveþ">dýpkun</w>
            <w lemma="höfn" type="nveeg">hafnarinnar</w>
            <w lemma="sem" type="ct">sem</w>
            <w lemma="nú" type="aa">nú</w>
            <w lemma="telja" type="sfm3en">telst</w>
            <w lemma="nægilega" type="aa">nægilega</w>
            <w lemma="djúpur" type="lvensf">djúp</w>
            <c type="pl">.</c>
          </s>
          <s n="4">
            <w lemma="rannsóknarnefnd" type="nven">Rannsóknarnefnd</w>
            <w lemma="sjóslys" type="nhfe">sjóslysa</w>
            <w lemma="vera" type="sfg3en">er</w>
            <w lemma="enn" type="aa">enn</w>
            <w lemma="að" type="cn">að</w>
            <w lemma="rannsaka" type="sng">rannsaka</w>
            <w lemma="atvik" type="nheog">atvikið</w>
            <w lemma="í" type="af">í</w>
            <w lemma="nóvember" type="nkeþ">nóvember</w>
            <w lemma="og" type="c">og</w>
            <w lemma="vera" type="sfg3en">er</w>
            <w lemma="niðurstaða" type="nveþ">niðurstöðu</w>
            <w lemma="að" type="cn">að</w>
            <w lemma="vænta" type="sng">vænta</w>
            <w lemma="innan" type="af">innan</w>
            <w lemma="tíð" type="nvee">tíðar</w>
            <c type="pl">.</c>
          </s>
          <s n="5">
            <w lemma="Eyjamaður" type="nkfn-s">Eyjamenn</w>
            <w lemma="fagna" type="sfg3fn">fagna</w>
            <w lemma="þessi" type="faheþ">þessu</w>
            <w lemma="mjög" type="aa">mjög</w>
            <w lemma="í" type="af">í</w>
            <w lemma="morgunn" type="nkeo">morgun</w>
            <c type="pk">,</c>
            <w lemma="meðal" type="af">meðal</w>
            <w lemma="annar" type="fohee">annars</w>
            <w lemma="á" type="af">á</w>
            <w lemma="blogg" type="nheþg">blogginu</w>
            <c type="pl">.</c>
          </s>
          <s n="6">
            <w lemma="og" type="c">Og</w>
            <w lemma="þar" type="aa">þar</w>
            <w lemma="segja" type="sfg3en">segir</w>
            <w lemma="Elliði" type="nken-s">Elliði</w>
            <w lemma="Vignisson" type="nken-s">Vignisson</w>
            <c type="pk">,</c>
            <w lemma="bæjarstjóri" type="nken">bæjarstjóri</w>
            <c type="pk">,</c>
            <w lemma="einfaldlega" type="aa">einfaldlega</w>
            <c type="pa">:</c>
            <w lemma="til" type="af">Til</w>
            <w lemma="hamingja" type="nvee">hamingju</w>
            <w lemma="Íslendingur" type="nkfn-s">Íslendingar</w>
            <w lemma="með" type="af">með</w>
            <w lemma="að" type="cn">að</w>
            <w lemma="koma" type="snm">komast</w>
            <w lemma="aftur" type="aa">aftur</w>
            <w lemma="hingað" type="aa">hingað</w>
            <w lemma="til" type="af">til</w>
            <w lemma="Eyjar" type="nvfe-s">Eyja</w>
            <c type="pk">,</c>
            <w lemma="einangrun" type="nven">einangrun</w>
            <w lemma="þú" type="fp2fe">ykkar</w>
            <w lemma="vera" type="sfg3en">er</w>
            <w lemma="ljúka" type="sþghen">lokið</w>
            <c type="pl">.</c>
          </s>
        </p>
      </div1>
    </body>
  </text>
</TEI>
