<?xml version="1.0" encoding="utf-8"?>
<TEI xmlns="http://www.tei-c.org/ns/1.0">
  <teiHeader>
    <fileDesc>
      <titleStmt>
        <title>
          <title type="main">Fylgi Sjálfstæðisflokksins dalar</title>
        </title>
        <respStmt>
          <resp xml:lang="is">Söfnun og úrvinnsla texta</resp>
          <resp xml:lang="en">Collection and processing of text</resp>
          <name xml:lang="is">Stofnun Árna Magnússonar í íslenskum fræðum</name>
          <name xml:lang="en">The Arni Magnusson Institute for Icelandic Studies</name>
        </respStmt>
      </titleStmt>
      <editionStmt>
        <p xml:lang="is">Íslensk risamálheild (2019)</p>
        <p xml:lang="en">Tagged Icelandic Gigaword Corpus (2019)</p>
      </editionStmt>
      <publicationStmt>
        <distributor xml:lang="is">Stofnun Árna Magnússonar í íslenskum fræðum</distributor>
        <distributor xml:lang="en">The Arni Magnusson Institute for Icelandic Studies</distributor>
        <address>
          <addrLine xml:lang="is">Árnagarður við Suðurgötu, 107 Reykjavík, Íslandi</addrLine>
          <addrLine xml:lang="en">Árnagarður Suðurgata, 107 Reykjavik, Iceland</addrLine>
          <addrLine>
            <email>arnastofnun@arnastofnun.is</email>
          </addrLine>
        </address>
        <idno type="risam">G-25-2543362</idno>
        <availability>
          <p xml:lang="is">Þessi texti er til notkunar í málrannsóknum og máltækniverkefnum um allan heim með sérstöku leyfi, sjá rmh2Hdr.xml</p>
          <p xml:lang="en">This text is available for use in language research and language technology projects world wide with a special license, see rmh2Hdr.xml</p>
        </availability>
        <date>2020-05-26</date>
      </publicationStmt>
      <sourceDesc>
        <biblStruct>
          <analytic>
            <title>
              <title type="main">Fylgi Sjálfstæðisflokksins dalar</title>
            </title>
            <date when="2013-03-01T12:00:00">01.03 2013 kl. 12:00:00</date>
          </analytic>
          <monogr>
            <title>Bylgjan</title>
            <imprint>
              <publisher>365 miðlar hf.</publisher>
              <pubPlace>Reykjavík</pubPlace>
            </imprint>
          </monogr>
        </biblStruct>
      </sourceDesc>
    </fileDesc>
    <encodingDesc>
      <projectDesc>
        <p xml:lang="is">Sjá lýsingu á verkefninu í rmh2Hdr.xml.</p>
        <p xml:lang="en">See description of project in rmh2Hdr.xml.</p>
      </projectDesc>
      <tagsDecl>
        <namespace name="http://www.tei-c.org/ns/1.0">
          <tagUsage gi="text" occurs="1"/>
          <tagUsage gi="body" occurs="1"/>
          <tagUsage gi="div1" occurs="1"/>
          <tagUsage gi="p" occurs="2"/>
          <tagUsage gi="s" occurs="10"/>
          <tagUsage gi="w" occurs="178"/>
          <tagUsage gi="c" occurs="13"/>
        </namespace>
      </tagsDecl>
    </encodingDesc>
    <profileDesc>
     <textClass>
      <keywords scheme="#RMH">
       <list>
        <item>Frétt – almennt</item>
       </list>
      </keywords>
     </textClass>
    </profileDesc>
  </teiHeader>
  <text>
    <body>
      <div1>
        <p n="1">
          <s n="1">
            <w lemma="aðeins" type="aa">Aðeins</w>
            <w lemma="einn" type="tfken">einn</w>
            <w lemma="möguleiki" type="nken">möguleiki</w>
            <w lemma="vera" type="sfg3en">er</w>
            <w lemma="á" type="af">á</w>
            <w lemma="tveir" type="tfkfe">tveggja</w>
            <w lemma="flokkur" type="nkfe">flokka</w>
            <w lemma="stjórn" type="nveþ">stjórn</w>
            <w lemma="ef" type="c">ef</w>
            <w lemma="niðurstaða" type="nvfn">niðurstöður</w>
            <w lemma="nýr" type="lveesf">nýrrar</w>
            <w lemma="könnun" type="nvee">könnunar</w>
            <w lemma="Fréttablaðið" type="nheegs">Fréttablaðsins</w>
            <w lemma="og" type="c">og</w>
            <w lemma="Stöð" type="nvee-s">Stöðvar</w>
            <w lemma="2" type="ta">2</w>
            <w lemma="vera" type="svg3fþ">væru</w>
            <w lemma="kosningaúrslit" type="nhfn">kosningaúrslit</w>
            <c type="pl">.</c>
          </s>
        </p>
        <p n="2">
          <s n="1">
            <w lemma="annars" type="aa">Annars</w>
            <w lemma="vera" type="sfg3fn">eru</w>
            <w lemma="niðurstaða" type="nvfn">niðurstöður</w>
            <w lemma="könnun" type="nveeg">könnunarinnar</w>
            <w lemma="hún" type="fpvfn">þær</w>
            <w lemma="að" type="c">að</w>
            <w lemma="Framsóknarflokkur" type="nkengs">Framsóknarflokkurinn</w>
            <w lemma="vera" type="sfg3en">er</w>
            <w lemma="enn" type="aa">enn</w>
            <w lemma="í" type="af">í</w>
            <w lemma="uppsveifla" type="nveþ">uppsveiflu</w>
            <w lemma="og" type="c">og</w>
            <w lemma="segja" type="sfm3fþ">sögðust</w>
            <w lemma="rúmur" type="lhfnsf">rúm</w>
            <w lemma="26%" type="tp">26%</w>
            <w lemma="ætla" type="sng">ætla</w>
            <w lemma="að" type="cn">að</w>
            <w lemma="styðja" type="sng">styðja</w>
            <w lemma="hann" type="fpkeo">hann</w>
            <c type="pl">.</c>
          </s>
          <s n="2">
            <w lemma="fylgi" type="nhen">Fylgi</w>
            <w lemma="við" type="af">við</w>
            <w lemma="Sjálfstæðisflokkur" type="nkeogs">Sjálfstæðisflokkinn</w>
            <w lemma="dala" type="sfg3en">dalar</w>
            <w lemma="heldur" type="c">heldur</w>
            <w lemma="frá" type="af">frá</w>
            <w lemma="síðari" type="lvfþve">síðustu</w>
            <w lemma="sambærilegur" type="lvfþvf">sambærilegu</w>
            <w lemma="kanna" type="nvfþg">könnunum</w>
            <w lemma="og" type="c">og</w>
            <w lemma="fá" type="sfg3en">fær</w>
            <w lemma="hann" type="fpkeo">hann</w>
            <w lemma="19%" type="tp">19%</w>
            <c type="pl">.</c>
          </s>
          <s n="3">
            <w lemma="Samfylkingin" type="nvengs">Samfylkingin</w>
            <w lemma="og" type="c">og</w>
            <w lemma="vinstri" type="lkfnvf">Vinstri</w>
            <w lemma="grænn" type="lkfnsf">grænir</w>
            <w lemma="vera" type="sfg3fn">eru</w>
            <w lemma="að" type="cn">að</w>
            <w lemma="koma" type="sng">koma</w>
            <w lemma="upp" type="aa">upp</w>
            <w lemma="úr" type="af">úr</w>
            <w lemma="öldudalur" type="nkeþ">öldudal</w>
            <w lemma="síðari" type="lveeve">síðustu</w>
            <w lemma="könnun" type="nvee">könnunar</w>
            <w lemma="og" type="c">og</w>
            <w lemma="fá" type="sfg3en">fær</w>
            <w lemma="Samfylkingin" type="nvengs">Samfylkingin</w>
            <w lemma="12,8%" type="tp">12,8%</w>
            <w lemma="og" type="c">og</w>
            <w lemma="vinstri" type="lkfnvf">Vinstri</w>
            <w lemma="grænn" type="lkfnsf">grænir</w>
            <w lemma="11,8" type="ta">11,8</w>
            <c type="pl">.</c>
          </s>
          <s n="4">
            <w lemma="bjartur" type="lvensf">Björt</w>
            <w lemma="framtíð" type="nven">framtíð</w>
            <w lemma="dala" type="sfg3en">dalar</w>
            <w lemma="verulega" type="aa">verulega</w>
            <w lemma="frá" type="af">frá</w>
            <w lemma="síðari" type="lveþve">síðustu</w>
            <w lemma="könnun" type="nveþ">könnun</w>
            <w lemma="og" type="c">og</w>
            <w lemma="fá" type="sfg3en">fær</w>
            <w lemma="8,7%" type="tp">8,7%</w>
            <w lemma="en" type="c">en</w>
            <w lemma="annar" type="fokfn">aðrir</w>
            <w lemma="flokkur" type="nkfn">flokkar</w>
            <w lemma="fá" type="sfg3fn">fá</w>
            <w lemma="innan" type="aa">innan</w>
            <w lemma="við" type="af">við</w>
            <w lemma="5%" type="tp">5%</w>
            <c type="pl">.</c>
          </s>
          <s n="5">
            <w lemma="samkvæmt" type="af">Samkvæmt</w>
            <w lemma="þessi" type="faheþ">þessu</w>
            <w lemma="vera" type="sfg3en">er</w>
            <w lemma="aðeins" type="aa">aðeins</w>
            <w lemma="einn" type="tfken">einn</w>
            <w lemma="möguleiki" type="nken">möguleiki</w>
            <w lemma="á" type="af">á</w>
            <w lemma="tveir" type="tfkfe">tveggja</w>
            <w lemma="flokkur" type="nkfe">flokka</w>
            <w lemma="stjórn" type="nveþ">stjórn</w>
            <c type="pl">.</c>
          </s>
          <s n="6">
            <w lemma="það" type="fphen">Það</w>
            <w lemma="vera" type="sfg3en">er</w>
            <w lemma="að" type="c">að</w>
            <w lemma="Sjálfstæðismaður" type="nkfn-s">Sjálfstæðismenn</w>
            <w lemma="með" type="af">með</w>
            <w lemma="21" type="ta">21</w>
            <w lemma="þingmaður" type="nkfo">þingmenn</w>
            <w lemma="og" type="c">og</w>
            <w lemma="Framsóknarmaður" type="nkfn-s">Framsóknarmenn</w>
            <w lemma="með" type="af">með</w>
            <w lemma="19" type="ta">19</w>
            <w lemma="mynda" type="sfg3fþ">mynduðu</w>
            <w lemma="afar" type="aa">afar</w>
            <w lemma="sterkur" type="lveosf">sterka</w>
            <w lemma="stjórn" type="nveo">stjórn</w>
            <w lemma="með" type="af">með</w>
            <w lemma="40" type="ta">40</w>
            <w lemma="þingsæti" type="nhfo">þingsæti</w>
            <w lemma="af" type="af">af</w>
            <w lemma="63" type="ta">63</w>
            <c type="pl">.</c>
          </s>
          <s n="7">
            <w lemma="ýmis" type="fokfn">Ýmsir</w>
            <w lemma="möguleiki" type="nkfn">möguleikar</w>
            <w lemma="vera" type="sfg3fn">eru</w>
            <w lemma="svo" type="aa">svo</w>
            <w lemma="á" type="af">á</w>
            <w lemma="þrír" type="tfkfe">þriggja</w>
            <w lemma="flokkur" type="nkfe">flokka</w>
            <w lemma="stjórn" type="nveþ">stjórn</w>
            <w lemma="að" type="af">að</w>
            <w lemma="lítill" type="lkeþve">minnsta</w>
            <w lemma="kostur" type="nkeþ">kosti</w>
            <w lemma="hver" type="fshen">hvað</w>
            <w lemma="þingsæti" type="nhfo">þingsæti</w>
            <w lemma="varða" type="sfg3en">varðar</w>
            <w lemma="en" type="c">en</w>
            <w lemma="miðju-" type="kt">miðju-</w>
            <w lemma="og" type="c">og</w>
            <w lemma="vinstriflokkur" type="nkfng">vinstriflokkarnir</w>
            <w lemma="svonefndur" type="lkfnvf">svonefndu</w>
            <c type="pk">,</c>
            <w lemma="eða" type="c">eða</w>
            <w lemma="vinstri" type="lkfnvf">Vinstri</w>
            <w lemma="grænn" type="lkfnsf">grænir</w>
            <c type="pk">,</c>
            <w lemma="Samfylking" type="nven-s">Samfylking</w>
            <w lemma="og" type="c">og</w>
            <w lemma="bjartur" type="lvensf">Björt</w>
            <w lemma="framtíð" type="nven">framtíð</w>
            <w lemma="ná" type="svg3fþ">næðu</w>
            <w lemma="þó" type="aa">þó</w>
            <w lemma="ekki" type="aa">ekki</w>
            <w lemma="að" type="cn">að</w>
            <w lemma="mynda" type="sng">mynda</w>
            <w lemma="meirihluti" type="nkeo">meirihluta</w>
            <c type="pl">.</c>
          </s>
          <s n="8">
            <w lemma="hann" type="fpkfn">Þeir</w>
            <w lemma="þurfa" type="svg3fþ">þyrftu</w>
            <w lemma="Framsóknarflokkur" type="nkeogs">Framsóknarflokkinn</w>
            <w lemma="með" type="aa">með</w>
            <w lemma="og" type="c">og</w>
            <w lemma="þá" type="aa">þá</w>
            <w lemma="vera" type="svg3fþ">væru</w>
            <w lemma="koma" type="sþghfn">komin</w>
            <w lemma="42" type="ta">42</w>
            <w lemma="þingsæti" type="nhfn">þingsæti</w>
            <c type="pk">,</c>
            <w lemma="einn" type="foken">einn</w>
            <w lemma="sterkur" type="lkenve">sterkasti</w>
            <w lemma="meirihluti" type="nken">meirihluti</w>
            <w lemma="til" type="af">til</w>
            <w lemma="þessi" type="fahee">þessa</w>
            <c type="pl">.</c>
          </s>
          <s n="9">
            <w lemma="réttur" type="lhensf">Rétt</w>
            <w lemma="vera" type="sfg3en">er</w>
            <w lemma="að" type="cn">að</w>
            <w lemma="taka" type="sng">taka</w>
            <w lemma="fram" type="aa">fram</w>
            <w lemma="að" type="c">að</w>
            <w lemma="42%" type="tp">42%</w>
            <w lemma="aðspurður" type="lkfesf">aðspurðra</w>
            <w lemma="vera" type="sfg3fþ">voru</w>
            <w lemma="óákveðinn" type="lhfnsf">óákveðin</w>
            <w lemma="eða" type="c">eða</w>
            <w lemma="vilja" type="sfg3fþ">vildu</w>
            <w lemma="ekki" type="aa">ekki</w>
            <w lemma="svar" type="nhfe">svara</w>
            <c type="pl">.</c>
          </s>
        </p>
      </div1>
    </body>
  </text>
</TEI>
