<?xml version="1.0" encoding="utf-8"?>
<TEI xmlns="http://www.tei-c.org/ns/1.0">
  <teiHeader>
    <fileDesc>
      <titleStmt>
        <title>
          <title type="main">Erlent - Gates skammar aðra auðmenn</title>
        </title>
        <respStmt>
          <resp xml:lang="is">Söfnun og úrvinnsla texta</resp>
          <resp xml:lang="en">Collection and processing of text</resp>
          <name xml:lang="is">Stofnun Árna Magnússonar í íslenskum fræðum</name>
          <name xml:lang="en">The Arni Magnusson Institute for Icelandic Studies</name>
        </respStmt>
      </titleStmt>
      <editionStmt>
        <p xml:lang="is">Íslensk risamálheild (2019)</p>
        <p xml:lang="en">Tagged Icelandic Gigaword Corpus (2019)</p>
      </editionStmt>
      <publicationStmt>
        <distributor xml:lang="is">Stofnun Árna Magnússonar í íslenskum fræðum</distributor>
        <distributor xml:lang="en">The Arni Magnusson Institute for Icelandic Studies</distributor>
        <address>
          <addrLine xml:lang="is">Árnagarður við Suðurgötu, 107 Reykjavík, Íslandi</addrLine>
          <addrLine xml:lang="en">Árnagarður Suðurgata, 107 Reykjavik, Iceland</addrLine>
          <addrLine>
            <email>arnastofnun@arnastofnun.is</email>
          </addrLine>
        </address>
        <idno type="risam">G-25-2538650</idno>
        <availability>
          <p xml:lang="is">Þessi texti er til notkunar í málrannsóknum og máltækniverkefnum um allan heim með sérstöku leyfi, sjá rmh2Hdr.xml</p>
          <p xml:lang="en">This text is available for use in language research and language technology projects world wide with a special license, see rmh2Hdr.xml</p>
        </availability>
        <date>2020-05-26</date>
      </publicationStmt>
      <sourceDesc>
        <biblStruct>
          <analytic>
            <title>
              <title type="main">Erlent - Gates skammar aðra auðmenn</title>
            </title>
            <date when="2013-03-18T08:00:00">18.03 2013 kl. 08:00:00</date>
          </analytic>
          <monogr>
            <title>Bylgjan</title>
            <imprint>
              <publisher>365 miðlar hf.</publisher>
              <pubPlace>Reykjavík</pubPlace>
            </imprint>
          </monogr>
        </biblStruct>
      </sourceDesc>
    </fileDesc>
    <encodingDesc>
      <projectDesc>
        <p xml:lang="is">Sjá lýsingu á verkefninu í rmh2Hdr.xml.</p>
        <p xml:lang="en">See description of project in rmh2Hdr.xml.</p>
      </projectDesc>
      <tagsDecl>
        <namespace name="http://www.tei-c.org/ns/1.0">
          <tagUsage gi="text" occurs="1"/>
          <tagUsage gi="body" occurs="1"/>
          <tagUsage gi="div1" occurs="1"/>
          <tagUsage gi="p" occurs="1"/>
          <tagUsage gi="s" occurs="1"/>
          <tagUsage gi="w" occurs="29"/>
          <tagUsage gi="c" occurs="3"/>
        </namespace>
      </tagsDecl>
    </encodingDesc>
    <profileDesc>
     <textClass>
      <keywords scheme="#RMH">
       <list>
        <item>Frétt – almennt</item>
       </list>
      </keywords>
     </textClass>
    </profileDesc>
  </teiHeader>
  <text>
    <body>
      <div1>
        <p n="1">
          <s n="1">
            <w lemma="Bill" type="n----s">Bill</w>
            <w lemma="Gates" type="n----s">Gates</w>
            <c type="pk">,</c>
            <w lemma="einn" type="tfken">einn</w>
            <w lemma="af" type="af">af</w>
            <w lemma="stofnandi" type="nkfþ">stofnendum</w>
            <w lemma="Microsoft" type="n----s">Microsoft</w>
            <w lemma="og" type="c">og</w>
            <w lemma="annar" type="foken">annar</w>
            <w lemma="auðugur" type="lkenve">auðugasti</w>
            <w lemma="maður" type="nken">maður</w>
            <w lemma="í" type="af">í</w>
            <w lemma="heimur" type="nkeþ">heimi</w>
            <c type="pk">,</c>
            <w lemma="nota" type="sfg3eþ">notaði</w>
            <w lemma="tækifæri" type="nheog">tækifærið</w>
            <w lemma="nýlega" type="aa">nýlega</w>
            <w lemma="til" type="af">til</w>
            <w lemma="að" type="cn">að</w>
            <w lemma="húðskamma" type="sng">húðskamma</w>
            <w lemma="annar" type="fokfo">aðra</w>
            <w lemma="auðmaður" type="nkfo">auðmenn</w>
            <w lemma="fyrir" type="af">fyrir</w>
            <w lemma="að" type="cn">að</w>
            <w lemma="leggja" type="sng">leggja</w>
            <w lemma="ekki" type="aa">ekki</w>
            <w lemma="nægilegur" type="lheosf">nægilegt</w>
            <w lemma="fé" type="nheo">fé</w>
            <w lemma="í" type="af">í</w>
            <w lemma="lífsnauðsynlegur" type="lvfosf">lífsnauðsynlegar</w>
            <w lemma="lyfjarannsókn" type="nvfo">lyfjarannsóknir</w>
            <c type="pl">.</c>
          </s>
        </p>
      </div1>
    </body>
  </text>
</TEI>
