<?xml version="1.0" encoding="utf-8"?>
<TEI xmlns="http://www.tei-c.org/ns/1.0">
  <teiHeader>
    <fileDesc>
      <titleStmt>
        <title>
          <title type="main">Bandaríkin - Ný skoðanakönnun</title>
        </title>
        <respStmt>
          <resp xml:lang="is">Söfnun og úrvinnsla texta</resp>
          <resp xml:lang="en">Collection and processing of text</resp>
          <name xml:lang="is">Stofnun Árna Magnússonar í íslenskum fræðum</name>
          <name xml:lang="en">The Arni Magnusson Institute for Icelandic Studies</name>
        </respStmt>
      </titleStmt>
      <editionStmt>
        <p xml:lang="is">Íslensk risamálheild (2019)</p>
        <p xml:lang="en">Tagged Icelandic Gigaword Corpus (2019)</p>
      </editionStmt>
      <publicationStmt>
        <distributor xml:lang="is">Stofnun Árna Magnússonar í íslenskum fræðum</distributor>
        <distributor xml:lang="en">The Arni Magnusson Institute for Icelandic Studies</distributor>
        <address>
          <addrLine xml:lang="is">Árnagarður við Suðurgötu, 107 Reykjavík, Íslandi</addrLine>
          <addrLine xml:lang="en">Árnagarður Suðurgata, 107 Reykjavik, Iceland</addrLine>
          <addrLine>
            <email>arnastofnun@arnastofnun.is</email>
          </addrLine>
        </address>
        <idno type="risam">G-25-2539419</idno>
        <availability>
          <p xml:lang="is">Þessi texti er til notkunar í málrannsóknum og máltækniverkefnum um allan heim með sérstöku leyfi, sjá rmh2Hdr.xml</p>
          <p xml:lang="en">This text is available for use in language research and language technology projects world wide with a special license, see rmh2Hdr.xml</p>
        </availability>
        <date>2020-05-26</date>
      </publicationStmt>
      <sourceDesc>
        <biblStruct>
          <analytic>
            <title>
              <title type="main">Bandaríkin - Ný skoðanakönnun</title>
            </title>
            <date when="2013-03-08T08:00:00">08.03 2013 kl. 08:00:00</date>
          </analytic>
          <monogr>
            <title>Bylgjan</title>
            <imprint>
              <publisher>365 miðlar hf.</publisher>
              <pubPlace>Reykjavík</pubPlace>
            </imprint>
          </monogr>
        </biblStruct>
      </sourceDesc>
    </fileDesc>
    <encodingDesc>
      <projectDesc>
        <p xml:lang="is">Sjá lýsingu á verkefninu í rmh2Hdr.xml.</p>
        <p xml:lang="en">See description of project in rmh2Hdr.xml.</p>
      </projectDesc>
      <tagsDecl>
        <namespace name="http://www.tei-c.org/ns/1.0">
          <tagUsage gi="text" occurs="1"/>
          <tagUsage gi="body" occurs="1"/>
          <tagUsage gi="div1" occurs="1"/>
          <tagUsage gi="p" occurs="1"/>
          <tagUsage gi="s" occurs="2"/>
          <tagUsage gi="w" occurs="28"/>
          <tagUsage gi="c" occurs="3"/>
        </namespace>
      </tagsDecl>
    </encodingDesc>
    <profileDesc>
     <textClass>
      <keywords scheme="#RMH">
       <list>
        <item>Frétt – almennt</item>
       </list>
      </keywords>
     </textClass>
    </profileDesc>
  </teiHeader>
  <text>
    <body>
      <div1>
        <p n="1">
          <s n="1">
            <w lemma="Hillary" type="n----s">Hillary</w>
            <w lemma="Clinton" type="n----s">Clinton</w>
            <c type="pk">,</c>
            <w lemma="fyrrum" type="aa">fyrrum</w>
            <w lemma="utanríkisráðherra" type="nken">utanríkisráðherra</w>
            <w lemma="Bandaríkin" type="nhfegs">Bandaríkjanna</w>
            <w lemma="munu" type="svg3eþ">myndi</w>
            <w lemma="vinna" type="sng">vinna</w>
            <w lemma="þrír" type="tfkfo">þrjá</w>
            <w lemma="heldri" type="lkfove">helstu</w>
            <w lemma="frambjóðandi" type="nkfo">frambjóðendur</w>
            <w lemma="Repúblikanaflokkurinn" type="nkeegs">Repúblikanaflokksins</w>
            <w lemma="í" type="af">í</w>
            <w lemma="forsetakosning" type="nvfþg">forsetakosningunum</w>
            <w lemma="ár" type="nheog">árið</w>
            <w lemma="2016" type="ta">2016</w>
            <w lemma="með" type="af">með</w>
            <w lemma="töluverður" type="lkeþsf">töluverðum</w>
            <w lemma="munur" type="nkeþ">mun</w>
            <c type="pl">.</c>
          </s>
          <s n="2">
            <w lemma="þessi" type="fahen">Þetta</w>
            <w lemma="koma" type="sfg3en">kemur</w>
            <w lemma="fram" type="aa">fram</w>
            <w lemma="í" type="af">í</w>
            <w lemma="nýr" type="lveþsf">nýrri</w>
            <w lemma="skoðanakönnun" type="nveþ">skoðanakönnun</w>
            <w lemma="á" type="af">á</w>
            <w lemma="vegur" type="nkfþ">vegum</w>
            <w lemma="NBC" type="n----s">NBC</w>
            <w lemma="sjónvarpsstöð" type="nveeg">sjónvarpsstöðvarinnar</w>
            <c type="pl">.</c>
          </s>
        </p>
      </div1>
    </body>
  </text>
</TEI>
