<?xml version="1.0" encoding="utf-8"?>
<TEI xmlns="http://www.tei-c.org/ns/1.0">
  <teiHeader>
    <fileDesc>
      <titleStmt>
        <title>
          <title type="main">Engin sátt á Alþingi</title>
        </title>
        <respStmt>
          <resp xml:lang="is">Söfnun og úrvinnsla texta</resp>
          <resp xml:lang="en">Collection and processing of text</resp>
          <name xml:lang="is">Stofnun Árna Magnússonar í íslenskum fræðum</name>
          <name xml:lang="en">The Arni Magnusson Institute for Icelandic Studies</name>
        </respStmt>
      </titleStmt>
      <editionStmt>
        <p xml:lang="is">Íslensk risamálheild (2019)</p>
        <p xml:lang="en">Tagged Icelandic Gigaword Corpus (2019)</p>
      </editionStmt>
      <publicationStmt>
        <distributor xml:lang="is">Stofnun Árna Magnússonar í íslenskum fræðum</distributor>
        <distributor xml:lang="en">The Arni Magnusson Institute for Icelandic Studies</distributor>
        <address>
          <addrLine xml:lang="is">Árnagarður við Suðurgötu, 107 Reykjavík, Íslandi</addrLine>
          <addrLine xml:lang="en">Árnagarður Suðurgata, 107 Reykjavik, Iceland</addrLine>
          <addrLine>
            <email>arnastofnun@arnastofnun.is</email>
          </addrLine>
        </address>
        <idno type="risam">G-25-2539271</idno>
        <availability>
          <p xml:lang="is">Þessi texti er til notkunar í málrannsóknum og máltækniverkefnum um allan heim með sérstöku leyfi, sjá rmh2Hdr.xml</p>
          <p xml:lang="en">This text is available for use in language research and language technology projects world wide with a special license, see rmh2Hdr.xml</p>
        </availability>
        <date>2020-05-26</date>
      </publicationStmt>
      <sourceDesc>
        <biblStruct>
          <analytic>
            <title>
              <title type="main">Engin sátt á Alþingi</title>
            </title>
            <date when="2013-03-06T12:00:00">06.03 2013 kl. 12:00:00</date>
          </analytic>
          <monogr>
            <title>Bylgjan</title>
            <imprint>
              <publisher>365 miðlar hf.</publisher>
              <pubPlace>Reykjavík</pubPlace>
            </imprint>
          </monogr>
        </biblStruct>
      </sourceDesc>
    </fileDesc>
    <encodingDesc>
      <projectDesc>
        <p xml:lang="is">Sjá lýsingu á verkefninu í rmh2Hdr.xml.</p>
        <p xml:lang="en">See description of project in rmh2Hdr.xml.</p>
      </projectDesc>
      <tagsDecl>
        <namespace name="http://www.tei-c.org/ns/1.0">
          <tagUsage gi="text" occurs="1"/>
          <tagUsage gi="body" occurs="1"/>
          <tagUsage gi="div1" occurs="1"/>
          <tagUsage gi="p" occurs="7"/>
          <tagUsage gi="s" occurs="20"/>
          <tagUsage gi="w" occurs="397"/>
          <tagUsage gi="c" occurs="34"/>
        </namespace>
      </tagsDecl>
    </encodingDesc>
    <profileDesc>
     <textClass>
      <keywords scheme="#RMH">
       <list>
        <item>Frétt – almennt</item>
       </list>
      </keywords>
     </textClass>
    </profileDesc>
  </teiHeader>
  <text>
    <body>
      <div1>
        <p n="1">
          <s n="1">
            <w lemma="Þór" type="nken-s">Þór</w>
            <w lemma="Saari" type="nken-s">Saari</w>
            <c type="pk">,</c>
            <w lemma="þingmaður" type="nken">þingmaður</w>
            <w lemma="Hreyfingin" type="nveegs">Hreyfingarinnar</w>
            <w lemma="segja" type="sfg3en">segir</w>
            <w lemma="að" type="c">að</w>
            <w lemma="fámennur" type="lvensf">fámenn</w>
            <w lemma="klíka" type="nven">klíka</w>
            <w lemma="hafa" type="svg3en">hafi</w>
            <w lemma="taka" type="sþghen">tekið</w>
            <w lemma="sig" type="fpveþ">sér</w>
            <w lemma="alræðisvald" type="nheo">alræðisvald</w>
            <w lemma="í" type="af">í</w>
            <w lemma="stjórnarskrármál" type="nheþg">stjórnarskrármálinu</w>
            <w lemma="og" type="c">og</w>
            <w lemma="lýsa" type="sfg3en">lýsir</w>
            <w lemma="fullur" type="lveþsf">fullri</w>
            <w lemma="ábyrgð" type="nveþ">ábyrgð</w>
            <w lemma="á" type="af">á</w>
            <w lemma="sá" type="faheþ">því</w>
            <w lemma="sem" type="ct">sem</w>
            <w lemma="gera" type="snm">gerast</w>
            <w lemma="kunna" type="sfg3en">kann</w>
            <w lemma="í" type="af">í</w>
            <w lemma="þjóðfélag" type="nheþg">þjóðfélaginu</w>
            <c type="pk">,</c>
            <w lemma="verða" type="svg3en">verði</w>
            <w lemma="ekki" type="aa">ekki</w>
            <w lemma="fara" type="sþghen">farið</w>
            <w lemma="að" type="af">að</w>
            <w lemma="þjóðarvilji" type="nkeþ">þjóðarvilja</w>
            <c type="pk">,</c>
            <w lemma="á" type="af">á</w>
            <w lemma="hönd" type="nvfo">hendur</w>
            <w lemma="forseti" type="nkeþ">forseta</w>
            <w lemma="Alþingi" type="nhee-s">Alþingis</w>
            <w lemma="og" type="c">og</w>
            <w lemma="formaður" type="nkeþ">formanni</w>
            <w lemma="Samfylkingin" type="nveegs">Samfylkingarinnar</w>
            <c type="pl">.</c>
          </s>
          <s n="2">
            <w lemma="annarri" type="lveevf">Annarri</w>
            <w lemma="umræða" type="nveþ">umræðu</w>
            <w lemma="um" type="af">um</w>
            <w lemma="stjórnarskrárfrumvarp" type="nheog">stjórnarskrárfrumvarpið</w>
            <w lemma="vera" type="sfg3eþ">var</w>
            <w lemma="fram" type="aa">fram</w>
            <w lemma="halda" type="sþghen">haldið</w>
            <w lemma="á" type="af">á</w>
            <w lemma="Alþingi" type="nheþ-s">Alþingi</w>
            <w lemma="í" type="af">í</w>
            <w lemma="morgunn" type="nkeo">morgun</w>
            <w lemma="en" type="c">en</w>
            <w lemma="enginn" type="foven">engin</w>
            <w lemma="sátt" type="nven">sátt</w>
            <w lemma="liggja" type="sfg3en">liggur</w>
            <w lemma="fyrir" type="aa">fyrir</w>
            <w lemma="um" type="af">um</w>
            <w lemma="afgreiðsla" type="nveo">afgreiðslu</w>
            <w lemma="mál" type="nheeg">málsins</w>
            <c type="pl">.</c>
          </s>
          <s n="3">
            <w lemma="Höskuldur" type="nken-s">Höskuldur</w>
            <w lemma="Kári" type="nken-s">Kári</w>
            <w lemma="Schram" type="nken-s">Schram</w>
            <w lemma="hafa" type="sfg3en">hefur</w>
            <w lemma="fylgja" type="sþmhen">fylgst</w>
            <w lemma="með" type="af">með</w>
            <w lemma="Alþingi" type="nheþ-s">Alþingi</w>
            <w lemma="í" type="af">í</w>
            <w lemma="morgunn" type="nkeo">morgun</w>
            <c type="pl">.</c>
          </s>
        </p>
        <p n="2">
          <s n="1">
            <w lemma="Árni" type="nken-s">Árni</w>
            <w lemma="Páll" type="nken-s">Páll</w>
            <w lemma="Árnason" type="nken-s">Árnason</w>
            <c type="pk">,</c>
            <w lemma="formaður" type="nken">formaður</w>
            <w lemma="Samfylkingin" type="nveegs">Samfylkingarinnar</w>
            <w lemma="hafa" type="sfg3en">hefur</w>
            <w lemma="leggja" type="sþghen">lagt</w>
            <w lemma="til" type="af">til</w>
            <w lemma="að" type="c">að</w>
            <w lemma="heildarendurskoðun" type="nven">heildarendurskoðun</w>
            <w lemma="stjórnarskrá" type="nveeg">stjórnarskrárinnar</w>
            <w lemma="verða" type="svg3en">verði</w>
            <w lemma="fresta" type="sþghen">frestað</w>
            <w lemma="gegn" type="af">gegn</w>
            <w lemma="það" type="fpheþ">því</w>
            <w lemma="að" type="c">að</w>
            <w lemma="Alþingi" type="nhen-s">Alþingi</w>
            <w lemma="afgreiða" type="svg3en">afgreiði</w>
            <w lemma="nokkur" type="fovfo">nokkrar</w>
            <w lemma="breytingartillaga" type="nvfo">breytingartillögur</w>
            <w lemma="á" type="af">á</w>
            <w lemma="þessi" type="faheþ">þessu</w>
            <w lemma="kjörtímabil" type="nheþ">kjörtímabili</w>
            <c type="pl">.</c>
          </s>
          <s n="2">
            <w lemma="annar" type="lveþvf">Annarri</w>
            <w lemma="umræða" type="nveþ">umræðu</w>
            <w lemma="um" type="af">um</w>
            <w lemma="mál" type="nheog">málið</w>
            <w lemma="vera" type="sfg3eþ">var</w>
            <w lemma="fram" type="aa">fram</w>
            <w lemma="halda" type="sþghen">haldið</w>
            <w lemma="á" type="af">á</w>
            <w lemma="Alþingi" type="nheþ-s">Alþingi</w>
            <w lemma="í" type="af">í</w>
            <w lemma="morgunn" type="nkeo">morgun</w>
            <c type="pl">.</c>
          </s>
          <s n="3">
            <w lemma="hver" type="foken">Hver</w>
            <w lemma="flokkur" type="nken">flokkur</w>
            <w lemma="fá" type="sfg3en">fær</w>
            <w lemma="hálftími" type="nkeo">hálftíma</w>
            <w lemma="en" type="c">en</w>
            <w lemma="fresta" type="sfg3fn">fresta</w>
            <w lemma="á" type="af">á</w>
            <w lemma="umræða" type="nveþg">umræðunni</w>
            <w lemma="síðar" type="aam">síðar</w>
            <w lemma="í" type="af">í</w>
            <w lemma="dagur" type="nkeo">dag</w>
            <c type="pl">.</c>
          </s>
          <s n="4">
            <w lemma="Þór" type="nken-s">Þór</w>
            <w lemma="Saari" type="nken-s">Saari</w>
            <c type="pk">,</c>
            <w lemma="þingmaður" type="nken">þingmaður</w>
            <w lemma="Hreyfingin" type="nveegs">Hreyfingarinnar</w>
            <w lemma="gagnrýna" type="sfg3eþ">gagnrýndi</w>
            <w lemma="Samfylkingin" type="nveogs">Samfylkinguna</w>
            <w lemma="harðlega" type="aa">harðlega</w>
            <w lemma="áður" type="aa">áður</w>
            <w lemma="en" type="c">en</w>
            <w lemma="umræða" type="nveng">umræðan</w>
            <w lemma="hefja" type="sfm3eþ">hófst</w>
            <w lemma="í" type="af">í</w>
            <w lemma="morgunn" type="nkeo">morgun</w>
            <c type="pl">.</c>
          </s>
        </p>
        <p n="3">
          <s n="1">
            <w lemma="Þór" type="nken-s">Þór</w>
            <w lemma="saari" type="nken">Saari</w>
            <c type="pk">,</c>
            <w lemma="þingmaður" type="nken">þingmaður</w>
            <w lemma="Hreyfingin" type="nveegs">Hreyfingarinnar</w>
            <c type="pa">:</c>
            <w lemma="hér" type="aa">Hér</w>
            <w lemma="vera" type="sfg3en">er</w>
            <w lemma="mjög" type="aa">mjög</w>
            <w lemma="lítill" type="lkensf">lítill</w>
            <w lemma="minnihluti" type="nken">minnihluti</w>
            <w lemma="þingmaður" type="nkfe">þingmanna</w>
            <w lemma="að" type="cn">að</w>
            <w lemma="taka" type="sng">taka</w>
            <w lemma="sig" type="fpkeþ">sér</w>
            <w lemma="alræðisvald" type="nheo">alræðisvald</w>
            <w lemma="með" type="af">með</w>
            <w lemma="það" type="fpheþ">því</w>
            <w lemma="að" type="cn">að</w>
            <w lemma="taka" type="sng">taka</w>
            <w lemma="þessi" type="faheo">þetta</w>
            <w lemma="mál" type="nheo">mál</w>
            <w lemma="á" type="af">á</w>
            <w lemma="dagskrá" type="nveþ">dagskrá</w>
            <w lemma="og" type="c">og</w>
            <w lemma="ganga" type="sng">ganga</w>
            <w lemma="gegn" type="af">gegn</w>
            <w lemma="vilji" type="nkeþ">vilja</w>
            <w lemma="þjóð" type="nveeg">þjóðarinnar</w>
            <c type="pl">.</c>
          </s>
          <s n="2">
            <w lemma="í" type="af">Í</w>
            <w lemma="lýðræðisríki" type="nheþ">lýðræðisríki</w>
            <w lemma="koma" type="sfg3en">kemur</w>
            <w lemma="allur" type="fohen">allt</w>
            <w lemma="vald" type="nhen">vald</w>
            <w lemma="frá" type="af">frá</w>
            <w lemma="þjóð" type="nveþg">þjóðinni</w>
            <c type="pk">,</c>
            <w lemma="í" type="af">í</w>
            <w lemma="ríki" type="nhfþ">ríkjum</w>
            <w lemma="sem" type="ct">sem</w>
            <w lemma="vera" type="sfg3fn">eru</w>
            <w lemma="ekki" type="aa">ekki</w>
            <w lemma="lýðræðisríki" type="nhen">lýðræðisríki</w>
            <w lemma="koma" type="sfg3en">kemur</w>
            <w lemma="vald" type="nheng">valdið</w>
            <w lemma="frá" type="af">frá</w>
            <w lemma="fámennur" type="lvfþsf">fámennum</w>
            <w lemma="klíka" type="nvfþ">klíkum</w>
            <c type="pl">.</c>
          </s>
          <s n="3">
            <w lemma="ég" type="fp1en">Ég</w>
            <w lemma="lýsa" type="sfg1en">lýsi</w>
            <w lemma="fullur" type="lveþsf">fullri</w>
            <w lemma="ábyrgð" type="nveþ">ábyrgð</w>
            <w lemma="á" type="af">á</w>
            <w lemma="hönd" type="nvfo">hendur</w>
            <w lemma="forseti" type="nkeþ">forseta</w>
            <w lemma="þing" type="nheeg">þingsins</w>
            <c type="pk">,</c>
            <w lemma="formaður" type="nkee">formanns</w>
            <w lemma="Samfylkingin" type="nveegs">Samfylkingarinnar</w>
            <w lemma="á" type="af">á</w>
            <w lemma="sá" type="faheþ">því</w>
            <w lemma="ástand" type="nheþ">ástandi</w>
            <w lemma="sem" type="ct">sem</w>
            <w lemma="að" type="c">að</w>
            <w lemma="hugsanlega" type="aa">hugsanlega</w>
            <w lemma="geta" type="sfg3en">getur</w>
            <w lemma="skapa" type="sþmhen">skapast</w>
            <w lemma="hér" type="aa">hér</w>
            <w lemma="á" type="af">á</w>
            <w lemma="Ísland" type="nheþ-s">Íslandi</w>
            <w lemma="þegar" type="c">þegar</w>
            <w lemma="að" type="c">að</w>
            <w lemma="lítill" type="lvensf">lítil</w>
            <w lemma="klíka" type="nven">klíka</w>
            <w lemma="maður" type="nkfe">manna</w>
            <w lemma="á" type="af">á</w>
            <w lemma="Alþingi" type="nheþ-s">Alþingi</w>
            <w lemma="Íslendingur" type="nkfe-s">Íslendinga</w>
            <w lemma="ganga" type="sfg3en">gengur</w>
            <w lemma="fram" type="aa">fram</w>
            <w lemma="með" type="af">með</w>
            <w lemma="þessi" type="fakeþ">þessum</w>
            <w lemma="háttur" type="nkeþ">hætti</w>
            <w lemma="og" type="c">og</w>
            <w lemma="ganga" type="sfg3en">gengur</w>
            <w lemma="þvert" type="aa">þvert</w>
            <w lemma="gegn" type="af">gegn</w>
            <w lemma="vilji" type="nkeþ">vilja</w>
            <w lemma="þjóð" type="nveeg">þjóðarinnar</w>
            <c type="pl">.</c>
          </s>
        </p>
        <p n="4">
          <s n="1">
            <w lemma="Valgerður" type="nven-s">Valgerður</w>
            <w lemma="Bjarnadóttir" type="nven-s">Bjarnadóttir</w>
            <c type="pk">,</c>
            <w lemma="formaður" type="nken">formaður</w>
            <w lemma="stjórnskipunar-" type="kt">stjórnskipunar-</w>
            <w lemma="og" type="c">og</w>
            <w lemma="eftirlitsnefnd" type="nvee">eftirlitsnefndar</w>
            <w lemma="Alþingi" type="nhee-s">Alþingis</w>
            <w lemma="mæla" type="sfg3eþ">mælti</w>
            <w lemma="fyrir" type="af">fyrir</w>
            <w lemma="breytingartillaga" type="nvfþ">breytingartillögum</w>
            <w lemma="nefnd" type="nveeg">nefndarinnar</w>
            <w lemma="og" type="c">og</w>
            <w lemma="leggja" type="sfg3eþ">lagði</w>
            <w lemma="í" type="af">í</w>
            <w lemma="mál" type="nheþ">máli</w>
            <w lemma="sinn" type="feheþ">sínu</w>
            <w lemma="mikill" type="lveosf">mikla</w>
            <w lemma="áhersla" type="nveo">áherslu</w>
            <w lemma="á" type="af">á</w>
            <w lemma="mikilvægi" type="nheo">mikilvægi</w>
            <w lemma="mannréttindakafli" type="nkeeg">mannréttindakaflans</w>
            <c type="pl">.</c>
          </s>
          <s n="2">
            <w lemma="hún" type="fpven">Hún</w>
            <w lemma="segja" type="sfg3eþ">sagði</w>
            <w lemma="að" type="c">að</w>
            <w lemma="nefnd" type="nveng">nefndin</w>
            <w lemma="hafa" type="svg3en">hafi</w>
            <w lemma="bregða" type="sþmhen">brugðist</w>
            <w lemma="við" type="af">við</w>
            <w lemma="gagnrýni" type="nveþ">gagnrýni</w>
            <w lemma="og" type="c">og</w>
            <w lemma="reyna" type="sþghen">reynt</w>
            <w lemma="að" type="cn">að</w>
            <w lemma="miðla" type="sng">miðla</w>
            <w lemma="mál" type="nhfþ">málum</w>
            <c type="pl">.</c>
          </s>
          <s n="3">
            <w lemma="hún" type="fpven">Hún</w>
            <w lemma="vísa" type="sfg3eþ">vísaði</w>
            <w lemma="ennfremur" type="aa">ennfremur</w>
            <w lemma="í" type="af">í</w>
            <w lemma="niðurstaða" type="nvfo">niðurstöður</w>
            <w lemma="þjóðaratkvæðagreiðsla" type="nveeg">þjóðaratkvæðagreiðslunnar</w>
            <w lemma="um" type="af">um</w>
            <w lemma="stjórnarskrá" type="nveog">stjórnarskrána</w>
            <c type="pl">.</c>
          </s>
        </p>
        <p n="5">
          <s n="1">
            <w lemma="Valgerður" type="nven-s">Valgerður</w>
            <w lemma="Bjarnadóttir" type="nven-s">Bjarnadóttir</w>
            <c type="pk">,</c>
            <w lemma="formaður" type="nken">formaður</w>
            <w lemma="stjórnskipunar-" type="kt">stjórnskipunar-</w>
            <w lemma="og" type="c">og</w>
            <w lemma="eftirlitsnefnd" type="nvee">eftirlitsnefndar</w>
            <w lemma="Alþingi" type="nhee-s">Alþingis</w>
            <c type="pa">:</c>
            <w lemma="Sextíu" type="nven-s">Sextíu</w>
            <w lemma="og" type="c">og</w>
            <w lemma="sjö" type="tfhfn">sjö</w>
            <w lemma="prósent" type="nhfn">prósent</w>
            <w lemma="vilja" type="sfg3fþ">vildu</w>
            <w lemma="byggja" type="sng">byggja</w>
            <w lemma="á" type="af">á</w>
            <w lemma="þessi" type="favfþ">þessum</w>
            <w lemma="tillaga" type="nvfþ">tillögum</w>
            <w lemma="sem" type="ct">sem</w>
            <w lemma="að" type="af">að</w>
            <w lemma="heiðarlegur" type="lhensf">heiðarlegt</w>
            <w lemma="fólk" type="nhen">fólk</w>
            <w lemma="í" type="af">í</w>
            <w lemma="þessi" type="faheþ">þessu</w>
            <w lemma="heiðarlegur" type="lheþvf">heiðarlega</w>
            <w lemma="land" type="nheþ">landi</w>
            <w lemma="eða" type="c">eða</w>
            <w lemma="að" type="af">að</w>
            <w lemma="lítill" type="lkeþve">minnsta</w>
            <w lemma="kostur" type="nkeþ">kosti</w>
            <w lemma="hlutur" type="nkfo">hluti</w>
            <c type="pk">,</c>
            <w lemma="hluti" type="nkeo">hluta</w>
            <w lemma="land" type="nheeg">landsins</w>
            <w lemma="vera" type="sfg3en">er</w>
            <w lemma="heiðarlegur" type="lhensf">heiðarlegt</w>
            <c type="pk">,</c>
            <w lemma="hafa" type="sfg3en">hefur</w>
            <w lemma="vinna" type="sþghen">unnið</w>
            <w lemma="að" type="aa">að</w>
            <w lemma="og" type="c">og</w>
            <w lemma="ég" type="fp1en">ég</w>
            <w lemma="spyrja" type="sfg1en">spyr</w>
            <w lemma="hver" type="fshen">hvað</w>
            <w lemma="vera" type="sfg3en">er</w>
            <w lemma="ég" type="fp1fþ">okkur</w>
            <w lemma="að" type="af">að</w>
            <w lemma="vanbúnaður" type="nkeþ">vanbúnaði</w>
            <c type="pl">?</c>
          </s>
          <s n="2">
            <w lemma="að" type="cn">Að</w>
            <w lemma="taka" type="sng">taka</w>
            <w lemma="að" type="af">að</w>
            <w lemma="lítill" type="lkeþve">minnsta</w>
            <w lemma="kostur" type="nkeþ">kosti</w>
            <w lemma="inn" type="af">inn</w>
            <w lemma="mannréttindakafli" type="nkeog">mannréttindakaflann</w>
            <c type="pl">.</c>
          </s>
        </p>
        <p n="6">
          <s n="1">
            <w lemma="samkvæmt" type="af">Samkvæmt</w>
            <w lemma="heimild" type="nvfþ">heimildum</w>
            <w lemma="fréttastofa" type="nvee">fréttastofu</w>
            <w lemma="munu" type="sfg3fn">munu</w>
            <w lemma="formaður" type="nkfn">formenn</w>
            <w lemma="stjórnarflokkur" type="nkfeg">stjórnarflokkanna</w>
            <w lemma="leggja" type="sng">leggja</w>
            <w lemma="fram" type="aa">fram</w>
            <w lemma="breytingartillaga" type="nvfo">breytingartillögur</w>
            <w lemma="við" type="af">við</w>
            <w lemma="stjórnarskrárfrumvarp" type="nheog">stjórnarskrárfrumvarpið</w>
            <w lemma="í" type="af">í</w>
            <w lemma="dagur" type="nkeo">dag</w>
            <c type="pl">.</c>
          </s>
          <s n="2">
            <w lemma="einnig" type="aa">Einnig</w>
            <w lemma="verða" type="sfg3en">verður</w>
            <w lemma="leggja" type="sþgven">lögð</w>
            <w lemma="fram" type="aa">fram</w>
            <w lemma="þingsályktunartillaga" type="nven">þingsályktunartillaga</w>
            <w lemma="sem" type="ct">sem</w>
            <w lemma="fela" type="sfg3en">felur</w>
            <w lemma="í" type="af">í</w>
            <w lemma="sig" type="fpveþ">sér</w>
            <w lemma="að" type="c">að</w>
            <w lemma="mál" type="nheþg">málinu</w>
            <w lemma="verða" type="svg3en">verði</w>
            <w lemma="fram" type="aa">fram</w>
            <w lemma="halda" type="sþghen">haldið</w>
            <w lemma="á" type="af">á</w>
            <w lemma="næstur" type="lheþve">næsta</w>
            <w lemma="kjörtímabil" type="nheþ">kjörtímabili</w>
            <c type="pl">.</c>
          </s>
        </p>
        <p n="7">
          <s n="1">
            <w lemma="og" type="c">Og</w>
            <w lemma="við" type="af">við</w>
            <w lemma="þessi" type="faheo">þetta</w>
            <w lemma="vera" type="sfg3en">er</w>
            <w lemma="að" type="cn">að</w>
            <w lemma="bæta" type="sng">bæta</w>
            <w lemma="að" type="c">að</w>
            <w lemma="framsóknarmaður" type="nkfn">framsóknarmenn</w>
            <w lemma="hafa" type="sfg3fn">hafa</w>
            <w lemma="leggja" type="sþghen">lagt</w>
            <w lemma="fram" type="aa">fram</w>
            <w lemma="málamiðlunartillaga" type="nveo">málamiðlunartillögu</w>
            <w lemma="um" type="af">um</w>
            <w lemma="að" type="c">að</w>
            <w lemma="auðlindarákvæði" type="nhfn">auðlindarákvæði</w>
            <w lemma="verða" type="svg3en">verði</w>
            <w lemma="bæta" type="sþghen">bætt</w>
            <w lemma="við" type="aa">við</w>
            <w lemma="núgildandi" type="lveoof">núgildandi</w>
            <w lemma="stjórnarskrá" type="nveo">stjórnarskrá</w>
            <w lemma="og" type="c">og</w>
            <w lemma="að" type="c">að</w>
            <w lemma="heildarendurskoðun" type="nven">heildarendurskoðun</w>
            <w lemma="verða" type="svg3en">verði</w>
            <w lemma="fresta" type="sþghen">frestað</w>
            <c type="pl">.</c>
          </s>
          <s n="2">
            <w lemma="þessi" type="fahen">Þetta</w>
            <w lemma="koma" type="sfg3en">kemur</w>
            <w lemma="fram" type="aa">fram</w>
            <w lemma="í" type="af">í</w>
            <w lemma="yfirlýsing" type="nveþ">yfirlýsingu</w>
            <w lemma="sem" type="ct">sem</w>
            <w lemma="þingflokkur" type="nken">þingflokkur</w>
            <w lemma="framsóknarmaður" type="nkfe">framsóknarmanna</w>
            <w lemma="senda" type="sfg3eþ">sendi</w>
            <w lemma="frá" type="af">frá</w>
            <w lemma="sig" type="fpveþ">sér</w>
            <w lemma="nú" type="aa">nú</w>
            <w lemma="rétt" type="aa">rétt</w>
            <w lemma="fyrir" type="af">fyrir</w>
            <w lemma="frétt" type="nvfo">fréttir</w>
            <c type="pl">.</c>
          </s>
          <s n="3">
            <w lemma="Framsóknarmaður" type="nkfn-s">Framsóknarmenn</w>
            <w lemma="leggja" type="sfg3fn">leggja</w>
            <w lemma="ennfremur" type="aa">ennfremur</w>
            <w lemma="til" type="af">til</w>
            <w lemma="að" type="c">að</w>
            <w lemma="formaður" type="nkfn">formenn</w>
            <w lemma="allur" type="fokfe">allra</w>
            <w lemma="flokkur" type="nkfe">flokka</w>
            <w lemma="á" type="af">á</w>
            <w lemma="Alþingi" type="nheþ-s">Alþingi</w>
            <w lemma="gefa" type="svg3fn">gefi</w>
            <w lemma="út" type="aa">út</w>
            <w lemma="sameiginlegur" type="lveosf">sameiginlega</w>
            <w lemma="yfirlýsing" type="nveo">yfirlýsingu</w>
            <w lemma="sem" type="ct">sem</w>
            <w lemma="kveða" type="svg3en">kveði</w>
            <w lemma="á" type="aa">á</w>
            <w lemma="um" type="af">um</w>
            <w lemma="framhald" type="nheo">framhald</w>
            <w lemma="vinna" type="nveo">vinnu</w>
            <w lemma="við" type="af">við</w>
            <w lemma="endurskoðun" type="nveo">endurskoðun</w>
            <w lemma="stjórnarskrá" type="nveeg">stjórnarskrárinnar</w>
            <w lemma="á" type="af">á</w>
            <w lemma="næstur" type="lheþve">næsta</w>
            <w lemma="kjörtímabil" type="nheþ">kjörtímabili</w>
            <c type="pl">.</c>
          </s>
        </p>
      </div1>
    </body>
  </text>
</TEI>
