<?xml version="1.0" encoding="utf-8"?>
<TEI xmlns="http://www.tei-c.org/ns/1.0">
  <teiHeader>
    <fileDesc>
      <titleStmt>
        <title>
          <title type="main">Hagnaður bankanna meiri en landsframleiðsla Íslands</title>
        </title>
        <respStmt>
          <resp xml:lang="is">Söfnun og úrvinnsla texta</resp>
          <resp xml:lang="en">Collection and processing of text</resp>
          <name xml:lang="is">Stofnun Árna Magnússonar í íslenskum fræðum</name>
          <name xml:lang="en">The Arni Magnusson Institute for Icelandic Studies</name>
        </respStmt>
      </titleStmt>
      <editionStmt>
        <p xml:lang="is">Íslensk risamálheild (2019)</p>
        <p xml:lang="en">Tagged Icelandic Gigaword Corpus (2019)</p>
      </editionStmt>
      <publicationStmt>
        <distributor xml:lang="is">Stofnun Árna Magnússonar í íslenskum fræðum</distributor>
        <distributor xml:lang="en">The Arni Magnusson Institute for Icelandic Studies</distributor>
        <address>
          <addrLine xml:lang="is">Árnagarður við Suðurgötu, 107 Reykjavík, Íslandi</addrLine>
          <addrLine xml:lang="en">Árnagarður Suðurgata, 107 Reykjavik, Iceland</addrLine>
          <addrLine>
            <email>arnastofnun@arnastofnun.is</email>
          </addrLine>
        </address>
        <idno type="risam">G-25-2545881</idno>
        <availability>
          <p xml:lang="is">Þessi texti er til notkunar í málrannsóknum og máltækniverkefnum um allan heim með sérstöku leyfi, sjá rmh2Hdr.xml</p>
          <p xml:lang="en">This text is available for use in language research and language technology projects world wide with a special license, see rmh2Hdr.xml</p>
        </availability>
        <date>2020-05-26</date>
      </publicationStmt>
      <sourceDesc>
        <biblStruct>
          <analytic>
            <title>
              <title type="main">Hagnaður bankanna meiri en landsframleiðsla Íslands</title>
            </title>
            <date when="2013-03-01T12:00:00">01.03 2013 kl. 12:00:00</date>
          </analytic>
          <monogr>
            <title>Bylgjan</title>
            <imprint>
              <publisher>365 miðlar hf.</publisher>
              <pubPlace>Reykjavík</pubPlace>
            </imprint>
          </monogr>
        </biblStruct>
      </sourceDesc>
    </fileDesc>
    <encodingDesc>
      <projectDesc>
        <p xml:lang="is">Sjá lýsingu á verkefninu í rmh2Hdr.xml.</p>
        <p xml:lang="en">See description of project in rmh2Hdr.xml.</p>
      </projectDesc>
      <tagsDecl>
        <namespace name="http://www.tei-c.org/ns/1.0">
          <tagUsage gi="text" occurs="1"/>
          <tagUsage gi="body" occurs="1"/>
          <tagUsage gi="div1" occurs="1"/>
          <tagUsage gi="p" occurs="2"/>
          <tagUsage gi="s" occurs="10"/>
          <tagUsage gi="w" occurs="217"/>
          <tagUsage gi="c" occurs="17"/>
        </namespace>
      </tagsDecl>
    </encodingDesc>
    <profileDesc>
     <textClass>
      <keywords scheme="#RMH">
       <list>
        <item>Frétt – almennt</item>
       </list>
      </keywords>
     </textClass>
    </profileDesc>
  </teiHeader>
  <text>
    <body>
      <div1>
        <p n="1">
          <s n="1">
            <w lemma="Íslandsbanki" type="nken-s">Íslandsbanki</w>
            <w lemma="og" type="c">og</w>
            <w lemma="Arion" type="nken-s">Arion</w>
            <w lemma="banki" type="nken">banki</w>
            <w lemma="hagna" type="sfm3fþ">högnuðust</w>
            <w lemma="um" type="af">um</w>
            <w lemma="ríflega" type="aa">ríflega</w>
            <w lemma="40" type="ta">40</w>
            <w lemma="milljarður" type="nkfo">milljarða</w>
            <w lemma="króna" type="nvfe">króna</w>
            <w lemma="í" type="af">í</w>
            <w lemma="fyrri" type="lheovm">fyrra</w>
            <w lemma="en" type="c">en</w>
            <w lemma="heildareignur" type="nkfn">heildareignir</w>
            <w lemma="banki" type="nkfeg">bankanna</w>
            <w lemma="tveir" type="tfkfe">tveggja</w>
            <w lemma="nema" type="c">nema</w>
            <w lemma="ríflega" type="aa">ríflega</w>
            <w lemma="1.700" type="ta">1.700</w>
            <w lemma="milljarður" type="nkfþ">milljörðum</w>
            <w lemma="sem" type="ct">sem</w>
            <w lemma="vera" type="sfg3en">er</w>
            <w lemma="mikill" type="lhenvm">meira</w>
            <w lemma="en" type="c">en</w>
            <w lemma="árlegur" type="lvensf">árleg</w>
            <w lemma="framleiðsla" type="nven">framleiðsla</w>
            <w lemma="íslenskur" type="lheevf">íslenska</w>
            <w lemma="hagkerfi" type="nheeg">hagkerfisins</w>
            <c type="pl">.</c>
          </s>
        </p>
        <p n="2">
          <s n="1">
            <w lemma="árlegur" type="lvensf">Árleg</w>
            <w lemma="landsframleiðsla" type="nven">landsframleiðsla</w>
            <w lemma="Ísland" type="nhee-s">Íslands</w>
            <w lemma="nema" type="sfg3en">nemur</w>
            <w lemma="ríflega" type="aa">ríflega</w>
            <w lemma="1.600" type="ta">1.600</w>
            <w lemma="milljarður" type="nkfþ">milljörðum</w>
            <w lemma="króna" type="nvfe">króna</w>
            <w lemma="en" type="c">en</w>
            <w lemma="samanlagður" type="lkensf">samanlagður</w>
            <w lemma="efnahagur" type="nken">efnahagur</w>
            <w lemma="Íslandsbanki" type="nkee-s">Íslandsbanka</w>
            <w lemma="og" type="c">og</w>
            <w lemma="Arion" type="nkee-s">Arion</w>
            <w lemma="banki" type="nkee">banka</w>
            <w lemma="vera" type="sfg3en">er</w>
            <w lemma="svipaður" type="lkensf">svipaður</w>
            <w lemma="að" type="af">að</w>
            <w lemma="stærð" type="nveþ">stærð</w>
            <c type="pk">,</c>
            <w lemma="eða" type="c">eða</w>
            <w lemma="sem" type="ct">sem</w>
            <w lemma="nema" type="sfg3en">nemur</w>
            <w lemma="1.700" type="ta">1.700</w>
            <w lemma="milljarður" type="nkfþ">milljörðum</w>
            <c type="pl">.</c>
          </s>
          <s n="2">
            <w lemma="banki" type="nkfng">Bankarnir</w>
            <w lemma="birta" type="sfg3fþ">birtu</w>
            <w lemma="í" type="aa">í</w>
            <w lemma="gær" type="aa">gær</w>
            <w lemma="uppgjör" type="nhfo">uppgjör</w>
            <w lemma="sinn" type="fehfo">sín</w>
            <w lemma="fyrir" type="af">fyrir</w>
            <w lemma="ár" type="nheog">árið</w>
            <w lemma="í" type="af">í</w>
            <w lemma="fyrri" type="lheovm">fyrra</w>
            <w lemma="og" type="c">og</w>
            <w lemma="nema" type="sfg3en">nemur</w>
            <w lemma="samanlagður" type="lkensf">samanlagður</w>
            <w lemma="hagnaður" type="nken">hagnaður</w>
            <w lemma="af" type="af">af</w>
            <w lemma="starfsemi" type="nveþ">starfsemi</w>
            <w lemma="hann" type="fpkfe">þeirra</w>
            <w lemma="ríflega" type="aa">ríflega</w>
            <w lemma="40" type="ta">40</w>
            <w lemma="milljarður" type="nkfþ">milljörðum</w>
            <c type="pk">,</c>
            <w lemma="ríflega" type="aa">ríflega</w>
            <w lemma="17" type="ta">17</w>
            <w lemma="milljarður" type="nkfþ">milljörðum</w>
            <w lemma="hjá" type="af">hjá</w>
            <w lemma="Arion" type="nkeþ-s">Arion</w>
            <w lemma="banki" type="nkeþ">banka</w>
            <w lemma="og" type="c">og</w>
            <w lemma="23,4" type="ta">23,4</w>
            <w lemma="milljarður" type="nkfþ">milljörðum</w>
            <w lemma="Íslandsbanki" type="nkee-s">Íslandsbanka</w>
            <c type="pl">.</c>
          </s>
          <s n="3">
            <w lemma="heildareign" type="nvfn">Heildareignir</w>
            <w lemma="Íslandsbanki" type="nkee-s">Íslandsbanka</w>
            <w lemma="nema" type="sfg3fþ">námu</w>
            <w lemma="823" type="ta">823</w>
            <w lemma="milljarður" type="nkfþ">milljörðum</w>
            <w lemma="í" type="af">í</w>
            <w lemma="árslok" type="nhfo">árslok</w>
            <w lemma="og" type="c">og</w>
            <w lemma="hjá" type="af">hjá</w>
            <w lemma="Arion" type="nkeþ-s">Arion</w>
            <w lemma="banki" type="nkeþ">banka</w>
            <w lemma="nema" type="c">nema</w>
            <w lemma="hún" type="fpvfn">þær</w>
            <w lemma="ríflega" type="aa">ríflega</w>
            <w lemma="900" type="ta">900</w>
            <w lemma="milljarður" type="nkfþ">milljörðum</w>
            <c type="pl">.</c>
          </s>
          <s n="4">
            <w lemma="Íslandsbanki" type="nken-s">Íslandsbanki</w>
            <w lemma="vera" type="sfg3en">er</w>
            <w lemma="að" type="af">að</w>
            <w lemma="5%" type="tp">5%</w>
            <w lemma="leyti" type="nheþ">leyti</w>
            <w lemma="í" type="af">í</w>
            <w lemma="eiga" type="nveþ">eigu</w>
            <w lemma="ríki" type="nheeg">ríkisins</w>
            <w lemma="en" type="c">en</w>
            <w lemma="kröfuhafi" type="nkfn">kröfuhafar</w>
            <w lemma="Glitnir" type="nkee-s">Glitnis</w>
            <w lemma="eiga" type="sfg3fn">eiga</w>
            <w lemma="95%" type="tp">95%</w>
            <w lemma="hlutur" type="nkeo">hlut</w>
            <c type="pl">.</c>
          </s>
          <s n="5">
            <w lemma="Ríki" type="nhengs">Ríkið</w>
            <w lemma="á" type="af">á</w>
            <w lemma="13%" type="tp">13%</w>
            <w lemma="hlutur" type="nkeo">hlut</w>
            <w lemma="í" type="af">í</w>
            <w lemma="Arion" type="nkeþ-s">Arion</w>
            <w lemma="banki" type="nkeþ">banka</w>
            <w lemma="en" type="c">en</w>
            <w lemma="kröfuhafi" type="nkfn">kröfuhafar</w>
            <w lemma="Kaupþing" type="nhee-s">Kaupþings</w>
            <w lemma="87%" type="tp">87%</w>
            <c type="pl">.</c>
          </s>
          <s n="6">
            <w lemma="eigin" type="lhensf">Eigið</w>
            <w lemma="fé" type="nhen">fé</w>
            <w lemma="Arion" type="nkee-s">Arion</w>
            <w lemma="banki" type="nkee">banka</w>
            <w lemma="nema" type="sfg3en">nemur</w>
            <w lemma="nú" type="aa">nú</w>
            <w lemma="um" type="aa">um</w>
            <w lemma="130" type="ta">130</w>
            <w lemma="milljarður" type="nkfþ">milljörðum</w>
            <w lemma="króna" type="nvfe">króna</w>
            <w lemma="og" type="c">og</w>
            <w lemma="hjá" type="af">hjá</w>
            <w lemma="Íslandsbanki" type="nkeþ-s">Íslandsbanka</w>
            <w lemma="nema" type="sfg3en">nemur</w>
            <w lemma="það" type="fphen">það</w>
            <w lemma="148" type="ta">148</w>
            <w lemma="milljarður" type="nkfþ">milljörðum</w>
            <w lemma="króna" type="nvfe">króna</w>
            <c type="pl">.</c>
          </s>
          <s n="7">
            <w lemma="bankastjóri" type="nkfn">Bankastjórar</w>
            <w lemma="báðir" type="fokfe">beggja</w>
            <w lemma="banki" type="nkfe">banka</w>
            <c type="pk">,</c>
            <w lemma="Birna" type="nven-s">Birna</w>
            <w lemma="Einarsdóttir" type="nven-s">Einarsdóttir</w>
            <c type="pk">,</c>
            <w lemma="hjá" type="af">hjá</w>
            <w lemma="Íslandsbanki" type="nkeþ-s">Íslandsbanka</w>
            <c type="pk">,</c>
            <w lemma="og" type="c">og</w>
            <w lemma="Höskuldur" type="nken-s">Höskuldur</w>
            <w lemma="Ólafsson" type="nken-s">Ólafsson</w>
            <c type="pk">,</c>
            <w lemma="hjá" type="af">hjá</w>
            <w lemma="Arion" type="nkeþ-s">Arion</w>
            <w lemma="banki" type="nkeþ">banka</w>
            <c type="pk">,</c>
            <w lemma="hafa" type="sfg3fn">hafa</w>
            <w lemma="segja" type="sþghen">sagt</w>
            <w lemma="uppgjör" type="nheo">uppgjör</w>
            <w lemma="banki" type="nkfeg">bankanna</w>
            <w lemma="vel" type="aa">vel</w>
            <w lemma="viðunandi" type="lkfoof">viðunandi</w>
            <w lemma="en" type="c">en</w>
            <w lemma="efnahagsreikningur" type="nken">efnahagsreikningur</w>
            <w lemma="banki" type="nkfeg">bankanna</w>
            <w lemma="báðir" type="fokfe">beggja</w>
            <w lemma="hafa" type="sfg3en">hefur</w>
            <w lemma="skýra" type="sþmhen">skýrst</w>
            <w lemma="nokkur" type="fohen">nokkuð</w>
            <w lemma="undanfarinn" type="lhfosf">undanfarin</w>
            <w lemma="misseri" type="nhfo">misseri</w>
            <w lemma="þegar" type="c">þegar</w>
            <w lemma="koma" type="sfg3en">kemur</w>
            <w lemma="að" type="af">að</w>
            <w lemma="gengistryggður" type="lhfþsf">gengistryggðum</w>
            <w lemma="lán" type="nhfþ">lánum</w>
            <c type="pl">.</c>
          </s>
          <s n="8">
            <w lemma="allur" type="fokeþ">Öllum</w>
            <w lemma="endurútreikningur" type="nkeþ">endurútreikningi</w>
            <w lemma="lán" type="nhfe">lána</w>
            <w lemma="vegna" type="af">vegna</w>
            <w lemma="dómur" type="nkfe">dóma</w>
            <w lemma="sem" type="ct">sem</w>
            <w lemma="hafa" type="sfg3fn">hafa</w>
            <w lemma="falla" type="sþghen">fallið</w>
            <w lemma="vera" type="sfg3en">er</w>
            <w lemma="þó" type="aa">þó</w>
            <w lemma="ekki" type="aa">ekki</w>
            <w lemma="ljúka" type="sþghen">lokið</w>
            <w lemma="en" type="c">en</w>
            <w lemma="enn" type="aa">enn</w>
            <w lemma="vera" type="sfg3en">er</w>
            <w lemma="óverulegur" type="lkensf">óverulegur</w>
            <w lemma="hluti" type="nken">hluti</w>
            <w lemma="lán" type="nhfe">lána</w>
            <w lemma="eftir" type="aa">eftir</w>
            <w lemma="þegar" type="c">þegar</w>
            <w lemma="horfa" type="sþghen">horft</w>
            <w lemma="vera" type="sfg3en">er</w>
            <w lemma="til" type="af">til</w>
            <w lemma="áhrif" type="nhfe">áhrifa</w>
            <w lemma="á" type="af">á</w>
            <w lemma="efnahagur" type="nkeþ">efnahag</w>
            <w lemma="banki" type="nkfeg">bankanna</w>
            <c type="pl">.</c>
          </s>
          <s n="9">
            <w lemma="búa" type="sþmhen">Búist</w>
            <w lemma="vera" type="sfg3en">er</w>
            <w lemma="við" type="af">við</w>
            <w lemma="því" type="aa">því</w>
            <w lemma="að" type="c">að</w>
            <w lemma="Landsbanki" type="nkengs">Landsbankinn</w>
            <w lemma="birta" type="sfg3eþ">birti</w>
            <w lemma="uppgjör" type="nheo">uppgjör</w>
            <w lemma="sinn" type="feheo">sitt</w>
            <w lemma="fyrir" type="af">fyrir</w>
            <w lemma="ár" type="nheog">árið</w>
            <w lemma="í" type="af">í</w>
            <w lemma="fyrri" type="lheovm">fyrra</w>
            <w lemma="á" type="af">á</w>
            <w lemma="næstur" type="lhfþve">næstu</w>
            <w lemma="misseri" type="nhfþ">misserum</w>
            <c type="pl">.</c>
          </s>
        </p>
      </div1>
    </body>
  </text>
</TEI>
