<?xml version="1.0" encoding="utf-8"?>
<TEI xmlns="http://www.tei-c.org/ns/1.0">
  <teiHeader>
    <fileDesc>
      <titleStmt>
        <title>
          <title type="main">Erill hjá lögreglunni í nótt</title>
        </title>
        <respStmt>
          <resp xml:lang="is">Söfnun og úrvinnsla texta</resp>
          <resp xml:lang="en">Collection and processing of text</resp>
          <name xml:lang="is">Stofnun Árna Magnússonar í íslenskum fræðum</name>
          <name xml:lang="en">The Arni Magnusson Institute for Icelandic Studies</name>
        </respStmt>
      </titleStmt>
      <editionStmt>
        <p xml:lang="is">Íslensk risamálheild (2019)</p>
        <p xml:lang="en">Tagged Icelandic Gigaword Corpus (2019)</p>
      </editionStmt>
      <publicationStmt>
        <distributor xml:lang="is">Stofnun Árna Magnússonar í íslenskum fræðum</distributor>
        <distributor xml:lang="en">The Arni Magnusson Institute for Icelandic Studies</distributor>
        <address>
          <addrLine xml:lang="is">Árnagarður við Suðurgötu, 107 Reykjavík, Íslandi</addrLine>
          <addrLine xml:lang="en">Árnagarður Suðurgata, 107 Reykjavik, Iceland</addrLine>
          <addrLine>
            <email>arnastofnun@arnastofnun.is</email>
          </addrLine>
        </address>
        <idno type="risam">G-25-2543434</idno>
        <availability>
          <p xml:lang="is">Þessi texti er til notkunar í málrannsóknum og máltækniverkefnum um allan heim með sérstöku leyfi, sjá rmh2Hdr.xml</p>
          <p xml:lang="en">This text is available for use in language research and language technology projects world wide with a special license, see rmh2Hdr.xml</p>
        </availability>
        <date>2020-05-26</date>
      </publicationStmt>
      <sourceDesc>
        <biblStruct>
          <analytic>
            <title>
              <title type="main">Erill hjá lögreglunni í nótt</title>
            </title>
            <date when="2013-03-24T12:00:00">24.03 2013 kl. 12:00:00</date>
          </analytic>
          <monogr>
            <title>Bylgjan</title>
            <imprint>
              <publisher>365 miðlar hf.</publisher>
              <pubPlace>Reykjavík</pubPlace>
            </imprint>
          </monogr>
        </biblStruct>
      </sourceDesc>
    </fileDesc>
    <encodingDesc>
      <projectDesc>
        <p xml:lang="is">Sjá lýsingu á verkefninu í rmh2Hdr.xml.</p>
        <p xml:lang="en">See description of project in rmh2Hdr.xml.</p>
      </projectDesc>
      <tagsDecl>
        <namespace name="http://www.tei-c.org/ns/1.0">
          <tagUsage gi="text" occurs="1"/>
          <tagUsage gi="body" occurs="1"/>
          <tagUsage gi="div1" occurs="1"/>
          <tagUsage gi="p" occurs="1"/>
          <tagUsage gi="s" occurs="11"/>
          <tagUsage gi="w" occurs="146"/>
          <tagUsage gi="c" occurs="12"/>
        </namespace>
      </tagsDecl>
    </encodingDesc>
    <profileDesc>
     <textClass>
      <keywords scheme="#RMH">
       <list>
        <item>Frétt – almennt</item>
       </list>
      </keywords>
     </textClass>
    </profileDesc>
  </teiHeader>
  <text>
    <body>
      <div1>
        <p n="1">
          <s n="1">
            <w lemma="þó" type="aa">Þó</w>
            <w lemma="nokkur" type="foken">nokkur</w>
            <w lemma="erill" type="nken">erill</w>
            <w lemma="vera" type="sfg3eþ">var</w>
            <w lemma="hjá" type="af">hjá</w>
            <w lemma="lögregla" type="nveþg">lögreglunni</w>
            <w lemma="á" type="af">á</w>
            <w lemma="höfuðborgarsvæði" type="nheþg">höfuðborgarsvæðinu</w>
            <w lemma="í" type="af">í</w>
            <w lemma="nótt" type="nveo">nótt</w>
            <c type="pl">.</c>
          </s>
          <s n="2">
            <w lemma="maður" type="nken">Maður</w>
            <w lemma="vera" type="sfg3eþ">var</w>
            <w lemma="handtaka" type="sþgken">handtekinn</w>
            <w lemma="við" type="af">við</w>
            <w lemma="skemmtistaður" type="nkeo">skemmtistað</w>
            <w lemma="í" type="af">í</w>
            <w lemma="Austurborgin" type="nveþgs">Austurborginni</w>
            <w lemma="sökum" type="af">sökum</w>
            <w lemma="mikill" type="lveesf">mikillar</w>
            <w lemma="ölvun" type="nvee">ölvunar</w>
            <w lemma="og" type="c">og</w>
            <w lemma="vera" type="sfg3eþ">var</w>
            <w lemma="hann" type="fpken">hann</w>
            <w lemma="vista" type="sþgken">vistaður</w>
            <w lemma="í" type="af">í</w>
            <w lemma="fangageymsla" type="nveþ">fangageymslu</w>
            <c type="pl">.</c>
          </s>
          <s n="3">
            <w lemma="um" type="aa">Um</w>
            <w lemma="klukka" type="nveng">klukkan</w>
            <w lemma="tveir" type="ta">tvö</w>
            <w lemma="verða" type="sfg3eþ">varð</w>
            <w lemma="umferðaróhapp" type="nhen">umferðaróhapp</w>
            <w lemma="í" type="af">í</w>
            <w lemma="miðborg" type="nveþg">miðborginni</w>
            <w lemma="og" type="c">og</w>
            <w lemma="reyna" type="sfm3eþ">reyndist</w>
            <w lemma="ökumaður" type="nkeng">ökumaðurinn</w>
            <w lemma="ölvaður" type="lkensf">ölvaður</w>
            <c type="pl">.</c>
          </s>
          <s n="4">
            <w lemma="sá" type="faken">Sá</w>
            <w lemma="fá" type="sfg3eþ">fékk</w>
            <w lemma="einnig" type="aa">einnig</w>
            <w lemma="að" type="cn">að</w>
            <w lemma="gista" type="sng">gista</w>
            <w lemma="fangageymsla" type="nveo">fangageymslu</w>
            <c type="pl">.</c>
          </s>
          <s n="5">
            <w lemma="um" type="af">Um</w>
            <w lemma="klukka" type="nveng">klukkan</w>
            <w lemma="Hálfþrjú" type="n----s">hálfþrjú</w>
            <w lemma="vera" type="sfg3eþ">var</w>
            <w lemma="tilkynna" type="sþgven">tilkynnt</w>
            <w lemma="um" type="af">um</w>
            <w lemma="maður" type="nkeo">mann</w>
            <w lemma="sem" type="ct">sem</w>
            <w lemma="vera" type="sfg3eþ">var</w>
            <w lemma="að" type="cn">að</w>
            <w lemma="reyna" type="sng">reyna</w>
            <w lemma="að" type="cn">að</w>
            <w lemma="brjóta" type="sng">brjóta</w>
            <w lemma="rúða" type="nveo">rúðu</w>
            <w lemma="í" type="af">í</w>
            <w lemma="hús" type="nheþ">húsi</w>
            <w lemma="við" type="af">við</w>
            <w lemma="Hverfisgata" type="nveo-s">Hverfisgötu</w>
            <c type="pl">.</c>
          </s>
          <s n="6">
            <w lemma="lögregla" type="nveþ">Lögreglu</w>
            <w lemma="bera" type="sfg3eþ">bar</w>
            <w lemma="að" type="aa">að</w>
            <w lemma="áður" type="aa">áður</w>
            <w lemma="en" type="c">en</w>
            <w lemma="hann" type="fpkeþ">honum</w>
            <w lemma="taka" type="sfm3eþ">tókst</w>
            <w lemma="ætlunarverk" type="nhen">ætlunarverk</w>
            <w lemma="sinn" type="fehen">sitt</w>
            <w lemma="og" type="c">og</w>
            <w lemma="vera" type="sfg3eþ">var</w>
            <w lemma="hann" type="fpken">hann</w>
            <w lemma="setja" type="sþgken">settur</w>
            <w lemma="í" type="af">í</w>
            <w lemma="fangaklefi" type="nkeo">fangaklefa</w>
            <c type="pl">.</c>
          </s>
          <s n="7">
            <w lemma="um" type="af">Um</w>
            <w lemma="klukka" type="nveng">klukkan</w>
            <w lemma="hálffimm" type="ta">hálffimm</w>
            <w lemma="í" type="af">í</w>
            <w lemma="morgunn" type="nkeo">morgun</w>
            <w lemma="vera" type="sfg3eþ">var</w>
            <w lemma="maður" type="nken">maður</w>
            <w lemma="síðan" type="aa">síðan</w>
            <w lemma="handtaka" type="sþgken">handtekinn</w>
            <w lemma="en" type="c">en</w>
            <w lemma="sá" type="faken">sá</w>
            <w lemma="hafa" type="sfg3eþ">hafði</w>
            <w lemma="sitja" type="sþghen">setið</w>
            <w lemma="í" type="af">í</w>
            <w lemma="bifreið" type="nveþ">bifreið</w>
            <w lemma="sem" type="ct">sem</w>
            <w lemma="hann" type="fpken">hann</w>
            <w lemma="eiga" type="sfg3eþ">átti</w>
            <w lemma="ekki" type="aa">ekki</w>
            <c type="pl">.</c>
          </s>
          <s n="8">
            <w lemma="þegar" type="c">Þegar</w>
            <w lemma="eigandi" type="nken">eigandi</w>
            <w lemma="bíll" type="nkeeg">bílsins</w>
            <w lemma="koma" type="sfg3eþ">kom</w>
            <w lemma="að" type="af">að</w>
            <w lemma="maður" type="nkeþg">manninum</w>
            <w lemma="fá" type="sfg3eþ">fékk</w>
            <w lemma="hann" type="fpken">hann</w>
            <w lemma="högg" type="nheo">högg</w>
            <w lemma="í" type="af">í</w>
            <w lemma="andlit" type="nheog">andlitið</w>
            <w lemma="frá" type="af">frá</w>
            <w lemma="hinn" type="gkeþ">hinum</w>
            <w lemma="óboðinn" type="lkfosf">óboðna</w>
            <w lemma="gestur" type="nkeþ">gesti</w>
            <c type="pl">.</c>
          </s>
          <s n="9">
            <w lemma="eigandi" type="nkeng">Eigandinn</w>
            <w lemma="ná" type="sfg3eþ">náði</w>
            <w lemma="þó" type="aa">þó</w>
            <w lemma="að" type="cn">að</w>
            <w lemma="halda" type="sng">halda</w>
            <w lemma="maður" type="nkeþg">manninum</w>
            <w lemma="uns" type="c">uns</w>
            <w lemma="lögregla" type="nven">lögregla</w>
            <w lemma="koma" type="sfg3eþ">kom</w>
            <w lemma="á" type="af">á</w>
            <w lemma="vettvangur" type="nkeo">vettvang</w>
            <w lemma="og" type="c">og</w>
            <w lemma="handtaka" type="sfg3eþ">handtók</w>
            <w lemma="hann" type="fpkeo">hann</w>
            <c type="pl">.</c>
          </s>
          <s n="10">
            <w lemma="almennt" type="aa">Almennt</w>
            <w lemma="vera" type="sfg3eþ">var</w>
            <w lemma="nokkur" type="fohen">nokkuð</w>
            <w lemma="um" type="af">um</w>
            <w lemma="ölvunarakstur" type="nkeo">ölvunarakstur</w>
            <w lemma="í" type="af">í</w>
            <w lemma="nótt" type="nveo">nótt</w>
            <w lemma="og" type="c">og</w>
            <w lemma="mikill" type="lhensf">mikið</w>
            <w lemma="um" type="af">um</w>
            <w lemma="ölvun" type="nveo">ölvun</w>
            <w lemma="og" type="c">og</w>
            <w lemma="partý" type="nheo">partý</w>
            <w lemma="hávaði" type="nkee">hávaða</w>
            <c type="pk">,</c>
            <w lemma="að" type="af">að</w>
            <w lemma="sögn" type="nveþ">sögn</w>
            <w lemma="lögregla" type="nvee">lögreglu</w>
            <c type="pl">.</c>
          </s>
          <s n="11">
            <w lemma="alls" type="aa">Alls</w>
            <w lemma="gista" type="sfg3fþ">gistu</w>
            <w lemma="ellefu" type="tfkfn">ellefu</w>
            <w lemma="maður" type="nkee">manns</w>
            <w lemma="fangageymsla" type="nvfn">fangageymslur</w>
            <c type="pl">.</c>
          </s>
        </p>
      </div1>
    </body>
  </text>
</TEI>
