<?xml version="1.0" encoding="utf-8"?>
<TEI xmlns="http://www.tei-c.org/ns/1.0">
  <teiHeader>
    <fileDesc>
      <titleStmt>
        <title>
          <title type="main">Þrotabú Landsbankans</title>
        </title>
        <respStmt>
          <resp xml:lang="is">Söfnun og úrvinnsla texta</resp>
          <resp xml:lang="en">Collection and processing of text</resp>
          <name xml:lang="is">Stofnun Árna Magnússonar í íslenskum fræðum</name>
          <name xml:lang="en">The Arni Magnusson Institute for Icelandic Studies</name>
        </respStmt>
      </titleStmt>
      <editionStmt>
        <p xml:lang="is">Íslensk risamálheild (2019)</p>
        <p xml:lang="en">Tagged Icelandic Gigaword Corpus (2019)</p>
      </editionStmt>
      <publicationStmt>
        <distributor xml:lang="is">Stofnun Árna Magnússonar í íslenskum fræðum</distributor>
        <distributor xml:lang="en">The Arni Magnusson Institute for Icelandic Studies</distributor>
        <address>
          <addrLine xml:lang="is">Árnagarður við Suðurgötu, 107 Reykjavík, Íslandi</addrLine>
          <addrLine xml:lang="en">Árnagarður Suðurgata, 107 Reykjavik, Iceland</addrLine>
          <addrLine>
            <email>arnastofnun@arnastofnun.is</email>
          </addrLine>
        </address>
        <idno type="risam">G-25-2540746</idno>
        <availability>
          <p xml:lang="is">Þessi texti er til notkunar í málrannsóknum og máltækniverkefnum um allan heim með sérstöku leyfi, sjá rmh2Hdr.xml</p>
          <p xml:lang="en">This text is available for use in language research and language technology projects world wide with a special license, see rmh2Hdr.xml</p>
        </availability>
        <date>2020-05-26</date>
      </publicationStmt>
      <sourceDesc>
        <biblStruct>
          <analytic>
            <title>
              <title type="main">Þrotabú Landsbankans</title>
            </title>
            <date when="2013-03-20T12:00:00">20.03 2013 kl. 12:00:00</date>
          </analytic>
          <monogr>
            <title>Bylgjan</title>
            <imprint>
              <publisher>365 miðlar hf.</publisher>
              <pubPlace>Reykjavík</pubPlace>
            </imprint>
          </monogr>
        </biblStruct>
      </sourceDesc>
    </fileDesc>
    <encodingDesc>
      <projectDesc>
        <p xml:lang="is">Sjá lýsingu á verkefninu í rmh2Hdr.xml.</p>
        <p xml:lang="en">See description of project in rmh2Hdr.xml.</p>
      </projectDesc>
      <tagsDecl>
        <namespace name="http://www.tei-c.org/ns/1.0">
          <tagUsage gi="text" occurs="1"/>
          <tagUsage gi="body" occurs="1"/>
          <tagUsage gi="div1" occurs="1"/>
          <tagUsage gi="p" occurs="1"/>
          <tagUsage gi="s" occurs="4"/>
          <tagUsage gi="w" occurs="65"/>
          <tagUsage gi="c" occurs="5"/>
        </namespace>
      </tagsDecl>
    </encodingDesc>
    <profileDesc>
     <textClass>
      <keywords scheme="#RMH">
       <list>
        <item>Frétt – almennt</item>
       </list>
      </keywords>
     </textClass>
    </profileDesc>
  </teiHeader>
  <text>
    <body>
      <div1>
        <p n="1">
          <s n="1">
            <w lemma="þrotabú" type="nhen">Þrotabú</w>
            <w lemma="Landsbanki" type="nkeegs">Landsbankans</w>
            <w lemma="reikna" type="sfg3en">reiknar</w>
            <w lemma="með" type="af">með</w>
            <w lemma="að" type="cn">að</w>
            <w lemma="geta" type="sng">geta</w>
            <w lemma="greitt" type="aa">greitt</w>
            <w lemma="225" type="ta">225</w>
            <w lemma="milljarður" type="nkfo">milljarða</w>
            <w lemma="króna" type="nvfe">króna</w>
            <w lemma="til" type="af">til</w>
            <w lemma="almennur" type="lkfesf">almennra</w>
            <w lemma="kröfuhafi" type="nkfe">kröfuhafa</w>
            <w lemma="sinn" type="fekfe">sinna</w>
            <c type="pl">.</c>
          </s>
          <s n="2">
            <w lemma="heildareignur" type="nkfn">Heildareignir</w>
            <w lemma="bú" type="nheeg">búsins</w>
            <w lemma="vera" type="sfg3fn">eru</w>
            <w lemma="um" type="aa">um</w>
            <w lemma="1.543" type="ta">1.543</w>
            <w lemma="milljarður" type="nkfn">milljarðar</w>
            <w lemma="króna" type="nvfe">króna</w>
            <w lemma="og" type="c">og</w>
            <w lemma="forgangskrafa" type="nvfn">forgangskröfur</w>
            <w lemma="sem" type="ct">sem</w>
            <w lemma="vera" type="sfg3fn">eru</w>
            <w lemma="að" type="af">að</w>
            <w lemma="mikill" type="lvfnve">mestu</w>
            <w lemma="hinn" type="gvfn">hinar</w>
            <w lemma="svokallaður" type="lvfnvf">svokölluðu</w>
            <w lemma="Icesave" type="e">Icesave</w>
            <w lemma="krafa" type="nvfn">kröfur</w>
            <c type="pk">,</c>
            <w lemma="vera" type="sfg3fn">eru</w>
            <w lemma="1.318" type="ta">1.318</w>
            <w lemma="milljarður" type="nkfn">milljarðar</w>
            <w lemma="króna" type="nvfe">króna</w>
            <c type="pl">.</c>
          </s>
          <s n="3">
            <w lemma="áætlaði" type="nkfn">Áætlaðar</w>
            <w lemma="endurheimt" type="nvfn">endurheimtur</w>
            <w lemma="bú" type="nheeg">búsins</w>
            <w lemma="auka" type="sfm3fþ">jukust</w>
            <w lemma="um" type="aa">um</w>
            <w lemma="170" type="ta">170</w>
            <w lemma="milljarður" type="nkfo">milljarða</w>
            <w lemma="í" type="af">í</w>
            <w lemma="fyrri" type="lheovm">fyrra</w>
            <c type="pl">.</c>
          </s>
          <s n="4">
            <w lemma="þessi" type="fahen">Þetta</w>
            <w lemma="koma" type="sfg3en">kemur</w>
            <w lemma="fram" type="aa">fram</w>
            <w lemma="í" type="af">í</w>
            <w lemma="nýr" type="lveþsf">nýrri</w>
            <w lemma="samantekt" type="nveþ">samantekt</w>
            <w lemma="á" type="af">á</w>
            <w lemma="fjárhagsstaða" type="nveþ">fjárhagsstöðu</w>
            <w lemma="þrotabú" type="nhee">þrotabús</w>
            <w lemma="Landsbanki" type="nkeegs">Landsbankans</w>
            <w lemma="sem" type="ct">sem</w>
            <w lemma="nú" type="aa">nú</w>
            <w lemma="heita" type="sfg3en">heitir</w>
            <w lemma="LBI" type="nken-s">LBI</w>
            <w lemma="hf." type="ks">hf.</w>
            <w lemma="en" type="c">en</w>
            <w lemma="hún" type="fpven">hún</w>
            <w lemma="vera" type="sfg3eþ">var</w>
            <w lemma="birta" type="sþgven">birt</w>
            <w lemma="fyrir" type="af">fyrir</w>
            <w lemma="helgi" type="nveo">helgi</w>
            <c type="pl">.</c>
          </s>
        </p>
      </div1>
    </body>
  </text>
</TEI>
