<?xml version="1.0" encoding="utf-8"?>
<TEI xmlns="http://www.tei-c.org/ns/1.0">
  <teiHeader>
    <fileDesc>
      <titleStmt>
        <title>
          <title type="main">Grænland - Siumut sigraði kosningar</title>
        </title>
        <respStmt>
          <resp xml:lang="is">Söfnun og úrvinnsla texta</resp>
          <resp xml:lang="en">Collection and processing of text</resp>
          <name xml:lang="is">Stofnun Árna Magnússonar í íslenskum fræðum</name>
          <name xml:lang="en">The Arni Magnusson Institute for Icelandic Studies</name>
        </respStmt>
      </titleStmt>
      <editionStmt>
        <p xml:lang="is">Íslensk risamálheild (2019)</p>
        <p xml:lang="en">Tagged Icelandic Gigaword Corpus (2019)</p>
      </editionStmt>
      <publicationStmt>
        <distributor xml:lang="is">Stofnun Árna Magnússonar í íslenskum fræðum</distributor>
        <distributor xml:lang="en">The Arni Magnusson Institute for Icelandic Studies</distributor>
        <address>
          <addrLine xml:lang="is">Árnagarður við Suðurgötu, 107 Reykjavík, Íslandi</addrLine>
          <addrLine xml:lang="en">Árnagarður Suðurgata, 107 Reykjavik, Iceland</addrLine>
          <addrLine>
            <email>arnastofnun@arnastofnun.is</email>
          </addrLine>
        </address>
        <idno type="risam">G-25-2547476</idno>
        <availability>
          <p xml:lang="is">Þessi texti er til notkunar í málrannsóknum og máltækniverkefnum um allan heim með sérstöku leyfi, sjá rmh2Hdr.xml</p>
          <p xml:lang="en">This text is available for use in language research and language technology projects world wide with a special license, see rmh2Hdr.xml</p>
        </availability>
        <date>2020-05-26</date>
      </publicationStmt>
      <sourceDesc>
        <biblStruct>
          <analytic>
            <title>
              <title type="main">Grænland - Siumut sigraði kosningar</title>
            </title>
            <date when="2013-03-13T08:00:00">13.03 2013 kl. 08:00:00</date>
          </analytic>
          <monogr>
            <title>Bylgjan</title>
            <imprint>
              <publisher>365 miðlar hf.</publisher>
              <pubPlace>Reykjavík</pubPlace>
            </imprint>
          </monogr>
        </biblStruct>
      </sourceDesc>
    </fileDesc>
    <encodingDesc>
      <projectDesc>
        <p xml:lang="is">Sjá lýsingu á verkefninu í rmh2Hdr.xml.</p>
        <p xml:lang="en">See description of project in rmh2Hdr.xml.</p>
      </projectDesc>
      <tagsDecl>
        <namespace name="http://www.tei-c.org/ns/1.0">
          <tagUsage gi="text" occurs="1"/>
          <tagUsage gi="body" occurs="1"/>
          <tagUsage gi="div1" occurs="1"/>
          <tagUsage gi="p" occurs="1"/>
          <tagUsage gi="s" occurs="2"/>
          <tagUsage gi="w" occurs="28"/>
          <tagUsage gi="c" occurs="2"/>
        </namespace>
      </tagsDecl>
    </encodingDesc>
    <profileDesc>
     <textClass>
      <keywords scheme="#RMH">
       <list>
        <item>Frétt – almennt</item>
       </list>
      </keywords>
     </textClass>
    </profileDesc>
  </teiHeader>
  <text>
    <body>
      <div1>
        <p n="1">
          <s n="1">
            <w lemma="Jafnaðarmannaflokkur" type="nkengs">Jafnaðarmannaflokkurinn</w>
            <w lemma="Siumut" type="n----s">Siumut</w>
            <w lemma="vinna" type="sfg3eþ">vann</w>
            <w lemma="stórsigur" type="nkeo">stórsigur</w>
            <w lemma="í" type="af">í</w>
            <w lemma="grænlenskur" type="lvfþvf">grænlensku</w>
            <w lemma="þingkosning" type="nvfþg">þingkosningunum</w>
            <w lemma="sem" type="ct">sem</w>
            <w lemma="halda" type="sþgvfn">haldnar</w>
            <w lemma="vera" type="sfg3fþ">voru</w>
            <w lemma="í" type="aa">í</w>
            <w lemma="gær" type="aa">gær</w>
            <c type="pl">.</c>
          </s>
          <s n="2">
            <w lemma="siumut" type="nhen">Siumut</w>
            <w lemma="fá" type="sfg3eþ">fékk</w>
            <w lemma="tæplega" type="aa">tæplega</w>
            <w lemma="43%" type="tp">43%</w>
            <w lemma="atkvæði" type="nhfe">atkvæða</w>
            <w lemma="og" type="c">og</w>
            <w lemma="auka" type="sfg3eþ">jók</w>
            <w lemma="fylgi" type="nheo">fylgi</w>
            <w lemma="sinn" type="feheo">sitt</w>
            <w lemma="um" type="af">um</w>
            <w lemma="16" type="ta">16</w>
            <w lemma="prósentustig" type="nhfo">prósentustig</w>
            <w lemma="frá" type="af">frá</w>
            <w lemma="kosning" type="nvfþg">kosningunum</w>
            <w lemma="ár" type="nheog">árið</w>
            <w lemma="2009" type="ta">2009</w>
            <c type="pl">.</c>
          </s>
        </p>
      </div1>
    </body>
  </text>
</TEI>
