<?xml version="1.0" encoding="utf-8"?>
<TEI xmlns="http://www.tei-c.org/ns/1.0">
  <teiHeader>
    <fileDesc>
      <titleStmt>
        <title>
          <title type="main">Bretland - Eyjar fara fram á heimastjórn</title>
        </title>
        <respStmt>
          <resp xml:lang="is">Söfnun og úrvinnsla texta</resp>
          <resp xml:lang="en">Collection and processing of text</resp>
          <name xml:lang="is">Stofnun Árna Magnússonar í íslenskum fræðum</name>
          <name xml:lang="en">The Arni Magnusson Institute for Icelandic Studies</name>
        </respStmt>
      </titleStmt>
      <editionStmt>
        <p xml:lang="is">Íslensk risamálheild (2019)</p>
        <p xml:lang="en">Tagged Icelandic Gigaword Corpus (2019)</p>
      </editionStmt>
      <publicationStmt>
        <distributor xml:lang="is">Stofnun Árna Magnússonar í íslenskum fræðum</distributor>
        <distributor xml:lang="en">The Arni Magnusson Institute for Icelandic Studies</distributor>
        <address>
          <addrLine xml:lang="is">Árnagarður við Suðurgötu, 107 Reykjavík, Íslandi</addrLine>
          <addrLine xml:lang="en">Árnagarður Suðurgata, 107 Reykjavik, Iceland</addrLine>
          <addrLine>
            <email>arnastofnun@arnastofnun.is</email>
          </addrLine>
        </address>
        <idno type="risam">G-25-2540858</idno>
        <availability>
          <p xml:lang="is">Þessi texti er til notkunar í málrannsóknum og máltækniverkefnum um allan heim með sérstöku leyfi, sjá rmh2Hdr.xml</p>
          <p xml:lang="en">This text is available for use in language research and language technology projects world wide with a special license, see rmh2Hdr.xml</p>
        </availability>
        <date>2020-05-26</date>
      </publicationStmt>
      <sourceDesc>
        <biblStruct>
          <analytic>
            <title>
              <title type="main">Bretland - Eyjar fara fram á heimastjórn</title>
            </title>
            <date when="2013-03-20T08:00:00">20.03 2013 kl. 08:00:00</date>
          </analytic>
          <monogr>
            <title>Bylgjan</title>
            <imprint>
              <publisher>365 miðlar hf.</publisher>
              <pubPlace>Reykjavík</pubPlace>
            </imprint>
          </monogr>
        </biblStruct>
      </sourceDesc>
    </fileDesc>
    <encodingDesc>
      <projectDesc>
        <p xml:lang="is">Sjá lýsingu á verkefninu í rmh2Hdr.xml.</p>
        <p xml:lang="en">See description of project in rmh2Hdr.xml.</p>
      </projectDesc>
      <tagsDecl>
        <namespace name="http://www.tei-c.org/ns/1.0">
          <tagUsage gi="text" occurs="1"/>
          <tagUsage gi="body" occurs="1"/>
          <tagUsage gi="div1" occurs="1"/>
          <tagUsage gi="p" occurs="1"/>
          <tagUsage gi="s" occurs="1"/>
          <tagUsage gi="w" occurs="23"/>
          <tagUsage gi="c" occurs="2"/>
        </namespace>
      </tagsDecl>
    </encodingDesc>
    <profileDesc>
     <textClass>
      <keywords scheme="#RMH">
       <list>
        <item>Frétt – almennt</item>
       </list>
      </keywords>
     </textClass>
    </profileDesc>
  </teiHeader>
  <text>
    <body>
      <div1>
        <p n="1">
          <s n="1">
            <w lemma="ráðamaður" type="nkfn">Ráðamenn</w>
            <w lemma="á" type="af">á</w>
            <w lemma="Orkneyjar" type="nvfþ-s">Orkneyjum</w>
            <c type="pk">,</c>
            <w lemma="Hjaltlandseyjar" type="nvfþ-s">Hjaltlandseyjum</w>
            <w lemma="og" type="c">og</w>
            <w lemma="Vestureyir" type="nkfþ-s">Vestureyjum</w>
            <w lemma="sem" type="ct">sem</w>
            <w lemma="allur" type="fovfn">allar</w>
            <w lemma="tilheyra" type="sfg3fn">tilheyra</w>
            <w lemma="Bretland" type="nheþ-s">Bretlandi</w>
            <w lemma="íhuga" type="sfg3fn">íhuga</w>
            <w lemma="að" type="cn">að</w>
            <w lemma="fara" type="sng">fara</w>
            <w lemma="fram" type="aa">fram</w>
            <w lemma="á" type="af">á</w>
            <w lemma="heimastjórn" type="nveo">heimastjórn</w>
            <w lemma="og" type="c">og</w>
            <w lemma="mögulega" type="aa">mögulega</w>
            <w lemma="fullur" type="lheosf">fullt</w>
            <w lemma="sjálfstæði" type="nheo">sjálfstæði</w>
            <w lemma="í" type="af">í</w>
            <w lemma="náinn" type="lveþsf">náinni</w>
            <w lemma="framtíð" type="nveþ">framtíð</w>
            <c type="pl">.</c>
          </s>
        </p>
      </div1>
    </body>
  </text>
</TEI>
