<?xml version="1.0" encoding="utf-8"?>
<TEI xmlns="http://www.tei-c.org/ns/1.0">
  <teiHeader>
    <fileDesc>
      <titleStmt>
        <title>
          <title type="main">Flugvöllur á Hólmsheiði?</title>
        </title>
        <respStmt>
          <resp xml:lang="is">Söfnun og úrvinnsla texta</resp>
          <resp xml:lang="en">Collection and processing of text</resp>
          <name xml:lang="is">Stofnun Árna Magnússonar í íslenskum fræðum</name>
          <name xml:lang="en">The Arni Magnusson Institute for Icelandic Studies</name>
        </respStmt>
      </titleStmt>
      <editionStmt>
        <p xml:lang="is">Íslensk risamálheild (2019)</p>
        <p xml:lang="en">Tagged Icelandic Gigaword Corpus (2019)</p>
      </editionStmt>
      <publicationStmt>
        <distributor xml:lang="is">Stofnun Árna Magnússonar í íslenskum fræðum</distributor>
        <distributor xml:lang="en">The Arni Magnusson Institute for Icelandic Studies</distributor>
        <address>
          <addrLine xml:lang="is">Árnagarður við Suðurgötu, 107 Reykjavík, Íslandi</addrLine>
          <addrLine xml:lang="en">Árnagarður Suðurgata, 107 Reykjavik, Iceland</addrLine>
          <addrLine>
            <email>arnastofnun@arnastofnun.is</email>
          </addrLine>
        </address>
        <idno type="risam">G-25-2542754</idno>
        <availability>
          <p xml:lang="is">Þessi texti er til notkunar í málrannsóknum og máltækniverkefnum um allan heim með sérstöku leyfi, sjá rmh2Hdr.xml</p>
          <p xml:lang="en">This text is available for use in language research and language technology projects world wide with a special license, see rmh2Hdr.xml</p>
        </availability>
        <date>2020-05-26</date>
      </publicationStmt>
      <sourceDesc>
        <biblStruct>
          <analytic>
            <title>
              <title type="main">Flugvöllur á Hólmsheiði?</title>
            </title>
            <date when="2013-03-13T12:00:00">13.03 2013 kl. 12:00:00</date>
          </analytic>
          <monogr>
            <title>Bylgjan</title>
            <imprint>
              <publisher>365 miðlar hf.</publisher>
              <pubPlace>Reykjavík</pubPlace>
            </imprint>
          </monogr>
        </biblStruct>
      </sourceDesc>
    </fileDesc>
    <encodingDesc>
      <projectDesc>
        <p xml:lang="is">Sjá lýsingu á verkefninu í rmh2Hdr.xml.</p>
        <p xml:lang="en">See description of project in rmh2Hdr.xml.</p>
      </projectDesc>
      <tagsDecl>
        <namespace name="http://www.tei-c.org/ns/1.0">
          <tagUsage gi="text" occurs="1"/>
          <tagUsage gi="body" occurs="1"/>
          <tagUsage gi="div1" occurs="1"/>
          <tagUsage gi="p" occurs="2"/>
          <tagUsage gi="s" occurs="7"/>
          <tagUsage gi="w" occurs="158"/>
          <tagUsage gi="c" occurs="10"/>
        </namespace>
      </tagsDecl>
    </encodingDesc>
    <profileDesc>
     <textClass>
      <keywords scheme="#RMH">
       <list>
        <item>Frétt – almennt</item>
       </list>
      </keywords>
     </textClass>
    </profileDesc>
  </teiHeader>
  <text>
    <body>
      <div1>
        <p n="1">
          <s n="1">
            <w lemma="það" type="fphen">Það</w>
            <w lemma="verða" type="sfg3en">verður</w>
            <w lemma="að" type="cn">að</w>
            <w lemma="rífa" type="sng">rífa</w>
            <w lemma="stór" type="lheosf">stórt</w>
            <w lemma="spennuvirki" type="nheo">spennuvirki</w>
            <w lemma="Landsnet" type="nhee-s">Landsnets</w>
            <w lemma="á" type="af">á</w>
            <w lemma="Hólmsheiði" type="nveþ-s">Hólmsheiði</w>
            <w lemma="og" type="c">og</w>
            <w lemma="reisa" type="sng">reisa</w>
            <w lemma="nýr" type="lheosf">nýtt</w>
            <w lemma="annar" type="fokee">annars</w>
            <w lemma="staður" type="nkee">staðar</w>
            <w lemma="ef" type="c">ef</w>
            <w lemma="flugvöllur" type="nken">flugvöllur</w>
            <w lemma="verða" type="sfg3en">verður</w>
            <w lemma="leggja" type="sþgken">lagður</w>
            <w lemma="á" type="af">á</w>
            <w lemma="Hólmsheiði" type="nveþ-s">Hólmsheiði</w>
            <c type="pl">.</c>
          </s>
          <s n="2">
            <w lemma="framkvæmd" type="nveng">Framkvæmdin</w>
            <w lemma="við" type="af">við</w>
            <w lemma="það" type="fpheo">það</w>
            <w lemma="munu" type="svg3eþ">myndi</w>
            <w lemma="kosta" type="sng">kosta</w>
            <w lemma="nokkur" type="fokfo">nokkra</w>
            <w lemma="milljarður" type="nkfo">milljarða</w>
            <w lemma="króna" type="nvfe">króna</w>
            <c type="pl">.</c>
          </s>
        </p>
        <p n="2">
          <s n="1">
            <w lemma="Alþjóðaflugmálastofnunin" type="nvengs">Alþjóðaflugmálastofnunin</w>
            <w lemma="ICAO" type="n----s">ICAO</w>
            <w lemma="setja" type="sfg3en">setur</w>
            <w lemma="staðall" type="nkfo">staðla</w>
            <w lemma="um" type="aa">um</w>
            <w lemma="í" type="af">í</w>
            <w lemma="hversu" type="aa">hversu</w>
            <w lemma="mikill" type="lveþsf">mikilli</w>
            <w lemma="fjarlægð" type="nveþ">fjarlægð</w>
            <w lemma="spennuvirki" type="nheþ">spennuvirki</w>
            <w lemma="verða" type="sfg3fn">verða</w>
            <w lemma="að" type="cn">að</w>
            <w lemma="vera" type="sng">vera</w>
            <w lemma="frá" type="af">frá</w>
            <w lemma="flugvöllur" type="nkfþ">flugvöllum</w>
            <w lemma="til" type="af">til</w>
            <w lemma="að" type="c">að</w>
            <w lemma="rafhrif" type="nhfn">rafhrif</w>
            <w lemma="frá" type="af">frá</w>
            <w lemma="það" type="fphfþ">þeim</w>
            <w lemma="trufla" type="svg3fn">trufli</w>
            <w lemma="ekki" type="aa">ekki</w>
            <w lemma="flugleiðsögutæki" type="nheo">flugleiðsögutæki</w>
            <w lemma="við" type="af">við</w>
            <w lemma="völlur" type="nkfog">vellina</w>
            <w lemma="og" type="c">og</w>
            <w lemma="vera" type="sfg3en">er</w>
            <w lemma="spennuvirki" type="nhen">spennuvirki</w>
            <w lemma="Landsnet" type="nhee-s">Landsnets</w>
            <w lemma="of" type="aa">of</w>
            <w lemma="nálægt" type="af">nálægt</w>
            <w lemma="flugvallarstæði" type="nheþg">flugvallarstæðinu</w>
            <w lemma="samkvæmt" type="af">samkvæmt</w>
            <w lemma="sá" type="fakfþ">þeim</w>
            <w lemma="staðall" type="nkfþ">stöðlum</w>
            <w lemma="og" type="c">og</w>
            <w lemma="samkvæmt" type="af">samkvæmt</w>
            <w lemma="heimild" type="nvfþ">heimildum</w>
            <w lemma="fréttastofa" type="nvee">fréttastofu</w>
            <c type="pl">.</c>
          </s>
          <s n="2">
            <w lemma="Þórður" type="nken-s">Þórður</w>
            <w lemma="Guðmundsson" type="nken-s">Guðmundsson</w>
            <c type="pk">,</c>
            <w lemma="forstjóri" type="nken">forstjóri</w>
            <w lemma="Landsnet" type="nhee-s">Landsnets</w>
            <c type="pk">,</c>
            <w lemma="segja" type="sfg3en">segir</w>
            <w lemma="að" type="c">að</w>
            <w lemma="það" type="fphen">það</w>
            <w lemma="munu" type="svg3eþ">myndi</w>
            <w lemma="kosta" type="sng">kosta</w>
            <w lemma="nokkur" type="fokfo">nokkra</w>
            <w lemma="milljarður" type="nkfo">milljarða</w>
            <w lemma="króna" type="nvfe">króna</w>
            <w lemma="að" type="cn">að</w>
            <w lemma="reisa" type="sng">reisa</w>
            <w lemma="nýr" type="lheosf">nýtt</w>
            <w lemma="spennuvirki" type="nheo">spennuvirki</w>
            <w lemma="en" type="c">en</w>
            <w lemma="frá" type="af">frá</w>
            <w lemma="það" type="fpheþ">því</w>
            <w lemma="vera" type="sfg3en">er</w>
            <w lemma="rafmagn" type="nheþ">rafmagni</w>
            <w lemma="dreifa" type="sþghen">dreift</w>
            <w lemma="til" type="af">til</w>
            <w lemma="álver" type="nheeg">álversins</w>
            <w lemma="í" type="af">í</w>
            <w lemma="Straumsvík" type="nveþ-s">Straumsvík</w>
            <w lemma="og" type="c">og</w>
            <w lemma="á" type="af">á</w>
            <w lemma="höfuðborgarsvæði" type="nheog">höfuðborgarsvæðið</w>
            <c type="pl">.</c>
          </s>
          <s n="3">
            <w lemma="ef" type="c">Ef</w>
            <w lemma="til" type="aa">til</w>
            <w lemma="koma" type="svg3eþ">kæmi</w>
            <w lemma="verða" type="svg3eþ">yrði</w>
            <w lemma="virki" type="nheng">virkið</w>
            <w lemma="líklega" type="aa">líklega</w>
            <w lemma="flytja" type="sþghen">flutt</w>
            <w lemma="upp" type="aa">upp</w>
            <w lemma="á" type="af">á</w>
            <w lemma="sandskeið" type="nveo">sandskeið</w>
            <w lemma="ef" type="c">ef</w>
            <w lemma="tilskilinn" type="lhfnsf">tilskilin</w>
            <w lemma="leyfi" type="nhfn">leyfi</w>
            <w lemma="fá" type="svm3fþ">fengjust</w>
            <w lemma="fyrir" type="af">fyrir</w>
            <w lemma="það" type="fpheþ">því</w>
            <c type="pl">.</c>
          </s>
          <s n="4">
            <w lemma="gagn" type="nhfn">Gögn</w>
            <w lemma="um" type="af">um</w>
            <w lemma="veðurfarsathugun" type="nvfo">veðurfarsathuganir</w>
            <w lemma="á" type="af">á</w>
            <w lemma="Hólmsheiði" type="nveþ-s">Hólmsheiði</w>
            <w lemma="verða" type="sfg3fn">verða</w>
            <w lemma="kynna" type="sþgvfn">kynntar</w>
            <w lemma="í" type="af">í</w>
            <w lemma="umhverfis-" type="kt">umhverfis-</w>
            <w lemma="og" type="c">og</w>
            <w lemma="skipulagsráð" type="nheþ">skipulagsráði</w>
            <w lemma="borg" type="nveeg">borgarinnar</w>
            <w lemma="í" type="af">í</w>
            <w lemma="dagur" type="nkeo">dag</w>
            <w lemma="og" type="c">og</w>
            <w lemma="í" type="af">í</w>
            <w lemma="borgarráð" type="nheþ">borgarráði</w>
            <w lemma="á" type="af">á</w>
            <w lemma="morgunn" type="nkeo">morgun</w>
            <c type="pl">.</c>
          </s>
          <s n="5">
            <w lemma="heldri" type="lvfnve">Helstu</w>
            <w lemma="niðurstaða" type="nvfn">niðurstöður</w>
            <w lemma="vera" type="sfg3fn">eru</w>
            <w lemma="m.a." type="ks">m.a.</w>
            <w lemma="að" type="c">að</w>
            <w lemma="oft" type="aam">oftar</w>
            <w lemma="vera" type="svg3en">sé</w>
            <w lemma="hætta" type="nven">hætta</w>
            <w lemma="á" type="af">á</w>
            <w lemma="súld" type="nveo">súld</w>
            <w lemma="eða" type="c">eða</w>
            <w lemma="þoka" type="nveþ">þoku</w>
            <w lemma="þar" type="aa">þar</w>
            <w lemma="en" type="c">en</w>
            <w lemma="á" type="af">á</w>
            <w lemma="Reykjavíkurflugvöllur" type="nkeþ-s">Reykjavíkurflugvelli</w>
            <c type="pk">,</c>
            <w lemma="vindur" type="nken">vindur</w>
            <w lemma="og" type="c">og</w>
            <w lemma="úrkoma" type="nven">úrkoma</w>
            <w lemma="vera" type="svg3fn">séu</w>
            <w lemma="mikill" type="lvfnvm">meiri</w>
            <w lemma="á" type="af">á</w>
            <w lemma="Hólmsheiði" type="nveþgs">Hólmsheiðinni</w>
            <w lemma="og" type="c">og</w>
            <w lemma="skyggni" type="nheþ">skyggni</w>
            <w lemma="oft" type="aam">oftar</w>
            <w lemma="slæmur" type="lhenvm">verra</w>
            <c type="pl">.</c>
          </s>
        </p>
      </div1>
    </body>
  </text>
</TEI>
