<?xml version="1.0" encoding="utf-8"?>
<TEI xmlns="http://www.tei-c.org/ns/1.0">
  <teiHeader>
    <fileDesc>
      <titleStmt>
        <title>
          <title type="main">Dauð sjávardýr í Kolgrafafirði</title>
        </title>
        <respStmt>
          <resp xml:lang="is">Söfnun og úrvinnsla texta</resp>
          <resp xml:lang="en">Collection and processing of text</resp>
          <name xml:lang="is">Stofnun Árna Magnússonar í íslenskum fræðum</name>
          <name xml:lang="en">The Arni Magnusson Institute for Icelandic Studies</name>
        </respStmt>
      </titleStmt>
      <editionStmt>
        <p xml:lang="is">Íslensk risamálheild (2019)</p>
        <p xml:lang="en">Tagged Icelandic Gigaword Corpus (2019)</p>
      </editionStmt>
      <publicationStmt>
        <distributor xml:lang="is">Stofnun Árna Magnússonar í íslenskum fræðum</distributor>
        <distributor xml:lang="en">The Arni Magnusson Institute for Icelandic Studies</distributor>
        <address>
          <addrLine xml:lang="is">Árnagarður við Suðurgötu, 107 Reykjavík, Íslandi</addrLine>
          <addrLine xml:lang="en">Árnagarður Suðurgata, 107 Reykjavik, Iceland</addrLine>
          <addrLine>
            <email>arnastofnun@arnastofnun.is</email>
          </addrLine>
        </address>
        <idno type="risam">G-25-2505416</idno>
        <availability>
          <p xml:lang="is">Þessi texti er til notkunar í málrannsóknum og máltækniverkefnum um allan heim með sérstöku leyfi, sjá rmh2Hdr.xml</p>
          <p xml:lang="en">This text is available for use in language research and language technology projects world wide with a special license, see rmh2Hdr.xml</p>
        </availability>
        <date>2020-05-26</date>
      </publicationStmt>
      <sourceDesc>
        <biblStruct>
          <analytic>
            <title>
              <title type="main">Dauð sjávardýr í Kolgrafafirði</title>
            </title>
            <date when="2013-03-15T08:00:00">15.03 2013 kl. 08:00:00</date>
          </analytic>
          <monogr>
            <title>Bylgjan</title>
            <imprint>
              <publisher>365 miðlar hf.</publisher>
              <pubPlace>Reykjavík</pubPlace>
            </imprint>
          </monogr>
        </biblStruct>
      </sourceDesc>
    </fileDesc>
    <encodingDesc>
      <projectDesc>
        <p xml:lang="is">Sjá lýsingu á verkefninu í rmh2Hdr.xml.</p>
        <p xml:lang="en">See description of project in rmh2Hdr.xml.</p>
      </projectDesc>
      <tagsDecl>
        <namespace name="http://www.tei-c.org/ns/1.0">
          <tagUsage gi="text" occurs="1"/>
          <tagUsage gi="body" occurs="1"/>
          <tagUsage gi="div1" occurs="1"/>
          <tagUsage gi="p" occurs="1"/>
          <tagUsage gi="s" occurs="3"/>
          <tagUsage gi="w" occurs="79"/>
          <tagUsage gi="c" occurs="9"/>
        </namespace>
      </tagsDecl>
    </encodingDesc>
    <profileDesc>
     <textClass>
      <keywords scheme="#RMH">
       <list>
        <item>Frétt – almennt</item>
       </list>
      </keywords>
     </textClass>
    </profileDesc>
  </teiHeader>
  <text>
    <body>
      <div1>
        <p n="1">
          <s n="1">
            <w lemma="lindýr" type="nhfn">Lindýr</w>
            <w lemma="og" type="c">og</w>
            <w lemma="krabbadýr" type="nhfn">krabbadýr</w>
            <w lemma="drepa" type="sfm3fn">drepast</w>
            <w lemma="nú" type="aa">nú</w>
            <w lemma="í" type="af">í</w>
            <w lemma="stór" type="lkeþsf">stórum</w>
            <w lemma="stíll" type="nkeþ">stíl</w>
            <w lemma="í" type="af">í</w>
            <w lemma="Kolgrafafjörður" type="nkeþ-s">Kolgrafafirði</w>
            <w lemma="og" type="c">og</w>
            <w lemma="mega" type="sfg3en">má</w>
            <w lemma="sjá" type="sng">sjá</w>
            <w lemma="dauður" type="lhfosf">dauð</w>
            <w lemma="sjávardýr" type="nhfo">sjávardýr</w>
            <w lemma="hvert" type="aa">hvert</w>
            <w lemma="sem" type="ct">sem</w>
            <w lemma="líta" type="sþghen">litið</w>
            <w lemma="vera" type="sfg3en">er</w>
            <w lemma="eins" type="aa">eins</w>
            <w lemma="og" type="c">og</w>
            <w lemma="kræklingur" type="nkfo">kræklinga</w>
            <c type="pk">,</c>
            <w lemma="ígulker" type="nhfo">ígulker</w>
            <c type="pk">,</c>
            <w lemma="krabbadýr" type="nhfo">krabbadýr</w>
            <c type="pk">,</c>
            <w lemma="kuðungur" type="nkfo">kuðunga</w>
            <w lemma="og" type="c">og</w>
            <w lemma="jafnvel" type="aa">jafnvel</w>
            <w lemma="nýdauður" type="lveosf">nýdauða</w>
            <w lemma="síld" type="nveo">síld</w>
            <w lemma="um" type="af">um</w>
            <w lemma="allur" type="fovfo">allar</w>
            <w lemma="fjara" type="nvfo">fjörur</w>
            <c type="pk">,</c>
            <w lemma="segja" type="sfg3en">segir</w>
            <w lemma="á" type="af">á</w>
            <w lemma="vefur" type="nkeþ">vef</w>
            <w lemma="Skessuhorn" type="nhee-s">Skessuhorns</w>
            <c type="pl">.</c>
          </s>
          <s n="2">
            <w lemma="Róbert" type="nken-s">Róbert</w>
            <w lemma="Árni" type="nken-s">Árni</w>
            <w lemma="Stefánsson" type="nken-s">Stefánsson</w>
            <c type="pk">,</c>
            <w lemma="forstöðumaður" type="nken">forstöðumaður</w>
            <w lemma="Náttúrustofa" type="nvee-s">Náttúrustofu</w>
            <w lemma="Vesturland" type="nhee-s">Vesturlands</w>
            <c type="pk">,</c>
            <w lemma="segja" type="sfg3en">segir</w>
            <w lemma="í" type="af">í</w>
            <w lemma="samtal" type="nheþ">samtali</w>
            <w lemma="við" type="af">við</w>
            <w lemma="vefur" type="nkeog">vefinn</w>
            <w lemma="að" type="c">að</w>
            <w lemma="við" type="af">við</w>
            <w lemma="þessi" type="faheþ">þessu</w>
            <w lemma="hafa" type="svg3eþ">hefði</w>
            <w lemma="mega" type="sþghen">mátt</w>
            <w lemma="búa" type="snm">búast</w>
            <w lemma="í" type="af">í</w>
            <w lemma="kjölfar" type="nheo">kjölfar</w>
            <w lemma="síldardauði" type="nkeeg">síldardauðans</w>
            <w lemma="en" type="c">en</w>
            <w lemma="hann" type="fpken">hann</w>
            <w lemma="hafa" type="svg3en">hafi</w>
            <w lemma="tala" type="sþghen">talað</w>
            <w lemma="fyrir" type="af">fyrir</w>
            <w lemma="daufur" type="lhfþsf">daufum</w>
            <w lemma="eyra" type="nhfþ">eyrum</w>
            <c type="pl">.</c>
          </s>
          <s n="3">
            <w lemma="það" type="fphee">Þess</w>
            <w lemma="mega" type="sfg3en">má</w>
            <w lemma="geta" type="sng">geta</w>
            <w lemma="að" type="c">að</w>
            <w lemma="lífríki" type="nhen">lífríki</w>
            <w lemma="Kolgrafafjörður" type="nkee-s">Kolgrafafjarðar</w>
            <w lemma="vera" type="sfg3eþ">var</w>
            <w lemma="afar" type="aa">afar</w>
            <w lemma="blómlegur" type="lhensf">blómlegt</w>
            <w lemma="áður" type="aa">áður</w>
            <w lemma="en" type="c">en</w>
            <w lemma="síldind" type="nven">síldind</w>
            <w lemma="fara" type="sfg3eþ">fór</w>
            <w lemma="að" type="cn">að</w>
            <w lemma="drepa" type="snm">drepast</w>
            <w lemma="þar" type="aa">þar</w>
            <c type="pl">.</c>
          </s>
        </p>
      </div1>
    </body>
  </text>
</TEI>
