<?xml version="1.0" encoding="utf-8"?>
<TEI xmlns="http://www.tei-c.org/ns/1.0">
  <teiHeader>
    <fileDesc>
      <titleStmt>
        <title>
          <title type="main">Draga þarf úr sókn í laxveiðiánum</title>
        </title>
        <respStmt>
          <resp xml:lang="is">Söfnun og úrvinnsla texta</resp>
          <resp xml:lang="en">Collection and processing of text</resp>
          <name xml:lang="is">Stofnun Árna Magnússonar í íslenskum fræðum</name>
          <name xml:lang="en">The Arni Magnusson Institute for Icelandic Studies</name>
        </respStmt>
      </titleStmt>
      <editionStmt>
        <p xml:lang="is">Íslensk risamálheild (2019)</p>
        <p xml:lang="en">Tagged Icelandic Gigaword Corpus (2019)</p>
      </editionStmt>
      <publicationStmt>
        <distributor xml:lang="is">Stofnun Árna Magnússonar í íslenskum fræðum</distributor>
        <distributor xml:lang="en">The Arni Magnusson Institute for Icelandic Studies</distributor>
        <address>
          <addrLine xml:lang="is">Árnagarður við Suðurgötu, 107 Reykjavík, Íslandi</addrLine>
          <addrLine xml:lang="en">Árnagarður Suðurgata, 107 Reykjavik, Iceland</addrLine>
          <addrLine>
            <email>arnastofnun@arnastofnun.is</email>
          </addrLine>
        </address>
        <idno type="risam">G-25-2542567</idno>
        <availability>
          <p xml:lang="is">Þessi texti er til notkunar í málrannsóknum og máltækniverkefnum um allan heim með sérstöku leyfi, sjá rmh2Hdr.xml</p>
          <p xml:lang="en">This text is available for use in language research and language technology projects world wide with a special license, see rmh2Hdr.xml</p>
        </availability>
        <date>2020-05-26</date>
      </publicationStmt>
      <sourceDesc>
        <biblStruct>
          <analytic>
            <title>
              <title type="main">Draga þarf úr sókn í laxveiðiánum</title>
            </title>
            <date when="2013-03-21T08:00:00">21.03 2013 kl. 08:00:00</date>
          </analytic>
          <monogr>
            <title>Bylgjan</title>
            <imprint>
              <publisher>365 miðlar hf.</publisher>
              <pubPlace>Reykjavík</pubPlace>
            </imprint>
          </monogr>
        </biblStruct>
      </sourceDesc>
    </fileDesc>
    <encodingDesc>
      <projectDesc>
        <p xml:lang="is">Sjá lýsingu á verkefninu í rmh2Hdr.xml.</p>
        <p xml:lang="en">See description of project in rmh2Hdr.xml.</p>
      </projectDesc>
      <tagsDecl>
        <namespace name="http://www.tei-c.org/ns/1.0">
          <tagUsage gi="text" occurs="1"/>
          <tagUsage gi="body" occurs="1"/>
          <tagUsage gi="div1" occurs="1"/>
          <tagUsage gi="p" occurs="1"/>
          <tagUsage gi="s" occurs="3"/>
          <tagUsage gi="w" occurs="89"/>
          <tagUsage gi="c" occurs="3"/>
        </namespace>
      </tagsDecl>
    </encodingDesc>
    <profileDesc>
     <textClass>
      <keywords scheme="#RMH">
       <list>
        <item>Frétt – almennt</item>
       </list>
      </keywords>
     </textClass>
    </profileDesc>
  </teiHeader>
  <text>
    <body>
      <div1>
        <p n="1">
          <s n="1">
            <w lemma="draga" type="sng">Draga</w>
            <w lemma="þurfa" type="sfg3en">þarf</w>
            <w lemma="úr" type="af">úr</w>
            <w lemma="sókn" type="nveþ">sókn</w>
            <w lemma="í" type="af">í</w>
            <w lemma="laxveiðiá" type="nvfþg">laxveiðiánum</w>
            <w lemma="vegna" type="af">vegna</w>
            <w lemma="niðursveifla" type="nvee">niðursveiflu</w>
            <w lemma="í" type="af">í</w>
            <w lemma="laxastofn" type="nkfþg">laxastofnunum</w>
            <w lemma="í" type="af">í</w>
            <w lemma="á" type="nvfþg">ánum</w>
            <w lemma="til" type="af">til</w>
            <w lemma="það" type="fphee">þess</w>
            <w lemma="að" type="cn">að</w>
            <w lemma="tryggja" type="sng">tryggja</w>
            <w lemma="nægilega" type="aa">nægilega</w>
            <w lemma="hrygning" type="nveo">hrygningu</w>
            <w lemma="og" type="c">og</w>
            <w lemma="veiðiþol" type="nheo">veiðiþol</w>
            <w lemma="hann" type="fpkfe">þeirra</w>
            <w lemma="síðar" type="aam">síðar</w>
            <w lemma="segja" type="sfg3en">segir</w>
            <w lemma="meðal" type="af">meðal</w>
            <w lemma="annar" type="fohee">annars</w>
            <w lemma="í" type="af">í</w>
            <w lemma="nýr" type="lveþsf">nýrri</w>
            <w lemma="skýrsla" type="nveþ">skýrslu</w>
            <w lemma="Veiðimálastofnun" type="nvee-s">Veiðimálastofnunar</w>
            <c type="pl">.</c>
          </s>
          <s n="2">
            <w lemma="ástæða" type="nven">Ástæða</w>
            <w lemma="sveifla" type="nveeg">sveiflunnar</w>
            <w lemma="vera" type="svg3en">sé</w>
            <w lemma="einkum" type="aa">einkum</w>
            <w lemma="að" type="cn">að</w>
            <w lemma="leita" type="sng">leita</w>
            <w lemma="í" type="af">í</w>
            <w lemma="aukinn" type="lhfþsf">auknum</w>
            <w lemma="afföll" type="nhfþ">afföllum</w>
            <w lemma="og" type="c">og</w>
            <w lemma="lítill" type="lkeþsf">litlum</w>
            <w lemma="vöxtur" type="nkeþ">vexti</w>
            <w lemma="lax" type="nkfe">laxa</w>
            <w lemma="í" type="af">í</w>
            <w lemma="sjór" type="nkeþ">sjó</w>
            <w lemma="sem" type="ct">sem</w>
            <w lemma="væntanlega" type="aa">væntanlega</w>
            <w lemma="stafa" type="sfg3en">stafar</w>
            <w lemma="af" type="af">af</w>
            <w lemma="breyting" type="nvfþ">breytingum</w>
            <w lemma="á" type="af">á</w>
            <w lemma="fæðuframboð" type="nheþ">fæðuframboði</w>
            <c type="pl">.</c>
          </s>
          <s n="3">
            <w lemma="fréttastofa" type="nveþg">Fréttastofunni</w>
            <w lemma="vera" type="sfg3en">er</w>
            <w lemma="ekki" type="aa">ekki</w>
            <w lemma="kunnugur" type="lhensf">kunnugt</w>
            <w lemma="um" type="af">um</w>
            <w lemma="að" type="c">að</w>
            <w lemma="nokkur" type="fokee">nokkurs</w>
            <w lemma="staður" type="nkee">staðar</w>
            <w lemma="standa" type="svg3en">standi</w>
            <w lemma="til" type="af">til</w>
            <w lemma="að" type="cn">að</w>
            <w lemma="fækka" type="sng">fækka</w>
            <w lemma="stöng" type="nvfþ">stöngum</w>
            <w lemma="eða" type="c">eða</w>
            <w lemma="veiðidagur" type="nkfþ">veiðidögum</w>
            <w lemma="í" type="af">í</w>
            <w lemma="sumar" type="nheo">sumar</w>
            <w lemma="en" type="c">en</w>
            <w lemma="hinn" type="fakee">hins</w>
            <w lemma="vegur" type="nkee">vegar</w>
            <w lemma="vera" type="sfg3en">er</w>
            <w lemma="í" type="af">í</w>
            <w lemma="umræða" type="nveþg">umræðunni</w>
            <w lemma="að" type="cn">að</w>
            <w lemma="auka" type="sng">auka</w>
            <w lemma="slepping" type="nvfo">sleppingar</w>
            <w lemma="eða" type="c">eða</w>
            <w lemma="það" type="fphen">það</w>
            <w lemma="vera" type="sfg3en">er</w>
            <w lemma="að" type="cn">að</w>
            <w lemma="segja" type="sng">segja</w>
            <w lemma="að" type="cn">að</w>
            <w lemma="sleppa" type="sng">sleppa</w>
            <w lemma="margur" type="lkfþvm">fleiri</w>
            <w lemma="veiddur" type="lkfþsf">veiddum</w>
            <w lemma="lax" type="nkfþ">löxum</w>
            <w lemma="en" type="c">en</w>
            <w lemma="áður" type="aa">áður</w>
            <c type="pl">.</c>
          </s>
        </p>
      </div1>
    </body>
  </text>
</TEI>
