<?xml version="1.0" encoding="utf-8"?>
<TEI xmlns="http://www.tei-c.org/ns/1.0">
  <teiHeader>
    <fileDesc>
      <titleStmt>
        <title>
          <title type="main">Laus úr farbanni</title>
        </title>
        <respStmt>
          <resp xml:lang="is">Söfnun og úrvinnsla texta</resp>
          <resp xml:lang="en">Collection and processing of text</resp>
          <name xml:lang="is">Stofnun Árna Magnússonar í íslenskum fræðum</name>
          <name xml:lang="en">The Arni Magnusson Institute for Icelandic Studies</name>
        </respStmt>
      </titleStmt>
      <editionStmt>
        <p xml:lang="is">Íslensk risamálheild (2019)</p>
        <p xml:lang="en">Tagged Icelandic Gigaword Corpus (2019)</p>
      </editionStmt>
      <publicationStmt>
        <distributor xml:lang="is">Stofnun Árna Magnússonar í íslenskum fræðum</distributor>
        <distributor xml:lang="en">The Arni Magnusson Institute for Icelandic Studies</distributor>
        <address>
          <addrLine xml:lang="is">Árnagarður við Suðurgötu, 107 Reykjavík, Íslandi</addrLine>
          <addrLine xml:lang="en">Árnagarður Suðurgata, 107 Reykjavik, Iceland</addrLine>
          <addrLine>
            <email>arnastofnun@arnastofnun.is</email>
          </addrLine>
        </address>
        <idno type="risam">G-25-2547347</idno>
        <availability>
          <p xml:lang="is">Þessi texti er til notkunar í málrannsóknum og máltækniverkefnum um allan heim með sérstöku leyfi, sjá rmh2Hdr.xml</p>
          <p xml:lang="en">This text is available for use in language research and language technology projects world wide with a special license, see rmh2Hdr.xml</p>
        </availability>
        <date>2020-05-26</date>
      </publicationStmt>
      <sourceDesc>
        <biblStruct>
          <analytic>
            <title>
              <title type="main">Laus úr farbanni</title>
            </title>
            <date when="2013-03-26T12:00:00">26.03 2013 kl. 12:00:00</date>
          </analytic>
          <monogr>
            <title>Bylgjan</title>
            <imprint>
              <publisher>365 miðlar hf.</publisher>
              <pubPlace>Reykjavík</pubPlace>
            </imprint>
          </monogr>
        </biblStruct>
      </sourceDesc>
    </fileDesc>
    <encodingDesc>
      <projectDesc>
        <p xml:lang="is">Sjá lýsingu á verkefninu í rmh2Hdr.xml.</p>
        <p xml:lang="en">See description of project in rmh2Hdr.xml.</p>
      </projectDesc>
      <tagsDecl>
        <namespace name="http://www.tei-c.org/ns/1.0">
          <tagUsage gi="text" occurs="1"/>
          <tagUsage gi="body" occurs="1"/>
          <tagUsage gi="div1" occurs="1"/>
          <tagUsage gi="p" occurs="2"/>
          <tagUsage gi="s" occurs="7"/>
          <tagUsage gi="w" occurs="133"/>
          <tagUsage gi="c" occurs="9"/>
        </namespace>
      </tagsDecl>
    </encodingDesc>
    <profileDesc>
     <textClass>
      <keywords scheme="#RMH">
       <list>
        <item>Frétt – almennt</item>
       </list>
      </keywords>
     </textClass>
    </profileDesc>
  </teiHeader>
  <text>
    <body>
      <div1>
        <p n="1">
          <s n="1">
            <w lemma="Davíð" type="nken-s">Davíð</w>
            <w lemma="Örn" type="nken-s">Örn</w>
            <w lemma="Bjarnason" type="nken-s">Bjarnason</w>
            <w lemma="sem" type="ct">sem</w>
            <w lemma="saka" type="sþgken">sakaður</w>
            <w lemma="vera" type="sfg3eþ">var</w>
            <w lemma="um" type="af">um</w>
            <w lemma="að" type="cn">að</w>
            <w lemma="ætla" type="sng">ætla</w>
            <w lemma="að" type="cn">að</w>
            <w lemma="smygla" type="sng">smygla</w>
            <w lemma="fornmur" type="nkfþg">fornmunum</w>
            <w lemma="frá" type="af">frá</w>
            <w lemma="Tyrkland" type="nheþ-s">Tyrklandi</w>
            <w lemma="fyrir" type="af">fyrir</w>
            <w lemma="þrír" type="tfvfþ">þremur</w>
            <w lemma="vika" type="nvfþ">vikum</w>
            <w lemma="vera" type="sfg3en">er</w>
            <w lemma="laus" type="lvensf">laus</w>
            <w lemma="úr" type="af">úr</w>
            <w lemma="farbann" type="nheþ">farbanni</w>
            <c type="pl">.</c>
          </s>
          <s n="2">
            <w lemma="hann" type="fpken">Hann</w>
            <w lemma="vera" type="sfg3en">er</w>
            <w lemma="væntanlegur" type="lkensf">væntanlegur</w>
            <w lemma="til" type="af">til</w>
            <w lemma="Ísland" type="nhee-s">Íslands</w>
            <w lemma="á" type="af">á</w>
            <w lemma="næstur" type="lkfþve">næstu</w>
            <w lemma="dagur" type="nkfþ">dögum</w>
            <w lemma="og" type="c">og</w>
            <w lemma="fjölskylda" type="nveng">fjölskyldan</w>
            <w lemma="bíða" type="sfg3en">bíður</w>
            <w lemma="hann" type="fpkee">hans</w>
            <w lemma="með" type="af">með</w>
            <w lemma="eftirvænting" type="nveþ">eftirvæntingu</w>
            <c type="pl">.</c>
          </s>
        </p>
        <p n="2">
          <s n="1">
            <w lemma="mál" type="nhen">Mál</w>
            <w lemma="Davíð" type="nkee-s">Davíðs</w>
            <w lemma="vera" type="sfg3eþ">var</w>
            <w lemma="taka" type="sþghen">tekið</w>
            <w lemma="fyrir" type="aa">fyrir</w>
            <w lemma="hjá" type="af">hjá</w>
            <w lemma="tyrkneskur" type="lkeþsf">tyrkneskum</w>
            <w lemma="dómstóll" type="nkeþ">dómstóli</w>
            <w lemma="seinnipartur" type="nkeog">seinnipartinn</w>
            <w lemma="í" type="aa">í</w>
            <w lemma="gær" type="aa">gær</w>
            <w lemma="og" type="c">og</w>
            <w lemma="ákveða" type="sfg3eþ">ákvað</w>
            <w lemma="dómari" type="nken">dómari</w>
            <w lemma="að" type="cn">að</w>
            <w lemma="leysa" type="sng">leysa</w>
            <w lemma="Davíð" type="nkeo-s">Davíð</w>
            <w lemma="úr" type="af">úr</w>
            <w lemma="farbann" type="nheþ">farbanni</w>
            <w lemma="sem" type="ct">sem</w>
            <w lemma="hann" type="fpken">hann</w>
            <w lemma="hafa" type="sfg3eþ">hafði</w>
            <w lemma="sæta" type="sþghen">sætt</w>
            <c type="pl">.</c>
          </s>
          <s n="2">
            <w lemma="Davíð" type="nken-s">Davíð</w>
            <w lemma="verða" type="sfg3en">verður</w>
            <w lemma="þó" type="aa">þó</w>
            <w lemma="gera" type="sþghen">gert</w>
            <w lemma="að" type="cn">að</w>
            <w lemma="koma" type="sng">koma</w>
            <w lemma="aftur" type="aa">aftur</w>
            <w lemma="til" type="af">til</w>
            <w lemma="Tyrkland" type="nhee-s">Tyrklands</w>
            <w lemma="til" type="af">til</w>
            <w lemma="það" type="fphee">þess</w>
            <w lemma="að" type="cn">að</w>
            <w lemma="vera" type="sng">vera</w>
            <w lemma="viðstaddur" type="lkensf">viðstaddur</w>
            <w lemma="uppkvaðning" type="nveþ">uppkvaðningu</w>
            <w lemma="dómur" type="nkeeg">dómsins</w>
            <c type="pl">.</c>
          </s>
          <s n="3">
            <w lemma="þessi" type="fahen">Þetta</w>
            <w lemma="vera" type="sfg3eþ">var</w>
            <w lemma="hafa" type="sþghen">haft</w>
            <w lemma="eftir" type="af">eftir</w>
            <w lemma="Þóra" type="nveþ-s">Þóru</w>
            <w lemma="Björg" type="nven-s">Björg</w>
            <w lemma="Birgisdóttir" type="nveo-s">Birgisdóttur</w>
            <c type="pk">,</c>
            <w lemma="sambýliskona" type="nveo">sambýliskonu</w>
            <w lemma="Davíð" type="nkee-s">Davíðs</w>
            <w lemma="í" type="af">í</w>
            <w lemma="Fréttablaðið" type="nheþgs">Fréttablaðinu</w>
            <w lemma="í" type="af">í</w>
            <w lemma="dagur" type="nkeo">dag</w>
            <c type="pl">.</c>
          </s>
          <s n="4">
            <w lemma="Þóra" type="nven-s">Þóra</w>
            <w lemma="segja" type="sfm3en">segist</w>
            <w lemma="jafnframt" type="aa">jafnframt</w>
            <w lemma="varla" type="aa">varla</w>
            <w lemma="trúa" type="sng">trúa</w>
            <w lemma="það" type="fpheþ">því</w>
            <w lemma="að" type="c">að</w>
            <w lemma="Davíð" type="nken-s">Davíð</w>
            <w lemma="vera" type="svg3en">sé</w>
            <w lemma="á" type="af">á</w>
            <w lemma="heimleið" type="nveþ">heimleið</w>
            <w lemma="enda" type="c">enda</w>
            <w lemma="ríkja" type="sfg3eþ">ríkti</w>
            <w lemma="mikill" type="lvensf">mikil</w>
            <w lemma="óvissa" type="nven">óvissa</w>
            <w lemma="um" type="af">um</w>
            <w lemma="afdrif" type="nhfo">afdrif</w>
            <w lemma="hann" type="fpkee">hans</w>
            <w lemma="fyrstur" type="lkfove">fyrstu</w>
            <w lemma="dagur" type="nkfog">dagana</w>
            <w lemma="eftir" type="af">eftir</w>
            <w lemma="handtaka" type="nveog">handtökuna</w>
            <c type="pl">.</c>
          </s>
          <s n="5">
            <w lemma="Davíð" type="nken-s">Davíð</w>
            <w lemma="og" type="c">og</w>
            <w lemma="Þóra" type="nven-s">Þóra</w>
            <w lemma="vera" type="sfg3fþ">voru</w>
            <w lemma="í" type="af">í</w>
            <w lemma="frí" type="nheþ">fríi</w>
            <w lemma="í" type="af">í</w>
            <w lemma="Tyrkland" type="nheþ-s">Tyrklandi</w>
            <w lemma="og" type="c">og</w>
            <w lemma="kaupa" type="sfg3fþ">keyptu</w>
            <w lemma="þar" type="aa">þar</w>
            <w lemma="marmarasteinn" type="nkeo">marmarastein</w>
            <w lemma="sem" type="ct">sem</w>
            <w lemma="reyna" type="sfm3eþ">reyndist</w>
            <w lemma="vera" type="sng">vera</w>
            <w lemma="fornmunur" type="nken">fornmunur</w>
            <c type="pk">,</c>
            <w lemma="þungur" type="lhfnsf">þung</w>
            <w lemma="viðurlag" type="nhfn">viðurlög</w>
            <w lemma="geta" type="sfg3fn">geta</w>
            <w lemma="liggja" type="sþghen">legið</w>
            <w lemma="við" type="af">við</w>
            <w lemma="fornmunasmyglur" type="nkfo">fornmunasmygli</w>
            <w lemma="í" type="af">í</w>
            <w lemma="land" type="nheþg">landinu</w>
            <c type="pl">.</c>
          </s>
        </p>
      </div1>
    </body>
  </text>
</TEI>
