<?xml version="1.0" encoding="utf-8"?>
<TEI xmlns="http://www.tei-c.org/ns/1.0">
  <teiHeader>
    <fileDesc>
      <titleStmt>
        <title>
          <title type="main">Noregur - Olíuauður og öflugt velferðarkerfi</title>
        </title>
        <respStmt>
          <resp xml:lang="is">Söfnun og úrvinnsla texta</resp>
          <resp xml:lang="en">Collection and processing of text</resp>
          <name xml:lang="is">Stofnun Árna Magnússonar í íslenskum fræðum</name>
          <name xml:lang="en">The Arni Magnusson Institute for Icelandic Studies</name>
        </respStmt>
      </titleStmt>
      <editionStmt>
        <p xml:lang="is">Íslensk risamálheild (2019)</p>
        <p xml:lang="en">Tagged Icelandic Gigaword Corpus (2019)</p>
      </editionStmt>
      <publicationStmt>
        <distributor xml:lang="is">Stofnun Árna Magnússonar í íslenskum fræðum</distributor>
        <distributor xml:lang="en">The Arni Magnusson Institute for Icelandic Studies</distributor>
        <address>
          <addrLine xml:lang="is">Árnagarður við Suðurgötu, 107 Reykjavík, Íslandi</addrLine>
          <addrLine xml:lang="en">Árnagarður Suðurgata, 107 Reykjavik, Iceland</addrLine>
          <addrLine>
            <email>arnastofnun@arnastofnun.is</email>
          </addrLine>
        </address>
        <idno type="risam">G-25-2544482</idno>
        <availability>
          <p xml:lang="is">Þessi texti er til notkunar í málrannsóknum og máltækniverkefnum um allan heim með sérstöku leyfi, sjá rmh2Hdr.xml</p>
          <p xml:lang="en">This text is available for use in language research and language technology projects world wide with a special license, see rmh2Hdr.xml</p>
        </availability>
        <date>2020-05-26</date>
      </publicationStmt>
      <sourceDesc>
        <biblStruct>
          <analytic>
            <title>
              <title type="main">Noregur - Olíuauður og öflugt velferðarkerfi</title>
            </title>
            <date when="2013-03-26T08:00:00">26.03 2013 kl. 08:00:00</date>
          </analytic>
          <monogr>
            <title>Bylgjan</title>
            <imprint>
              <publisher>365 miðlar hf.</publisher>
              <pubPlace>Reykjavík</pubPlace>
            </imprint>
          </monogr>
        </biblStruct>
      </sourceDesc>
    </fileDesc>
    <encodingDesc>
      <projectDesc>
        <p xml:lang="is">Sjá lýsingu á verkefninu í rmh2Hdr.xml.</p>
        <p xml:lang="en">See description of project in rmh2Hdr.xml.</p>
      </projectDesc>
      <tagsDecl>
        <namespace name="http://www.tei-c.org/ns/1.0">
          <tagUsage gi="text" occurs="1"/>
          <tagUsage gi="body" occurs="1"/>
          <tagUsage gi="div1" occurs="1"/>
          <tagUsage gi="p" occurs="1"/>
          <tagUsage gi="s" occurs="1"/>
          <tagUsage gi="w" occurs="31"/>
          <tagUsage gi="c" occurs="1"/>
        </namespace>
      </tagsDecl>
    </encodingDesc>
    <profileDesc>
     <textClass>
      <keywords scheme="#RMH">
       <list>
        <item>Frétt – almennt</item>
       </list>
      </keywords>
     </textClass>
    </profileDesc>
  </teiHeader>
  <text>
    <body>
      <div1>
        <p n="1">
          <s n="1">
            <w lemma="í" type="af">Í</w>
            <w lemma="nýr" type="lveþsf">nýrri</w>
            <w lemma="greining" type="nveþ">greiningu</w>
            <w lemma="sem" type="ct">sem</w>
            <w lemma="vinna" type="sþgven">unnin</w>
            <w lemma="vera" type="sfg3eþ">var</w>
            <w lemma="af" type="af">af</w>
            <w lemma="fréttaveita" type="nveþg">fréttaveitunni</w>
            <w lemma="Reuters" type="n----s">Reuters</w>
            <w lemma="koma" type="sfg3en">kemur</w>
            <w lemma="fram" type="aa">fram</w>
            <w lemma="að" type="c">að</w>
            <w lemma="sambland" type="nhen">sambland</w>
            <w lemma="af" type="af">af</w>
            <w lemma="mikill" type="lkeþsf">miklum</w>
            <w lemma="olíuauður" type="nkeþ">olíuauði</w>
            <w lemma="Norðmaður" type="nkfe-s">Norðmanna</w>
            <w lemma="og" type="c">og</w>
            <w lemma="öflugur" type="lheþsf">öflugu</w>
            <w lemma="velferðarkerfi" type="nheþ">velferðarkerfi</w>
            <w lemma="það" type="fphfe">þeirra</w>
            <w lemma="vera" type="svg3en">sé</w>
            <w lemma="smátt" type="aa">smátt</w>
            <w lemma="og" type="c">og</w>
            <w lemma="smátt" type="aa">smátt</w>
            <w lemma="að" type="cn">að</w>
            <w lemma="leggja" type="sng">leggja</w>
            <w lemma="efnahagskerfi" type="nheo">efnahagskerfi</w>
            <w lemma="land" type="nheeg">landsins</w>
            <w lemma="í" type="af">í</w>
            <w lemma="rúst" type="nveo">rúst</w>
            <c type="pl">.</c>
          </s>
        </p>
      </div1>
    </body>
  </text>
</TEI>
