<?xml version="1.0" encoding="utf-8"?>
<TEI xmlns="http://www.tei-c.org/ns/1.0">
  <teiHeader>
    <fileDesc>
      <titleStmt>
        <title>
          <title type="main">Líkfundur í Dritvík</title>
        </title>
        <respStmt>
          <resp xml:lang="is">Söfnun og úrvinnsla texta</resp>
          <resp xml:lang="en">Collection and processing of text</resp>
          <name xml:lang="is">Stofnun Árna Magnússonar í íslenskum fræðum</name>
          <name xml:lang="en">The Arni Magnusson Institute for Icelandic Studies</name>
        </respStmt>
      </titleStmt>
      <editionStmt>
        <p xml:lang="is">Íslensk risamálheild (2019)</p>
        <p xml:lang="en">Tagged Icelandic Gigaword Corpus (2019)</p>
      </editionStmt>
      <publicationStmt>
        <distributor xml:lang="is">Stofnun Árna Magnússonar í íslenskum fræðum</distributor>
        <distributor xml:lang="en">The Arni Magnusson Institute for Icelandic Studies</distributor>
        <address>
          <addrLine xml:lang="is">Árnagarður við Suðurgötu, 107 Reykjavík, Íslandi</addrLine>
          <addrLine xml:lang="en">Árnagarður Suðurgata, 107 Reykjavik, Iceland</addrLine>
          <addrLine>
            <email>arnastofnun@arnastofnun.is</email>
          </addrLine>
        </address>
        <idno type="risam">G-25-2547473</idno>
        <availability>
          <p xml:lang="is">Þessi texti er til notkunar í málrannsóknum og máltækniverkefnum um allan heim með sérstöku leyfi, sjá rmh2Hdr.xml</p>
          <p xml:lang="en">This text is available for use in language research and language technology projects world wide with a special license, see rmh2Hdr.xml</p>
        </availability>
        <date>2020-05-26</date>
      </publicationStmt>
      <sourceDesc>
        <biblStruct>
          <analytic>
            <title>
              <title type="main">Líkfundur í Dritvík</title>
            </title>
            <date when="2013-03-29T12:00:00">29.03 2013 kl. 12:00:00</date>
          </analytic>
          <monogr>
            <title>Bylgjan</title>
            <imprint>
              <publisher>365 miðlar hf.</publisher>
              <pubPlace>Reykjavík</pubPlace>
            </imprint>
          </monogr>
        </biblStruct>
      </sourceDesc>
    </fileDesc>
    <encodingDesc>
      <projectDesc>
        <p xml:lang="is">Sjá lýsingu á verkefninu í rmh2Hdr.xml.</p>
        <p xml:lang="en">See description of project in rmh2Hdr.xml.</p>
      </projectDesc>
      <tagsDecl>
        <namespace name="http://www.tei-c.org/ns/1.0">
          <tagUsage gi="text" occurs="1"/>
          <tagUsage gi="body" occurs="1"/>
          <tagUsage gi="div1" occurs="1"/>
          <tagUsage gi="p" occurs="1"/>
          <tagUsage gi="s" occurs="6"/>
          <tagUsage gi="w" occurs="136"/>
          <tagUsage gi="c" occurs="8"/>
        </namespace>
      </tagsDecl>
    </encodingDesc>
    <profileDesc>
     <textClass>
      <keywords scheme="#RMH">
       <list>
        <item>Frétt – almennt</item>
       </list>
      </keywords>
     </textClass>
    </profileDesc>
  </teiHeader>
  <text>
    <body>
      <div1>
        <p n="1">
          <s n="1">
            <w lemma="lögregla" type="nveþg">Lögreglunni</w>
            <w lemma="á" type="af">á</w>
            <w lemma="Snæfellsnes" type="nheþ-s">Snæfellsnesi</w>
            <w lemma="bera" type="sfm3eþ">barst</w>
            <w lemma="tilkynning" type="nven">tilkynning</w>
            <w lemma="í" type="aa">í</w>
            <w lemma="gær" type="aa">gær</w>
            <w lemma="klukka" type="nveng">klukkan</w>
            <w lemma="fjórir" type="ta">fjögur</w>
            <w lemma="um" type="af">um</w>
            <w lemma="látinn" type="lkeosf">látinn</w>
            <w lemma="maður" type="nkeo">mann</w>
            <w lemma="í" type="af">í</w>
            <w lemma="neyðarskýli" type="nheþg">neyðarskýlinu</w>
            <w lemma="í" type="af">í</w>
            <w lemma="Dritvík" type="nveþ-s">Dritvík</w>
            <w lemma="á" type="af">á</w>
            <w lemma="Snæfellsnes" type="nheþ-s">Snæfellsnesi</w>
            <c type="pl">.</c>
          </s>
          <s n="2">
            <w lemma="þessi" type="fahen">Þetta</w>
            <w lemma="koma" type="sfg3en">kemur</w>
            <w lemma="fram" type="aa">fram</w>
            <w lemma="í" type="af">í</w>
            <w lemma="tilkynning" type="nveþ">tilkynningu</w>
            <w lemma="frá" type="af">frá</w>
            <w lemma="lögregla" type="nveþg">lögreglunni</w>
            <w lemma="en" type="c">en</w>
            <w lemma="það" type="fphen">það</w>
            <w lemma="vera" type="sfg3eþ">var</w>
            <w lemma="björgunarsveitarmaður" type="nken">björgunarsveitarmaður</w>
            <w lemma="sem" type="ct">sem</w>
            <w lemma="vera" type="sfg3eþ">var</w>
            <w lemma="í" type="af">í</w>
            <w lemma="reglulegur" type="lheþsf">reglulegu</w>
            <w lemma="eftirlit" type="nheþ">eftirliti</w>
            <w lemma="með" type="af">með</w>
            <w lemma="neyðarskýli" type="nhfþ">neyðarskýlum</w>
            <w lemma="sem" type="ct">sem</w>
            <w lemma="tilkynna" type="sfg3eþ">tilkynnti</w>
            <w lemma="um" type="af">um</w>
            <w lemma="mál" type="nheog">málið</w>
            <c type="pl">.</c>
          </s>
          <s n="3">
            <w lemma="rannsóknardeild" type="nven">Rannsóknardeild</w>
            <w lemma="lögregla" type="nveeg">lögreglunnar</w>
            <w lemma="á" type="af">á</w>
            <w lemma="Akranes" type="nheþ-s">Akranesi</w>
            <w lemma="vera" type="sfg3eþ">var</w>
            <w lemma="kveðja" type="sþgven">kvödd</w>
            <w lemma="til" type="aa">til</w>
            <w lemma="svo" type="aa">svo</w>
            <w lemma="og" type="c">og</w>
            <w lemma="tæknideild" type="nven">tæknideild</w>
            <w lemma="lögreglustjóri" type="nkeeg">lögreglustjórans</w>
            <w lemma="á" type="af">á</w>
            <w lemma="höfuðborgarsvæði" type="nheþg">höfuðborgarsvæðinu</w>
            <c type="pl">.</c>
          </s>
          <s n="4">
            <w lemma="vettvangsrannsókn" type="nven">Vettvangsrannsókn</w>
            <w lemma="vera" type="sfg3eþ">var</w>
            <w lemma="gera" type="sþgven">gerð</w>
            <w lemma="sem" type="ct">sem</w>
            <w lemma="leiða" type="sfg3eþ">leiddi</w>
            <w lemma="í" type="af">í</w>
            <w lemma="ljós" type="nheo">ljós</w>
            <w lemma="að" type="c">að</w>
            <w lemma="lát" type="nhen">lát</w>
            <w lemma="maður" type="nkeeg">mannsins</w>
            <w lemma="hafa" type="sfg3en">hefur</w>
            <w lemma="ekki" type="aa">ekki</w>
            <w lemma="bera" type="sþghen">borið</w>
            <w lemma="að" type="aa">að</w>
            <w lemma="með" type="af">með</w>
            <w lemma="saknæmur" type="lkeþsf">saknæmum</w>
            <w lemma="háttur" type="nkeþ">hætti</w>
            <c type="pl">.</c>
          </s>
          <s n="5">
            <w lemma="lögregla" type="nveng">Lögreglan</w>
            <w lemma="telja" type="sfg3en">telur</w>
            <w lemma="að" type="c">að</w>
            <w lemma="um" type="af">um</w>
            <w lemma="erlendur" type="lkeosf">erlendan</w>
            <w lemma="ferðamaður" type="nkeo">ferðamann</w>
            <w lemma="vera" type="svg3en">sé</w>
            <w lemma="að" type="cn">að</w>
            <w lemma="ræða" type="sng">ræða</w>
            <c type="pk">,</c>
            <w lemma="að" type="af">að</w>
            <w lemma="allur" type="fohfþ">öllum</w>
            <w lemma="líkindi" type="nhfþ">líkindum</w>
            <w lemma="frönskumælandi" type="lhenof">frönskumælandi</w>
            <c type="pk">,</c>
            <w lemma="en" type="c">en</w>
            <w lemma="ekki" type="aa">ekki</w>
            <w lemma="vera" type="sfg3en">er</w>
            <w lemma="vita" type="sþghen">vitað</w>
            <w lemma="hver" type="foken">hver</w>
            <w lemma="sá" type="faken">sá</w>
            <w lemma="látinn" type="lkenvf">látni</w>
            <w lemma="vera" type="sfg3en">er</w>
            <w lemma="en" type="c">en</w>
            <w lemma="telja" type="sþghen">talið</w>
            <w lemma="vera" type="sfg3en">er</w>
            <w lemma="að" type="c">að</w>
            <w lemma="hann" type="fpken">hann</w>
            <w lemma="hafa" type="svg3en">hafi</w>
            <w lemma="láta" type="sþmhen">látist</w>
            <w lemma="eftir" type="af">eftir</w>
            <w lemma="22." type="ta">22.</w>
            <w lemma="mars" type="nkeo">mars</w>
            <w lemma="síðastliðinn" type="lkeosf">síðastliðinn</w>
            <c type="pl">.</c>
          </s>
          <s n="6">
            <w lemma="ef" type="c">Ef</w>
            <w lemma="einhver" type="fokfn">einhverjir</w>
            <w lemma="geta" type="sfg3fn">geta</w>
            <w lemma="gefa" type="sþghen">gefið</w>
            <w lemma="upplýsing" type="nvfo">upplýsingar</w>
            <w lemma="um" type="af">um</w>
            <w lemma="hinn" type="gkeo">hinn</w>
            <w lemma="látinn" type="lkeovf">látna</w>
            <w lemma="og" type="c">og</w>
            <w lemma="eða" type="c">eða</w>
            <w lemma="um" type="af">um</w>
            <w lemma="mannaferð" type="nvfo">mannaferðir</w>
            <w lemma="á" type="af">á</w>
            <w lemma="síðari" type="lkfþve">síðustu</w>
            <w lemma="dagur" type="nkfþ">dögum</w>
            <w lemma="í" type="af">í</w>
            <w lemma="Dritvík" type="nveþ-s">Dritvík</w>
            <w lemma="vera" type="sfg3fn">eru</w>
            <w lemma="hann" type="fpkfn">þeir</w>
            <w lemma="vinsamlega" type="aae">vinsamlegast</w>
            <w lemma="bíða" type="sþgkfn">beðnir</w>
            <w lemma="um" type="af">um</w>
            <w lemma="að" type="cn">að</w>
            <w lemma="hafa" type="sng">hafa</w>
            <w lemma="samband" type="nheo">samband</w>
            <w lemma="við" type="af">við</w>
            <w lemma="lögregla" type="nveog">lögregluna</w>
            <w lemma="á" type="af">á</w>
            <w lemma="Snæfellsnes" type="nheþ-s">Snæfellsnesi</w>
            <w lemma="eða" type="c">eða</w>
            <w lemma="rannsóknardeild" type="nveþ">rannsóknardeild</w>
            <w lemma="lögregla" type="nveeg">lögreglunnar</w>
            <w lemma="á" type="af">á</w>
            <w lemma="Akranes" type="nheþ-s">Akranesi</w>
            <c type="pl">.</c>
          </s>
        </p>
      </div1>
    </body>
  </text>
</TEI>
