<?xml version="1.0" encoding="utf-8"?>
<TEI xmlns="http://www.tei-c.org/ns/1.0">
  <teiHeader>
    <fileDesc>
      <titleStmt>
        <title>
          <title type="main">Grikkland - Umdeild lög samþykkt</title>
        </title>
        <respStmt>
          <resp xml:lang="is">Söfnun og úrvinnsla texta</resp>
          <resp xml:lang="en">Collection and processing of text</resp>
          <name xml:lang="is">Stofnun Árna Magnússonar í íslenskum fræðum</name>
          <name xml:lang="en">The Arni Magnusson Institute for Icelandic Studies</name>
        </respStmt>
      </titleStmt>
      <editionStmt>
        <p xml:lang="is">Íslensk risamálheild (2019)</p>
        <p xml:lang="en">Tagged Icelandic Gigaword Corpus (2019)</p>
      </editionStmt>
      <publicationStmt>
        <distributor xml:lang="is">Stofnun Árna Magnússonar í íslenskum fræðum</distributor>
        <distributor xml:lang="en">The Arni Magnusson Institute for Icelandic Studies</distributor>
        <address>
          <addrLine xml:lang="is">Árnagarður við Suðurgötu, 107 Reykjavík, Íslandi</addrLine>
          <addrLine xml:lang="en">Árnagarður Suðurgata, 107 Reykjavik, Iceland</addrLine>
          <addrLine>
            <email>arnastofnun@arnastofnun.is</email>
          </addrLine>
        </address>
        <idno type="risam">G-25-2547271</idno>
        <availability>
          <p xml:lang="is">Þessi texti er til notkunar í málrannsóknum og máltækniverkefnum um allan heim með sérstöku leyfi, sjá rmh2Hdr.xml</p>
          <p xml:lang="en">This text is available for use in language research and language technology projects world wide with a special license, see rmh2Hdr.xml</p>
        </availability>
        <date>2020-05-26</date>
      </publicationStmt>
      <sourceDesc>
        <biblStruct>
          <analytic>
            <title>
              <title type="main">Grikkland - Umdeild lög samþykkt</title>
            </title>
            <date when="2013-04-29T08:00:00">29.04 2013 kl. 08:00:00</date>
          </analytic>
          <monogr>
            <title>Bylgjan</title>
            <imprint>
              <publisher>365 miðlar hf.</publisher>
              <pubPlace>Reykjavík</pubPlace>
            </imprint>
          </monogr>
        </biblStruct>
      </sourceDesc>
    </fileDesc>
    <encodingDesc>
      <projectDesc>
        <p xml:lang="is">Sjá lýsingu á verkefninu í rmh2Hdr.xml.</p>
        <p xml:lang="en">See description of project in rmh2Hdr.xml.</p>
      </projectDesc>
      <tagsDecl>
        <namespace name="http://www.tei-c.org/ns/1.0">
          <tagUsage gi="text" occurs="1"/>
          <tagUsage gi="body" occurs="1"/>
          <tagUsage gi="div1" occurs="1"/>
          <tagUsage gi="p" occurs="1"/>
          <tagUsage gi="s" occurs="2"/>
          <tagUsage gi="w" occurs="34"/>
          <tagUsage gi="c" occurs="2"/>
        </namespace>
      </tagsDecl>
    </encodingDesc>
    <profileDesc>
     <textClass>
      <keywords scheme="#RMH">
       <list>
        <item>Frétt – almennt</item>
       </list>
      </keywords>
     </textClass>
    </profileDesc>
  </teiHeader>
  <text>
    <body>
      <div1>
        <p n="1">
          <s n="1">
            <w lemma="grískur" type="lhenvf">Gríska</w>
            <w lemma="þing" type="nheng">þingið</w>
            <w lemma="samþykkja" type="sfg3eþ">samþykkti</w>
            <w lemma="lög" type="nhfo">lög</w>
            <w lemma="fyrir" type="af">fyrir</w>
            <w lemma="helgi" type="nveo">helgi</w>
            <w lemma="sem" type="ct">sem</w>
            <w lemma="ganga" type="sfg3fn">ganga</w>
            <w lemma="út" type="aa">út</w>
            <w lemma="á" type="af">á</w>
            <w lemma="að" type="c">að</w>
            <w lemma="15" type="to">15</w>
            <w lemma="þúsund" type="tfkfn">þúsund</w>
            <w lemma="opinber" type="lkfnsf">opinberir</w>
            <w lemma="starfsmaður" type="nkfn">starfsmenn</w>
            <w lemma="missa" type="sfg3fn">missa</w>
            <w lemma="starf" type="nhfo">störf</w>
            <w lemma="sinn" type="fehfo">sín</w>
            <w lemma="áður" type="aa">áður</w>
            <w lemma="en" type="c">en</w>
            <w lemma="ár" type="nheng">árið</w>
            <w lemma="vera" type="sfg3en">er</w>
            <w lemma="úti" type="aa">úti</w>
            <c type="pl">.</c>
          </s>
          <s n="2">
            <w lemma="lög" type="nhfng">Lögin</w>
            <w lemma="vera" type="sfg3fn">eru</w>
            <w lemma="umdeildur" type="lhfnsf">umdeild</w>
            <w lemma="en" type="c">en</w>
            <w lemma="vera" type="sfg3fþ">voru</w>
            <w lemma="samþykkja" type="sþghfn">samþykkt</w>
            <w lemma="með" type="af">með</w>
            <w lemma="168" type="ta">168</w>
            <w lemma="atkvæði" type="nhfþ">atkvæðum</w>
            <w lemma="gegn" type="af">gegn</w>
            <w lemma="123" type="ta">123</w>
            <c type="pl">.</c>
          </s>
        </p>
      </div1>
    </body>
  </text>
</TEI>
