<?xml version="1.0" encoding="utf-8"?>
<TEI xmlns="http://www.tei-c.org/ns/1.0">
  <teiHeader>
    <fileDesc>
      <titleStmt>
        <title>
          <title type="main">Indland - Fá ekki einkaleyfi</title>
        </title>
        <respStmt>
          <resp xml:lang="is">Söfnun og úrvinnsla texta</resp>
          <resp xml:lang="en">Collection and processing of text</resp>
          <name xml:lang="is">Stofnun Árna Magnússonar í íslenskum fræðum</name>
          <name xml:lang="en">The Arni Magnusson Institute for Icelandic Studies</name>
        </respStmt>
      </titleStmt>
      <editionStmt>
        <p xml:lang="is">Íslensk risamálheild (2019)</p>
        <p xml:lang="en">Tagged Icelandic Gigaword Corpus (2019)</p>
      </editionStmt>
      <publicationStmt>
        <distributor xml:lang="is">Stofnun Árna Magnússonar í íslenskum fræðum</distributor>
        <distributor xml:lang="en">The Arni Magnusson Institute for Icelandic Studies</distributor>
        <address>
          <addrLine xml:lang="is">Árnagarður við Suðurgötu, 107 Reykjavík, Íslandi</addrLine>
          <addrLine xml:lang="en">Árnagarður Suðurgata, 107 Reykjavik, Iceland</addrLine>
          <addrLine>
            <email>arnastofnun@arnastofnun.is</email>
          </addrLine>
        </address>
        <idno type="risam">G-25-2546554</idno>
        <availability>
          <p xml:lang="is">Þessi texti er til notkunar í málrannsóknum og máltækniverkefnum um allan heim með sérstöku leyfi, sjá rmh2Hdr.xml</p>
          <p xml:lang="en">This text is available for use in language research and language technology projects world wide with a special license, see rmh2Hdr.xml</p>
        </availability>
        <date>2020-05-26</date>
      </publicationStmt>
      <sourceDesc>
        <biblStruct>
          <analytic>
            <title>
              <title type="main">Indland - Fá ekki einkaleyfi</title>
            </title>
            <date when="2013-04-01T12:00:00">01.04 2013 kl. 12:00:00</date>
          </analytic>
          <monogr>
            <title>Bylgjan</title>
            <imprint>
              <publisher>365 miðlar hf.</publisher>
              <pubPlace>Reykjavík</pubPlace>
            </imprint>
          </monogr>
        </biblStruct>
      </sourceDesc>
    </fileDesc>
    <encodingDesc>
      <projectDesc>
        <p xml:lang="is">Sjá lýsingu á verkefninu í rmh2Hdr.xml.</p>
        <p xml:lang="en">See description of project in rmh2Hdr.xml.</p>
      </projectDesc>
      <tagsDecl>
        <namespace name="http://www.tei-c.org/ns/1.0">
          <tagUsage gi="text" occurs="1"/>
          <tagUsage gi="body" occurs="1"/>
          <tagUsage gi="div1" occurs="1"/>
          <tagUsage gi="p" occurs="1"/>
          <tagUsage gi="s" occurs="2"/>
          <tagUsage gi="w" occurs="31"/>
          <tagUsage gi="c" occurs="2"/>
        </namespace>
      </tagsDecl>
    </encodingDesc>
    <profileDesc>
     <textClass>
      <keywords scheme="#RMH">
       <list>
        <item>Frétt – almennt</item>
       </list>
      </keywords>
     </textClass>
    </profileDesc>
  </teiHeader>
  <text>
    <body>
      <div1>
        <p n="1">
          <s n="1">
            <w lemma="svissneskur" type="lhenvf">Svissneska</w>
            <w lemma="lyfjafyrirtæki" type="nhen">lyfjafyrirtæki</w>
            <w lemma="Novartis" type="n----s">Novartis</w>
            <w lemma="fá" type="sfg3en">fær</w>
            <w lemma="ekki" type="aa">ekki</w>
            <w lemma="einkaleyfi" type="nheo">einkaleyfi</w>
            <w lemma="á" type="af">á</w>
            <w lemma="endurbættur" type="lveþsf">endurbættri</w>
            <w lemma="útgáfa" type="nveþ">útgáfu</w>
            <w lemma="sinn" type="feveþ">sinni</w>
            <w lemma="á" type="af">á</w>
            <w lemma="krabbameinslyf" type="nheþg">krabbameinslyfinu</w>
            <w lemma="Glivec" type="n----s">Glivec</w>
            <c type="pl">.</c>
          </s>
          <s n="2">
            <w lemma="hæstiréttur" type="nken">Hæstiréttur</w>
            <w lemma="á" type="af">á</w>
            <w lemma="Indland" type="nheþ-s">Indlandi</w>
            <w lemma="hafna" type="sfg3eþ">hafnaði</w>
            <w lemma="beiðni" type="nveþ">beiðni</w>
            <w lemma="fyrirtæki" type="nheeg">fyrirtækisins</w>
            <w lemma="á" type="af">á</w>
            <w lemma="sá" type="favfþ">þeim</w>
            <w lemma="forsenda" type="nvfþ">forsendum</w>
            <w lemma="að" type="c">að</w>
            <w lemma="nýr" type="lvenvf">nýja</w>
            <w lemma="útgáfa" type="nveng">útgáfan</w>
            <w lemma="af" type="af">af</w>
            <w lemma="lyf" type="nheþg">lyfinu</w>
            <w lemma="vera" type="svg3eþ">væri</w>
            <w lemma="keimlíkur" type="lvensf">keimlík</w>
            <w lemma="sá" type="faveþ">þeirri</w>
            <w lemma="gamall" type="lveþvf">gömlu</w>
            <c type="pl">.</c>
          </s>
        </p>
      </div1>
    </body>
  </text>
</TEI>
