<?xml version="1.0" encoding="utf-8"?>
<TEI xmlns="http://www.tei-c.org/ns/1.0">
  <teiHeader>
    <fileDesc>
      <titleStmt>
        <title>
          <title type="main">Kína - Ekki hætta á heimsfaraldri</title>
        </title>
        <respStmt>
          <resp xml:lang="is">Söfnun og úrvinnsla texta</resp>
          <resp xml:lang="en">Collection and processing of text</resp>
          <name xml:lang="is">Stofnun Árna Magnússonar í íslenskum fræðum</name>
          <name xml:lang="en">The Arni Magnusson Institute for Icelandic Studies</name>
        </respStmt>
      </titleStmt>
      <editionStmt>
        <p xml:lang="is">Íslensk risamálheild (2019)</p>
        <p xml:lang="en">Tagged Icelandic Gigaword Corpus (2019)</p>
      </editionStmt>
      <publicationStmt>
        <distributor xml:lang="is">Stofnun Árna Magnússonar í íslenskum fræðum</distributor>
        <distributor xml:lang="en">The Arni Magnusson Institute for Icelandic Studies</distributor>
        <address>
          <addrLine xml:lang="is">Árnagarður við Suðurgötu, 107 Reykjavík, Íslandi</addrLine>
          <addrLine xml:lang="en">Árnagarður Suðurgata, 107 Reykjavik, Iceland</addrLine>
          <addrLine>
            <email>arnastofnun@arnastofnun.is</email>
          </addrLine>
        </address>
        <idno type="risam">G-25-2548424</idno>
        <availability>
          <p xml:lang="is">Þessi texti er til notkunar í málrannsóknum og máltækniverkefnum um allan heim með sérstöku leyfi, sjá rmh2Hdr.xml</p>
          <p xml:lang="en">This text is available for use in language research and language technology projects world wide with a special license, see rmh2Hdr.xml</p>
        </availability>
        <date>2020-05-26</date>
      </publicationStmt>
      <sourceDesc>
        <biblStruct>
          <analytic>
            <title>
              <title type="main">Kína - Ekki hætta á heimsfaraldri</title>
            </title>
            <date when="2013-04-05T08:00:00">05.04 2013 kl. 08:00:00</date>
          </analytic>
          <monogr>
            <title>Bylgjan</title>
            <imprint>
              <publisher>365 miðlar hf.</publisher>
              <pubPlace>Reykjavík</pubPlace>
            </imprint>
          </monogr>
        </biblStruct>
      </sourceDesc>
    </fileDesc>
    <encodingDesc>
      <projectDesc>
        <p xml:lang="is">Sjá lýsingu á verkefninu í rmh2Hdr.xml.</p>
        <p xml:lang="en">See description of project in rmh2Hdr.xml.</p>
      </projectDesc>
      <tagsDecl>
        <namespace name="http://www.tei-c.org/ns/1.0">
          <tagUsage gi="text" occurs="1"/>
          <tagUsage gi="body" occurs="1"/>
          <tagUsage gi="div1" occurs="1"/>
          <tagUsage gi="p" occurs="1"/>
          <tagUsage gi="s" occurs="1"/>
          <tagUsage gi="w" occurs="24"/>
          <tagUsage gi="c" occurs="1"/>
        </namespace>
      </tagsDecl>
    </encodingDesc>
    <profileDesc>
     <textClass>
      <keywords scheme="#RMH">
       <list>
        <item>Frétt – almennt</item>
       </list>
      </keywords>
     </textClass>
    </profileDesc>
  </teiHeader>
  <text>
    <body>
      <div1>
        <p n="1">
          <s n="1">
            <w lemma="ekki" type="aa">Ekki</w>
            <w lemma="vera" type="sfg3en">er</w>
            <w lemma="telja" type="sþgven">talin</w>
            <w lemma="hætta" type="nven">hætta</w>
            <w lemma="á" type="af">á</w>
            <w lemma="að" type="c">að</w>
            <w lemma="heimsfaraldur" type="nken">heimsfaraldur</w>
            <w lemma="brjóta" type="svm3en">brjótist</w>
            <w lemma="út" type="aa">út</w>
            <w lemma="þrátt" type="aa">þrátt</w>
            <w lemma="fyrir" type="af">fyrir</w>
            <w lemma="að" type="c">að</w>
            <w lemma="fuglaflensa" type="nveng">fuglaflensan</w>
            <w lemma="H7N9" type="x">H7N9</w>
            <w lemma="hafa" type="svg3en">hafi</w>
            <w lemma="draga" type="sþghen">dregið</w>
            <w lemma="sex" type="tfkfn">sex</w>
            <w lemma="maður" type="nkee">manns</w>
            <w lemma="til" type="af">til</w>
            <w lemma="dauði" type="nkee">dauða</w>
            <w lemma="í" type="af">í</w>
            <w lemma="Kína" type="nheþ-s">Kína</w>
            <w lemma="síðari" type="lvfove">síðustu</w>
            <w lemma="vika" type="nvfo">vikur</w>
            <c type="pl">.</c>
          </s>
        </p>
      </div1>
    </body>
  </text>
</TEI>
