<?xml version="1.0" encoding="utf-8"?>
<TEI xmlns="http://www.tei-c.org/ns/1.0">
  <teiHeader>
    <fileDesc>
      <titleStmt>
        <title>
          <title type="main">Hælisleitendur handteknir</title>
        </title>
        <respStmt>
          <resp xml:lang="is">Söfnun og úrvinnsla texta</resp>
          <resp xml:lang="en">Collection and processing of text</resp>
          <name xml:lang="is">Stofnun Árna Magnússonar í íslenskum fræðum</name>
          <name xml:lang="en">The Arni Magnusson Institute for Icelandic Studies</name>
        </respStmt>
      </titleStmt>
      <editionStmt>
        <p xml:lang="is">Íslensk risamálheild (2019)</p>
        <p xml:lang="en">Tagged Icelandic Gigaword Corpus (2019)</p>
      </editionStmt>
      <publicationStmt>
        <distributor xml:lang="is">Stofnun Árna Magnússonar í íslenskum fræðum</distributor>
        <distributor xml:lang="en">The Arni Magnusson Institute for Icelandic Studies</distributor>
        <address>
          <addrLine xml:lang="is">Árnagarður við Suðurgötu, 107 Reykjavík, Íslandi</addrLine>
          <addrLine xml:lang="en">Árnagarður Suðurgata, 107 Reykjavik, Iceland</addrLine>
          <addrLine>
            <email>arnastofnun@arnastofnun.is</email>
          </addrLine>
        </address>
        <idno type="risam">G-25-2539223</idno>
        <availability>
          <p xml:lang="is">Þessi texti er til notkunar í málrannsóknum og máltækniverkefnum um allan heim með sérstöku leyfi, sjá rmh2Hdr.xml</p>
          <p xml:lang="en">This text is available for use in language research and language technology projects world wide with a special license, see rmh2Hdr.xml</p>
        </availability>
        <date>2020-05-26</date>
      </publicationStmt>
      <sourceDesc>
        <biblStruct>
          <analytic>
            <title>
              <title type="main">Hælisleitendur handteknir</title>
            </title>
            <date when="2013-04-23T08:00:00">23.04 2013 kl. 08:00:00</date>
          </analytic>
          <monogr>
            <title>Bylgjan</title>
            <imprint>
              <publisher>365 miðlar hf.</publisher>
              <pubPlace>Reykjavík</pubPlace>
            </imprint>
          </monogr>
        </biblStruct>
      </sourceDesc>
    </fileDesc>
    <encodingDesc>
      <projectDesc>
        <p xml:lang="is">Sjá lýsingu á verkefninu í rmh2Hdr.xml.</p>
        <p xml:lang="en">See description of project in rmh2Hdr.xml.</p>
      </projectDesc>
      <tagsDecl>
        <namespace name="http://www.tei-c.org/ns/1.0">
          <tagUsage gi="text" occurs="1"/>
          <tagUsage gi="body" occurs="1"/>
          <tagUsage gi="div1" occurs="1"/>
          <tagUsage gi="p" occurs="1"/>
          <tagUsage gi="s" occurs="3"/>
          <tagUsage gi="w" occurs="64"/>
          <tagUsage gi="c" occurs="3"/>
        </namespace>
      </tagsDecl>
    </encodingDesc>
    <profileDesc>
     <textClass>
      <keywords scheme="#RMH">
       <list>
        <item>Frétt – almennt</item>
       </list>
      </keywords>
     </textClass>
    </profileDesc>
  </teiHeader>
  <text>
    <body>
      <div1>
        <p n="1">
          <s n="1">
            <w lemma="lögregla" type="nven">Lögregla</w>
            <w lemma="handtaka" type="sfg3eþ">handtók</w>
            <w lemma="tveir" type="tfkfo">tvo</w>
            <w lemma="hælisleitandi" type="nkfo">hælisleitendur</w>
            <w lemma="á" type="af">á</w>
            <w lemma="umráðasvæði" type="nheþ">umráðasvæði</w>
            <w lemma="Eimskip" type="nhee-s">Eimskips</w>
            <w lemma="við" type="af">við</w>
            <w lemma="Sundahöfn" type="nveo-s">Sundahöfn</w>
            <w lemma="í" type="af">í</w>
            <w lemma="Reykjavík" type="nveþ-s">Reykjavík</w>
            <w lemma="á" type="af">á</w>
            <w lemma="fimmti" type="lkeþvf">fimmta</w>
            <w lemma="tími" type="nkeþg">tímanum</w>
            <w lemma="í" type="af">í</w>
            <w lemma="nótt" type="nveo">nótt</w>
            <w lemma="grunaður" type="lveosf">grunaða</w>
            <w lemma="um" type="af">um</w>
            <w lemma="að" type="cn">að</w>
            <w lemma="hafa" type="sng">hafa</w>
            <w lemma="ætla" type="sþghen">ætlað</w>
            <w lemma="að" type="cn">að</w>
            <w lemma="koma" type="snm">komast</w>
            <w lemma="um" type="af">um</w>
            <w lemma="borð" type="nheo">borð</w>
            <w lemma="í" type="af">í</w>
            <w lemma="skip" type="nheo">skip</w>
            <w lemma="og" type="c">og</w>
            <w lemma="með" type="af">með</w>
            <w lemma="það" type="fpheþ">því</w>
            <w lemma="vestur" type="nheo">vestur</w>
            <w lemma="um" type="af">um</w>
            <w lemma="haf" type="nheo">haf</w>
            <w lemma="sem" type="c">sem</w>
            <w lemma="laumufarþegi" type="nkfn">laumufarþegar</w>
            <c type="pl">.</c>
          </s>
          <s n="2">
            <w lemma="öryggiseftirlit" type="nhen">Öryggiseftirlit</w>
            <w lemma="hafa" type="sfg3en">hefur</w>
            <w lemma="vera" type="sþghen">verið</w>
            <w lemma="auka" type="sþghen">aukið</w>
            <w lemma="verulega" type="aa">verulega</w>
            <w lemma="á" type="af">á</w>
            <w lemma="svæði" type="nheþg">svæðinu</w>
            <w lemma="vegna" type="af">vegna</w>
            <w lemma="margur" type="lvfesf">margra</w>
            <w lemma="slíkur" type="fbvfe">slíkra</w>
            <w lemma="tilraun" type="nvfe">tilrauna</w>
            <w lemma="undanfarinn" type="lhfosf">undanfarin</w>
            <w lemma="misseri" type="nhfo">misseri</w>
            <c type="pl">.</c>
          </s>
          <s n="3">
            <w lemma="maður" type="nkfng">Mennirnir</w>
            <w lemma="tveir" type="tfkfn">tveir</w>
            <w lemma="sem" type="ct">sem</w>
            <w lemma="vera" type="sfg3fþ">voru</w>
            <w lemma="handtaka" type="sþgkfn">handteknir</w>
            <w lemma="í" type="af">í</w>
            <w lemma="nótt" type="nveþ">nótt</w>
            <w lemma="vera" type="sfg3fn">eru</w>
            <w lemma="vista" type="sþgkfn">vistaðir</w>
            <w lemma="í" type="af">í</w>
            <w lemma="fangageymsla" type="nvfþ">fangageymslum</w>
            <w lemma="og" type="c">og</w>
            <w lemma="verða" type="sng">verða</w>
            <w lemma="yfirheyra" type="sþgkfn">yfirheyrðir</w>
            <w lemma="í" type="af">í</w>
            <w lemma="dagur" type="nkeo">dag</w>
            <c type="pl">.</c>
          </s>
        </p>
      </div1>
    </body>
  </text>
</TEI>
