<?xml version="1.0" encoding="utf-8"?>
<TEI xmlns="http://www.tei-c.org/ns/1.0">
  <teiHeader>
    <fileDesc>
      <titleStmt>
        <title>
          <title type="main">Mývatn á rauðan lista</title>
        </title>
        <respStmt>
          <resp xml:lang="is">Söfnun og úrvinnsla texta</resp>
          <resp xml:lang="en">Collection and processing of text</resp>
          <name xml:lang="is">Stofnun Árna Magnússonar í íslenskum fræðum</name>
          <name xml:lang="en">The Arni Magnusson Institute for Icelandic Studies</name>
        </respStmt>
      </titleStmt>
      <editionStmt>
        <p xml:lang="is">Íslensk risamálheild (2019)</p>
        <p xml:lang="en">Tagged Icelandic Gigaword Corpus (2019)</p>
      </editionStmt>
      <publicationStmt>
        <distributor xml:lang="is">Stofnun Árna Magnússonar í íslenskum fræðum</distributor>
        <distributor xml:lang="en">The Arni Magnusson Institute for Icelandic Studies</distributor>
        <address>
          <addrLine xml:lang="is">Árnagarður við Suðurgötu, 107 Reykjavík, Íslandi</addrLine>
          <addrLine xml:lang="en">Árnagarður Suðurgata, 107 Reykjavik, Iceland</addrLine>
          <addrLine>
            <email>arnastofnun@arnastofnun.is</email>
          </addrLine>
        </address>
        <idno type="risam">G-25-2503592</idno>
        <availability>
          <p xml:lang="is">Þessi texti er til notkunar í málrannsóknum og máltækniverkefnum um allan heim með sérstöku leyfi, sjá rmh2Hdr.xml</p>
          <p xml:lang="en">This text is available for use in language research and language technology projects world wide with a special license, see rmh2Hdr.xml</p>
        </availability>
        <date>2020-05-26</date>
      </publicationStmt>
      <sourceDesc>
        <biblStruct>
          <analytic>
            <title>
              <title type="main">Mývatn á rauðan lista</title>
            </title>
            <date when="2013-04-11T12:00:00">11.04 2013 kl. 12:00:00</date>
          </analytic>
          <monogr>
            <title>Bylgjan</title>
            <imprint>
              <publisher>365 miðlar hf.</publisher>
              <pubPlace>Reykjavík</pubPlace>
            </imprint>
          </monogr>
        </biblStruct>
      </sourceDesc>
    </fileDesc>
    <encodingDesc>
      <projectDesc>
        <p xml:lang="is">Sjá lýsingu á verkefninu í rmh2Hdr.xml.</p>
        <p xml:lang="en">See description of project in rmh2Hdr.xml.</p>
      </projectDesc>
      <tagsDecl>
        <namespace name="http://www.tei-c.org/ns/1.0">
          <tagUsage gi="text" occurs="1"/>
          <tagUsage gi="body" occurs="1"/>
          <tagUsage gi="div1" occurs="1"/>
          <tagUsage gi="p" occurs="8"/>
          <tagUsage gi="s" occurs="19"/>
          <tagUsage gi="w" occurs="400"/>
          <tagUsage gi="c" occurs="35"/>
        </namespace>
      </tagsDecl>
    </encodingDesc>
    <profileDesc>
     <textClass>
      <keywords scheme="#RMH">
       <list>
        <item>Frétt – almennt</item>
       </list>
      </keywords>
     </textClass>
    </profileDesc>
  </teiHeader>
  <text>
    <body>
      <div1>
        <p n="1">
          <s n="1">
            <w lemma="Umhverfisstofnun" type="nven-s">Umhverfisstofnun</w>
            <w lemma="ætla" type="sfg3en">ætlar</w>
            <w lemma="að" type="cn">að</w>
            <w lemma="setja" type="sng">setja</w>
            <w lemma="Mývatn" type="nheo-s">Mývatn</w>
            <w lemma="og" type="c">og</w>
            <w lemma="Laxá" type="nveo-s">Laxá</w>
            <w lemma="á" type="af">á</w>
            <w lemma="rauður" type="lkeosf">rauðan</w>
            <w lemma="listi" type="nkeo">lista</w>
            <w lemma="yfir" type="af">yfir</w>
            <w lemma="svæði" type="nhfo">svæði</w>
            <w lemma="í" type="af">í</w>
            <w lemma="hætta" type="nveþ">hættu</w>
            <w lemma="vegna" type="af">vegna</w>
            <w lemma="sá" type="fahee">þess</w>
            <w lemma="álag" type="nhee">álags</w>
            <w lemma="sem" type="ct">sem</w>
            <w lemma="það" type="fphfn">þau</w>
            <w lemma="vera" type="sfg3fn">eru</w>
            <w lemma="undir" type="aa">undir</w>
            <c type="pl">.</c>
          </s>
          <s n="2">
            <w lemma="oddviti" type="nhen">Oddviti</w>
            <w lemma="Skútustaðahreppur" type="nkee-s">Skútustaðahrepps</w>
            <w lemma="frétta" type="sfg3eþ">frétti</w>
            <w lemma="af" type="af">af</w>
            <w lemma="ákvörðun" type="nveþ">ákvörðun</w>
            <w lemma="Umhverfisstofnun" type="nvee-s">Umhverfisstofnunar</w>
            <w lemma="í" type="af">í</w>
            <w lemma="frétt" type="nvfþ">fréttum</w>
            <w lemma="í" type="af">í</w>
            <w lemma="morgunn" type="nkeo">morgun</w>
            <w lemma="og" type="c">og</w>
            <w lemma="vera" type="sfg3en">er</w>
            <w lemma="ósáttur" type="lkensf">ósáttur</w>
            <w lemma="við" type="af">við</w>
            <w lemma="sá" type="fahfo">þau</w>
            <w lemma="vinnubrögð" type="nhfo">vinnubrögð</w>
            <w lemma="stofnun" type="nveeg">stofnunarinnar</w>
            <c type="pl">.</c>
          </s>
        </p>
        <p n="2">
          <s n="1">
            <w lemma="ástæða" type="nvfng">Ástæðurnar</w>
            <w lemma="fyrir" type="af">fyrir</w>
            <w lemma="það" type="fpheþ">því</w>
            <w lemma="að" type="c">að</w>
            <w lemma="svæði" type="nhfng">svæðin</w>
            <w lemma="fara" type="sfg3fn">fara</w>
            <w lemma="á" type="af">á</w>
            <w lemma="rauður" type="lkeosf">rauðan</w>
            <w lemma="listi" type="nkeo">lista</w>
            <w lemma="vera" type="sfg3fn">eru</w>
            <w lemma="margþættur" type="lvfnsf">margþættar</w>
            <c type="pl">.</c>
          </s>
          <s n="2">
            <w lemma="í" type="af">Í</w>
            <w lemma="fyrstur" type="lheþve">fyrsta</w>
            <w lemma="lag" type="nheþ">lagi</w>
            <w lemma="vera" type="sfg3fn">eru</w>
            <w lemma="það" type="fphen">það</w>
            <w lemma="áhrif" type="nhfn">áhrif</w>
            <w lemma="frá" type="af">frá</w>
            <w lemma="Bjarnarflagsvirkjun" type="nveþ-s">Bjarnarflagsvirkjun</w>
            <c type="pk">,</c>
            <w lemma="hnignun" type="nveþ">hnignun</w>
            <w lemma="kúluskítur" type="nkee">kúluskíts</w>
            <w lemma="í" type="af">í</w>
            <w lemma="vatn" type="nheþg">vatninu</w>
            <c type="pk">,</c>
            <w lemma="ágangur" type="nken">ágangur</w>
            <w lemma="ferðamaður" type="nkfe">ferðamanna</w>
            <w lemma="og" type="c">og</w>
            <w lemma="áhyggja" type="nvfn">áhyggjur</w>
            <w lemma="af" type="af">af</w>
            <w lemma="frárennsli" type="nheþ">frárennsli</w>
            <w lemma="frá" type="af">frá</w>
            <w lemma="íbúð" type="nvfþ">íbúðum</w>
            <w lemma="og" type="c">og</w>
            <w lemma="hótel" type="nhfþ">hótelum</w>
            <c type="pl">.</c>
          </s>
          <s n="3">
            <w lemma="fjöldi" type="nken">Fjöldi</w>
            <w lemma="ferðamaður" type="nkfe">ferðamanna</w>
            <w lemma="sem" type="ct">sem</w>
            <w lemma="koma" type="sfg3en">kemur</w>
            <w lemma="að" type="af">að</w>
            <w lemma="vatn" type="nheþg">vatninu</w>
            <w lemma="hafa" type="sfg3en">hefur</w>
            <w lemma="margfalda" type="sþmhen">margfaldast</w>
            <w lemma="á" type="af">á</w>
            <w lemma="undanfarinn" type="lhfþsf">undanförnum</w>
            <w lemma="ár" type="nhfþ">árum</w>
            <w lemma="og" type="c">og</w>
            <w lemma="til" type="af">til</w>
            <w lemma="grein" type="nvfe">greina</w>
            <w lemma="koma" type="sfg3en">kemur</w>
            <w lemma="að" type="cn">að</w>
            <w lemma="loka" type="sng">loka</w>
            <w lemma="viðkvæmur" type="lhfþsf">viðkvæmum</w>
            <w lemma="svæði" type="nhfþ">svæðum</w>
            <w lemma="sem" type="ct">sem</w>
            <w lemma="hafa" type="sfg3fn">hafa</w>
            <w lemma="verða" type="sþghen">orðið</w>
            <w lemma="fyrir" type="af">fyrir</w>
            <w lemma="mikill" type="lkeþsf">miklum</w>
            <w lemma="ágangur" type="nkeþ">ágangi</w>
            <w lemma="eins" type="aa">eins</w>
            <w lemma="og" type="c">og</w>
            <w lemma="Dimmuborgir" type="nvfþ-s">Dimmuborgum</w>
            <w lemma="á" type="aa">á</w>
            <w lemma="meðan" type="c">meðan</w>
            <w lemma="svörður" type="nkeng">svörðurinn</w>
            <w lemma="vera" type="sfg3en">er</w>
            <w lemma="viðkvæmur" type="lkense">viðkvæmastur</w>
            <w lemma="í" type="af">í</w>
            <w lemma="vor" type="nheo">vor</w>
            <c type="pl">.</c>
          </s>
          <s n="4">
            <w lemma="það" type="fphen">Það</w>
            <w lemma="vera" type="sfg3eþ">var</w>
            <w lemma="Morgunblaðið" type="nhengs">Morgunblaðið</w>
            <w lemma="sem" type="ct">sem</w>
            <w lemma="greina" type="sfg3eþ">greindi</w>
            <w lemma="snemma" type="aae">fyrst</w>
            <w lemma="frá" type="af">frá</w>
            <w lemma="þessi" type="faheþ">þessu</w>
            <w lemma="í" type="af">í</w>
            <w lemma="morgunn" type="nkeo">morgun</w>
            <c type="pl">.</c>
          </s>
          <s n="5">
            <w lemma="Dagbjört" type="nven-s">Dagbjört</w>
            <w lemma="S." type="ks">S.</w>
            <w lemma="Bjarnadóttir" type="nven-s">Bjarnadóttir</w>
            <c type="pk">,</c>
            <w lemma="oddviti" type="nken">oddviti</w>
            <w lemma="Skútustaðahreppur" type="nkee-s">Skútustaðahrepps</w>
            <c type="pk">,</c>
            <w lemma="segja" type="sfg3en">segir</w>
            <w lemma="að" type="c">að</w>
            <w lemma="sveitarstjórn" type="nveng">sveitarstjórnin</w>
            <w lemma="hafa" type="svg3en">hafi</w>
            <w lemma="ekki" type="aa">ekki</w>
            <w lemma="heyra" type="sþghen">heyrt</w>
            <w lemma="aukatekinn" type="lheosf">aukatekið</w>
            <w lemma="orð" type="nheo">orð</w>
            <w lemma="um" type="af">um</w>
            <w lemma="þessi" type="faveo">þessa</w>
            <w lemma="ákvörðun" type="nveo">ákvörðun</w>
            <w lemma="Umhverfisstofnun" type="nvee-s">Umhverfisstofnunar</w>
            <c type="pl">.</c>
          </s>
        </p>
        <p n="3">
          <s n="1">
            <w lemma="Dagbjört" type="nven-s">Dagbjört</w>
            <w lemma="S." type="ks">S.</w>
            <w lemma="Bjarnadóttir" type="nven-s">Bjarnadóttir</w>
            <c type="pk">,</c>
            <w lemma="oddviti" type="nken">oddviti</w>
            <w lemma="Skútustaðahreppur" type="nkee-s">Skútustaðahrepps</w>
            <c type="pa">:</c>
            <w lemma="ég" type="fp1en">Ég</w>
            <w lemma="hafa" type="sfg1eþ">hafði</w>
            <w lemma="ekki" type="aa">ekki</w>
            <w lemma="hugmynd" type="nveo">hugmynd</w>
            <w lemma="um" type="af">um</w>
            <w lemma="þessi" type="faheo">þetta</w>
            <c type="pl">.</c>
          </s>
        </p>
        <p n="4">
          <s n="1">
            <w lemma="Ingveldur" type="nven-s">Ingveldur</w>
            <w lemma="Geirsdóttir" type="nven-s">Geirsdóttir</w>
            <c type="pa">:</c>
            <w lemma="og" type="c">Og</w>
            <w lemma="enginn" type="foken">enginn</w>
            <w lemma="í" type="af">í</w>
            <w lemma="sveitarstjórn" type="nveþg">sveitarstjórninni</w>
            <c type="pl">?</c>
          </s>
        </p>
        <p n="5">
          <s n="1">
            <w lemma="Dagbjört" type="nven-s">Dagbjört</w>
            <w lemma="S." type="ks">S.</w>
            <w lemma="Bjarnadóttir" type="nven-s">Bjarnadóttir</w>
            <c type="pa">:</c>
            <w lemma="nei" type="au">Nei</w>
            <c type="pk">,</c>
            <w lemma="nei" type="au">nei</w>
            <c type="pl">.</c>
          </s>
          <s n="2">
            <w lemma="ég" type="fp1en">Ég</w>
            <w lemma="vera" type="sfg1eþ">var</w>
            <w lemma="á" type="af">á</w>
            <w lemma="sveitarstjórnarfundur" type="nkeþ">sveitarstjórnarfundi</w>
            <w lemma="í" type="aa">í</w>
            <w lemma="gær" type="aa">gær</w>
            <w lemma="og" type="c">og</w>
            <c type="pk">,</c>
            <w lemma="og" type="c">og</w>
            <w lemma="hérna" type="aa">hérna</w>
            <w lemma="ég" type="fp1fþ">okkur</w>
            <w lemma="hafa" type="sfg3eþ">hafði</w>
            <w lemma="ekki" type="aa">ekki</w>
            <w lemma="bera" type="sþmhen">borist</w>
            <w lemma="neinn" type="fovfo">neinar</w>
            <w lemma="frétt" type="nvfn">fréttir</w>
            <w lemma="frá" type="af">frá</w>
            <w lemma="Umhverfisstofnun" type="nveþ-s">Umhverfisstofnun</w>
            <w lemma="um" type="af">um</w>
            <w lemma="það" type="fpheo">það</w>
            <w lemma="að" type="c">að</w>
            <w lemma="það" type="fphen">það</w>
            <w lemma="vera" type="svg3eþ">væri</w>
            <w lemma="vera" type="sþghen">verið</w>
            <w lemma="að" type="cn">að</w>
            <w lemma="setja" type="sng">setja</w>
            <w lemma="Mývatn" type="nheo-s">Mývatn</w>
            <w lemma="á" type="af">á</w>
            <w lemma="Rauðan" type="n----s">Rauðan</w>
            <w lemma="listi" type="nkeo">lista</w>
            <c type="pl">.</c>
          </s>
          <s n="3">
            <w lemma="ég" type="fp1fn">Við</w>
            <w lemma="vera" type="sfg1fn">erum</w>
            <w lemma="svolítið" type="aa">svolítið</w>
            <w lemma="vanur" type="lhfnsf">vön</w>
            <w lemma="það" type="fpheþ">því</w>
            <w lemma="að" type="cn">að</w>
            <w lemma="heyra" type="sng">heyra</w>
            <w lemma="um" type="af">um</w>
            <w lemma="ég" type="fp1fo">okkur</w>
            <w lemma="í" type="af">í</w>
            <w lemma="fjölmiðill" type="nkfþ">fjölmiðlum</w>
            <w lemma="og" type="c">og</w>
            <w lemma="finna" type="sfm3en">finnst</w>
            <w lemma="stundum" type="aa">stundum</w>
            <w lemma="að" type="c">að</w>
            <w lemma="það" type="fphen">það</w>
            <w lemma="mega" type="svg3eþ">mætti</w>
            <w lemma="tala" type="sng">tala</w>
            <w lemma="mikill" type="lheovm">meira</w>
            <w lemma="við" type="af">við</w>
            <w lemma="ég" type="fp1fo">okkur</w>
            <w lemma="og" type="c">og</w>
            <w lemma="þessi" type="fahen">þetta</w>
            <w lemma="vera" type="sfg3en">er</w>
            <w lemma="kannski" type="aa">kannski</w>
            <w lemma="bara" type="aa">bara</w>
            <w lemma="einn" type="tfhen">eitt</w>
            <w lemma="dæmi" type="nheng">dæmið</w>
            <w lemma="um" type="af">um</w>
            <w lemma="það" type="fpheo">það</w>
            <c type="pl">.</c>
          </s>
        </p>
        <p n="6">
          <s n="1">
            <w lemma="Dagbjört" type="nven-s">Dagbjört</w>
            <w lemma="segja" type="sfm3en">segist</w>
            <w lemma="ekki" type="aa">ekki</w>
            <w lemma="hafa" type="sng">hafa</w>
            <w lemma="hafa" type="sþghen">haft</w>
            <w lemma="hugmynd" type="nveo">hugmynd</w>
            <w lemma="um" type="af">um</w>
            <w lemma="að" type="c">að</w>
            <w lemma="ástand" type="nheng">ástandið</w>
            <w lemma="vera" type="svg3eþ">væri</w>
            <w lemma="verða" type="sþghen">orðið</w>
            <w lemma="svo" type="aa">svo</w>
            <w lemma="slæmur" type="lhensf">slæmt</w>
            <w lemma="að" type="c">að</w>
            <w lemma="það" type="fphen">það</w>
            <w lemma="eiga" type="svg3eþ">ætti</w>
            <w lemma="að" type="cn">að</w>
            <w lemma="setja" type="sng">setja</w>
            <w lemma="vatn" type="nheog">vatnið</w>
            <w lemma="á" type="af">á</w>
            <w lemma="Rauðan" type="nkeo-s">Rauðan</w>
            <w lemma="listi" type="nkeo">lista</w>
            <c type="pl">.</c>
          </s>
          <s n="2">
            <w lemma="hún" type="fpven">Hún</w>
            <w lemma="segja" type="sfg3en">segir</w>
            <w lemma="að" type="c">að</w>
            <w lemma="með" type="af">með</w>
            <w lemma="aukinn" type="lkeþsf">auknum</w>
            <w lemma="ferðamannafjöldi" type="nkeþ">ferðamannafjölda</w>
            <w lemma="hafa" type="svg3en">hafi</w>
            <w lemma="sveitarstjórn" type="nveng">sveitarstjórnin</w>
            <w lemma="margoft" type="aa">margoft</w>
            <w lemma="benda" type="sþghen">bent</w>
            <w lemma="á" type="af">á</w>
            <w lemma="að" type="c">að</w>
            <w lemma="það" type="fphen">það</w>
            <w lemma="þurfa" type="svg3en">þurfi</w>
            <w lemma="að" type="cn">að</w>
            <w lemma="vernda" type="sng">vernda</w>
            <w lemma="viðkvæmur" type="lhfosf">viðkvæm</w>
            <w lemma="svæði" type="nhfo">svæði</w>
            <w lemma="en" type="c">en</w>
            <w lemma="svo" type="aa">svo</w>
            <w lemma="lítill" type="lhensf">lítið</w>
            <w lemma="sveitarfélag" type="nheo">sveitarfélag</w>
            <w lemma="hafa" type="svg3en">hafi</w>
            <w lemma="ekki" type="aa">ekki</w>
            <w lemma="fjármagn" type="nheo">fjármagn</w>
            <w lemma="til" type="af">til</w>
            <w lemma="einn" type="fokee">eins</w>
            <w lemma="mikill" type="lveesf">mikillar</w>
            <w lemma="uppbygging" type="nvee">uppbyggingar</w>
            <w lemma="og" type="c">og</w>
            <w lemma="það" type="fphen">það</w>
            <w lemma="vilja" type="svg3eþ">vildi</w>
            <c type="pl">.</c>
          </s>
        </p>
        <p n="7">
          <s n="1">
            <w lemma="Dagbjört" type="nven-s">Dagbjört</w>
            <w lemma="S." type="ks">S.</w>
            <w lemma="Bjarnadóttir" type="nven-s">Bjarnadóttir</w>
            <c type="pa">:</c>
            <w lemma="ja" type="af">Ja</w>
            <w lemma="ég" type="fp1eþ">mér</w>
            <w lemma="finna" type="sfm3en">finnst</w>
            <w lemma="nú" type="aa">nú</w>
            <w lemma="bara" type="aa">bara</w>
            <w lemma="mjög" type="aa">mjög</w>
            <w lemma="eðlilegur" type="lhensf">eðlilegt</w>
            <w lemma="að" type="aa">að</w>
            <c type="pk">,</c>
            <w lemma="að" type="c">að</w>
            <w lemma="upplýsing" type="nvfn">upplýsingar</w>
            <w lemma="um" type="af">um</w>
            <c type="pk">,</c>
            <w lemma="hver" type="fsheo">hvað</w>
            <w lemma="eiga" type="sfg1en">á</w>
            <w lemma="ég" type="fp1en">ég</w>
            <w lemma="að" type="cn">að</w>
            <w lemma="segja" type="sng">segja</w>
            <c type="pk">,</c>
            <w lemma="eða" type="c">eða</w>
            <w lemma="rannsóknarniðurstaða" type="nvfo">rannsóknarniðurstöður</w>
            <w lemma="og" type="c">og</w>
            <w lemma="sá" type="favfo">þær</w>
            <w lemma="skoðun" type="nvfo">skoðanir</w>
            <w lemma="sem" type="ct">sem</w>
            <w lemma="vera" type="sfg3fn">eru</w>
            <w lemma="gera" type="sþgvfn">gerðar</w>
            <w lemma="á" type="af">á</w>
            <w lemma="náttúra" type="nveþg">náttúrunni</w>
            <w lemma="að" type="c">að</w>
            <w lemma="við" type="af">við</w>
            <w lemma="sveitarstjórn" type="nveo">sveitarstjórn</w>
            <w lemma="og" type="c">og</w>
            <w lemma="íbúi" type="nkfn">íbúar</w>
            <w lemma="sveitarfélag" type="nheeg">sveitarfélagsins</w>
            <w lemma="vera" type="svg3fn">séu</w>
            <w lemma="upplýstur" type="lkfnsf">upplýstir</w>
            <c type="pl">.</c>
          </s>
          <s n="2">
            <w lemma="og" type="c">Og</w>
            <w lemma="ef" type="c">ef</w>
            <w lemma="að" type="c">að</w>
            <w lemma="alvarleiki" type="nken">alvarleiki</w>
            <w lemma="mál" type="nheeg">málsins</w>
            <w lemma="vera" type="sfg3en">er</w>
            <w lemma="verða" type="sþgken">orðinn</w>
            <w lemma="svona" type="aa">svona</w>
            <w lemma="mikill" type="lkensf">mikill</w>
            <w lemma="að" type="c">að</w>
            <w lemma="þá" type="aa">þá</w>
            <w lemma="finna" type="sfm3en">finnst</w>
            <w lemma="ég" type="fp1eþ">mér</w>
            <w lemma="bara" type="aa">bara</w>
            <w lemma="ennþá" type="aa">ennþá</w>
            <w lemma="frekar" type="aam">frekar</w>
            <w lemma="að" type="c">að</w>
            <w lemma="það" type="fphen">það</w>
            <w lemma="þurfa" type="svg3en">þurfi</w>
            <w lemma="að" type="cn">að</w>
            <w lemma="upplýsa" type="sng">upplýsa</w>
            <w lemma="bæði" type="c">bæði</w>
            <w lemma="sveitarstjórnarmaður" type="nkfo">sveitarstjórnarmenn</w>
            <w lemma="og" type="c">og</w>
            <w lemma="bara" type="aa">bara</w>
            <w lemma="íbúi" type="nkfo">íbúa</w>
            <w lemma="sveitarfélag" type="nheeg">sveitarfélagsins</w>
            <c type="pl">.</c>
          </s>
        </p>
        <p n="8">
          <s n="1">
            <w lemma="Ólafur" type="nken-s">Ólafur</w>
            <w lemma="A." type="ks">A.</w>
            <w lemma="Jónsson" type="nken-s">Jónsson</w>
            <c type="pk">,</c>
            <w lemma="sviðsstjóri" type="nken">sviðsstjóri</w>
            <w lemma="hjá" type="af">hjá</w>
            <w lemma="Umhverfisstofnun" type="nveþ-s">Umhverfisstofnun</w>
            <c type="pk">,</c>
            <w lemma="segja" type="sfg3eþ">sagði</w>
            <w lemma="í" type="af">í</w>
            <w lemma="samtal" type="nheþ">samtali</w>
            <w lemma="við" type="af">við</w>
            <w lemma="fréttastofa" type="nveo">fréttastofu</w>
            <w lemma="að" type="c">að</w>
            <w lemma="hann" type="fpkeþ">honum</w>
            <w lemma="þykja" type="svg3eþ">þætti</w>
            <w lemma="lítt" type="aam">miður</w>
            <w lemma="að" type="cn">að</w>
            <w lemma="hafa" type="sng">hafa</w>
            <w lemma="ekki" type="aa">ekki</w>
            <w lemma="hafa" type="sþghen">haft</w>
            <w lemma="tak" type="nhfo">tök</w>
            <w lemma="á" type="af">á</w>
            <w lemma="það" type="fpheþ">því</w>
            <w lemma="að" type="cn">að</w>
            <w lemma="koma" type="sng">koma</w>
            <w lemma="þessi" type="favfþ">þessum</w>
            <w lemma="upplýsing" type="nvfþ">upplýsingum</w>
            <w lemma="til" type="af">til</w>
            <w lemma="sveitarfélag" type="nheeg">sveitarfélagsins</w>
            <w lemma="áður" type="aa">áður</w>
            <w lemma="en" type="c">en</w>
            <w lemma="hún" type="fpvfn">þær</w>
            <w lemma="fara" type="sfg3fþ">fóru</w>
            <w lemma="út" type="aa">út</w>
            <w lemma="í" type="af">í</w>
            <w lemma="fjölmiðill" type="nkfo">fjölmiðla</w>
            <c type="pl">.</c>
          </s>
          <s n="2">
            <w lemma="hann" type="fpken">Hann</w>
            <w lemma="segja" type="sfg3en">segir</w>
            <w lemma="að" type="c">að</w>
            <w lemma="um" type="af">um</w>
            <w lemma="vera" type="svg3en">sé</w>
            <w lemma="að" type="cn">að</w>
            <w lemma="ræða" type="sng">ræða</w>
            <w lemma="Mývatn" type="nheogs">Mývatnið</w>
            <w lemma="sem" type="ct">sem</w>
            <w lemma="slíkur" type="fbheo">slíkt</w>
            <w lemma="en" type="c">en</w>
            <w lemma="stofnun" type="nveng">stofnunin</w>
            <w lemma="hafa" type="sfg3en">hefur</w>
            <w lemma="ákveða" type="sþgvfo">ákveðnar</w>
            <w lemma="áhyggja" type="nvfo">áhyggjur</w>
            <w lemma="af" type="af">af</w>
            <w lemma="það" type="fpheþ">því</w>
            <w lemma="sem" type="ct">sem</w>
            <w lemma="verndarsvæði" type="nheo">verndarsvæði</w>
            <w lemma="og" type="c">og</w>
            <w lemma="hvernig" type="aa">hvernig</w>
            <w lemma="lífríki" type="nhen">lífríki</w>
            <w lemma="vatn" type="nheeg">vatnsins</w>
            <w lemma="hafa" type="sfg3en">hefur</w>
            <w lemma="vera" type="sþghen">verið</w>
            <w lemma="að" type="cn">að</w>
            <w lemma="þróa" type="snm">þróast</w>
            <c type="pl">.</c>
          </s>
          <s n="3">
            <w lemma="það" type="fpheþ">Því</w>
            <w lemma="vera" type="svg3en">sé</w>
            <w lemma="nú" type="aa">nú</w>
            <w lemma="flagga" type="sþghen">flaggað</w>
            <w lemma="með" type="af">með</w>
            <w lemma="rauður" type="lheþsf">rauðu</w>
            <c type="pl">.</c>
          </s>
        </p>
      </div1>
    </body>
  </text>
</TEI>
