<?xml version="1.0" encoding="utf-8"?>
<TEI xmlns="http://www.tei-c.org/ns/1.0">
  <teiHeader>
    <fileDesc>
      <titleStmt>
        <title>
          <title type="main">Vorveiðar á sjóbirtingi fóru vel af stað í gær</title>
        </title>
        <respStmt>
          <resp xml:lang="is">Söfnun og úrvinnsla texta</resp>
          <resp xml:lang="en">Collection and processing of text</resp>
          <name xml:lang="is">Stofnun Árna Magnússonar í íslenskum fræðum</name>
          <name xml:lang="en">The Arni Magnusson Institute for Icelandic Studies</name>
        </respStmt>
      </titleStmt>
      <editionStmt>
        <p xml:lang="is">Íslensk risamálheild (2019)</p>
        <p xml:lang="en">Tagged Icelandic Gigaword Corpus (2019)</p>
      </editionStmt>
      <publicationStmt>
        <distributor xml:lang="is">Stofnun Árna Magnússonar í íslenskum fræðum</distributor>
        <distributor xml:lang="en">The Arni Magnusson Institute for Icelandic Studies</distributor>
        <address>
          <addrLine xml:lang="is">Árnagarður við Suðurgötu, 107 Reykjavík, Íslandi</addrLine>
          <addrLine xml:lang="en">Árnagarður Suðurgata, 107 Reykjavik, Iceland</addrLine>
          <addrLine>
            <email>arnastofnun@arnastofnun.is</email>
          </addrLine>
        </address>
        <idno type="risam">G-25-2544237</idno>
        <availability>
          <p xml:lang="is">Þessi texti er til notkunar í málrannsóknum og máltækniverkefnum um allan heim með sérstöku leyfi, sjá rmh2Hdr.xml</p>
          <p xml:lang="en">This text is available for use in language research and language technology projects world wide with a special license, see rmh2Hdr.xml</p>
        </availability>
        <date>2020-05-26</date>
      </publicationStmt>
      <sourceDesc>
        <biblStruct>
          <analytic>
            <title>
              <title type="main">Vorveiðar á sjóbirtingi fóru vel af stað í gær</title>
            </title>
            <date when="2013-04-02T12:00:00">02.04 2013 kl. 12:00:00</date>
          </analytic>
          <monogr>
            <title>Bylgjan</title>
            <imprint>
              <publisher>365 miðlar hf.</publisher>
              <pubPlace>Reykjavík</pubPlace>
            </imprint>
          </monogr>
        </biblStruct>
      </sourceDesc>
    </fileDesc>
    <encodingDesc>
      <projectDesc>
        <p xml:lang="is">Sjá lýsingu á verkefninu í rmh2Hdr.xml.</p>
        <p xml:lang="en">See description of project in rmh2Hdr.xml.</p>
      </projectDesc>
      <tagsDecl>
        <namespace name="http://www.tei-c.org/ns/1.0">
          <tagUsage gi="text" occurs="1"/>
          <tagUsage gi="body" occurs="1"/>
          <tagUsage gi="div1" occurs="1"/>
          <tagUsage gi="p" occurs="2"/>
          <tagUsage gi="s" occurs="8"/>
          <tagUsage gi="w" occurs="151"/>
          <tagUsage gi="c" occurs="9"/>
        </namespace>
      </tagsDecl>
    </encodingDesc>
    <profileDesc>
     <textClass>
      <keywords scheme="#RMH">
       <list>
        <item>Frétt – almennt</item>
       </list>
      </keywords>
     </textClass>
    </profileDesc>
  </teiHeader>
  <text>
    <body>
      <div1>
        <p n="1">
          <s n="1">
            <w lemma="vorveiðir" type="nkfn">Vorveiðar</w>
            <w lemma="á" type="af">á</w>
            <w lemma="sjóbirtingur" type="nkeþ">sjóbirtingi</w>
            <w lemma="fara" type="sfg3fþ">fóru</w>
            <w lemma="vel" type="aa">vel</w>
            <w lemma="af" type="af">af</w>
            <w lemma="staður" type="nkeþ">stað</w>
            <w lemma="í" type="aa">í</w>
            <w lemma="gær" type="aa">gær</w>
            <w lemma="og" type="c">og</w>
            <w lemma="vera" type="sfg3fn">eru</w>
            <w lemma="veiðimaður" type="nkfn">veiðimenn</w>
            <w lemma="bjartsýnn" type="lkfnsf">bjartsýnir</w>
            <w lemma="á" type="af">á</w>
            <w lemma="góður" type="lheosf">gott</w>
            <w lemma="veiðisumar" type="nheo">veiðisumar</w>
            <c type="pl">.</c>
          </s>
        </p>
        <p n="2">
          <s n="1">
            <w lemma="einkum" type="aa">Einkum</w>
            <w lemma="vera" type="sfg3eþ">var</w>
            <w lemma="mikill" type="lkensf">mikill</w>
            <w lemma="afli" type="nken">afli</w>
            <w lemma="úr" type="af">úr</w>
            <w lemma="tungulækur" type="nkeþ">tungulæk</w>
            <w lemma="í" type="af">í</w>
            <w lemma="landbrot" type="nheþ">landbroti</w>
            <w lemma="þar" type="aa">þar</w>
            <w lemma="sem" type="c">sem</w>
            <w lemma="yfir" type="aa">yfir</w>
            <w lemma="hundrað" type="tfkfþ">hundrað</w>
            <w lemma="sjóbirtingur" type="nkfþ">sjóbirtingum</w>
            <w lemma="vera" type="sfg3eþ">var</w>
            <w lemma="landa" type="sþghen">landað</w>
            <w lemma="í" type="aa">í</w>
            <w lemma="gær" type="aa">gær</w>
            <c type="pl">.</c>
          </s>
          <s n="2">
            <w lemma="hátt" type="aa">Hátt</w>
            <w lemma="í" type="af">í</w>
            <w lemma="hundrað" type="tfkfn">hundrað</w>
            <w lemma="fiskur" type="nkfn">fiskar</w>
            <w lemma="fá" type="sfm3fþ">fengust</w>
            <w lemma="líka" type="aa">líka</w>
            <w lemma="úr" type="af">úr</w>
            <w lemma="Litlaá" type="nveþ-s">Litluá</w>
            <w lemma="í" type="af">í</w>
            <w lemma="Kelduhverfi" type="nheþ-s">Kelduhverfi</w>
            <c type="pk">,</c>
            <w lemma="þar" type="aa">þar</w>
            <w lemma="af" type="aa">af</w>
            <w lemma="um" type="aa">um</w>
            <w lemma="helmingur" type="nkeng">helmingurinn</w>
            <w lemma="stór" type="lvfosf">stórar</w>
            <w lemma="bleikja" type="nvfn">bleikjur</w>
            <c type="pl">.</c>
          </s>
          <s n="3">
            <w lemma="vatn" type="nheng">Vatnið</w>
            <w lemma="í" type="af">í</w>
            <w lemma="hún" type="fpveþ">henni</w>
            <w lemma="vera" type="sfg3en">er</w>
            <w lemma="að" type="af">að</w>
            <w lemma="jafnaður" type="nkeþ">jafnaði</w>
            <w lemma="hlýr" type="lhenvm">hlýrra</w>
            <w lemma="en" type="c">en</w>
            <w lemma="í" type="af">í</w>
            <w lemma="annar" type="fovfþ">öðrum</w>
            <w lemma="á" type="nvfþ">ám</w>
            <w lemma="og" type="c">og</w>
            <w lemma="vaxtarhraði" type="nken">vaxtarhraði</w>
            <w lemma="fiska" type="sfg3fn">fiska</w>
            <w lemma="mikill" type="lkenvm">meiri</w>
            <w lemma="en" type="c">en</w>
            <w lemma="annar" type="fokee">annars</w>
            <w lemma="staður" type="nkee">staðar</w>
            <c type="pl">.</c>
          </s>
          <s n="4">
            <w lemma="Galtalækur" type="nken-s">Galtalækur</w>
            <w lemma="og" type="c">og</w>
            <w lemma="Geiradalsá" type="nvee-s">Geiradalsár</w>
            <w lemma="á" type="af">á</w>
            <w lemma="Síða" type="nveþ-s">Síðu</w>
            <w lemma="gefa" type="sfg3fþ">gáfu</w>
            <w lemma="líka" type="aa">líka</w>
            <w lemma="góður" type="lveosf">góða</w>
            <w lemma="veiði" type="nveo">veiði</w>
            <w lemma="í" type="aa">í</w>
            <w lemma="gær" type="aa">gær</w>
            <w lemma="og" type="c">og</w>
            <w lemma="sami" type="fbveo">sömu</w>
            <w lemma="saga" type="nveo">sögu</w>
            <w lemma="vera" type="sfg3en">er</w>
            <w lemma="að" type="cn">að</w>
            <w lemma="segja" type="sng">segja</w>
            <w lemma="af" type="af">af</w>
            <w lemma="hefðbundinn" type="lvfþsf">hefðbundnum</w>
            <w lemma="veiðistöð" type="nvfþ">veiðistöðvum</w>
            <w lemma="í" type="af">í</w>
            <w lemma="Vestur-Skaftafellssýsla" type="nveþ-s">Vestur-Skaftafellssýslu</w>
            <c type="pl">.</c>
          </s>
          <s n="5">
            <w lemma="nokkur" type="fokfn">Nokkrir</w>
            <w lemma="vænn" type="lkfnsf">vænir</w>
            <w lemma="fiskur" type="nkfn">fiskar</w>
            <w lemma="fá" type="sfm3fþ">fengust</w>
            <w lemma="eða" type="c">eða</w>
            <w lemma="allur" type="fohen">allt</w>
            <w lemma="upp" type="aa">upp</w>
            <w lemma="í" type="af">í</w>
            <w lemma="80" type="ta">80</w>
            <w lemma="cm" type="ks">cm</w>
            <w lemma="en" type="c">en</w>
            <w lemma="verulegur" type="lkeþsf">verulegum</w>
            <w lemma="hluti" type="nkeþ">hluta</w>
            <w lemma="afli" type="nkeeg">aflans</w>
            <w lemma="vera" type="sfg3eþ">var</w>
            <w lemma="sleppa" type="sþghen">sleppt</w>
            <w lemma="aftur" type="aa">aftur</w>
            <w lemma="til" type="af">til</w>
            <w lemma="að" type="cn">að</w>
            <w lemma="hlífa" type="sng">hlífa</w>
            <w lemma="stofnun" type="nvfþ">stofnunum</w>
            <c type="pl">.</c>
          </s>
          <s n="6">
            <w lemma="annars" type="aa">Annars</w>
            <w lemma="vera" type="sfg3en">er</w>
            <w lemma="það" type="fphen">það</w>
            <w lemma="samdóma" type="lhenof">samdóma</w>
            <w lemma="álit" type="nhen">álit</w>
            <w lemma="veiðimaður" type="nkfe">veiðimanna</w>
            <w lemma="að" type="c">að</w>
            <w lemma="veiði" type="nveng">veiðin</w>
            <w lemma="hafa" type="svg3en">hafi</w>
            <w lemma="heill" type="lheosf">heilt</w>
            <w lemma="yfir" type="aa">yfir</w>
            <w lemma="fara" type="sþghen">farið</w>
            <w lemma="vel" type="aa">vel</w>
            <w lemma="af" type="af">af</w>
            <w lemma="staður" type="nkeþ">stað</w>
            <w lemma="og" type="c">og</w>
            <w lemma="lofa" type="svg3en">lofi</w>
            <w lemma="góður" type="lheþsf">góðu</w>
            <c type="pl">.</c>
          </s>
          <s n="7">
            <w lemma="það" type="fphen">Það</w>
            <w lemma="virða" type="sfm3en">virðist</w>
            <w lemma="því" type="aa">því</w>
            <w lemma="enginn" type="fohen">ekkert</w>
            <w lemma="sjáanlegur" type="lhensf">sjáanlegt</w>
            <w lemma="samhengi" type="nhen">samhengi</w>
            <w lemma="vera" type="sng">vera</w>
            <w lemma="með" type="af">með</w>
            <w lemma="viðkoma" type="nveþ">viðkomu</w>
            <w lemma="sjóbirtingur" type="nkee">sjóbirtings</w>
            <w lemma="og" type="c">og</w>
            <w lemma="lax" type="nkeeg">laxins</w>
            <w lemma="en" type="c">en</w>
            <w lemma="hrun" type="nhen">hrun</w>
            <w lemma="verða" type="sfg3eþ">varð</w>
            <w lemma="í" type="af">í</w>
            <w lemma="laxveiði" type="nvfþ">laxveiðum</w>
            <w lemma="víða" type="aae">víðast</w>
            <w lemma="hvar" type="aa">hvar</w>
            <w lemma="á" type="af">á</w>
            <w lemma="land" type="nheþg">landinu</w>
            <w lemma="í" type="af">í</w>
            <w lemma="fyrri" type="lheovm">fyrra</w>
            <c type="pl">.</c>
          </s>
        </p>
      </div1>
    </body>
  </text>
</TEI>
