<?xml version="1.0" encoding="utf-8"?>
<TEI xmlns="http://www.tei-c.org/ns/1.0">
  <teiHeader>
    <fileDesc>
      <titleStmt>
        <title>
          <title type="main">Fyrrverandi forstjóri FME dæmdur</title>
        </title>
        <respStmt>
          <resp xml:lang="is">Söfnun og úrvinnsla texta</resp>
          <resp xml:lang="en">Collection and processing of text</resp>
          <name xml:lang="is">Stofnun Árna Magnússonar í íslenskum fræðum</name>
          <name xml:lang="en">The Arni Magnusson Institute for Icelandic Studies</name>
        </respStmt>
      </titleStmt>
      <editionStmt>
        <p xml:lang="is">Íslensk risamálheild (2019)</p>
        <p xml:lang="en">Tagged Icelandic Gigaword Corpus (2019)</p>
      </editionStmt>
      <publicationStmt>
        <distributor xml:lang="is">Stofnun Árna Magnússonar í íslenskum fræðum</distributor>
        <distributor xml:lang="en">The Arni Magnusson Institute for Icelandic Studies</distributor>
        <address>
          <addrLine xml:lang="is">Árnagarður við Suðurgötu, 107 Reykjavík, Íslandi</addrLine>
          <addrLine xml:lang="en">Árnagarður Suðurgata, 107 Reykjavik, Iceland</addrLine>
          <addrLine>
            <email>arnastofnun@arnastofnun.is</email>
          </addrLine>
        </address>
        <idno type="risam">G-25-2539747</idno>
        <availability>
          <p xml:lang="is">Þessi texti er til notkunar í málrannsóknum og máltækniverkefnum um allan heim með sérstöku leyfi, sjá rmh2Hdr.xml</p>
          <p xml:lang="en">This text is available for use in language research and language technology projects world wide with a special license, see rmh2Hdr.xml</p>
        </availability>
        <date>2020-05-26</date>
      </publicationStmt>
      <sourceDesc>
        <biblStruct>
          <analytic>
            <title>
              <title type="main">Fyrrverandi forstjóri FME dæmdur</title>
            </title>
            <date when="2013-04-11T12:00:00">11.04 2013 kl. 12:00:00</date>
          </analytic>
          <monogr>
            <title>Bylgjan</title>
            <imprint>
              <publisher>365 miðlar hf.</publisher>
              <pubPlace>Reykjavík</pubPlace>
            </imprint>
          </monogr>
        </biblStruct>
      </sourceDesc>
    </fileDesc>
    <encodingDesc>
      <projectDesc>
        <p xml:lang="is">Sjá lýsingu á verkefninu í rmh2Hdr.xml.</p>
        <p xml:lang="en">See description of project in rmh2Hdr.xml.</p>
      </projectDesc>
      <tagsDecl>
        <namespace name="http://www.tei-c.org/ns/1.0">
          <tagUsage gi="text" occurs="1"/>
          <tagUsage gi="body" occurs="1"/>
          <tagUsage gi="div1" occurs="1"/>
          <tagUsage gi="p" occurs="2"/>
          <tagUsage gi="s" occurs="10"/>
          <tagUsage gi="w" occurs="268"/>
          <tagUsage gi="c" occurs="17"/>
        </namespace>
      </tagsDecl>
    </encodingDesc>
    <profileDesc>
     <textClass>
      <keywords scheme="#RMH">
       <list>
        <item>Frétt – almennt</item>
       </list>
      </keywords>
     </textClass>
    </profileDesc>
  </teiHeader>
  <text>
    <body>
      <div1>
        <p n="1">
          <s n="1">
            <w lemma="Gunnar" type="nken-s">Gunnar</w>
            <w lemma="Þ." type="ks">Þ.</w>
            <w lemma="Andersen" type="nken-s">Andersen</w>
            <c type="pk">,</c>
            <w lemma="fyrrverandi" type="lkenof">fyrrverandi</w>
            <w lemma="forstjóri" type="nken">forstjóri</w>
            <w lemma="Fjármálaeftirlitið" type="nheegs">Fjármálaeftirlitsins</w>
            <c type="pk">,</c>
            <w lemma="vera" type="sfg3eþ">var</w>
            <w lemma="í" type="af">í</w>
            <w lemma="morgunn" type="nkeo">morgun</w>
            <w lemma="dæma" type="sþgken">dæmdur</w>
            <w lemma="til" type="af">til</w>
            <w lemma="að" type="cn">að</w>
            <w lemma="greiða" type="sng">greiða</w>
            <w lemma="2" type="ta">2</w>
            <w lemma="milljón" type="nvfo">milljónir</w>
            <w lemma="króna" type="nvfe">króna</w>
            <w lemma="í" type="af">í</w>
            <w lemma="sekt" type="nveþ">sekt</w>
            <w lemma="fyrir" type="af">fyrir</w>
            <w lemma="brot" type="nheo">brot</w>
            <w lemma="á" type="af">á</w>
            <w lemma="þagnarskylda" type="nveþ">þagnarskyldu</w>
            <w lemma="þegar" type="c">þegar</w>
            <w lemma="hann" type="fpken">hann</w>
            <w lemma="leka" type="sfg3eþ">lak</w>
            <w lemma="upplýsing" type="nvfþ">upplýsingum</w>
            <w lemma="um" type="af">um</w>
            <w lemma="eignarhaldsfélag" type="nheog">eignarhaldsfélagið</w>
            <w lemma="Bogamaður" type="nkeogs">Bogamanninn</w>
            <w lemma="til" type="af">til</w>
            <w lemma="DV" type="n----s">DV</w>
            <w lemma="á" type="af">á</w>
            <w lemma="síðari" type="lheþve">síðasta</w>
            <w lemma="ár" type="nheþ">ári</w>
            <c type="pl">.</c>
          </s>
        </p>
        <p n="2">
          <s n="1">
            <w lemma="að" type="aa">Að</w>
            <w lemma="auki" type="aa">auki</w>
            <w lemma="vera" type="sfg3eþ">var</w>
            <w lemma="starfsmaður" type="nken">starfsmaður</w>
            <w lemma="Landsbanki" type="nkeegs">Landsbankans</w>
            <c type="pk">,</c>
            <w lemma="Þórarinn" type="nken-s">Þórarinn</w>
            <w lemma="Már" type="nken-s">Már</w>
            <w lemma="Þorbjörnsson" type="nken-s">Þorbjörnsson</w>
            <w lemma="sem" type="ct">sem</w>
            <w lemma="koma" type="sfg3eþ">kom</w>
            <w lemma="upplýsing" type="nvfþ">upplýsingum</w>
            <w lemma="til" type="af">til</w>
            <w lemma="Gunnar" type="nkee-s">Gunnars</w>
            <c type="pk">,</c>
            <w lemma="dæma" type="sþgken">dæmdur</w>
            <w lemma="til" type="af">til</w>
            <w lemma="það" type="fphee">þess</w>
            <w lemma="að" type="cn">að</w>
            <w lemma="greiða" type="sng">greiða</w>
            <w lemma="1" type="ta">1</w>
            <w lemma="milljón" type="nveo">milljón</w>
            <w lemma="í" type="af">í</w>
            <w lemma="sekt" type="nveo">sekt</w>
            <w lemma="ella" type="aa">ella</w>
            <w lemma="sætur" type="lheþvf">sæta</w>
            <w lemma="fangelsi" type="nheo">fangelsi</w>
            <w lemma="í" type="af">í</w>
            <w lemma="40" type="ta">40</w>
            <w lemma="dagur" type="nkfo">daga</w>
            <c type="pl">.</c>
          </s>
          <s n="2">
            <w lemma="Gunnar" type="nken-s">Gunnar</w>
            <w lemma="fá" type="sfg3eþ">fékk</w>
            <w lemma="starfsmaður" type="nkeo">starfsmann</w>
            <w lemma="Landsbanki" type="nkeegs">Landsbankans</w>
            <w lemma="til" type="af">til</w>
            <w lemma="að" type="cn">að</w>
            <w lemma="afla" type="sng">afla</w>
            <w lemma="gagn" type="nhfe">gagna</w>
            <w lemma="úr" type="af">úr</w>
            <w lemma="bókhald" type="nheþ">bókhaldi</w>
            <w lemma="banki" type="nkeeg">bankans</w>
            <w lemma="um" type="af">um</w>
            <w lemma="viðskipti" type="nhfo">viðskipti</w>
            <w lemma="Bogamaður" type="nkeegs">Bogamannsins</w>
            <w lemma="ehf" type="ks">ehf</w>
            <w lemma="sem" type="c">sem</w>
            <w lemma="hann" type="fpken">hann</w>
            <w lemma="afhenda" type="sfg3eþ">afhenti</w>
            <w lemma="Ársæll" type="nkeþ-s">Ársæli</w>
            <w lemma="Valfellur" type="nkee-s">Valfells</w>
            <w lemma="en" type="c">en</w>
            <w lemma="um" type="af">um</w>
            <w lemma="vera" type="sfg3eþ">var</w>
            <w lemma="að" type="cn">að</w>
            <w lemma="ræða" type="sng">ræða</w>
            <w lemma="skjal" type="nheo">skjal</w>
            <w lemma="sem" type="ct">sem</w>
            <w lemma="sýna" type="sfg3eþ">sýndi</w>
            <w lemma="að" type="c">að</w>
            <w lemma="Landsbanki" type="nken-s">Landsbanki</w>
            <w lemma="Ísland" type="nhee-s">Íslands</w>
            <w lemma="greiða" type="sfg3eþ">greiddi</w>
            <w lemma="32,7" type="ta">32,7</w>
            <w lemma="milljón" type="nvfo">milljónir</w>
            <w lemma="króna" type="nvfe">króna</w>
            <w lemma="inn" type="aa">inn</w>
            <w lemma="á" type="af">á</w>
            <w lemma="bankareikningur" type="nkeo">bankareikning</w>
            <w lemma="Bogamaður" type="nkeegs">Bogamannsins</w>
            <w lemma="sá" type="fakeo">þann</w>
            <w lemma="13." type="ta">13.</w>
            <w lemma="júní" type="nkeo">júní</w>
            <w lemma="2003" type="ta">2003</w>
            <c type="pl">.</c>
          </s>
          <s n="3">
            <w lemma="Ársæll" type="nken-s">Ársæll</w>
            <w lemma="koma" type="sfg3eþ">kom</w>
            <w lemma="svo" type="aa">svo</w>
            <w lemma="umræddur" type="lvfþsf">umræddum</w>
            <w lemma="upplýsing" type="nvfþ">upplýsingum</w>
            <w lemma="að" type="af">að</w>
            <w lemma="beiðni" type="nveþ">beiðni</w>
            <w lemma="Gunnar" type="nkee-s">Gunnars</w>
            <w lemma="til" type="af">til</w>
            <w lemma="fréttastjóri" type="nkee">fréttastjóra</w>
            <w lemma="DV" type="n----s">DV</w>
            <w lemma="sem" type="ct">sem</w>
            <w lemma="nýta" type="sfg3eþ">nýtti</w>
            <w lemma="hún" type="fpvfo">þær</w>
            <w lemma="við" type="af">við</w>
            <w lemma="ritun" type="nveo">ritun</w>
            <w lemma="frétt" type="nvee">fréttar</w>
            <w lemma="um" type="af">um</w>
            <w lemma="viðskipti" type="nhfog">viðskiptin</w>
            <w lemma="sem" type="ct">sem</w>
            <w lemma="birta" type="sfm3en">birtist</w>
            <w lemma="svo" type="aa">svo</w>
            <w lemma="í" type="af">í</w>
            <w lemma="DV" type="n----s">DV</w>
            <w lemma="í" type="af">í</w>
            <w lemma="febrúar" type="nkeþ">febrúar</w>
            <w lemma="2012" type="ta">2012</w>
            <c type="pl">.</c>
          </s>
          <s n="4">
            <w lemma="þessi" type="faheo">Þetta</w>
            <w lemma="gera" type="sfg3eþ">gerði</w>
            <w lemma="Gunnar" type="nken-s">Gunnar</w>
            <w lemma="í" type="af">í</w>
            <w lemma="sá" type="faheþ">því</w>
            <w lemma="skyn" type="nheþ">skyni</w>
            <w lemma="að" type="cn">að</w>
            <w lemma="skapa" type="sng">skapa</w>
            <w lemma="umræða" type="nveo">umræðu</w>
            <w lemma="um" type="af">um</w>
            <w lemma="viðskipti" type="nhfo">viðskipti</w>
            <w lemma="félag" type="nheeg">félagsins</w>
            <w lemma="og" type="c">og</w>
            <w lemma="eigandi" type="nkee">eiganda</w>
            <w lemma="það" type="fphee">þess</w>
            <c type="pk">,</c>
            <w lemma="Guðlaugur" type="nkee-s">Guðlaugs</w>
            <w lemma="Þór" type="nkee-s">Þórs</w>
            <w lemma="Þórðarson" type="nkee-s">Þórðarsonar</w>
            <c type="pk">,</c>
            <w lemma="þingmaður" type="nkee">þingmanns</w>
            <w lemma="Sjálfstæðisflokkur" type="nkeegs">Sjálfstæðisflokksins</w>
            <c type="pk">,</c>
            <w lemma="við" type="af">við</w>
            <w lemma="Landsbanki" type="nkeo-s">Landsbanka</w>
            <w lemma="Ísland" type="nhee-s">Íslands</w>
            <w lemma="en" type="c">en</w>
            <w lemma="Gunnar" type="nken-s">Gunnar</w>
            <w lemma="telja" type="sfg3eþ">taldi</w>
            <w lemma="viðskipti" type="nhfog">viðskiptin</w>
            <w lemma="óeðlilegur" type="lhfosf">óeðlileg</w>
            <w lemma="og" type="c">og</w>
            <w lemma="vegna" type="af">vegna</w>
            <w lemma="það" type="fphee">þess</w>
            <w lemma="að" type="c">að</w>
            <w lemma="hann" type="fpken">hann</w>
            <w lemma="hafa" type="svg3en">hafi</w>
            <w lemma="telja" type="sþghen">talið</w>
            <w lemma="Guðlaugur" type="nkeo-s">Guðlaug</w>
            <w lemma="Þór" type="nkeo-s">Þór</w>
            <w lemma="hafa" type="sng">hafa</w>
            <w lemma="í" type="af">í</w>
            <w lemma="opinber" type="lveþsf">opinberri</w>
            <w lemma="umræða" type="nveþ">umræðu</w>
            <w lemma="reyna" type="sþghen">reynt</w>
            <w lemma="að" type="cn">að</w>
            <w lemma="gera" type="sng">gera</w>
            <w lemma="hann" type="fpkeo">hann</w>
            <w lemma="tortryggilegur" type="lkeosf">tortryggilegan</w>
            <w lemma="sem" type="c">sem</w>
            <w lemma="forstjóri" type="nkeo">forstjóra</w>
            <w lemma="Fjármálaeftirlitið" type="nheegs">Fjármálaeftirlitsins</w>
            <c type="pl">.</c>
          </s>
          <s n="5">
            <w lemma="Gunnar" type="nken-s">Gunnar</w>
            <w lemma="eiga" type="sfg3eþ">átti</w>
            <w lemma="á" type="af">á</w>
            <w lemma="þessi" type="fakeþ">þessum</w>
            <w lemma="tími" type="nkeþ">tíma</w>
            <w lemma="í" type="af">í</w>
            <w lemma="harkalegur" type="lhfþsf">harkalegum</w>
            <w lemma="átök" type="nhfþ">átökum</w>
            <w lemma="við" type="af">við</w>
            <w lemma="stjórn" type="nveo">stjórn</w>
            <w lemma="FME" type="n----s">FME</w>
            <w lemma="sem" type="ct">sem</w>
            <w lemma="hafa" type="sfg3eþ">hafði</w>
            <w lemma="láta" type="sþghen">látið</w>
            <w lemma="kanna" type="sng">kanna</w>
            <w lemma="hæfni" type="nveo">hæfni</w>
            <w lemma="hann" type="fpkee">hans</w>
            <w lemma="sem" type="c">sem</w>
            <w lemma="forstjóri" type="nkeo">forstjóra</w>
            <w lemma="vegna" type="af">vegna</w>
            <w lemma="fyrri" type="lhfevm">fyrri</w>
            <w lemma="starf" type="nhfe">starfa</w>
            <w lemma="í" type="af">í</w>
            <w lemma="bankakerfi" type="nheþg">bankakerfinu</w>
            <c type="pl">.</c>
          </s>
          <s n="6">
            <w lemma="hann" type="fpken">Hann</w>
            <w lemma="vera" type="sfg3eþ">var</w>
            <w lemma="svo" type="aa">svo</w>
            <w lemma="reka" type="sþgken">rekinn</w>
            <w lemma="þegar" type="c">þegar</w>
            <w lemma="í" type="af">í</w>
            <w lemma="ljós" type="nheo">ljós</w>
            <w lemma="koma" type="sfg3eþ">kom</w>
            <w lemma="að" type="c">að</w>
            <w lemma="hann" type="fpken">hann</w>
            <w lemma="hafa" type="svg3eþ">hefði</w>
            <w lemma="leka" type="sþghen">lekið</w>
            <w lemma="upplýsing" type="nvfþg">upplýsingunum</w>
            <c type="pl">.</c>
          </s>
          <s n="7">
            <w lemma="sá" type="fakfn">Þeir</w>
            <w lemma="félagi" type="nkfn">félagar</w>
            <w lemma="vera" type="sfg3fþ">voru</w>
            <w lemma="dæma" type="sþgkfn">dæmdir</w>
            <w lemma="til" type="af">til</w>
            <w lemma="að" type="cn">að</w>
            <w lemma="greiða" type="sng">greiða</w>
            <w lemma="að" type="aa">að</w>
            <w lemma="auki" type="aa">auki</w>
            <w lemma="málsvarnarlaun" type="nhfn">málsvarnarlaun</w>
            <w lemma="verjandi" type="nkfe">verjenda</w>
            <w lemma="sinn" type="fekfe">sinna</w>
            <c type="pl">.</c>
          </s>
          <s n="8">
            <w lemma="Gunnar" type="nken-s">Gunnar</w>
            <w lemma="þurfa" type="sfg3en">þarf</w>
            <w lemma="að" type="cn">að</w>
            <w lemma="greiða" type="sng">greiða</w>
            <w lemma="Guðjón" type="nkeþ-s">Guðjóni</w>
            <w lemma="Ólafur" type="nkeþ-s">Ólafi</w>
            <w lemma="Jónsson" type="nkeþ-s">Jónssyni</w>
            <w lemma="rúma" type="sfg3en">rúmar</w>
            <w lemma="2,3" type="ta">2,3</w>
            <w lemma="milljón" type="nvfo">milljónir</w>
            <w lemma="króna" type="nvfe">króna</w>
            <w lemma="ofan" type="aa">ofan</w>
            <w lemma="á" type="af">á</w>
            <w lemma="sá" type="favfo">þær</w>
            <w lemma="2" type="ta">2</w>
            <w lemma="milljón" type="nvfo">milljónir</w>
            <w lemma="sem" type="ct">sem</w>
            <w lemma="hann" type="fpken">hann</w>
            <w lemma="þurfa" type="sfg3en">þarf</w>
            <w lemma="þegar" type="aa">þegar</w>
            <w lemma="að" type="cn">að</w>
            <w lemma="borga" type="sng">borga</w>
            <w lemma="og" type="c">og</w>
            <w lemma="þóknun" type="nveo">þóknun</w>
            <w lemma="verjandi" type="nkee">verjanda</w>
            <w lemma="sinn" type="fekee">síns</w>
            <w lemma="á" type="af">á</w>
            <w lemma="rannsóknarstig" type="nheþ">rannsóknarstigi</w>
            <w lemma="mál" type="nheeg">málsins</w>
            <c type="pl">.</c>
          </s>
          <s n="9">
            <w lemma="Þórarinn" type="nken-s">Þórarinn</w>
            <w lemma="þurfa" type="sfg3en">þarf</w>
            <w lemma="að" type="cn">að</w>
            <w lemma="greiða" type="sng">greiða</w>
            <w lemma="sinn" type="fekeþ">sínum</w>
            <w lemma="verjandi" type="nkeþ">verjanda</w>
            <w lemma="590" type="to">590</w>
            <w lemma="þúsund" type="tfvfo">þúsund</w>
            <w lemma="króna" type="nvfo">krónur</w>
            <c type="pl">.</c>
          </s>
        </p>
      </div1>
    </body>
  </text>
</TEI>
