<?xml version="1.0" encoding="utf-8"?>
<TEI xmlns="http://www.tei-c.org/ns/1.0">
  <teiHeader>
    <fileDesc>
      <titleStmt>
        <title>
          <title type="main">Lögmaður grunaður um aðild að kókaínsmygli</title>
        </title>
        <respStmt>
          <resp xml:lang="is">Söfnun og úrvinnsla texta</resp>
          <resp xml:lang="en">Collection and processing of text</resp>
          <name xml:lang="is">Stofnun Árna Magnússonar í íslenskum fræðum</name>
          <name xml:lang="en">The Arni Magnusson Institute for Icelandic Studies</name>
        </respStmt>
      </titleStmt>
      <editionStmt>
        <p xml:lang="is">Íslensk risamálheild (2019)</p>
        <p xml:lang="en">Tagged Icelandic Gigaword Corpus (2019)</p>
      </editionStmt>
      <publicationStmt>
        <distributor xml:lang="is">Stofnun Árna Magnússonar í íslenskum fræðum</distributor>
        <distributor xml:lang="en">The Arni Magnusson Institute for Icelandic Studies</distributor>
        <address>
          <addrLine xml:lang="is">Árnagarður við Suðurgötu, 107 Reykjavík, Íslandi</addrLine>
          <addrLine xml:lang="en">Árnagarður Suðurgata, 107 Reykjavik, Iceland</addrLine>
          <addrLine>
            <email>arnastofnun@arnastofnun.is</email>
          </addrLine>
        </address>
        <idno type="risam">G-25-2541159</idno>
        <availability>
          <p xml:lang="is">Þessi texti er til notkunar í málrannsóknum og máltækniverkefnum um allan heim með sérstöku leyfi, sjá rmh2Hdr.xml</p>
          <p xml:lang="en">This text is available for use in language research and language technology projects world wide with a special license, see rmh2Hdr.xml</p>
        </availability>
        <date>2020-05-26</date>
      </publicationStmt>
      <sourceDesc>
        <biblStruct>
          <analytic>
            <title>
              <title type="main">Lögmaður grunaður um aðild að kókaínsmygli</title>
            </title>
            <date when="2013-04-22T12:00:00">22.04 2013 kl. 12:00:00</date>
          </analytic>
          <monogr>
            <title>Bylgjan</title>
            <imprint>
              <publisher>365 miðlar hf.</publisher>
              <pubPlace>Reykjavík</pubPlace>
            </imprint>
          </monogr>
        </biblStruct>
      </sourceDesc>
    </fileDesc>
    <encodingDesc>
      <projectDesc>
        <p xml:lang="is">Sjá lýsingu á verkefninu í rmh2Hdr.xml.</p>
        <p xml:lang="en">See description of project in rmh2Hdr.xml.</p>
      </projectDesc>
      <tagsDecl>
        <namespace name="http://www.tei-c.org/ns/1.0">
          <tagUsage gi="text" occurs="1"/>
          <tagUsage gi="body" occurs="1"/>
          <tagUsage gi="div1" occurs="1"/>
          <tagUsage gi="p" occurs="2"/>
          <tagUsage gi="s" occurs="9"/>
          <tagUsage gi="w" occurs="196"/>
          <tagUsage gi="c" occurs="9"/>
        </namespace>
      </tagsDecl>
    </encodingDesc>
    <profileDesc>
     <textClass>
      <keywords scheme="#RMH">
       <list>
        <item>Frétt – almennt</item>
       </list>
      </keywords>
     </textClass>
    </profileDesc>
  </teiHeader>
  <text>
    <body>
      <div1>
        <p n="1">
          <s n="1">
            <w lemma="lögmaður" type="nken">Lögmaður</w>
            <w lemma="vera" type="sfg3en">er</w>
            <w lemma="gruna" type="sþgken">grunaður</w>
            <w lemma="um" type="af">um</w>
            <w lemma="aðild" type="nveo">aðild</w>
            <w lemma="að" type="af">að</w>
            <w lemma="smygl" type="nheþ">smygli</w>
            <w lemma="á" type="af">á</w>
            <w lemma="kókaín" type="nheþ">kókaíni</w>
            <w lemma="og" type="c">og</w>
            <w lemma="sitja" type="sfg3eþ">sat</w>
            <w lemma="hann" type="fpken">hann</w>
            <w lemma="í" type="af">í</w>
            <w lemma="gæsluvarðhald" type="nheþ">gæsluvarðhaldi</w>
            <w lemma="um" type="af">um</w>
            <w lemma="tími" type="nkeo">tíma</w>
            <c type="pl">.</c>
          </s>
          <s n="2">
            <w lemma="um" type="af">Um</w>
            <w lemma="óvenja" type="nvee">óvenju</w>
            <w lemma="hreinn" type="lheosf">hreint</w>
            <w lemma="efni" type="nheo">efni</w>
            <w lemma="vera" type="sfg3eþ">var</w>
            <w lemma="að" type="cn">að</w>
            <w lemma="ræða" type="sng">ræða</w>
            <c type="pl">.</c>
          </s>
        </p>
        <p n="2">
          <s n="1">
            <w lemma="lögregla" type="nveng">Lögreglan</w>
            <w lemma="á" type="af">á</w>
            <w lemma="Suðurnes" type="nhfþ-s">Suðurnesjum</w>
            <w lemma="greina" type="sfg3eþ">greindi</w>
            <w lemma="frá" type="af">frá</w>
            <w lemma="mál" type="nheþg">málinu</w>
            <w lemma="fyrir" type="af">fyrir</w>
            <w lemma="helgi" type="nveo">helgi</w>
            <w lemma="en" type="c">en</w>
            <w lemma="það" type="fphen">það</w>
            <w lemma="snúa" type="sfm3en">snýst</w>
            <w lemma="um" type="af">um</w>
            <w lemma="smygl" type="nheo">smygl</w>
            <w lemma="á" type="af">á</w>
            <w lemma="300" type="ta">300</w>
            <w lemma="gramm" type="nhfþ">grömmum</w>
            <w lemma="af" type="af">af</w>
            <w lemma="kókaín" type="nheþ">kókaíni</w>
            <c type="pl">.</c>
          </s>
          <s n="2">
            <w lemma="tveir" type="tfkfn">Tveir</w>
            <w lemma="Þjóðverji" type="nkfn-s">Þjóðverjar</w>
            <w lemma="vera" type="sfg3fþ">voru</w>
            <w lemma="handtaka" type="sþgkfn">handteknir</w>
            <w lemma="í" type="af">í</w>
            <w lemma="flugstöð" type="nveþ">flugstöð</w>
            <w lemma="Leifur" type="nkee-s">Leifs</w>
            <w lemma="Eiríksson" type="nkee-s">Eiríkssonar</w>
            <w lemma="gruna" type="sþgkfn">grunaðir</w>
            <w lemma="um" type="af">um</w>
            <w lemma="smygl" type="nheog">smyglið</w>
            <w lemma="og" type="c">og</w>
            <w lemma="sitja" type="sfg3en">situr</w>
            <w lemma="annar" type="foken">annar</w>
            <w lemma="hann" type="fpkfe">þeirra</w>
            <w lemma="enn" type="aa">enn</w>
            <w lemma="í" type="af">í</w>
            <w lemma="gæsluvarðhald" type="nheþ">gæsluvarðhaldi</w>
            <w lemma="en" type="c">en</w>
            <w lemma="hinn" type="gken">hinn</w>
            <w lemma="sætir" type="lkenvf">sætir</w>
            <w lemma="farbann" type="nheþ">farbanni</w>
            <c type="pl">.</c>
          </s>
          <s n="3">
            <w lemma="þá" type="aa">Þá</w>
            <w lemma="greina" type="sfg3eþ">greindi</w>
            <w lemma="lögregla" type="nven">lögregla</w>
            <w lemma="frá" type="af">frá</w>
            <w lemma="það" type="fpheþ">því</w>
            <w lemma="að" type="c">að</w>
            <w lemma="einn" type="tfken">einn</w>
            <w lemma="Íslendingur" type="nken-s">Íslendingur</w>
            <w lemma="vera" type="svg3en">sé</w>
            <w lemma="gruna" type="sþgken">grunaður</w>
            <w lemma="í" type="af">í</w>
            <w lemma="mál" type="nheþg">málinu</w>
            <w lemma="en" type="c">en</w>
            <w lemma="við" type="af">við</w>
            <w lemma="rannsókn" type="nveo">rannsókn</w>
            <w lemma="mál" type="nheeg">málsins</w>
            <w lemma="koma" type="sfg3eþ">kom</w>
            <w lemma="í" type="af">í</w>
            <w lemma="ljós" type="nheo">ljós</w>
            <w lemma="að" type="c">að</w>
            <w lemma="Þjóðverji" type="nkfngs">Þjóðverjarnir</w>
            <w lemma="eiga" type="sfg3fþ">áttu</w>
            <w lemma="að" type="cn">að</w>
            <w lemma="hitta" type="sng">hitta</w>
            <w lemma="tiltekinn" type="lkeosf">tiltekinn</w>
            <w lemma="Íslendingur" type="nkeo-s">Íslending</w>
            <w lemma="og" type="c">og</w>
            <w lemma="láta" type="sng">láta</w>
            <w lemma="hann" type="fpkeo">hann</w>
            <w lemma="fá" type="sng">fá</w>
            <w lemma="efni" type="nhfog">efnin</w>
            <c type="pl">.</c>
          </s>
          <s n="4">
            <w lemma="í" type="af">Í</w>
            <w lemma="Fréttablaðið" type="nheþgs">Fréttablaðinu</w>
            <w lemma="í" type="af">í</w>
            <w lemma="dagur" type="nkeo">dag</w>
            <w lemma="koma" type="sfg3en">kemur</w>
            <w lemma="fram" type="aa">fram</w>
            <w lemma="að" type="c">að</w>
            <w lemma="þar" type="aa">þar</w>
            <w lemma="vera" type="svg3en">sé</w>
            <w lemma="á" type="af">á</w>
            <w lemma="ferð" type="nveþg">ferðinni</w>
            <w lemma="lögmaður" type="nken">lögmaður</w>
            <w lemma="sem" type="ct">sem</w>
            <w lemma="hafa" type="svg3en">hafi</w>
            <w lemma="sæta" type="sþghen">sætt</w>
            <w lemma="gæsluvarðhald" type="nheþ">gæsluvarðhaldi</w>
            <w lemma="um" type="af">um</w>
            <w lemma="tími" type="nkeo">tíma</w>
            <w lemma="vegna" type="af">vegna</w>
            <w lemma="mál" type="nheeg">málsins</w>
            <w lemma="en" type="c">en</w>
            <w lemma="hann" type="fpken">hann</w>
            <w lemma="vera" type="sfg3en">er</w>
            <w lemma="nú" type="aa">nú</w>
            <w lemma="laus" type="lkensf">laus</w>
            <c type="pl">.</c>
          </s>
          <s n="5">
            <w lemma="lögregla" type="nveng">Lögreglan</w>
            <w lemma="á" type="af">á</w>
            <w lemma="Suðurnes" type="nhfþ-s">Suðurnesjum</w>
            <w lemma="vilja" type="sfg3eþ">vildi</w>
            <w lemma="ekki" type="aa">ekki</w>
            <w lemma="í" type="af">í</w>
            <w lemma="morgunn" type="nkeo">morgun</w>
            <w lemma="staðfesta" type="sng">staðfesta</w>
            <w lemma="frétt" type="nveo">frétt</w>
            <w lemma="blað" type="nheeg">blaðsins</w>
            <w lemma="en" type="c">en</w>
            <w lemma="Íslendingur" type="nkengs">Íslendingurinn</w>
            <w lemma="munu" type="sfg3en">mun</w>
            <w lemma="vera" type="sng">vera</w>
            <w lemma="maður" type="nken">maður</w>
            <w lemma="á" type="af">á</w>
            <w lemma="fertugsaldur" type="nkeþ">fertugsaldri</w>
            <c type="pl">.</c>
          </s>
          <s n="6">
            <w lemma="heimild" type="nvfn">Heimildir</w>
            <w lemma="fréttastofa" type="nvee">fréttastofu</w>
            <w lemma="herma" type="sfg3fn">herma</w>
            <w lemma="að" type="c">að</w>
            <w lemma="efni" type="nheng">efnið</w>
            <w lemma="sem" type="ct">sem</w>
            <w lemma="um" type="aa">um</w>
            <w lemma="ræða" type="sfg3en">ræðir</w>
            <w lemma="vera" type="svg3en">sé</w>
            <w lemma="óvenja" type="nvee">óvenju</w>
            <w lemma="sterkur" type="lhensf">sterkt</w>
            <w lemma="en" type="c">en</w>
            <w lemma="götuvirði" type="nken">götuvirði</w>
            <w lemma="300" type="ta">300</w>
            <w lemma="gramm" type="nhfe">gramma</w>
            <w lemma="af" type="af">af</w>
            <w lemma="kókaín" type="nheþ">kókaíni</w>
            <w lemma="vera" type="sfg3en">er</w>
            <w lemma="um" type="aa">um</w>
            <w lemma="4" type="ta">4</w>
            <w lemma="og" type="c">og</w>
            <w lemma="hálfur" type="lvensf">hálf</w>
            <w lemma="milljón" type="nven">milljón</w>
            <w lemma="króna" type="nvfe">króna</w>
            <c type="pl">.</c>
          </s>
          <s n="7">
            <w lemma="í" type="af">Í</w>
            <w lemma="ljós" type="nheþ">ljósi</w>
            <w lemma="það" type="fphee">þess</w>
            <w lemma="hve" type="aa">hve</w>
            <w lemma="efni" type="nheng">efnið</w>
            <w lemma="vera" type="sfg3en">er</w>
            <w lemma="hreinn" type="lhensf">hreint</w>
            <w lemma="mega" type="sfg3en">má</w>
            <w lemma="hinn" type="fakee">hins</w>
            <w lemma="vegur" type="nkee">vegar</w>
            <w lemma="gefa" type="sng">gefa</w>
            <w lemma="sig" type="fpheþ">sér</w>
            <w lemma="að" type="c">að</w>
            <w lemma="hægur" type="lhensf">hægt</w>
            <w lemma="hafa" type="svg3eþ">hefði</w>
            <w lemma="vera" type="sþghen">verið</w>
            <w lemma="að" type="cn">að</w>
            <w lemma="drýgja" type="sng">drýgja</w>
            <w lemma="það" type="fpheo">það</w>
            <w lemma="töluvert" type="aa">töluvert</w>
            <w lemma="áður" type="aa">áður</w>
            <w lemma="en" type="c">en</w>
            <w lemma="það" type="fphen">það</w>
            <w lemma="hafa" type="sfg3en">hefur</w>
            <w lemma="vera" type="sþghen">verið</w>
            <w lemma="selja" type="sþghen">selt</w>
            <w lemma="hér" type="aa">hér</w>
            <w lemma="á" type="af">á</w>
            <w lemma="land" type="nheþ">landi</w>
            <w lemma="og" type="c">og</w>
            <w lemma="þannig" type="aa">þannig</w>
            <w lemma="munu" type="svg3eþ">myndi</w>
            <w lemma="götuverð" type="nheng">götuverðið</w>
            <w lemma="auka" type="snm">aukast</w>
            <w lemma="til" type="af">til</w>
            <w lemma="munur" type="nkfe">muna</w>
            <c type="pl">.</c>
          </s>
        </p>
      </div1>
    </body>
  </text>
</TEI>
