<?xml version="1.0" encoding="utf-8"?>
<TEI xmlns="http://www.tei-c.org/ns/1.0">
  <teiHeader>
    <fileDesc>
      <titleStmt>
        <title>
          <title type="main">Styrkur til Davíðs Olgeirssonar</title>
        </title>
        <respStmt>
          <resp xml:lang="is">Söfnun og úrvinnsla texta</resp>
          <resp xml:lang="en">Collection and processing of text</resp>
          <name xml:lang="is">Stofnun Árna Magnússonar í íslenskum fræðum</name>
          <name xml:lang="en">The Arni Magnusson Institute for Icelandic Studies</name>
        </respStmt>
      </titleStmt>
      <editionStmt>
        <p xml:lang="is">Íslensk risamálheild (2019)</p>
        <p xml:lang="en">Tagged Icelandic Gigaword Corpus (2019)</p>
      </editionStmt>
      <publicationStmt>
        <distributor xml:lang="is">Stofnun Árna Magnússonar í íslenskum fræðum</distributor>
        <distributor xml:lang="en">The Arni Magnusson Institute for Icelandic Studies</distributor>
        <address>
          <addrLine xml:lang="is">Árnagarður við Suðurgötu, 107 Reykjavík, Íslandi</addrLine>
          <addrLine xml:lang="en">Árnagarður Suðurgata, 107 Reykjavik, Iceland</addrLine>
          <addrLine>
            <email>arnastofnun@arnastofnun.is</email>
          </addrLine>
        </address>
        <idno type="risam">G-25-2503180</idno>
        <availability>
          <p xml:lang="is">Þessi texti er til notkunar í málrannsóknum og máltækniverkefnum um allan heim með sérstöku leyfi, sjá rmh2Hdr.xml</p>
          <p xml:lang="en">This text is available for use in language research and language technology projects world wide with a special license, see rmh2Hdr.xml</p>
        </availability>
        <date>2020-05-26</date>
      </publicationStmt>
      <sourceDesc>
        <biblStruct>
          <analytic>
            <title>
              <title type="main">Styrkur til Davíðs Olgeirssonar</title>
            </title>
            <date when="2013-04-09T12:00:00">09.04 2013 kl. 12:00:00</date>
          </analytic>
          <monogr>
            <title>Bylgjan</title>
            <imprint>
              <publisher>365 miðlar hf.</publisher>
              <pubPlace>Reykjavík</pubPlace>
            </imprint>
          </monogr>
        </biblStruct>
      </sourceDesc>
    </fileDesc>
    <encodingDesc>
      <projectDesc>
        <p xml:lang="is">Sjá lýsingu á verkefninu í rmh2Hdr.xml.</p>
        <p xml:lang="en">See description of project in rmh2Hdr.xml.</p>
      </projectDesc>
      <tagsDecl>
        <namespace name="http://www.tei-c.org/ns/1.0">
          <tagUsage gi="text" occurs="1"/>
          <tagUsage gi="body" occurs="1"/>
          <tagUsage gi="div1" occurs="1"/>
          <tagUsage gi="p" occurs="7"/>
          <tagUsage gi="s" occurs="15"/>
          <tagUsage gi="w" occurs="325"/>
          <tagUsage gi="c" occurs="32"/>
        </namespace>
      </tagsDecl>
    </encodingDesc>
    <profileDesc>
     <textClass>
      <keywords scheme="#RMH">
       <list>
        <item>Frétt – almennt</item>
       </list>
      </keywords>
     </textClass>
    </profileDesc>
  </teiHeader>
  <text>
    <body>
      <div1>
        <p n="1">
          <s n="1">
            <w lemma="landsþekkt" type="nvfn">Landsþekktir</w>
            <w lemma="íþrótta-" type="kt">íþrótta-</w>
            <w lemma="og" type="c">og</w>
            <w lemma="tónlistarmaður" type="nkfn">tónlistarmenn</w>
            <w lemma="koma" type="sfg3fn">koma</w>
            <w lemma="fram" type="aa">fram</w>
            <w lemma="á" type="af">á</w>
            <w lemma="styrktartónleikar" type="nkfþ">styrktartónleikum</w>
            <w lemma="í" type="af">í</w>
            <w lemma="kvöld" type="nheo">kvöld</w>
            <w lemma="fyrir" type="af">fyrir</w>
            <w lemma="Davíð" type="nkeo-s">Davíð</w>
            <w lemma="Olgeirsson" type="nkeo-s">Olgeirsson</w>
            <c type="pk">,</c>
            <w lemma="söngvari" type="nkeo">söngvara</w>
            <w lemma="og" type="c">og</w>
            <w lemma="markaðsstjóri" type="nkeo">markaðsstjóra</w>
            <w lemma="Háskóli" type="nkeegs">Háskólans</w>
            <w lemma="á" type="af">á</w>
            <w lemma="Bifröst" type="nveþ-s">Bifröst</w>
            <w lemma="sem" type="ct">sem</w>
            <w lemma="verða" type="sfg3eþ">varð</w>
            <w lemma="fyrir" type="af">fyrir</w>
            <w lemma="alvarlegur" type="lheþsf">alvarlegu</w>
            <w lemma="slys" type="nheþ">slysi</w>
            <w lemma="á" type="af">á</w>
            <w lemma="fótboltaæfing" type="nveþ">fótboltaæfingu</w>
            <w lemma="um" type="af">um</w>
            <w lemma="miður" type="lkeosf">miðjan</w>
            <w lemma="febrúarmánuður" type="nkeo">febrúarmánuð</w>
            <c type="pl">.</c>
          </s>
        </p>
        <p n="2">
          <s n="1">
            <w lemma="Davíð" type="nken-s">Davíð</w>
            <w lemma="vera" type="sfg3eþ">var</w>
            <w lemma="í" type="af">í</w>
            <w lemma="mark" type="nheþ">marki</w>
            <w lemma="á" type="af">á</w>
            <w lemma="fótboltaæfing" type="nveþ">fótboltaæfingu</w>
            <w lemma="þegar" type="c">þegar</w>
            <w lemma="hann" type="fpken">hann</w>
            <w lemma="fá" type="sfg3eþ">fékk</w>
            <w lemma="bolti" type="nkeo">bolta</w>
            <w lemma="í" type="af">í</w>
            <w lemma="höfuð" type="nheog">höfuðið</w>
            <w lemma="og" type="c">og</w>
            <w lemma="hníga" type="sfg3eþ">hneig</w>
            <w lemma="niður" type="aa">niður</w>
            <c type="pl">.</c>
          </s>
          <s n="2">
            <w lemma="við" type="af">Við</w>
            <w lemma="högg" type="nheog">höggið</w>
            <w lemma="springa" type="sfg3eþ">sprakk</w>
            <w lemma="blóðgúlpur" type="nken">blóðgúlpur</w>
            <w lemma="í" type="af">í</w>
            <w lemma="höfuð" type="nheþ">höfði</w>
            <w lemma="hann" type="fpkee">hans</w>
            <w lemma="sem" type="ct">sem</w>
            <w lemma="valda" type="sfg3eþ">olli</w>
            <w lemma="heilablæðing" type="nveþ">heilablæðingu</w>
            <w lemma="sem" type="ct">sem</w>
            <w lemma="hafa" type="sfg3eþ">hafði</w>
            <w lemma="mikill" type="lhfosf">mikil</w>
            <w lemma="áhrif" type="nhfo">áhrif</w>
            <w lemma="á" type="af">á</w>
            <w lemma="talstöð" type="nvfo">talstöðvar</w>
            <w lemma="og" type="c">og</w>
            <w lemma="hreyfigeta" type="nveo">hreyfigetu</w>
            <w lemma="og" type="c">og</w>
            <w lemma="lama" type="sfm3eþ">lamaðist</w>
            <w lemma="Davíð" type="nken-s">Davíð</w>
            <w lemma="hægri" type="lheþvf">hægra</w>
            <w lemma="megin" type="aa">megin</w>
            <w lemma="líkami" type="nkeeg">líkamans</w>
            <c type="pl">.</c>
          </s>
          <s n="3">
            <w lemma="hann" type="fpken">Hann</w>
            <w lemma="hafa" type="sfg3en">hefur</w>
            <w lemma="vera" type="sþghen">verið</w>
            <w lemma="í" type="af">í</w>
            <w lemma="endurhæfing" type="nveþ">endurhæfingu</w>
            <w lemma="á" type="af">á</w>
            <w lemma="Grensás" type="nkeþ-s">Grensás</w>
            <w lemma="ásamt" type="af">ásamt</w>
            <w lemma="talþjálfun" type="nveþ">talþjálfun</w>
            <w lemma="og" type="c">og</w>
            <w lemma="verða" type="sfg3en">verður</w>
            <w lemma="þar" type="aa">þar</w>
            <w lemma="næstur" type="lkfove">næstu</w>
            <w lemma="mánuður" type="nkfo">mánuði</w>
            <c type="pl">.</c>
          </s>
        </p>
        <p n="3">
          <s n="1">
            <w lemma="Íris" type="nven-s">Íris</w>
            <w lemma="Hauksdóttir" type="nven-s">Hauksdóttir</w>
            <c type="pk">,</c>
            <w lemma="vinur" type="nken">vinur</w>
            <w lemma="og" type="c">og</w>
            <w lemma="samstarfskona" type="nven">samstarfskona</w>
            <w lemma="Davíð" type="nkee-s">Davíðs</w>
            <c type="pa">:</c>
            <w lemma="hann" type="fpken">Hann</w>
            <w lemma="reikna" type="sfg3en">reiknar</w>
            <w lemma="ekki" type="aa">ekki</w>
            <w lemma="með" type="af">með</w>
            <w lemma="að" type="cn">að</w>
            <w lemma="koma" type="sng">koma</w>
            <w lemma="í" type="af">í</w>
            <w lemma="vinna" type="nveo">vinnu</w>
            <w lemma="snemma" type="aam">fyrr</w>
            <w lemma="en" type="c">en</w>
            <w lemma="í" type="af">í</w>
            <w lemma="haust" type="nheo">haust</w>
            <w lemma="bara" type="aa">bara</w>
            <w lemma="í" type="af">í</w>
            <w lemma="fyrstur" type="lheþve">fyrsta</w>
            <w lemma="lag" type="nheþ">lagi</w>
            <c type="pl">.</c>
          </s>
        </p>
        <p n="4">
          <s n="1">
            <w lemma="segja" type="sfg3en">Segir</w>
            <w lemma="Íris" type="nven-s">Íris</w>
            <w lemma="Hauksdóttir" type="nven-s">Hauksdóttir</w>
            <c type="pk">,</c>
            <w lemma="vinur" type="nken">vinur</w>
            <w lemma="og" type="c">og</w>
            <w lemma="samstarfskona" type="nven">samstarfskona</w>
            <w lemma="Davíð" type="nkee-s">Davíðs</w>
            <w lemma="sem" type="ct">sem</w>
            <w lemma="hafa" type="sfg3en">hefur</w>
            <w lemma="ásamt" type="af">ásamt</w>
            <w lemma="margur" type="lkfþsm">fleirum</w>
            <w lemma="skipulagtur" type="lvensf">skipulagt</w>
            <w lemma="skemmtidagskrá" type="nveþ">skemmtidagskrá</w>
            <w lemma="til" type="af">til</w>
            <w lemma="styrkt" type="nvee">styrktar</w>
            <w lemma="hann" type="fpkeþ">honum</w>
            <w lemma="í" type="af">í</w>
            <w lemma="Hrifla" type="nveþ-s">Hriflu</w>
            <c type="pk">,</c>
            <w lemma="húsnæði" type="nheþ">húsnæði</w>
            <w lemma="Háskóli" type="nkeegs">Háskólans</w>
            <w lemma="á" type="af">á</w>
            <w lemma="Bifröst" type="nveþ-s">Bifröst</w>
            <w lemma="í" type="af">í</w>
            <w lemma="kvöld" type="nheo">kvöld</w>
            <c type="pl">.</c>
          </s>
          <s n="2">
            <w lemma="á" type="aa">Á</w>
            <w lemma="milli" type="aa">milli</w>
            <w lemma="5" type="ta">5</w>
            <w lemma="og" type="c">og</w>
            <w lemma="7" type="ta">7</w>
            <w lemma="verða" type="sfg3en">verður</w>
            <w lemma="barnaskemmtun" type="nven">barnaskemmtun</w>
            <w lemma="með" type="af">með</w>
            <w lemma="bingóívaf" type="nheþ">bingóívafi</w>
            <w lemma="þar" type="aa">þar</w>
            <w lemma="sem" type="c">sem</w>
            <w lemma="sjálfur" type="fbven">sjálf</w>
            <w lemma="Solla" type="nven-s">Solla</w>
            <w lemma="stirður" type="lvenvf">stirða</w>
            <w lemma="verða" type="sfg3en">verður</w>
            <w lemma="í" type="af">í</w>
            <w lemma="aðalhlutverk" type="nheþ">aðalhlutverki</w>
            <w lemma="og" type="c">og</w>
            <w lemma="síðan" type="aa">síðan</w>
            <w lemma="fara" type="sfg3fn">fara</w>
            <w lemma="fram" type="aa">fram</w>
            <w lemma="styrktartónleikar" type="nkfn">styrktartónleikar</w>
            <w lemma="á" type="aa">á</w>
            <w lemma="milli" type="aa">milli</w>
            <w lemma="8" type="ta">8</w>
            <w lemma="og" type="c">og</w>
            <w lemma="11" type="ta">11</w>
            <c type="pl">.</c>
          </s>
        </p>
        <p n="5">
          <s n="1">
            <w lemma="Íris" type="nven-s">Íris</w>
            <w lemma="Hauksdóttir" type="nven-s">Hauksdóttir</w>
            <c type="pa">:</c>
            <w lemma="ég" type="fp1fn">Við</w>
            <w lemma="vera" type="sfg1fn">erum</w>
            <w lemma="að" type="cn">að</w>
            <w lemma="fá" type="sng">fá</w>
            <w lemma="landsfrægur" type="lkfosf">landsfræga</w>
            <w lemma="listamaður" type="nkfo">listamenn</w>
            <w lemma="til" type="af">til</w>
            <w lemma="það" type="fphee">þess</w>
            <w lemma="að" type="cn">að</w>
            <w lemma="koma" type="sng">koma</w>
            <w lemma="og" type="c">og</w>
            <w lemma="halda" type="sng">halda</w>
            <w lemma="uppi" type="aa">uppi</w>
            <w lemma="fjör" type="nheþg">fjörinu</w>
            <c type="pl">.</c>
          </s>
          <s n="2">
            <w lemma="ég" type="fp1fn">Við</w>
            <w lemma="vera" type="sfg1fn">erum</w>
            <w lemma="að" type="cn">að</w>
            <w lemma="tala" type="sng">tala</w>
            <w lemma="um" type="af">um</w>
            <w lemma="Matti" type="nkeo-s">Matta</w>
            <w lemma="Mattur" type="nkeo-s">Matt</w>
            <w lemma="og" type="c">og</w>
            <w lemma="Pétur" type="nkeo-s">Pétur</w>
            <w lemma="Jesús" type="nkee-s">Jesú</w>
            <c type="pk">,</c>
            <w lemma="Einar" type="nken-s">Einar</w>
            <w lemma="Þór" type="nken-s">Þór</w>
            <w lemma="og" type="c">og</w>
            <w lemma="Svavar" type="nken-s">Svavar</w>
            <w lemma="Knútur" type="nkeo-s">Knút</w>
            <c type="pk">,</c>
            <w lemma="Kalla" type="nven-s">Kalla</w>
            <w lemma="Sig" type="n----s">Sig</w>
            <w lemma="úr" type="af">úr</w>
            <w lemma="Baggalút" type="nveþ-s">Baggalút</w>
            <w lemma="og" type="c">og</w>
            <c type="pk">,</c>
            <w lemma="og" type="c">og</w>
            <w lemma="það" type="fphen">það</w>
            <w lemma="verða" type="sfg3en">verður</w>
            <w lemma="uppboð" type="nhen">uppboð</w>
            <w lemma="á" type="aa">á</w>
            <c type="pk">,</c>
            <w lemma="á" type="af">á</w>
            <w lemma="treyja" type="nvfþ">treyjum</w>
            <c type="pl">.</c>
          </s>
          <s n="3">
            <w lemma="það" type="fphen">Það</w>
            <w lemma="vera" type="sfg3en">er</w>
            <w lemma="Björgvin" type="nken-s">Björgvin</w>
            <w lemma="Páll" type="nken-s">Páll</w>
            <w lemma="Gústavsson" type="nken-s">Gústavsson</w>
            <c type="pk">,</c>
            <w lemma="landsliðsmarkmaður" type="nken">landsliðsmarkmaður</w>
            <w lemma="í" type="af">í</w>
            <w lemma="handbolti" type="nkeþ">handbolta</w>
            <c type="pk">,</c>
            <w lemma="gefa" type="sfg3eþ">gaf</w>
            <w lemma="treyja" type="nveo">treyju</w>
            <w lemma="og" type="c">og</w>
            <w lemma="allur" type="fokfn">allir</w>
            <w lemma="í" type="af">í</w>
            <w lemma="landslið" type="nheþg">landsliðinu</w>
            <w lemma="árita" type="sfg3fþ">árituðu</w>
            <w lemma="sá" type="faveo">þá</w>
            <w lemma="treyja" type="nveo">treyju</w>
            <c type="pl">.</c>
          </s>
          <s n="4">
            <w lemma="svo" type="aa">Svo</w>
            <w lemma="gefa" type="sfg3eþ">gaf</w>
            <w lemma="Stebbi" type="nken-s">Stebbi</w>
            <w lemma="Hilmar" type="nkee-s">Hilmars</w>
            <w lemma="ég" type="fp1fþ">okkur</w>
            <w lemma="skyrta" type="nveo">skyrtu</w>
            <w lemma="sem" type="ct">sem</w>
            <w lemma="hann" type="fpken">hann</w>
            <w lemma="syngja" type="sfg3eþ">söng</w>
            <w lemma="í" type="aa">í</w>
            <w lemma="á" type="af">á</w>
            <w lemma="tónleikaferðalag" type="nheþ">tónleikaferðalagi</w>
            <w lemma="1992" type="ta">1992</w>
            <w lemma="halda" type="sfg1en">held</w>
            <w lemma="ég" type="fp1en">ég</w>
            <c type="pk">,</c>
            <w lemma="kókakóli" type="nkeþ">kókakóla</w>
            <w lemma="tónleikar" type="nkfþ">tónleikum</w>
            <c type="pk">,</c>
            <w lemma="fyrir" type="af">fyrir</w>
            <w lemma="hann" type="fpkfo">þá</w>
            <w lemma="sem" type="ct">sem</w>
            <w lemma="að" type="c">að</w>
            <w lemma="ekki" type="aa">ekki</w>
            <w lemma="hafa" type="sng">hafa</w>
            <w lemma="áhugi" type="nkeo">áhuga</w>
            <w lemma="á" type="af">á</w>
            <w lemma="íþrótt" type="nvfþ">íþróttum</w>
            <c type="pl">.</c>
          </s>
        </p>
        <p n="6">
          <s n="1">
            <w lemma="það" type="fphen">Það</w>
            <w lemma="reyna" type="sfm3eþ">reyndist</w>
            <w lemma="skipuleggjandi" type="nkfþg">skipuleggjendunum</w>
            <w lemma="ekki" type="aa">ekki</w>
            <w lemma="erfiður" type="lhensf">erfitt</w>
            <w lemma="að" type="cn">að</w>
            <w lemma="fá" type="sng">fá</w>
            <w lemma="þessi" type="fakeo">þennan</w>
            <w lemma="hópur" type="nkeo">hóp</w>
            <w lemma="til" type="af">til</w>
            <w lemma="lið" type="nhee">liðs</w>
            <w lemma="við" type="af">við</w>
            <w lemma="sig" type="fpkeo">sig</w>
            <w lemma="það" type="fpheþ">því</w>
            <w lemma="allur" type="fokfn">allir</w>
            <w lemma="þekkja" type="sfg3fn">þekkja</w>
            <w lemma="til" type="af">til</w>
            <w lemma="Davíð" type="nkee-s">Davíðs</w>
            <w lemma="sem" type="ct">sem</w>
            <w lemma="hafa" type="sfg3en">hefur</w>
            <w lemma="m.a." type="ks">m.a.</w>
            <w lemma="taka" type="sþghen">tekið</w>
            <w lemma="þáttur" type="nkeo">þátt</w>
            <w lemma="í" type="af">í</w>
            <w lemma="forkeppni" type="nveþ">forkeppni</w>
            <w lemma="Eurovision" type="n----s">Eurovision</w>
            <c type="pl">.</c>
          </s>
          <s n="2">
            <w lemma="Íris" type="nven-s">Íris</w>
            <w lemma="segja" type="sfg3en">segir</w>
            <w lemma="að" type="c">að</w>
            <w lemma="Davíð" type="nken-s">Davíð</w>
            <c type="pk">,</c>
            <w lemma="eiginkona" type="nven">eiginkona</w>
            <w lemma="hann" type="fpkee">hans</w>
            <w lemma="og" type="c">og</w>
            <w lemma="barn" type="nhfng">börnin</w>
            <w lemma="það" type="fphfe">þeirra</w>
            <w lemma="tveir" type="tfhfn">tvö</w>
            <w lemma="hafa" type="svg3fn">hafi</w>
            <w lemma="sýna" type="sþghen">sýnt</w>
            <w lemma="ótrúlega" type="x">ótrúlega</w>
            <w lemma="jákvæðni" type="nveo">jákvæðni</w>
            <w lemma="á" type="af">á</w>
            <w lemma="mjög" type="aa">mjög</w>
            <w lemma="erfiður" type="lkfþsf">erfiðum</w>
            <w lemma="tími" type="nkfþ">tímum</w>
            <c type="pl">.</c>
          </s>
        </p>
        <p n="7">
          <s n="1">
            <w lemma="Íris" type="nven-s">Íris</w>
            <w lemma="Hauksdóttir" type="nven-s">Hauksdóttir</w>
            <c type="pa">:</c>
            <w lemma="það" type="fphfn">Þau</w>
            <w lemma="vera" type="sfg3fn">eru</w>
            <w lemma="einhver" type="fokeo">einhvern</w>
            <w lemma="vega" type="sþghfn">vegin</w>
            <w lemma="bara" type="aa">bara</w>
            <w lemma="búinn" type="lhfnsf">búin</w>
            <w lemma="að" type="cn">að</w>
            <w lemma="hrífa" type="sng">hrífa</w>
            <w lemma="maður" type="nkeo">mann</w>
            <w lemma="með" type="af">með</w>
            <w lemma="sig" type="fpvfþ">sér</w>
            <w lemma="í" type="af">í</w>
            <w lemma="sinn" type="feveþ">sinni</w>
            <w lemma="jákvæðni" type="nveþ">jákvæðni</w>
            <w lemma="og" type="c">og</w>
            <w lemma="maður" type="nken">maður</w>
            <w lemma="geta" type="sfg3en">getur</w>
            <w lemma="ekki" type="aa">ekki</w>
            <w lemma="annar" type="foheo">annað</w>
            <w lemma="gjarnan" type="aam">heldur</w>
            <w lemma="en" type="c">en</w>
            <w lemma="gera" type="sþghen">gert</w>
            <w lemma="það" type="fpheo">það</w>
            <w lemma="á" type="af">á</w>
            <w lemma="hann" type="fpkfe">þeirra</w>
            <w lemma="háttur" type="nkeo">hátt</w>
            <w lemma="að" type="c">að</w>
            <c type="pk">,</c>
            <w lemma="að" type="cn">að</w>
            <w lemma="hafa" type="sng">hafa</w>
            <w lemma="þessi" type="faheo">þetta</w>
            <w lemma="jákvæðni" type="nveo">jákvæðni</w>
            <w lemma="[...]" type="ta">[...]</w>
            <c type="pl">.</c>
          </s>
          <s n="2">
            <w lemma="ég" type="fp1fn">Við</w>
            <w lemma="bjóða" type="sfg1fn">bjóðum</w>
            <w lemma="bara" type="aa">bara</w>
            <w lemma="allur" type="fokfo">alla</w>
            <w lemma="hjartanlegur" type="lkfosf">hjartanlega</w>
            <w lemma="velkominn" type="lkfosf">velkomna</w>
            <c type="pl">.</c>
          </s>
        </p>
      </div1>
    </body>
  </text>
</TEI>
