<?xml version="1.0" encoding="utf-8"?>
<TEI xmlns="http://www.tei-c.org/ns/1.0">
  <teiHeader>
    <fileDesc>
      <titleStmt>
        <title>
          <title type="main">Forsetinn mun ræða við formenn flokkanna sex</title>
        </title>
        <respStmt>
          <resp xml:lang="is">Söfnun og úrvinnsla texta</resp>
          <resp xml:lang="en">Collection and processing of text</resp>
          <name xml:lang="is">Stofnun Árna Magnússonar í íslenskum fræðum</name>
          <name xml:lang="en">The Arni Magnusson Institute for Icelandic Studies</name>
        </respStmt>
      </titleStmt>
      <editionStmt>
        <p xml:lang="is">Íslensk risamálheild (2019)</p>
        <p xml:lang="en">Tagged Icelandic Gigaword Corpus (2019)</p>
      </editionStmt>
      <publicationStmt>
        <distributor xml:lang="is">Stofnun Árna Magnússonar í íslenskum fræðum</distributor>
        <distributor xml:lang="en">The Arni Magnusson Institute for Icelandic Studies</distributor>
        <address>
          <addrLine xml:lang="is">Árnagarður við Suðurgötu, 107 Reykjavík, Íslandi</addrLine>
          <addrLine xml:lang="en">Árnagarður Suðurgata, 107 Reykjavik, Iceland</addrLine>
          <addrLine>
            <email>arnastofnun@arnastofnun.is</email>
          </addrLine>
        </address>
        <idno type="risam">G-25-2547273</idno>
        <availability>
          <p xml:lang="is">Þessi texti er til notkunar í málrannsóknum og máltækniverkefnum um allan heim með sérstöku leyfi, sjá rmh2Hdr.xml</p>
          <p xml:lang="en">This text is available for use in language research and language technology projects world wide with a special license, see rmh2Hdr.xml</p>
        </availability>
        <date>2020-05-26</date>
      </publicationStmt>
      <sourceDesc>
        <biblStruct>
          <analytic>
            <title>
              <title type="main">Forsetinn mun ræða við formenn flokkanna sex</title>
            </title>
            <date when="2013-04-29T08:00:00">29.04 2013 kl. 08:00:00</date>
          </analytic>
          <monogr>
            <title>Bylgjan</title>
            <imprint>
              <publisher>365 miðlar hf.</publisher>
              <pubPlace>Reykjavík</pubPlace>
            </imprint>
          </monogr>
        </biblStruct>
      </sourceDesc>
    </fileDesc>
    <encodingDesc>
      <projectDesc>
        <p xml:lang="is">Sjá lýsingu á verkefninu í rmh2Hdr.xml.</p>
        <p xml:lang="en">See description of project in rmh2Hdr.xml.</p>
      </projectDesc>
      <tagsDecl>
        <namespace name="http://www.tei-c.org/ns/1.0">
          <tagUsage gi="text" occurs="1"/>
          <tagUsage gi="body" occurs="1"/>
          <tagUsage gi="div1" occurs="1"/>
          <tagUsage gi="p" occurs="1"/>
          <tagUsage gi="s" occurs="4"/>
          <tagUsage gi="w" occurs="72"/>
          <tagUsage gi="c" occurs="5"/>
        </namespace>
      </tagsDecl>
    </encodingDesc>
    <profileDesc>
     <textClass>
      <keywords scheme="#RMH">
       <list>
        <item>Frétt – almennt</item>
       </list>
      </keywords>
     </textClass>
    </profileDesc>
  </teiHeader>
  <text>
    <body>
      <div1>
        <p n="1">
          <s n="1">
            <w lemma="Ólafur" type="nken-s">Ólafur</w>
            <w lemma="Ragnar" type="nken-s">Ragnar</w>
            <w lemma="Grímsson" type="nken-s">Grímsson</w>
            <c type="pk">,</c>
            <w lemma="forseti" type="nken">forseti</w>
            <w lemma="munu" type="sfg3en">mun</w>
            <w lemma="í" type="af">í</w>
            <w lemma="dagur" type="nkeo">dag</w>
            <w lemma="ræða" type="sng">ræða</w>
            <w lemma="við" type="af">við</w>
            <w lemma="formaður" type="nkfo">formenn</w>
            <w lemma="allur" type="fokfe">allra</w>
            <w lemma="flokkur" type="nkfeg">flokkanna</w>
            <w lemma="sex" type="tfkfþ">sex</w>
            <w lemma="sem" type="c">sem</w>
            <w lemma="ná" type="sfg3fþ">náðu</w>
            <w lemma="kjör" type="nheþ">kjöri</w>
            <w lemma="á" type="af">á</w>
            <w lemma="þing" type="nheo">þing</w>
            <w lemma="og" type="c">og</w>
            <w lemma="ákveða" type="sng">ákveða</w>
            <w lemma="svo" type="aa">svo</w>
            <w lemma="hver" type="fokeþ">hverjum</w>
            <w lemma="hann" type="fpken">hann</w>
            <w lemma="fela" type="sfg3en">felur</w>
            <w lemma="umboð" type="nheo">umboð</w>
            <w lemma="til" type="af">til</w>
            <w lemma="stjórnarmyndun" type="nvee">stjórnarmyndunar</w>
            <c type="pl">.</c>
          </s>
          <s n="2">
            <w lemma="það" type="fphen">Það</w>
            <w lemma="geta" type="svg3eþ">gæti</w>
            <w lemma="jafnvel" type="aa">jafnvel</w>
            <w lemma="liggja" type="sþghen">legið</w>
            <w lemma="fyrir" type="aa">fyrir</w>
            <w lemma="í" type="af">í</w>
            <w lemma="kvöld" type="nheo">kvöld</w>
            <c type="pl">.</c>
          </s>
          <s n="3">
            <w lemma="Ólafur" type="nken-s">Ólafur</w>
            <w lemma="segja" type="sfg3eþ">sagði</w>
            <w lemma="í" type="aa">í</w>
            <w lemma="gær" type="aa">gær</w>
            <w lemma="að" type="c">að</w>
            <w lemma="í" type="af">í</w>
            <w lemma="ljós" type="nheþ">ljósi</w>
            <w lemma="reynsla" type="nveeg">reynslunnar</w>
            <w lemma="duga" type="svg3eþ">dygði</w>
            <w lemma="ekki" type="aa">ekki</w>
            <w lemma="einungis" type="aa">einungis</w>
            <w lemma="að" type="aa">að</w>
            <w lemma="nýr" type="lvensf">ný</w>
            <w lemma="stjórn" type="nven">stjórn</w>
            <w lemma="hafa" type="svg3eþ">hefði</w>
            <w lemma="traustur" type="lkeosf">traustan</w>
            <w lemma="meirihluti" type="nkeo">meirihluta</w>
            <w lemma="heldur" type="c">heldur</w>
            <w lemma="þurfa" type="svg3eþ">þyrfti</w>
            <w lemma="líka" type="aa">líka</w>
            <w lemma="víðtækur" type="lveosf">víðtæka</w>
            <w lemma="sátt" type="nveo">sátt</w>
            <w lemma="í" type="af">í</w>
            <w lemma="þjóðfélag" type="nheþg">þjóðfélaginu</w>
            <c type="pl">.</c>
          </s>
          <s n="4">
            <w lemma="ríkisstjórn" type="nven">Ríkisstjórn</w>
            <w lemma="Jóhanna" type="nvee-s">Jóhönnu</w>
            <w lemma="Sigurðardóttir" type="nvee-s">Sigurðardóttur</w>
            <w lemma="sitja" type="sfg3en">situr</w>
            <w lemma="áfram" type="aa">áfram</w>
            <w lemma="sem" type="c">sem</w>
            <w lemma="starfsstjórn" type="nven">starfsstjórn</w>
            <w lemma="þar" type="aa">þar</w>
            <w lemma="til" type="aa">til</w>
            <w lemma="nýr" type="lvensf">ný</w>
            <w lemma="stjórn" type="nven">stjórn</w>
            <w lemma="hafa" type="sfg3en">hefur</w>
            <w lemma="vera" type="sþghen">verið</w>
            <w lemma="mynda" type="sþgven">mynduð</w>
            <c type="pl">.</c>
          </s>
        </p>
      </div1>
    </body>
  </text>
</TEI>
