<?xml version="1.0" encoding="utf-8"?>
<TEI xmlns="http://www.tei-c.org/ns/1.0">
  <teiHeader>
    <fileDesc>
      <titleStmt>
        <title>
          <title type="main">Pólitík og bolti</title>
        </title>
        <respStmt>
          <resp xml:lang="is">Söfnun og úrvinnsla texta</resp>
          <resp xml:lang="en">Collection and processing of text</resp>
          <name xml:lang="is">Stofnun Árna Magnússonar í íslenskum fræðum</name>
          <name xml:lang="en">The Arni Magnusson Institute for Icelandic Studies</name>
        </respStmt>
      </titleStmt>
      <editionStmt>
        <p xml:lang="is">Íslensk risamálheild (2019)</p>
        <p xml:lang="en">Tagged Icelandic Gigaword Corpus (2019)</p>
      </editionStmt>
      <publicationStmt>
        <distributor xml:lang="is">Stofnun Árna Magnússonar í íslenskum fræðum</distributor>
        <distributor xml:lang="en">The Arni Magnusson Institute for Icelandic Studies</distributor>
        <address>
          <addrLine xml:lang="is">Árnagarður við Suðurgötu, 107 Reykjavík, Íslandi</addrLine>
          <addrLine xml:lang="en">Árnagarður Suðurgata, 107 Reykjavik, Iceland</addrLine>
          <addrLine>
            <email>arnastofnun@arnastofnun.is</email>
          </addrLine>
        </address>
        <idno type="risam">G-25-2503800</idno>
        <availability>
          <p xml:lang="is">Þessi texti er til notkunar í málrannsóknum og máltækniverkefnum um allan heim með sérstöku leyfi, sjá rmh2Hdr.xml</p>
          <p xml:lang="en">This text is available for use in language research and language technology projects world wide with a special license, see rmh2Hdr.xml</p>
        </availability>
        <date>2020-05-26</date>
      </publicationStmt>
      <sourceDesc>
        <biblStruct>
          <analytic>
            <title>
              <title type="main">Pólitík og bolti</title>
            </title>
            <date when="2013-04-15T12:00:00">15.04 2013 kl. 12:00:00</date>
          </analytic>
          <monogr>
            <title>Bylgjan</title>
            <imprint>
              <publisher>365 miðlar hf.</publisher>
              <pubPlace>Reykjavík</pubPlace>
            </imprint>
          </monogr>
        </biblStruct>
      </sourceDesc>
    </fileDesc>
    <encodingDesc>
      <projectDesc>
        <p xml:lang="is">Sjá lýsingu á verkefninu í rmh2Hdr.xml.</p>
        <p xml:lang="en">See description of project in rmh2Hdr.xml.</p>
      </projectDesc>
      <tagsDecl>
        <namespace name="http://www.tei-c.org/ns/1.0">
          <tagUsage gi="text" occurs="1"/>
          <tagUsage gi="body" occurs="1"/>
          <tagUsage gi="div1" occurs="1"/>
          <tagUsage gi="p" occurs="2"/>
          <tagUsage gi="s" occurs="17"/>
          <tagUsage gi="w" occurs="258"/>
          <tagUsage gi="c" occurs="21"/>
        </namespace>
      </tagsDecl>
    </encodingDesc>
    <profileDesc>
     <textClass>
      <keywords scheme="#RMH">
       <list>
        <item>Frétt – almennt</item>
       </list>
      </keywords>
     </textClass>
    </profileDesc>
  </teiHeader>
  <text>
    <body>
      <div1>
        <p n="1">
          <s n="1">
            <w lemma="enskur" type="lhenvf">Enska</w>
            <w lemma="knattspyrnulið" type="nheng">knattspyrnuliðið</w>
            <w lemma="Liverpool" type="n----s">Liverpool</w>
            <w lemma="njóta" type="sfg3en">nýtur</w>
            <w lemma="mikill" type="lveese">mestrar</w>
            <w lemma="hylli" type="nvee">hylli</w>
            <w lemma="hjá" type="af">hjá</w>
            <w lemma="kjósandi" type="nkfþ">kjósendum</w>
            <w lemma="Sjálfstæðisflokkur" type="nkee-s">Sjálfstæðisflokks</w>
            <w lemma="og" type="c">og</w>
            <w lemma="Samfylkingin" type="nveegs">Samfylkingarinnar</w>
            <w lemma="á" type="aa">á</w>
            <w lemma="meðan" type="c">meðan</w>
            <w lemma="að" type="c">að</w>
            <w lemma="stuðningsmaður" type="nkfn">stuðningsmenn</w>
            <w lemma="vinstri" type="lkfevf">Vinstri</w>
            <w lemma="grænn" type="lkfesf">grænna</w>
            <w lemma="hafa" type="sfg3fn">hafa</w>
            <w lemma="lítill" type="lkeosf">lítinn</w>
            <w lemma="áhugi" type="nkeo">áhuga</w>
            <w lemma="á" type="af">á</w>
            <w lemma="enskur" type="lkeþvf">enska</w>
            <w lemma="bolti" type="nkeþg">boltanum</w>
            <c type="pl">.</c>
          </s>
          <s n="2">
            <w lemma="þessi" type="fahen">Þetta</w>
            <w lemma="koma" type="sfg3en">kemur</w>
            <w lemma="fram" type="aa">fram</w>
            <w lemma="í" type="af">í</w>
            <w lemma="nýr" type="lveþsf">nýrri</w>
            <w lemma="könnun" type="nveþ">könnun</w>
            <w lemma="frá" type="af">frá</w>
            <w lemma="Capacent" type="n----s">Capacent</w>
            <c type="pl">.</c>
          </s>
        </p>
        <p n="2">
          <s n="1">
            <w lemma="Manchester" type="n----s">Manchester</w>
            <w lemma="United" type="e">United</w>
            <w lemma="vera" type="sfg3en">er</w>
            <w lemma="vinsæll" type="lhenve">vinsælasta</w>
            <w lemma="enskur" type="lhenvf">enska</w>
            <w lemma="knattspyrnulið" type="nhen">knattspyrnulið</w>
            <w lemma="land" type="nheeg">landsins</w>
            <w lemma="en" type="c">en</w>
            <w lemma="19%" type="tp">19%</w>
            <w lemma="Íslendingur" type="nkfe-s">Íslendinga</w>
            <w lemma="styðja" type="sfg3fn">styðja</w>
            <w lemma="rauður" type="lkfovf">rauðu</w>
            <w lemma="djöfull" type="nkfog">djöflana</w>
            <c type="pl">.</c>
          </s>
          <s n="2">
            <w lemma="Liverpool" type="n----s">Liverpool</w>
            <w lemma="koma" type="sfg3en">kemur</w>
            <w lemma="þar" type="aa">þar</w>
            <w lemma="skammt" type="aa">skammt</w>
            <w lemma="undan" type="aa">undan</w>
            <w lemma="með" type="af">með</w>
            <w lemma="tæplega" type="aa">tæplega</w>
            <w lemma="17%" type="tp">17%</w>
            <w lemma="fylgi" type="nheo">fylgi</w>
            <c type="pl">.</c>
          </s>
          <s n="3">
            <w lemma="Arsenal" type="n----s">Arsenal</w>
            <w lemma="vera" type="sfg3en">er</w>
            <w lemma="réttur" type="lhensf">rétt</w>
            <w lemma="hálfdrættingur" type="nken">hálfdrættingur</w>
            <w lemma="á" type="aa">á</w>
            <w lemma="við" type="af">við</w>
            <w lemma="Liverpool" type="n----s">Liverpool</w>
            <w lemma="en" type="c">en</w>
            <w lemma="langt" type="aa">langt</w>
            <w lemma="á" type="aa">á</w>
            <w lemma="eftir" type="aa">eftir</w>
            <w lemma="koma" type="sfg3fn">koma</w>
            <w lemma="síðan" type="aa">síðan</w>
            <w lemma="Tottenham" type="n----s">Tottenham</w>
            <c type="pk">,</c>
            <w lemma="Manchester" type="n----s">Manchester</w>
            <w lemma="City" type="e">City</w>
            <c type="pk">,</c>
            <w lemma="Chelsea" type="n----s">Chelsea</w>
            <w lemma="og" type="c">og</w>
            <w lemma="Leeds" type="n----s">Leeds</w>
            <c type="pl">.</c>
          </s>
          <s n="4">
            <w lemma="sá" type="fakfn">Þeir</w>
            <w lemma="sem" type="ct">sem</w>
            <w lemma="ljúka" type="sþghen">lokið</w>
            <w lemma="hafa" type="sfg3fn">hafa</w>
            <w lemma="háskólapróf" type="nheþ">háskólaprófi</w>
            <w lemma="vera" type="sfg3fn">eru</w>
            <w lemma="líklegur" type="lkfnse">líklegastir</w>
            <w lemma="til" type="af">til</w>
            <w lemma="að" type="cn">að</w>
            <w lemma="halda" type="sng">halda</w>
            <w lemma="með" type="af">með</w>
            <w lemma="Liverpool" type="n----s">Liverpool</w>
            <w lemma="en" type="c">en</w>
            <w lemma="stuðningsmaður" type="nkfn">stuðningsmenn</w>
            <w lemma="Manchester" type="n----s">Manchester</w>
            <w lemma="United" type="e">United</w>
            <w lemma="vera" type="sfg3fn">eru</w>
            <w lemma="margur" type="lkfnse">flestir</w>
            <w lemma="með" type="af">með</w>
            <w lemma="stúdentspróf" type="nhfo">stúdentspróf</w>
            <c type="pl">.</c>
          </s>
          <s n="5">
            <w lemma="vera" type="svg3en">Sé</w>
            <w lemma="líta" type="sþghen">litið</w>
            <w lemma="til" type="aa">til</w>
            <w lemma="hvaða" type="fsken">hvaða</w>
            <w lemma="stjórnmálaflokkur" type="nkeo">stjórnmálaflokk</w>
            <w lemma="fólk" type="nhen">fólk</w>
            <w lemma="hyggja" type="sfm3en">hyggst</w>
            <w lemma="kjósa" type="sng">kjósa</w>
            <w lemma="í" type="af">í</w>
            <w lemma="komandi" type="lvfþof">komandi</w>
            <w lemma="alþingiskosning" type="nvfþ">alþingiskosningum</w>
            <w lemma="koma" type="sfg3en">kemur</w>
            <w lemma="í" type="af">í</w>
            <w lemma="ljós" type="nheo">ljós</w>
            <w lemma="að" type="c">að</w>
            <w lemma="vinstri" type="lkfnvf">Vinstri</w>
            <w lemma="grænn" type="lkfnsf">grænir</w>
            <w lemma="og" type="c">og</w>
            <w lemma="framsóknarmaður" type="nkfn">framsóknarmenn</w>
            <w lemma="hafa" type="sfg3fn">hafa</w>
            <w lemma="lítill" type="lkeovm">minni</w>
            <w lemma="áhugi" type="nkeo">áhuga</w>
            <w lemma="á" type="af">á</w>
            <w lemma="enskur" type="lkeþvf">enska</w>
            <w lemma="bolti" type="nkeþg">boltanum</w>
            <w lemma="en" type="c">en</w>
            <w lemma="stuðningsmaður" type="nkfn">stuðningsmenn</w>
            <w lemma="annar" type="fohfe">annarra</w>
            <w lemma="framboð" type="nhfe">framboða</w>
            <c type="pl">.</c>
          </s>
          <s n="6">
            <w lemma="kjósandi" type="nkfn">Kjósendur</w>
            <w lemma="Sjálfstæðisflokkur" type="nkee-s">Sjálfstæðisflokks</w>
            <w lemma="og" type="c">og</w>
            <w lemma="Samfylkingin" type="nveegs">Samfylkingarinnar</w>
            <w lemma="vera" type="sfg3fn">eru</w>
            <w lemma="áhugasamur" type="lkfnse">áhugasamastir</w>
            <c type="pl">.</c>
          </s>
          <s n="7">
            <w lemma="Manchester" type="n----s">Manchester</w>
            <w lemma="United" type="e">United</w>
            <w lemma="njóta" type="sfg3en">nýtur</w>
            <w lemma="mikill" type="lveese">mestrar</w>
            <w lemma="hylli" type="nvee">hylli</w>
            <w lemma="á" type="aa">á</w>
            <w lemma="meðal" type="af">meðal</w>
            <w lemma="kjósandi" type="nkfe">kjósenda</w>
            <w lemma="hylli" type="nvee">hylli</w>
            <w lemma="á" type="aa">á</w>
            <w lemma="meðal" type="af">meðal</w>
            <w lemma="kjósandi" type="nkfe">kjósenda</w>
            <w lemma="Bjartur" type="nvee-s">Bjartrar</w>
            <w lemma="framtíð" type="nvee">framtíðar</w>
            <w lemma="en" type="c">en</w>
            <w lemma="24%" type="tp">24%</w>
            <w lemma="hann" type="fpkfe">þeirra</w>
            <w lemma="styðja" type="sfg3fn">styðja</w>
            <w lemma="lið" type="nheog">liðið</w>
            <c type="pl">.</c>
          </s>
          <s n="8">
            <w lemma="Framsóknar-" type="kt">Framsóknar-</w>
            <w lemma="og" type="c">og</w>
            <w lemma="sjálfstæðismaður" type="nkfn">sjálfstæðismenn</w>
            <w lemma="koma" type="sfg3fn">koma</w>
            <w lemma="þar" type="aa">þar</w>
            <w lemma="skammt" type="aa">skammt</w>
            <w lemma="undan" type="aa">undan</w>
            <c type="pl">.</c>
          </s>
          <s n="9">
            <w lemma="vinstri" type="lkfnvf">Vinstri</w>
            <w lemma="grænn" type="lkfnsf">grænir</w>
            <w lemma="og" type="c">og</w>
            <w lemma="samfylkingarfólk" type="nhen">samfylkingarfólk</w>
            <w lemma="vera" type="sfg3en">er</w>
            <w lemma="enginn" type="fohen">ekkert</w>
            <w lemma="sérstaklega" type="aa">sérstaklega</w>
            <w lemma="hrifinn" type="lhensf">hrifið</w>
            <w lemma="af" type="af">af</w>
            <w lemma="verðandi" type="lkfþof">verðandi</w>
            <w lemma="Englandsmeistari" type="nkfþ-s">Englandsmeisturum</w>
            <w lemma="en" type="c">en</w>
            <w lemma="innan" type="aa">innan</w>
            <w lemma="við" type="af">við</w>
            <w lemma="9%" type="tp">9%</w>
            <w lemma="hann" type="fpkfe">þeirra</w>
            <w lemma="styðja" type="sfg3fn">styðja</w>
            <w lemma="Manchester" type="n----s">Manchester</w>
            <w lemma="United" type="e">United</w>
            <c type="pl">.</c>
          </s>
          <s n="10">
            <w lemma="Liverpool" type="n----s">Liverpool</w>
            <w lemma="vera" type="sfg3en">er</w>
            <w lemma="langvinsæll" type="lhenve">langvinsælasta</w>
            <w lemma="félag" type="nheng">félagið</w>
            <w lemma="meðal" type="af">meðal</w>
            <w lemma="Samfylkingin" type="nveegs">Samfylkingarinnar</w>
            <w lemma="en" type="c">en</w>
            <w lemma="25%" type="tp">25%</w>
            <w lemma="kjósandi" type="nkfe">kjósenda</w>
            <w lemma="flokkur" type="nkeeg">flokksins</w>
            <w lemma="halda" type="sfg3fn">halda</w>
            <w lemma="með" type="af">með</w>
            <w lemma="lið" type="nheþg">liðinu</w>
            <w lemma="frá" type="af">frá</w>
            <w lemma="bítlaborg" type="nveþg">bítlaborginni</w>
            <c type="pl">.</c>
          </s>
          <s n="11">
            <w lemma="Liverpool" type="n----s">Liverpool</w>
            <w lemma="vera" type="sfg3en">er</w>
            <w lemma="einnig" type="aa">einnig</w>
            <w lemma="vinsæll" type="lhenve">vinsælasta</w>
            <w lemma="lið" type="nheng">liðið</w>
            <w lemma="á" type="aa">á</w>
            <w lemma="meðal" type="af">meðal</w>
            <w lemma="sjálfstæðismaður" type="nkfe">sjálfstæðismanna</w>
            <c type="pl">.</c>
          </s>
          <s n="12">
            <w lemma="Arsenal" type="n----s">Arsenal</w>
            <w lemma="á" type="af">á</w>
            <w lemma="margur" type="lkfose">flesta</w>
            <w lemma="stuðningsmaður" type="nkfo">stuðningsmenn</w>
            <w lemma="á" type="aa">á</w>
            <w lemma="meðal" type="af">meðal</w>
            <w lemma="Samfylkingin" type="nveegs">Samfylkingarinnar</w>
            <w lemma="og" type="c">og</w>
            <w lemma="Sjálfstæðisflokkur" type="nkee-s">Sjálfstæðisflokks</w>
            <c type="pk">,</c>
            <w lemma="13" type="ta">13</w>
            <w lemma="og" type="c">og</w>
            <w lemma="17%" type="tp">17%</w>
            <c type="pl">.</c>
          </s>
          <s n="13">
            <w lemma="afar" type="aa">Afar</w>
            <w lemma="fár" type="lkfnsf">fáir</w>
            <w lemma="framsóknarmaður" type="nkfn">framsóknarmenn</w>
            <w lemma="styðja" type="sfg3fn">styðja</w>
            <w lemma="hinn" type="fakee">hins</w>
            <w lemma="vegur" type="nkee">vegar</w>
            <w lemma="Lundúnalið" type="nhengs">Lundúnaliðið</w>
            <w lemma="vera" type="sfg3en">er</w>
            <w lemma="rétt" type="aa">rétt</w>
            <w lemma="um" type="af">um</w>
            <w lemma="2%" type="tp">2%</w>
            <c type="pl">.</c>
          </s>
          <s n="14">
            <w lemma="stuðningsmaður" type="nkfn">Stuðningsmenn</w>
            <w lemma="ríkisstjórn" type="nveeg">ríkisstjórnarinnar</w>
            <w lemma="vera" type="sfg3fn">eru</w>
            <w lemma="líklegur" type="lkfnse">líklegastir</w>
            <w lemma="til" type="af">til</w>
            <w lemma="að" type="cn">að</w>
            <w lemma="halda" type="sng">halda</w>
            <w lemma="með" type="af">með</w>
            <w lemma="Manchester" type="n----s">Manchester</w>
            <w lemma="United" type="e">United</w>
            <w lemma="en" type="c">en</w>
            <w lemma="sá" type="fakfn">þeir</w>
            <w lemma="sem" type="ct">sem</w>
            <w lemma="styðja" type="sfg3fn">styðja</w>
            <w lemma="hún" type="fpveo">hana</w>
            <w lemma="ekki" type="aa">ekki</w>
            <w lemma="halda" type="sng">halda</w>
            <w lemma="að" type="af">að</w>
            <w lemma="allur" type="fohfþ">öllum</w>
            <w lemma="líkindi" type="nhfþ">líkindum</w>
            <w lemma="með" type="af">með</w>
            <w lemma="Liverpool" type="n----s">Liverpool</w>
            <c type="pl">.</c>
          </s>
          <s n="15">
            <w lemma="könnun" type="nven">Könnun</w>
            <w lemma="Capacent" type="n----s">Capacent</w>
            <w lemma="vera" type="sfg3eþ">var</w>
            <w lemma="gera" type="sþgven">gerð</w>
            <w lemma="dagur" type="nkfog">dagana</w>
            <w lemma="14." type="ta">14.</w>
            <w lemma="til" type="af">til</w>
            <w lemma="21." type="ta">21.</w>
            <w lemma="mars" type="nkee">mars</w>
            <c type="pk">,</c>
            <w lemma="1.422" type="ta">1.422</w>
            <w lemma="einstaklingur" type="nkfn">einstaklingar</w>
            <w lemma="vera" type="sfg3fþ">voru</w>
            <w lemma="í" type="af">í</w>
            <w lemma="úrtak" type="nheþg">úrtakinu</w>
            <w lemma="og" type="c">og</w>
            <w lemma="vera" type="sfg3eþ">var</w>
            <w lemma="svarhlutfall" type="nhen">svarhlutfall</w>
            <w lemma="60,2%" type="tp">60,2%</w>
            <c type="pl">.</c>
          </s>
        </p>
      </div1>
    </body>
  </text>
</TEI>
