<?xml version="1.0" encoding="utf-8"?>
<TEI xmlns="http://www.tei-c.org/ns/1.0">
  <teiHeader>
    <fileDesc>
      <titleStmt>
        <title>
          <title type="main">Atlantsolía lækkaði eldsneytisverð í morgun</title>
        </title>
        <respStmt>
          <resp xml:lang="is">Söfnun og úrvinnsla texta</resp>
          <resp xml:lang="en">Collection and processing of text</resp>
          <name xml:lang="is">Stofnun Árna Magnússonar í íslenskum fræðum</name>
          <name xml:lang="en">The Arni Magnusson Institute for Icelandic Studies</name>
        </respStmt>
      </titleStmt>
      <editionStmt>
        <p xml:lang="is">Íslensk risamálheild (2019)</p>
        <p xml:lang="en">Tagged Icelandic Gigaword Corpus (2019)</p>
      </editionStmt>
      <publicationStmt>
        <distributor xml:lang="is">Stofnun Árna Magnússonar í íslenskum fræðum</distributor>
        <distributor xml:lang="en">The Arni Magnusson Institute for Icelandic Studies</distributor>
        <address>
          <addrLine xml:lang="is">Árnagarður við Suðurgötu, 107 Reykjavík, Íslandi</addrLine>
          <addrLine xml:lang="en">Árnagarður Suðurgata, 107 Reykjavik, Iceland</addrLine>
          <addrLine>
            <email>arnastofnun@arnastofnun.is</email>
          </addrLine>
        </address>
        <idno type="risam">G-25-2543003</idno>
        <availability>
          <p xml:lang="is">Þessi texti er til notkunar í málrannsóknum og máltækniverkefnum um allan heim með sérstöku leyfi, sjá rmh2Hdr.xml</p>
          <p xml:lang="en">This text is available for use in language research and language technology projects world wide with a special license, see rmh2Hdr.xml</p>
        </availability>
        <date>2020-05-26</date>
      </publicationStmt>
      <sourceDesc>
        <biblStruct>
          <analytic>
            <title>
              <title type="main">Atlantsolía lækkaði eldsneytisverð í morgun</title>
            </title>
            <date when="2013-04-08T08:00:00">08.04 2013 kl. 08:00:00</date>
          </analytic>
          <monogr>
            <title>Bylgjan</title>
            <imprint>
              <publisher>365 miðlar hf.</publisher>
              <pubPlace>Reykjavík</pubPlace>
            </imprint>
          </monogr>
        </biblStruct>
      </sourceDesc>
    </fileDesc>
    <encodingDesc>
      <projectDesc>
        <p xml:lang="is">Sjá lýsingu á verkefninu í rmh2Hdr.xml.</p>
        <p xml:lang="en">See description of project in rmh2Hdr.xml.</p>
      </projectDesc>
      <tagsDecl>
        <namespace name="http://www.tei-c.org/ns/1.0">
          <tagUsage gi="text" occurs="1"/>
          <tagUsage gi="body" occurs="1"/>
          <tagUsage gi="div1" occurs="1"/>
          <tagUsage gi="p" occurs="1"/>
          <tagUsage gi="s" occurs="5"/>
          <tagUsage gi="w" occurs="82"/>
          <tagUsage gi="c" occurs="5"/>
        </namespace>
      </tagsDecl>
    </encodingDesc>
    <profileDesc>
     <textClass>
      <keywords scheme="#RMH">
       <list>
        <item>Frétt – almennt</item>
       </list>
      </keywords>
     </textClass>
    </profileDesc>
  </teiHeader>
  <text>
    <body>
      <div1>
        <p n="1">
          <s n="1">
            <w lemma="atlantsolía" type="nven">Atlantsolía</w>
            <w lemma="lækka" type="sfg3eþ">lækkaði</w>
            <w lemma="eldsneytisverð" type="nhen">eldsneytisverð</w>
            <w lemma="í" type="af">í</w>
            <w lemma="morgunn" type="nkeo">morgun</w>
            <w lemma="og" type="c">og</w>
            <w lemma="mega" type="sfg3en">má</w>
            <w lemma="vænta" type="sng">vænta</w>
            <w lemma="það" type="fphee">þess</w>
            <w lemma="að" type="c">að</w>
            <w lemma="hinn" type="fahfn">hin</w>
            <w lemma="félag" type="nhfng">félögin</w>
            <w lemma="fylgja" type="svg3fn">fylgi</w>
            <w lemma="í" type="af">í</w>
            <w lemma="kjölfar" type="nheog">kjölfarið</w>
            <c type="pl">.</c>
          </s>
          <s n="2">
            <w lemma="bensínlítri" type="nkeng">Bensínlítrinn</w>
            <w lemma="lækka" type="sfg3en">lækkar</w>
            <w lemma="nú" type="aa">nú</w>
            <w lemma="um" type="aa">um</w>
            <w lemma="2" type="ta">2</w>
            <w lemma="króna" type="nvfo">krónur</w>
            <w lemma="og" type="c">og</w>
            <w lemma="fara" type="sfg3en">fer</w>
            <w lemma="niður" type="aa">niður</w>
            <w lemma="í" type="af">í</w>
            <w lemma="247,60" type="ta">247,60</w>
            <w lemma="og" type="c">og</w>
            <w lemma="dísillítri" type="nkeng">dísillítrinn</w>
            <w lemma="lækka" type="sfg3en">lækkar</w>
            <w lemma="um" type="af">um</w>
            <w lemma="3" type="ta">3</w>
            <w lemma="króna" type="nvfo">krónur</w>
            <w lemma="og" type="c">og</w>
            <w lemma="fara" type="sfg3en">fer</w>
            <w lemma="niður" type="aa">niður</w>
            <w lemma="í" type="af">í</w>
            <w lemma="243" type="ta">243</w>
            <w lemma="króna" type="nvfo">krónur</w>
            <c type="pl">.</c>
          </s>
          <s n="3">
            <w lemma="bensín" type="nheng">Bensínið</w>
            <w lemma="hafa" type="sfg3en">hefur</w>
            <w lemma="því" type="aa">því</w>
            <w lemma="lækka" type="sþghen">lækkað</w>
            <w lemma="um" type="aa">um</w>
            <w lemma="samtals" type="aa">samtals</w>
            <w lemma="20" type="ta">20</w>
            <w lemma="króna" type="nvfo">krónur</w>
            <w lemma="á" type="af">á</w>
            <w lemma="nokkur" type="fovfþ">nokkrum</w>
            <w lemma="vika" type="nvfþ">vikum</w>
            <w lemma="og" type="c">og</w>
            <w lemma="dísilolía" type="nveng">dísilolían</w>
            <w lemma="um" type="aa">um</w>
            <w lemma="25" type="ta">25</w>
            <w lemma="króna" type="nvfo">krónur</w>
            <c type="pl">.</c>
          </s>
          <s n="4">
            <w lemma="miða" type="sþghen">Miðað</w>
            <w lemma="við" type="af">við</w>
            <w lemma="55" type="ta">55</w>
            <w lemma="lítri" type="nkfe">lítra</w>
            <w lemma="tankur" type="nkeo">tank</w>
            <w lemma="í" type="af">í</w>
            <w lemma="meðal" type="af">meðal</w>
            <w lemma="fólksbíll" type="nkeþ">fólksbíl</w>
            <w lemma="hafa" type="sfg3en">hefur</w>
            <w lemma="bensínáfylling" type="nveng">bensínáfyllingin</w>
            <w lemma="lækka" type="sþghen">lækkað</w>
            <w lemma="um" type="af">um</w>
            <w lemma="1.100" type="ta">1.100</w>
            <w lemma="króna" type="nvfo">krónur</w>
            <w lemma="og" type="c">og</w>
            <w lemma="dísilfylling" type="nveng">dísilfyllingin</w>
            <w lemma="um" type="aa">um</w>
            <w lemma="1.400" type="ta">1.400</w>
            <w lemma="króna" type="nvfo">krónur</w>
            <c type="pl">.</c>
          </s>
          <s n="5">
            <w lemma="styrking" type="nven">Styrking</w>
            <w lemma="króna" type="nveeg">krónunnar</w>
            <w lemma="og" type="c">og</w>
            <w lemma="lækkun" type="nven">lækkun</w>
            <w lemma="á" type="af">á</w>
            <w lemma="heimsmarkaðsverð" type="nheþ">heimsmarkaðsverði</w>
            <w lemma="skapa" type="sfg3en">skapar</w>
            <w lemma="þessi" type="faheo">þetta</w>
            <w lemma="svigrúm" type="nheo">svigrúm</w>
            <c type="pl">.</c>
          </s>
        </p>
      </div1>
    </body>
  </text>
</TEI>
