<?xml version="1.0" encoding="utf-8"?>
<TEI xmlns="http://www.tei-c.org/ns/1.0">
  <teiHeader>
    <fileDesc>
      <titleStmt>
        <title>
          <title type="main">Greining Arion banka gagnrýnir skýrslu</title>
        </title>
        <respStmt>
          <resp xml:lang="is">Söfnun og úrvinnsla texta</resp>
          <resp xml:lang="en">Collection and processing of text</resp>
          <name xml:lang="is">Stofnun Árna Magnússonar í íslenskum fræðum</name>
          <name xml:lang="en">The Arni Magnusson Institute for Icelandic Studies</name>
        </respStmt>
      </titleStmt>
      <editionStmt>
        <p xml:lang="is">Íslensk risamálheild (2019)</p>
        <p xml:lang="en">Tagged Icelandic Gigaword Corpus (2019)</p>
      </editionStmt>
      <publicationStmt>
        <distributor xml:lang="is">Stofnun Árna Magnússonar í íslenskum fræðum</distributor>
        <distributor xml:lang="en">The Arni Magnusson Institute for Icelandic Studies</distributor>
        <address>
          <addrLine xml:lang="is">Árnagarður við Suðurgötu, 107 Reykjavík, Íslandi</addrLine>
          <addrLine xml:lang="en">Árnagarður Suðurgata, 107 Reykjavik, Iceland</addrLine>
          <addrLine>
            <email>arnastofnun@arnastofnun.is</email>
          </addrLine>
        </address>
        <idno type="risam">G-25-2540051</idno>
        <availability>
          <p xml:lang="is">Þessi texti er til notkunar í málrannsóknum og máltækniverkefnum um allan heim með sérstöku leyfi, sjá rmh2Hdr.xml</p>
          <p xml:lang="en">This text is available for use in language research and language technology projects world wide with a special license, see rmh2Hdr.xml</p>
        </availability>
        <date>2020-05-26</date>
      </publicationStmt>
      <sourceDesc>
        <biblStruct>
          <analytic>
            <title>
              <title type="main">Greining Arion banka gagnrýnir skýrslu</title>
            </title>
            <date when="2013-04-20T12:00:00">20.04 2013 kl. 12:00:00</date>
          </analytic>
          <monogr>
            <title>Bylgjan</title>
            <imprint>
              <publisher>365 miðlar hf.</publisher>
              <pubPlace>Reykjavík</pubPlace>
            </imprint>
          </monogr>
        </biblStruct>
      </sourceDesc>
    </fileDesc>
    <encodingDesc>
      <projectDesc>
        <p xml:lang="is">Sjá lýsingu á verkefninu í rmh2Hdr.xml.</p>
        <p xml:lang="en">See description of project in rmh2Hdr.xml.</p>
      </projectDesc>
      <tagsDecl>
        <namespace name="http://www.tei-c.org/ns/1.0">
          <tagUsage gi="text" occurs="1"/>
          <tagUsage gi="body" occurs="1"/>
          <tagUsage gi="div1" occurs="1"/>
          <tagUsage gi="p" occurs="1"/>
          <tagUsage gi="s" occurs="4"/>
          <tagUsage gi="w" occurs="83"/>
          <tagUsage gi="c" occurs="5"/>
        </namespace>
      </tagsDecl>
    </encodingDesc>
    <profileDesc>
     <textClass>
      <keywords scheme="#RMH">
       <list>
        <item>Frétt – almennt</item>
       </list>
      </keywords>
     </textClass>
    </profileDesc>
  </teiHeader>
  <text>
    <body>
      <div1>
        <p n="1">
          <s n="1">
            <w lemma="greining" type="nven">Greining</w>
            <w lemma="Arion" type="nkee-s">Arion</w>
            <w lemma="banki" type="nkfe">banka</w>
            <w lemma="segja" type="sfg3en">segir</w>
            <w lemma="að" type="c">að</w>
            <w lemma="skýrsla" type="nven">skýrsla</w>
            <w lemma="starfshópur" type="nkee">starfshóps</w>
            <w lemma="um" type="af">um</w>
            <w lemma="framtíðarhorfur" type="nvfo">framtíðarhorfur</w>
            <w lemma="og" type="c">og</w>
            <w lemma="framtíðarhlutverk" type="nheo">framtíðarhlutverk</w>
            <w lemma="Íbúðalánasjóður" type="nkee-s">Íbúðalánasjóðs</w>
            <w lemma="sem" type="ct">sem</w>
            <w lemma="vera" type="sfg3eþ">var</w>
            <w lemma="birta" type="sþgven">birt</w>
            <w lemma="á" type="af">á</w>
            <w lemma="þriðjudagur" type="nkeo">þriðjudag</w>
            <w lemma="svari" type="x">svari</w>
            <w lemma="lítill" type="lheþsf">litlu</w>
            <w lemma="um" type="af">um</w>
            <w lemma="hvernig" type="aa">hvernig</w>
            <w lemma="lagfæra" type="sng">lagfæra</w>
            <w lemma="skulu" type="svg3en">skuli</w>
            <w lemma="vandi" type="nkeo">vanda</w>
            <w lemma="sjóður" type="nkeeg">sjóðsins</w>
            <w lemma="en" type="c">en</w>
            <w lemma="vandi" type="nkeng">vandinn</w>
            <w lemma="fela" type="sfm3en">felst</w>
            <w lemma="gjarnan" type="aae">helst</w>
            <w lemma="í" type="af">í</w>
            <w lemma="uppgreiðsluáhætta" type="nveþ">uppgreiðsluáhættu</w>
            <c type="pk">,</c>
            <w lemma="útlánaáhætta" type="nveþ">útlánaáhættu</w>
            <w lemma="og" type="c">og</w>
            <w lemma="rekstraráhætta" type="nveþ">rekstraráhættu</w>
            <c type="pl">.</c>
          </s>
          <s n="2">
            <w lemma="það" type="fphen">Það</w>
            <w lemma="hafa" type="svg3en">hafi</w>
            <w lemma="þó" type="aa">þó</w>
            <w lemma="vera" type="sþghen">verið</w>
            <w lemma="hlutverk" type="nhen">hlutverk</w>
            <w lemma="hópur" type="nkeeg">hópsins</w>
            <w lemma="að" type="cn">að</w>
            <w lemma="gera" type="sng">gera</w>
            <w lemma="tillaga" type="nvfo">tillögur</w>
            <w lemma="með" type="af">með</w>
            <w lemma="það" type="fpheo">það</w>
            <w lemma="að" type="af">að</w>
            <w lemma="markmið" type="nheþ">markmiði</w>
            <w lemma="að" type="c">að</w>
            <w lemma="rekstur" type="nken">rekstur</w>
            <w lemma="sjóður" type="nkeeg">sjóðsins</w>
            <w lemma="geta" type="svg3en">geti</w>
            <w lemma="standa" type="sþghen">staðið</w>
            <w lemma="undir" type="af">undir</w>
            <w lemma="sig" type="fpkeþ">sér</w>
            <c type="pl">.</c>
          </s>
          <s n="3">
            <w lemma="þá" type="aa">Þá</w>
            <w lemma="sárvana" type="sfg3eþ">sárvanti</w>
            <w lemma="mikill" type="lvenvm">meiri</w>
            <w lemma="talnagreining" type="nveo">talnagreiningu</w>
            <w lemma="og" type="c">og</w>
            <w lemma="efnislegur" type="lkeosf">efnislegan</w>
            <w lemma="rökstuðningur" type="nkeo">rökstuðning</w>
            <w lemma="í" type="af">í</w>
            <w lemma="skýrsla" type="nveog">skýrsluna</w>
            <c type="pl">.</c>
          </s>
          <s n="4">
            <w lemma="úr" type="af">Úr</w>
            <w lemma="markaðspunktur" type="nkfþ">markaðspunktum</w>
            <w lemma="Arion" type="nkee-s">Arion</w>
            <w lemma="banki" type="nkfe">banka</w>
            <w lemma="í" type="aa">í</w>
            <w lemma="gær" type="aa">gær</w>
            <w lemma="mega" type="sfg3en">má</w>
            <w lemma="lesa" type="sng">lesa</w>
            <w lemma="að" type="c">að</w>
            <w lemma="greining" type="nven">greining</w>
            <w lemma="hafa" type="svg3en">hafi</w>
            <w lemma="efasemd" type="nvfo">efasemdir</w>
            <w lemma="um" type="af">um</w>
            <w lemma="stofnun" type="nveo">stofnun</w>
            <w lemma="heildsölubanki" type="nkee">heildsölubanka</w>
            <w lemma="eins" type="aa">eins</w>
            <w lemma="og" type="c">og</w>
            <w lemma="starfshópur" type="nkeng">starfshópurinn</w>
            <w lemma="leggja" type="sfg3en">leggur</w>
            <w lemma="til" type="aa">til</w>
            <c type="pl">.</c>
          </s>
        </p>
      </div1>
    </body>
  </text>
</TEI>
