<?xml version="1.0" encoding="utf-8"?>
<TEI xmlns="http://www.tei-c.org/ns/1.0">
  <teiHeader>
    <fileDesc>
      <titleStmt>
        <title>
          <title type="main">Nýir lögmenn verða skipaðir</title>
        </title>
        <respStmt>
          <resp xml:lang="is">Söfnun og úrvinnsla texta</resp>
          <resp xml:lang="en">Collection and processing of text</resp>
          <name xml:lang="is">Stofnun Árna Magnússonar í íslenskum fræðum</name>
          <name xml:lang="en">The Arni Magnusson Institute for Icelandic Studies</name>
        </respStmt>
      </titleStmt>
      <editionStmt>
        <p xml:lang="is">Íslensk risamálheild (2019)</p>
        <p xml:lang="en">Tagged Icelandic Gigaword Corpus (2019)</p>
      </editionStmt>
      <publicationStmt>
        <distributor xml:lang="is">Stofnun Árna Magnússonar í íslenskum fræðum</distributor>
        <distributor xml:lang="en">The Arni Magnusson Institute for Icelandic Studies</distributor>
        <address>
          <addrLine xml:lang="is">Árnagarður við Suðurgötu, 107 Reykjavík, Íslandi</addrLine>
          <addrLine xml:lang="en">Árnagarður Suðurgata, 107 Reykjavik, Iceland</addrLine>
          <addrLine>
            <email>arnastofnun@arnastofnun.is</email>
          </addrLine>
        </address>
        <idno type="risam">G-25-2539787</idno>
        <availability>
          <p xml:lang="is">Þessi texti er til notkunar í málrannsóknum og máltækniverkefnum um allan heim með sérstöku leyfi, sjá rmh2Hdr.xml</p>
          <p xml:lang="en">This text is available for use in language research and language technology projects world wide with a special license, see rmh2Hdr.xml</p>
        </availability>
        <date>2020-05-26</date>
      </publicationStmt>
      <sourceDesc>
        <biblStruct>
          <analytic>
            <title>
              <title type="main">Nýir lögmenn verða skipaðir</title>
            </title>
            <date when="2013-04-11T08:00:00">11.04 2013 kl. 08:00:00</date>
          </analytic>
          <monogr>
            <title>Bylgjan</title>
            <imprint>
              <publisher>365 miðlar hf.</publisher>
              <pubPlace>Reykjavík</pubPlace>
            </imprint>
          </monogr>
        </biblStruct>
      </sourceDesc>
    </fileDesc>
    <encodingDesc>
      <projectDesc>
        <p xml:lang="is">Sjá lýsingu á verkefninu í rmh2Hdr.xml.</p>
        <p xml:lang="en">See description of project in rmh2Hdr.xml.</p>
      </projectDesc>
      <tagsDecl>
        <namespace name="http://www.tei-c.org/ns/1.0">
          <tagUsage gi="text" occurs="1"/>
          <tagUsage gi="body" occurs="1"/>
          <tagUsage gi="div1" occurs="1"/>
          <tagUsage gi="p" occurs="1"/>
          <tagUsage gi="s" occurs="3"/>
          <tagUsage gi="w" occurs="71"/>
          <tagUsage gi="c" occurs="4"/>
        </namespace>
      </tagsDecl>
    </encodingDesc>
    <profileDesc>
     <textClass>
      <keywords scheme="#RMH">
       <list>
        <item>Frétt – almennt</item>
       </list>
      </keywords>
     </textClass>
    </profileDesc>
  </teiHeader>
  <text>
    <body>
      <div1>
        <p n="1">
          <s n="1">
            <w lemma="nýr" type="lkfnsf">Nýir</w>
            <w lemma="lögmaður" type="nkfn">lögmenn</w>
            <w lemma="verða" type="sfg3fn">verða</w>
            <w lemma="skipa" type="sþgkfn">skipaðir</w>
            <w lemma="til" type="af">til</w>
            <w lemma="að" type="cn">að</w>
            <w lemma="flytja" type="sng">flytja</w>
            <w lemma="mál" type="nhfo">mál</w>
            <w lemma="Sigurður" type="nkee-s">Sigurðar</w>
            <w lemma="Einarsson" type="nkee-s">Einarssonar</w>
            <w lemma="og" type="c">og</w>
            <w lemma="Ólafur" type="nkee-s">Ólafs</w>
            <w lemma="Ólafsson" type="nkee-s">Ólafssonar</w>
            <w lemma="í" type="af">í</w>
            <w lemma="Al-Than" type="nheþ-s">Al-Thani</w>
            <w lemma="mál" type="nheþg">málinu</w>
            <w lemma="sem" type="ct">sem</w>
            <w lemma="hafa" type="sfm3en">hefst</w>
            <w lemma="núna" type="aa">núna</w>
            <w lemma="fyrir" type="af">fyrir</w>
            <w lemma="hádegi" type="nheo">hádegi</w>
            <w lemma="að" type="af">að</w>
            <w lemma="það" type="fpheþ">því</w>
            <w lemma="er" type="ct">er</w>
            <w lemma="fram" type="aa">fram</w>
            <w lemma="koma" type="sfg3en">kemur</w>
            <w lemma="í" type="af">í</w>
            <w lemma="Fréttablaðið" type="nheþgs">Fréttablaðinu</w>
            <c type="pl">.</c>
          </s>
          <s n="2">
            <w lemma="um" type="af">Um</w>
            <w lemma="vera" type="sfg3en">er</w>
            <w lemma="að" type="cn">að</w>
            <w lemma="ræða" type="sng">ræða</w>
            <w lemma="þá" type="aa">þá</w>
            <w lemma="Ólafur" type="nkeo-s">Ólaf</w>
            <w lemma="Eiríksson" type="nkeo-s">Eiríksson</w>
            <w lemma="og" type="c">og</w>
            <w lemma="Þórólfur" type="nkeo-s">Þórólf</w>
            <w lemma="Jónsson" type="nkeo-s">Jónsson</w>
            <c type="pk">,</c>
            <w lemma="frá" type="af">frá</w>
            <w lemma="lögmannsstofa" type="nveþg">lögmannsstofunni</w>
            <w lemma="Logos" type="n----s">Logos</w>
            <c type="pl">.</c>
          </s>
          <s n="3">
            <w lemma="skipa" type="sþgkfn">Skipaðir</w>
            <w lemma="verjandi" type="nkfn">verjendur</w>
            <w lemma="hann" type="fpkfe">þeirra</w>
            <w lemma="Gestur" type="nken-s">Gestur</w>
            <w lemma="Jónsson" type="nken-s">Jónsson</w>
            <w lemma="og" type="c">og</w>
            <w lemma="Ragnar" type="nken-s">Ragnar</w>
            <w lemma="Hall" type="nken-s">Hall</w>
            <w lemma="tilkynna" type="sfg3fþ">tilkynntu</w>
            <w lemma="á" type="af">á</w>
            <w lemma="blaðamannafundur" type="nkeþ">blaðamannafundi</w>
            <w lemma="á" type="af">á</w>
            <w lemma="mánudagur" type="nkeo">mánudag</w>
            <w lemma="að" type="c">að</w>
            <w lemma="hann" type="fpkfn">þeir</w>
            <w lemma="vilja" type="svg3fþ">vildu</w>
            <w lemma="segja" type="sng">segja</w>
            <w lemma="sig" type="fpkfo">sig</w>
            <w lemma="frá" type="af">frá</w>
            <w lemma="mál" type="nheþg">málinu</w>
            <w lemma="vegna" type="af">vegna</w>
            <w lemma="það" type="fphee">þess</w>
            <w lemma="að" type="c">að</w>
            <w lemma="hann" type="fpkfn">þeir</w>
            <w lemma="telja" type="svg3fþ">teldu</w>
            <w lemma="brjóta" type="sþghen">brotið</w>
            <w lemma="á" type="af">á</w>
            <w lemma="réttur" type="nkeþ">rétti</w>
            <w lemma="skjólstæðingur" type="nkfe">skjólstæðinga</w>
            <w lemma="hann" type="fpkfe">þeirra</w>
            <c type="pl">.</c>
          </s>
        </p>
      </div1>
    </body>
  </text>
</TEI>
