<?xml version="1.0" encoding="UTF-8"?>
<TEI xmlns="http://www.tei-c.org/ns/1.0" xml:id="R-33-4780337" xml:lang="is">
  <teiHeader>
    <fileDesc>
      <titleStmt>
        <title>
          <title type="main">Fávitahæli (91. mál)</title>
        </title>
        <respStmt>
          <resp xml:lang="is">Söfnun og úrvinnsla texta</resp>
          <resp xml:lang="en">Collection and processing of text</resp>
          <name xml:lang="is">Stofnun Árna Magnússonar í íslenskum fræðum</name>
          <name xml:lang="en">The Arni Magnusson Institute for Icelandic Studies</name>
        </respStmt>
      </titleStmt>
      <editionStmt>
        <p xml:lang="is">Málheild: Ræður frá Alþingi Íslendinga (2020.06)</p>
        <p xml:lang="en">Corpus: Speeches from The Parliament of Iceland (2020.06)</p>
      </editionStmt>
      <publicationStmt>
        <distributor xml:lang="is">Stofnun Árna Magnússonar í íslenskum fræðum</distributor>
        <distributor xml:lang="en">The Arni Magnusson Institute for Icelandic Studies</distributor>
        <address>
          <addrLine xml:lang="is">Árnagarður við Suðurgötu, 107 Reykjavík, Íslandi</addrLine>
          <addrLine xml:lang="en">Árnagarður Suðurgata, 107 Reykjavik, Iceland</addrLine>
          <addrLine>
            <email>arnastofnun@arnastofnun.is</email>
          </addrLine>
        </address>
        <idno type="risam">R-33-4780337</idno>
        <availability>
          <p xml:lang="is">Þessi texti er til notkunar í málrannsóknum og máltækniverkefnum um allan heim með CC-BY leyfi</p>
          <p xml:lang="en">This text is available for use in language research and language technology projects world wide with CC-BY licence.</p>
        </availability>
        <date>2020-05-27</date>
      </publicationStmt>
      <sourceDesc>
        <biblStruct>
          <analytic>
            <title>
              <title type="main">Fávitahæli (91. mál)</title>
            </title>
            <author>
             <persName>Guðrún Lárusdóttir</persName>
             <note type="gender">F</note>
             <note type="age">55</note>
             <note type="url">http://althingi.is/altext/cv/is/?nfaerslunr=203</note>
             <note type="political_party">Sjálfstæðisflokkur</note>
             <note type="constituency">landskjörinn alþingismaður (LA)</note>
             <note type="role">Alþingismaður</note>
            </author>
            <date when="1935-11-11">11.11. 1935</date>
          </analytic>
          <monogr>
            <title>althingi.is</title>
            <imprint>
              <publisher>Alþingi</publisher>
            </imprint>
            <biblScope>
             <ref>http://althingi.is/altext/raeda/?lthing=49&amp;rnr=2282</ref>
            </biblScope>
          </monogr>
        </biblStruct>
      </sourceDesc>
    </fileDesc>
    <encodingDesc>
      <projectDesc>
        <p xml:lang="is">Sjá lýsingu á verkefninu í rmh2Hdr.xml.</p>
        <p xml:lang="en">See description of project in rmh2Hdr.xml.</p>
      </projectDesc>
      <tagsDecl>
        <namespace name="http://www.tei-c.org/ns/1.0">
          <tagUsage gi="text" occurs="1"/>
          <tagUsage gi="body" occurs="1"/>
          <tagUsage gi="div1" occurs="1"/>
          <tagUsage gi="p" occurs="7"/>
          <tagUsage gi="s" occurs="81"/>
          <tagUsage gi="w" occurs="1690"/>
          <tagUsage gi="c" occurs="0"/>
        </namespace>
      </tagsDecl>
    </encodingDesc>
  </teiHeader>
  <text>
    <body>
      <div1>
        <p n="1">
          <s n="1">
            <w lemma="Guðrún" type="nven-s">Guðrún</w>
            <w lemma="Lárusdóttir" type="nven-s">Lárusdóttir</w>
            <w lemma=":" type="pa">:</w>
          </s>
        </p>
        <p n="2">
          <s n="1">
            <w lemma="ég" type="fp1en">Ég</w>
            <w lemma="vilja" type="sfg1en">vil</w>
            <w lemma="byrja" type="sng">byrja</w>
            <w lemma="á" type="af">á</w>
            <w lemma="það" type="fpheþ">því</w>
            <w lemma="að" type="cn">að</w>
            <w lemma="þakka" type="sng">þakka</w>
            <w lemma="hv." type="ks">hv.</w>
            <w lemma="allshn" type="x">allshn</w>
            <w lemma="." type="pl">.</w>
          </s>
          <s n="2">
            <w lemma="fyrir" type="af">fyrir</w>
            <w lemma="góður" type="lhfosf">góð</w>
            <w lemma="skil" type="nhfo">skil</w>
            <w lemma="á" type="af">á</w>
            <w lemma="frv." type="ks">frv.</w>
            <w lemma="og" type="c">og</w>
            <w lemma="fyrir" type="af">fyrir</w>
            <w lemma="góður" type="lkeosf">góðan</w>
            <w lemma="skilningur" type="nkeo">skilning</w>
            <w lemma="á" type="af">á</w>
            <w lemma="þessi" type="faheþ">þessu</w>
            <w lemma="mannúðar-" type="kt">mannúðar-</w>
            <w lemma="og" type="c">og</w>
            <w lemma="menningarmál" type="nheþ">menningarmáli</w>
            <w lemma="." type="pl">.</w>
          </s>
          <s n="3">
            <w lemma="ég" type="fp1en">Ég</w>
            <w lemma="vilja" type="sfg1en">vil</w>
            <w lemma="yfirleitt" type="aa">yfirleitt</w>
            <w lemma="þakka" type="sng">þakka</w>
            <w lemma="allur" type="fokfþ">öllum</w>
            <w lemma="sá" type="fakfþ">þeim</w>
            <w lemma="," type="pk">,</w>
            <w lemma="sem" type="ct">sem</w>
            <w lemma="hafa" type="sfg3fn">hafa</w>
            <w lemma="styðja" type="sþghen">stutt</w>
            <w lemma="að" type="af">að</w>
            <w lemma="þessi" type="faheþ">þessu</w>
            <w lemma="mál" type="nheþ">máli</w>
            <w lemma="." type="pl">.</w>
          </s>
          <s n="4">
            <w lemma="þakka" type="sfg1en">Þakka</w>
            <w lemma="ég" type="fp1en">ég</w>
            <w lemma="það" type="fphfþ">þeim</w>
            <w lemma="fyrir" type="af">fyrir</w>
            <w lemma="minn" type="feveo">mína</w>
            <w lemma="eigin" type="lveoof">eigin</w>
            <w lemma="hönd" type="nveo">hönd</w>
            <w lemma="," type="pk">,</w>
            <w lemma="það" type="fpheþ">því</w>
            <w lemma="þessi" type="fahen">þetta</w>
            <w lemma="hafa" type="sfg3en">hefir</w>
            <w lemma="vera" type="sþghen">verið</w>
            <w lemma="minn" type="fehen">mitt</w>
            <w lemma="áhugamál" type="nhen">áhugamál</w>
            <w lemma="," type="pk">,</w>
            <w lemma="og" type="c">og</w>
            <w lemma="þá" type="aa">þá</w>
            <w lemma="þakka" type="sfg1en">þakka</w>
            <w lemma="ég" type="fp1en">ég</w>
            <w lemma="ekki" type="aa">ekki</w>
            <w lemma="varla" type="aam">síður</w>
            <w lemma="fyrir" type="af">fyrir</w>
            <w lemma="hönd" type="nveo">hönd</w>
            <w lemma="sá" type="fakfe">þeirra</w>
            <w lemma="aumingi" type="nkee">aumingja</w>
            <w lemma="," type="pk">,</w>
            <w lemma="sem" type="ct">sem</w>
            <w lemma="hér" type="aa">hér</w>
            <w lemma="ræða" type="sfg3en">ræðir</w>
            <w lemma="um" type="af">um</w>
            <w lemma="og" type="c">og</w>
            <w lemma="hér" type="aa">hér</w>
            <w lemma="eiga" type="sfg3fn">eiga</w>
            <w lemma="af" type="af">af</w>
            <w lemma="að" type="cn">að</w>
            <w lemma="njóta" type="sng">njóta</w>
            <w lemma="." type="pl">.</w>
          </s>
          <s n="5">
            <w lemma="það" type="fphen">Það</w>
            <w lemma="hafa" type="svg3eþ">hefði</w>
            <w lemma="vera" type="sþghen">verið</w>
            <w lemma="vel" type="aa">vel</w>
            <w lemma="viðeigandi" type="lhenof">viðeigandi</w>
            <w lemma="," type="pk">,</w>
            <w lemma="að" type="c">að</w>
            <w lemma="nú" type="aa">nú</w>
            <w lemma="hafa" type="svg3fþ">hefðu</w>
            <w lemma="vera" type="sþghen">verið</w>
            <w lemma="til" type="aa">til</w>
            <w lemma="skjalfestur" type="lvfnsf">skjalfestar</w>
            <w lemma="skýrsla" type="nvfn">skýrslur</w>
            <w lemma="um" type="af">um</w>
            <w lemma="tala" type="nveo">tölu</w>
            <w lemma="og" type="c">og</w>
            <w lemma="ástand" type="nheo">ástand</w>
            <w lemma="fáviti" type="nkfe">fávita</w>
            <w lemma="hér" type="aa">hér</w>
            <w lemma="á" type="af">á</w>
            <w lemma="land" type="nheþ">landi</w>
            <w lemma="," type="pk">,</w>
            <w lemma="en" type="c">en</w>
            <w lemma="það" type="fpheþ">því</w>
            <w lemma="lítt" type="aam">miður</w>
            <w lemma="vera" type="sfg3fn">eru</w>
            <w lemma="sá" type="favfn">þær</w>
            <w lemma="skýrsla" type="nvfn">skýrslur</w>
            <w lemma="ekki" type="aa">ekki</w>
            <w lemma="til" type="aa">til</w>
            <w lemma="af" type="af">af</w>
            <w lemma="allur" type="foheþ">öllu</w>
            <w lemma="land" type="nheþg">landinu</w>
            <w lemma="," type="pk">,</w>
            <w lemma="og" type="c">og</w>
            <w lemma="hafa" type="sfg3en">hefir</w>
            <w lemma="þó" type="aa">þó</w>
            <w lemma="vera" type="sþghen">verið</w>
            <w lemma="reyna" type="sþghen">reynt</w>
            <w lemma="að" type="cn">að</w>
            <w lemma="afla" type="sng">afla</w>
            <w lemma="hún" type="fpvfe">þeirra</w>
            <w lemma="." type="pl">.</w>
          </s>
          <s n="6">
            <w lemma="barnaverndarráð" type="nhen">Barnaverndarráð</w>
            <w lemma="Ísland" type="nhee-s">Íslands</w>
            <w lemma="skrifa" type="sfg3eþ">skrifaði</w>
            <w lemma="í" type="af">í</w>
            <w lemma="fyrri" type="lheovm">fyrra</w>
            <w lemma="til" type="af">til</w>
            <w lemma="allur" type="fovfe">allra</w>
            <w lemma="framfærslusveit" type="nvfe">framfærslusveita</w>
            <w lemma="land" type="nheeg">landsins</w>
            <w lemma="," type="pk">,</w>
            <w lemma="en" type="c">en</w>
            <w lemma="hún" type="fpvfn">þær</w>
            <w lemma="vera" type="sfg3fn">eru</w>
            <w lemma="208" type="ta">208</w>
            <w lemma=";" type="pk">;</w>
            <w lemma="og" type="c">og</w>
            <w lemma="óska" type="sfg3eþ">óskaði</w>
            <w lemma="sem" type="c">sem</w>
            <w lemma="beztur" type="nkfe">beztra</w>
            <w lemma="upplýsing" type="nvfe">upplýsinga</w>
            <w lemma="um" type="af">um</w>
            <w lemma="þessi" type="faheo">þetta</w>
            <w lemma="efni" type="nheo">efni</w>
            <w lemma="." type="pl">.</w>
          </s>
          <s n="7">
            <w lemma="nú" type="aa">Nú</w>
            <w lemma="vera" type="sfg3fn">eru</w>
            <w lemma="koma" type="sþghfn">komin</w>
            <w lemma="svar" type="nhfn">svör</w>
            <w lemma="frá" type="af">frá</w>
            <w lemma="114" type="ta">114</w>
            <w lemma="sveit" type="nvfþ">sveitum</w>
            <w lemma="." type="pl">.</w>
          </s>
          <s n="8">
            <w lemma="87" type="ta">87</w>
            <w lemma="af" type="af">af</w>
            <w lemma="hann" type="fpkfþ">þeim</w>
            <w lemma="telja" type="sfg3fn">telja</w>
            <w lemma="sig" type="fphfo">sig</w>
            <w lemma="ekki" type="aa">ekki</w>
            <w lemma="hafa" type="sng">hafa</w>
            <w lemma="neinn" type="fokfo">neina</w>
            <w lemma="fáviti" type="nkfo">fávita</w>
            <w lemma="." type="pl">.</w>
          </s>
          <s n="9">
            <w lemma="en" type="c">En</w>
            <w lemma="frá" type="af">frá</w>
            <w lemma="27" type="ta">27</w>
            <w lemma="fræðsluhérað" type="nhfþ">fræðsluhéruðum</w>
            <w lemma="koma" type="sfg3fþ">komu</w>
            <w lemma="svar" type="nhfn">svör</w>
            <w lemma="," type="pk">,</w>
            <w lemma="sem" type="ct">sem</w>
            <w lemma="til" type="aa">til</w>
            <w lemma="samans" type="aa">samans</w>
            <w lemma="telja" type="sfg3fn">telja</w>
            <w lemma="," type="pk">,</w>
            <w lemma="að" type="c">að</w>
            <w lemma="um" type="aa">um</w>
            <w lemma="50" type="ta">50</w>
            <w lemma="slíkur" type="fbhfn">slík</w>
            <w lemma="barn" type="nhfn">börn</w>
            <w lemma="vera" type="svg3fn">séu</w>
            <w lemma="í" type="af">í</w>
            <w lemma="hérað" type="nhfþ">héruðum</w>
            <w lemma="það" type="fphfe">þeirra</w>
            <w lemma="," type="pk">,</w>
            <w lemma="þar" type="aa">þar</w>
            <w lemma="af" type="aa">af</w>
            <w lemma="13" type="ta">13</w>
            <w lemma="fáviti" type="nkfn">fávitar</w>
            <w lemma="og" type="c">og</w>
            <w lemma="hinn" type="fahen">hitt</w>
            <w lemma="vangæfur" type="lhfnsf">vangæf</w>
            <w lemma="barn" type="nhfn">börn</w>
            <w lemma="," type="pk">,</w>
            <w lemma="andlega" type="aa">andlega</w>
            <w lemma="sljór" type="lhfnsf">sljó</w>
            <w lemma="og" type="c">og</w>
            <w lemma="siðferðislega" type="aa">siðferðislega</w>
            <w lemma="gallaður" type="lhfnsf">gölluð</w>
            <w lemma="." type="pl">.</w>
          </s>
          <s n="10">
            <w lemma="-" type="pa">-</w>
            <w lemma="frá" type="af">Frá</w>
            <w lemma="94" type="ta">94</w>
            <w lemma="fræðsluhérað" type="nhfþ">fræðsluhéruðum</w>
            <w lemma="hafa" type="sfg3fn">hafa</w>
            <w lemma="ekki" type="aa">ekki</w>
            <w lemma="koma" type="sþghen">komið</w>
            <w lemma="svar" type="nhfn">svör</w>
            <w lemma="ennþá" type="aa">ennþá</w>
            <w lemma="." type="pl">.</w>
          </s>
        </p>
        <p n="3">
          <s n="1">
            <w lemma="þessi" type="fahfn">Þessi</w>
            <w lemma="svar" type="nhfn">svör</w>
            <w lemma="vera" type="sfg3fn">eru</w>
            <w lemma="yfirleitt" type="aa">yfirleitt</w>
            <w lemma="úr" type="af">úr</w>
            <w lemma="sveit" type="nvfþ">sveitum</w>
            <w lemma="." type="pl">.</w>
          </s>
          <s n="2">
            <w lemma="það" type="fphen">Það</w>
            <w lemma="vera" type="sfg3fn">eru</w>
            <w lemma="aðeins" type="aa">aðeins</w>
            <w lemma="2" type="ta">2</w>
            <w lemma="kaupstaður" type="nkfn">kaupstaðir</w>
            <w lemma="í" type="af">í</w>
            <w lemma="þessi" type="fakeþ">þessum</w>
            <w lemma="hópur" type="nkeþ">hóp</w>
            <w lemma="," type="pk">,</w>
            <w lemma="Akureyri" type="nveþ-s">Akureyri</w>
            <w lemma="og" type="c">og</w>
            <w lemma="Siglufjörður" type="nken-s">Siglufjörður</w>
            <w lemma="." type="pl">.</w>
          </s>
          <s n="3">
            <w lemma="en" type="c">En</w>
            <w lemma="það" type="fphee">þess</w>
            <w lemma="skulu" type="sfg3en">skal</w>
            <w lemma="geta" type="sþghen">getið</w>
            <w lemma="," type="pk">,</w>
            <w lemma="að" type="c">að</w>
            <w lemma="í" type="af">í</w>
            <w lemma="Reykjavík" type="nveþ-s">Reykjavík</w>
            <w lemma="vera" type="sfg3fþ">voru</w>
            <w lemma="taka" type="sþgvfn">teknar</w>
            <w lemma="svona" type="lvfnof">svona</w>
            <w lemma="skýrsla" type="nvfn">skýrslur</w>
            <w lemma="í" type="af">í</w>
            <w lemma="fyrri" type="lheovm">fyrra</w>
            <w lemma="," type="pk">,</w>
            <w lemma="að" type="af">að</w>
            <w lemma="tilhlutun" type="nveþ">tilhlutun</w>
            <w lemma="barnaverndarráð" type="nhee">barnaverndarráðs</w>
            <w lemma="." type="pl">.</w>
          </s>
          <s n="4">
            <w lemma="framkvæmdamaður" type="nken">Framkvæmdamaður</w>
            <w lemma="það" type="fphee">þess</w>
            <w lemma="vera" type="sfg3eþ">var</w>
            <w lemma="barnakennari" type="nken">barnakennari</w>
            <w lemma="hér" type="aa">hér</w>
            <w lemma="í" type="af">í</w>
            <w lemma="bær" type="nkeþg">bænum</w>
            <w lemma="." type="pl">.</w>
          </s>
          <s n="5">
            <w lemma="ég" type="fp1en">Ég</w>
            <w lemma="hafa" type="sfg1en">hefi</w>
            <w lemma="það" type="fpheþ">því</w>
            <w lemma="lítt" type="aam">miður</w>
            <w lemma="ekki" type="aa">ekki</w>
            <w lemma="sjá" type="sþghen">séð</w>
            <w lemma="þessi" type="favfo">þessar</w>
            <w lemma="skýrsla" type="nvfo">skýrslur</w>
            <w lemma="," type="pk">,</w>
            <w lemma="og" type="c">og</w>
            <w lemma="líklega" type="aa">líklega</w>
            <w lemma="vera" type="sfg3en">er</w>
            <w lemma="ekki" type="aa">ekki</w>
            <w lemma="fara" type="sþghen">farið</w>
            <w lemma="að" type="cn">að</w>
            <w lemma="vinna" type="sng">vinna</w>
            <w lemma="úr" type="af">úr</w>
            <w lemma="hann" type="fpkfþ">þeim</w>
            <w lemma="ennþá" type="aa">ennþá</w>
            <w lemma="." type="pl">.</w>
          </s>
          <s n="6">
            <w lemma="en" type="c">En</w>
            <w lemma="hagstofustjóri" type="nken">hagstofustjóri</w>
            <w lemma="hafa" type="sfg3en">hefir</w>
            <w lemma="tjá" type="sþghen">tjáð</w>
            <w lemma="ég" type="fp1eþ">mér</w>
            <w lemma="," type="pk">,</w>
            <w lemma="að" type="c">að</w>
            <w lemma="eftir" type="af">eftir</w>
            <w lemma="þessi" type="favfþ">þessum</w>
            <w lemma="skýrsla" type="nvfþ">skýrslum</w>
            <w lemma="vera" type="svg3fn">séu</w>
            <w lemma="telja" type="sþgkfn">taldir</w>
            <w lemma="vera" type="sng">vera</w>
            <w lemma="um" type="aa">um</w>
            <w lemma="24" type="ta">24</w>
            <w lemma="fáviti" type="nkfn">fávitar</w>
            <w lemma="hér" type="aa">hér</w>
            <w lemma="í" type="af">í</w>
            <w lemma="Reykjavík" type="nveþ-s">Reykjavík</w>
            <w lemma="," type="pk">,</w>
            <w lemma="á" type="af">á</w>
            <w lemma="ýmis" type="fokeþ">ýmsum</w>
            <w lemma="aldur" type="nkeþ">aldri</w>
            <w lemma="." type="pl">.</w>
          </s>
        </p>
        <p n="4">
          <s n="1">
            <w lemma="þessi" type="favfn">Þessar</w>
            <w lemma="skýrsla" type="nvfn">skýrslur</w>
            <w lemma="," type="pk">,</w>
            <w lemma="sem" type="ct">sem</w>
            <w lemma="ég" type="fp1en">ég</w>
            <w lemma="geta" type="sfg1eþ">gat</w>
            <w lemma="um" type="aa">um</w>
            <w lemma="utan" type="aa">utan</w>
            <w lemma="af" type="af">af</w>
            <w lemma="land" type="nheþ">landi</w>
            <w lemma="," type="pk">,</w>
            <w lemma="vera" type="sfg3fn">eru</w>
            <w lemma="mjög" type="aa">mjög</w>
            <w lemma="ýtarlegur" type="lvfnsf">ýtarlegar</w>
            <w lemma="." type="pl">.</w>
          </s>
          <s n="2">
            <w lemma="þar" type="aa">Þar</w>
            <w lemma="vera" type="sfg3en">er</w>
            <w lemma="tilgreindur" type="lkensf">tilgreindur</w>
            <w lemma="aldur" type="nken">aldur</w>
            <w lemma="barn" type="nhfeg">barnanna</w>
            <w lemma="," type="pk">,</w>
            <w lemma="ástand" type="nhen">ástand</w>
            <w lemma="," type="pk">,</w>
            <w lemma="heimilisbragur" type="nken">heimilisbragur</w>
            <w lemma="á" type="af">á</w>
            <w lemma="heimili" type="nhfþ">heimilum</w>
            <w lemma="hann" type="fpkfe">þeirra</w>
            <w lemma="og" type="c">og</w>
            <w lemma="annar" type="fovfn">aðrar</w>
            <w lemma="ástæða" type="nvfn">ástæður</w>
            <w lemma="," type="pk">,</w>
            <w lemma="og" type="c">og</w>
            <w lemma="framfærandi" type="nkfn">framfærendur</w>
            <w lemma="," type="pk">,</w>
            <w lemma="hvort" type="c">hvort</w>
            <w lemma="vera" type="svg3fn">séu</w>
            <w lemma="foreldrar" type="nkfn">foreldrar</w>
            <w lemma="," type="pk">,</w>
            <w lemma="vandalaus" type="lkfnsf">vandalausir</w>
            <w lemma="eða" type="c">eða</w>
            <w lemma="hreppsfélag" type="nhen">hreppsfélag</w>
            <w lemma="." type="pl">.</w>
          </s>
          <s n="3">
            <w lemma="svo" type="aa">Svo</w>
            <w lemma="og" type="c">og</w>
            <w lemma="kynferði" type="nhen">kynferði</w>
            <w lemma="." type="pl">.</w>
          </s>
        </p>
        <p n="5">
          <s n="1">
            <w lemma="þarna" type="aa">Þarna</w>
            <w lemma="vera" type="sfg3en">er</w>
            <w lemma="aðallega" type="aa">aðallega</w>
            <w lemma="um" type="af">um</w>
            <w lemma="að" type="cn">að</w>
            <w lemma="ræða" type="sng">ræða</w>
            <w lemma="tveir" type="tfkfo">tvo</w>
            <w lemma="flokkur" type="nkfo">flokka</w>
            <w lemma="," type="pk">,</w>
            <w lemma="andlega" type="aa">andlega</w>
            <w lemma="sljór" type="lhfosf">sljó</w>
            <w lemma="barn" type="nhfo">börn</w>
            <w lemma="," type="pk">,</w>
            <w lemma="sem" type="ct">sem</w>
            <w lemma="kannske" type="aa">kannske</w>
            <w lemma="vera" type="sfg3en">er</w>
            <w lemma="hægur" type="lhensf">hægt</w>
            <w lemma="að" type="cn">að</w>
            <w lemma="kenna" type="sng">kenna</w>
            <w lemma="," type="pk">,</w>
            <w lemma="og" type="c">og</w>
            <w lemma="svo" type="aa">svo</w>
            <w lemma="örvita" type="lhfoof">örvita</w>
            <w lemma="barn" type="nhfn">börn</w>
            <w lemma="," type="pk">,</w>
            <w lemma="sem" type="ct">sem</w>
            <w lemma="ekki" type="aa">ekki</w>
            <w lemma="vera" type="sfg3en">er</w>
            <w lemma="von" type="nven">von</w>
            <w lemma="um" type="af">um</w>
            <w lemma="," type="pk">,</w>
            <w lemma="að" type="c">að</w>
            <w lemma="neinn" type="fohen">neitt</w>
            <w lemma="verða" type="svg3en">verði</w>
            <w lemma="kenna" type="sþghen">kennt</w>
            <w lemma="." type="pl">.</w>
          </s>
          <s n="2">
            <w lemma="en" type="c">En</w>
            <w lemma="það" type="fphee">þess</w>
            <w lemma="bera" type="sfg3en">ber</w>
            <w lemma="að" type="cn">að</w>
            <w lemma="gæta" type="sng">gæta</w>
            <w lemma="," type="pk">,</w>
            <w lemma="að" type="c">að</w>
            <w lemma="hér" type="aa">hér</w>
            <w lemma="vera" type="sfg3en">er</w>
            <w lemma="aðeins" type="aa">aðeins</w>
            <w lemma="um" type="af">um</w>
            <w lemma="að" type="cn">að</w>
            <w lemma="ræða" type="sng">ræða</w>
            <w lemma="barn" type="nhfog">börnin</w>
            <w lemma="," type="pk">,</w>
            <w lemma="með" type="af">með</w>
            <w lemma="það" type="fpheþ">því</w>
            <w lemma="að" type="c">að</w>
            <w lemma="barnaverndarráð" type="nhen">barnaverndarráð</w>
            <w lemma="snúa" type="svg3eþ">sneri</w>
            <w lemma="sig" type="fpheþ">sér</w>
            <w lemma="að" type="af">að</w>
            <w lemma="það" type="fpheþ">því</w>
            <w lemma="að" type="cn">að</w>
            <w lemma="safna" type="sng">safna</w>
            <w lemma="skýrsla" type="nvfþ">skýrslum</w>
            <w lemma="um" type="af">um</w>
            <w lemma="," type="pk">,</w>
            <w lemma="hve" type="aa">hve</w>
            <w lemma="margur" type="lhfnsf">mörg</w>
            <w lemma="barn" type="nhfn">börn</w>
            <w lemma="á" type="af">á</w>
            <w lemma="land" type="nheþg">landinu</w>
            <w lemma="munu" type="svg3fþ">mundu</w>
            <w lemma="þurfa" type="sng">þurfa</w>
            <w lemma="á" type="af">á</w>
            <w lemma="þessi" type="faveþ">þessari</w>
            <w lemma="hjálp" type="nveþ">hjálp</w>
            <w lemma="að" type="cn">að</w>
            <w lemma="halda" type="sng">halda</w>
            <w lemma="." type="pl">.</w>
          </s>
          <s n="3">
            <w lemma="aftur" type="aa">Aftur</w>
            <w lemma="á" type="aa">á</w>
            <w lemma="móti" type="aa">móti</w>
            <w lemma="vera" type="sfg3en">er</w>
            <w lemma="í" type="af">í</w>
            <w lemma="nýr" type="lvfþve">nýjustu</w>
            <w lemma="heilbrigðisskýrsla" type="nvfþ">heilbrigðisskýrslum</w>
            <w lemma="," type="pk">,</w>
            <w lemma="frá" type="af">frá</w>
            <w lemma="1933" type="ta">1933</w>
            <w lemma="," type="pk">,</w>
            <w lemma="gefa" type="sþgven">gefin</w>
            <w lemma="upp" type="aa">upp</w>
            <w lemma="tala" type="sng">tala</w>
            <w lemma="á" type="af">á</w>
            <w lemma="allur" type="fokfþ">öllum</w>
            <w lemma="fáviti" type="nkfþ">fávitum</w>
            <w lemma="á" type="af">á</w>
            <w lemma="land" type="nheþg">landinu</w>
            <w lemma="," type="pk">,</w>
            <w lemma="sem" type="ct">sem</w>
            <w lemma="telja" type="sþgkfn">taldir</w>
            <w lemma="hafa" type="sfg3fn">hafa</w>
            <w lemma="vera" type="sþghen">verið</w>
            <w lemma="til" type="af">til</w>
            <w lemma="fáviti" type="nkfe">fávita</w>
            <w lemma="á" type="af">á</w>
            <w lemma="manntalsskýrsla" type="nvfþ">manntalsskýrslum</w>
            <w lemma="." type="pl">.</w>
          </s>
          <s n="4">
            <w lemma="vera" type="sfg3fþ">Voru</w>
            <w lemma="hann" type="fpkfn">þeir</w>
            <w lemma="þá" type="aa">þá</w>
            <w lemma="telja" type="sþgkfn">taldir</w>
            <w lemma="128" type="ta">128</w>
            <w lemma="." type="pl">.</w>
          </s>
          <s n="5">
            <w lemma="það" type="fphen">Það</w>
            <w lemma="einkennilega" type="aa">einkennilega</w>
            <w lemma="við" type="af">við</w>
            <w lemma="sá" type="faveo">þá</w>
            <w lemma="talning" type="nveo">talningu</w>
            <w lemma="vera" type="sfg3en">er</w>
            <w lemma="," type="pk">,</w>
            <w lemma="að" type="c">að</w>
            <w lemma="þar" type="aa">þar</w>
            <w lemma="vera" type="sfg3fn">eru</w>
            <w lemma="fáviti" type="nkfng">fávitarnir</w>
            <w lemma="telja" type="sþgkfn">taldir</w>
            <w lemma="margur" type="lkfnse">flestir</w>
            <w lemma="vera" type="sng">vera</w>
            <w lemma="koma" type="sþgkfn">komnir</w>
            <w lemma="nokkur" type="fohen">nokkuð</w>
            <w lemma="til" type="af">til</w>
            <w lemma="aldur" type="nkee">aldurs</w>
            <w lemma="." type="pl">.</w>
          </s>
          <s n="6">
            <w lemma="á" type="af">Á</w>
            <w lemma="þessi" type="favfþ">þessum</w>
            <w lemma="heilbrigðisskýrsla" type="nvfþ">heilbrigðisskýrslum</w>
            <w lemma="vera" type="sfg3fn">eru</w>
            <w lemma="aðeins" type="aa">aðeins</w>
            <w lemma="örfár" type="lhfnsf">örfá</w>
            <w lemma="barn" type="nhfn">börn</w>
            <w lemma="telja" type="sþghfn">talin</w>
            <w lemma="innan" type="aa">innan</w>
            <w lemma="við" type="aa">við</w>
            <w lemma="10" type="ta">10</w>
            <w lemma="–" type="ks">–</w>
            <w lemma="15" type="ta">15</w>
            <w lemma="ár" type="nhfe">ára</w>
            <w lemma="aldur" type="nkeo">aldur</w>
            <w lemma="." type="pl">.</w>
          </s>
          <s n="7">
            <w lemma="þessi" type="fahen">Þetta</w>
            <w lemma="benda" type="sfg3en">bendir</w>
            <w lemma="til" type="af">til</w>
            <w lemma="það" type="fphee">þess</w>
            <w lemma="," type="pk">,</w>
            <w lemma="að" type="c">að</w>
            <w lemma="þegar" type="c">þegar</w>
            <w lemma="manntal" type="nhen">manntal</w>
            <w lemma="vera" type="sfg3en">er</w>
            <w lemma="taka" type="sþghen">tekið</w>
            <w lemma="," type="pk">,</w>
            <w lemma="þá" type="aa">þá</w>
            <w lemma="vera" type="svg3fn">séu</w>
            <w lemma="foreldrar" type="nkfn">foreldrar</w>
            <w lemma="yfirleitt" type="aa">yfirleitt</w>
            <w lemma="ófús" type="lkfnsf">ófúsir</w>
            <w lemma="til" type="af">til</w>
            <w lemma="að" type="cn">að</w>
            <w lemma="telja" type="sng">telja</w>
            <w lemma="á" type="af">á</w>
            <w lemma="slíkur" type="fbveþ">slíkri</w>
            <w lemma="skráning" type="nveþ">skráningu</w>
            <w lemma="barn" type="nhfo">börn</w>
            <w lemma="sinn" type="fehfo">sín</w>
            <w lemma="vera" type="sng">vera</w>
            <w lemma="fábjáni" type="nkfo">fábjána</w>
            <w lemma="," type="pk">,</w>
            <w lemma="eins" type="aa">eins</w>
            <w lemma="og" type="c">og</w>
            <w lemma="þessi" type="fakfn">þessir</w>
            <w lemma="aumingi" type="nkfn">aumingjar</w>
            <w lemma="vera" type="sfg3fn">eru</w>
            <w lemma="oft" type="aa">oft</w>
            <w lemma="kalla" type="sþgkfn">kallaðir</w>
            <w lemma="maður" type="nkfe">manna</w>
            <w lemma="á" type="aa">á</w>
            <w lemma="milli" type="af">milli</w>
            <w lemma="." type="pl">.</w>
          </s>
          <s n="8">
            <w lemma="en" type="c">En</w>
            <w lemma="þegar" type="c">þegar</w>
            <w lemma="barnaverndarnefnd" type="nven">barnaverndarnefnd</w>
            <w lemma="kynna" type="sfg3en">kynnir</w>
            <w lemma="sig" type="fpveþ">sér</w>
            <w lemma="þessi" type="faheo">þetta</w>
            <w lemma="," type="pk">,</w>
            <w lemma="þá" type="aa">þá</w>
            <w lemma="koma" type="sfg3en">kemur</w>
            <w lemma="upp" type="aa">upp</w>
            <w lemma="úr" type="af">úr</w>
            <w lemma="dúr" type="nkeþg">dúrnum</w>
            <w lemma="," type="pk">,</w>
            <w lemma="að" type="c">að</w>
            <w lemma="þessi" type="faken">þessi</w>
            <w lemma="vesalingur" type="nkee">vesalings</w>
            <w lemma="barn" type="nhfn">börn</w>
            <w lemma="vera" type="sfg3fn">eru</w>
            <w lemma="æðimargur" type="lhfnsf">æðimörg</w>
            <w lemma="." type="pl">.</w>
          </s>
        </p>
        <p n="6">
          <s n="1">
            <w lemma="skýrsla" type="nvfn">Skýrslur</w>
            <w lemma="þessi" type="favfn">þessar</w>
            <w lemma="utan" type="aa">utan</w>
            <w lemma="af" type="af">af</w>
            <w lemma="land" type="nheþ">landi</w>
            <w lemma="," type="pk">,</w>
            <w lemma="sem" type="ct">sem</w>
            <w lemma="ég" type="fp1en">ég</w>
            <w lemma="minna" type="sfm1eþ">minntist</w>
            <w lemma="á" type="aa">á</w>
            <w lemma="," type="pk">,</w>
            <w lemma="vera" type="sfg3fn">eru</w>
            <w lemma="náttúrlega" type="aa">náttúrlega</w>
            <w lemma="hvergi" type="aa">hvergi</w>
            <w lemma="nærri" type="aa">nærri</w>
            <w lemma="tæmandi" type="lvfnof">tæmandi</w>
            <w lemma="vegna" type="af">vegna</w>
            <w lemma="það" type="fphee">þess</w>
            <w lemma="," type="pk">,</w>
            <w lemma="frá" type="af">frá</w>
            <w lemma="hve" type="aa">hve</w>
            <w lemma="margur" type="lhfþsf">mörgum</w>
            <w lemma="hérað" type="nhfþ">héruðum</w>
            <w lemma="vanta" type="sfg3en">vantar</w>
            <w lemma="skýrsla" type="nvfo">skýrslur</w>
            <w lemma="." type="pl">.</w>
          </s>
          <s n="2">
            <w lemma="skýrsla" type="nvfo">Skýrslur</w>
            <w lemma="vanta" type="sfg3en">vantar</w>
            <w lemma="t" type="x">t</w>
            <w lemma="." type="pl">.</w>
          </s>
          <s n="3">
            <w lemma="d." type="x">d.</w>
            <w lemma="," type="pk">,</w>
            <w lemma="auk" type="af">auk</w>
            <w lemma="það" type="fphee">þess</w>
            <w lemma="," type="pk">,</w>
            <w lemma="sem" type="ct">sem</w>
            <w lemma="fram" type="aa">fram</w>
            <w lemma="vera" type="sfg3en">er</w>
            <w lemma="taka" type="sþghen">tekið</w>
            <w lemma="um" type="af">um</w>
            <w lemma="Reykjavík" type="nveo-s">Reykjavík</w>
            <w lemma="," type="pk">,</w>
            <w lemma="frá" type="af">frá</w>
            <w lemma="Óslafsvík" type="nheþ-s">Óslafsvík</w>
            <w lemma="," type="pk">,</w>
            <w lemma="Blönduós" type="nkeþ-s">Blönduósi</w>
            <w lemma="," type="pk">,</w>
            <w lemma="Ólafsfjörður" type="nkeþ-s">Ólafsfirði</w>
            <w lemma="og" type="c">og</w>
            <w lemma="Norðfjörður" type="nkeþ-s">Norðfirði</w>
            <w lemma="." type="pl">.</w>
          </s>
          <s n="4">
            <w lemma="en" type="c">En</w>
            <w lemma="þrátt" type="aa">þrátt</w>
            <w lemma="fyrir" type="af">fyrir</w>
            <w lemma="það" type="fpheo">það</w>
            <w lemma="," type="pk">,</w>
            <w lemma="þó" type="aa">þó</w>
            <w lemma="skýrslusöfnun" type="nven">skýrslusöfnun</w>
            <w lemma="þessi" type="faven">þessi</w>
            <w lemma="hafa" type="svg3en">hafi</w>
            <w lemma="ekki" type="aa">ekki</w>
            <w lemma="ganga" type="sþghen">gengið</w>
            <w lemma="svo" type="aa">svo</w>
            <w lemma="sem" type="c">sem</w>
            <w lemma="ákjósanlegur" type="lhensf">ákjósanlegt</w>
            <w lemma="hafa" type="svg3eþ">hefði</w>
            <w lemma="vera" type="sþghen">verið</w>
            <w lemma="," type="pk">,</w>
            <w lemma="þá" type="aa">þá</w>
            <w lemma="vera" type="sfg3en">er</w>
            <w lemma="þó" type="aa">þó</w>
            <w lemma="ber" type="lhensf">bert</w>
            <w lemma="orð" type="nheng">orðið</w>
            <w lemma="," type="pk">,</w>
            <w lemma="að" type="c">að</w>
            <w lemma="þörf" type="nveng">þörfin</w>
            <w lemma="vera" type="sfg3en">er</w>
            <w lemma="brýn" type="nven">brýn</w>
            <w lemma="á" type="af">á</w>
            <w lemma="það" type="fpheþ">því</w>
            <w lemma="," type="pk">,</w>
            <w lemma="að" type="c">að</w>
            <w lemma="gera" type="sþghen">gert</w>
            <w lemma="verða" type="svg3en">verði</w>
            <w lemma="einhver" type="fohen">eitthvað</w>
            <w lemma="hér" type="aa">hér</w>
            <w lemma="til" type="af">til</w>
            <w lemma="hjálp" type="nvee">hjálpar</w>
            <w lemma="þessi" type="favfþ">þessum</w>
            <w lemma="vesalingur" type="nkee">vesalings</w>
            <w lemma="barn" type="nhfþ">börnum</w>
            <w lemma="." type="pl">.</w>
          </s>
          <s n="5">
            <w lemma="það" type="fphen">Það</w>
            <w lemma="vera" type="sfg3en">er</w>
            <w lemma="því" type="aa">því</w>
            <w lemma="fullur" type="lvensf">full</w>
            <w lemma="ástæða" type="nven">ástæða</w>
            <w lemma="fyrir" type="af">fyrir</w>
            <w lemma="þing" type="nheo">þing</w>
            <w lemma="og" type="c">og</w>
            <w lemma="stjórn" type="nveo">stjórn</w>
            <w lemma="til" type="af">til</w>
            <w lemma="að" type="cn">að</w>
            <w lemma="sinna" type="sng">sinna</w>
            <w lemma="mál" type="nheþg">málinu</w>
            <w lemma="hinn" type="gheo">hið</w>
            <w lemma="allur" type="fohfe">allra</w>
            <w lemma="bráður" type="lhenve">bráðasta</w>
            <w lemma="." type="pl">.</w>
          </s>
          <s n="6">
            <w lemma="það" type="fphen">Það</w>
            <w lemma="," type="pk">,</w>
            <w lemma="að" type="c">að</w>
            <w lemma="ekki" type="aa">ekki</w>
            <w lemma="vera" type="sfg3en">er</w>
            <w lemma="fara" type="sþghen">farið</w>
            <w lemma="fram" type="aa">fram</w>
            <w lemma="á" type="af">á</w>
            <w lemma="mikill" type="lhfnvm">meiri</w>
            <w lemma="fjárframlag" type="nhfo">fjárframlög</w>
            <w lemma="viðvíkja" type="slg">viðvíkjandi</w>
            <w lemma="þessi" type="faheþ">þessu</w>
            <w lemma="mál" type="nheþ">máli</w>
            <w lemma="," type="pk">,</w>
            <w lemma="vera" type="sfg3en">er</w>
            <w lemma="af" type="af">af</w>
            <w lemma="það" type="fpheþ">því</w>
            <w lemma="," type="pk">,</w>
            <w lemma="að" type="c">að</w>
            <w lemma="vita" type="sþghen">vitað</w>
            <w lemma="vera" type="sfg3en">er</w>
            <w lemma="," type="pk">,</w>
            <w lemma="að" type="c">að</w>
            <w lemma="efni" type="nhfn">efni</w>
            <w lemma="ég" type="fp1fe">okkar</w>
            <w lemma="vera" type="sfg3fn">eru</w>
            <w lemma="af" type="af">af</w>
            <w lemma="skorinn" type="lkeþsf">skornum</w>
            <w lemma="skammtur" type="nkeþ">skammti</w>
            <w lemma="til" type="af">til</w>
            <w lemma="framkvæmd" type="nvfe">framkvæmda</w>
            <w lemma="nú" type="aa">nú</w>
            <w lemma="." type="pl">.</w>
          </s>
          <s n="7">
            <w lemma="en" type="c">En</w>
            <w lemma="þó" type="aa">þó</w>
            <w lemma="að" type="c">að</w>
            <w lemma="ekki" type="aa">ekki</w>
            <w lemma="vera" type="svg3en">sé</w>
            <w lemma="öðruvísi" type="aa">öðruvísi</w>
            <w lemma="að" type="af">að</w>
            <w lemma="orð" type="nheþ">orði</w>
            <w lemma="kveða" type="sþghen">kveðið</w>
            <w lemma="í" type="af">í</w>
            <w lemma="frv." type="ks">frv.</w>
            <w lemma="en" type="c">en</w>
            <w lemma="gera" type="sþghen">gert</w>
            <w lemma="vera" type="sfg3en">er</w>
            <w lemma="," type="pk">,</w>
            <w lemma="þá" type="aa">þá</w>
            <w lemma="telja" type="sfg1en">tel</w>
            <w lemma="ég" type="fp1en">ég</w>
            <w lemma="samt" type="aa">samt</w>
            <w lemma="sem" type="c">sem</w>
            <w lemma="áður" type="aa">áður</w>
            <w lemma="," type="pk">,</w>
            <w lemma="að" type="c">að</w>
            <w lemma="heillavænlegur" type="lhensf">heillavænlegt</w>
            <w lemma="spor" type="nhen">spor</w>
            <w lemma="verða" type="svg3en">verði</w>
            <w lemma="stíga" type="sþghen">stigið</w>
            <w lemma="," type="pk">,</w>
            <w lemma="ef" type="c">ef</w>
            <w lemma="frv." type="ks">frv.</w>
            <w lemma="verða" type="sfg3en">verður</w>
            <w lemma="samþ" type="nven">samþ</w>
            <w lemma="." type="pl">.</w>
          </s>
          <s n="8">
            <w lemma="og" type="c">Og</w>
            <w lemma="vonandi" type="aa">vonandi</w>
            <w lemma="vera" type="sfg3en">er</w>
            <w lemma="," type="pk">,</w>
            <w lemma="að" type="c">að</w>
            <w lemma="áður" type="aa">áður</w>
            <w lemma="en" type="c">en</w>
            <w lemma="langur" type="lhensf">langt</w>
            <w lemma="líða" type="sfg3en">líður</w>
            <w lemma="verða" type="svg3en">verði</w>
            <w lemma="þjóð" type="nveng">þjóðin</w>
            <w lemma="svo" type="aa">svo</w>
            <w lemma="vel" type="aa">vel</w>
            <w lemma="á" type="af">á</w>
            <w lemma="vegur" type="nkeþ">vegi</w>
            <w lemma="staddur" type="lvensf">stödd</w>
            <w lemma="," type="pk">,</w>
            <w lemma="að" type="c">að</w>
            <w lemma="hún" type="fpven">hún</w>
            <w lemma="geta" type="svg3en">geti</w>
            <w lemma="líta" type="sþghen">litið</w>
            <w lemma="í" type="af">í</w>
            <w lemma="náð" type="nveþ">náð</w>
            <w lemma="til" type="af">til</w>
            <w lemma="þessi" type="fakfe">þessara</w>
            <w lemma="aumingi" type="nkee">aumingja</w>
            <w lemma="frekar" type="aam">frekar</w>
            <w lemma="en" type="c">en</w>
            <w lemma="vera" type="sþghen">verið</w>
            <w lemma="hafa" type="sfg3en">hefir</w>
            <w lemma="." type="pl">.</w>
          </s>
          <s n="9">
            <w lemma="eins" type="aa">Eins</w>
            <w lemma="og" type="c">og</w>
            <w lemma="ég" type="fp1fn">við</w>
            <w lemma="vita" type="sfg1fn">vitum</w>
            <w lemma="," type="pk">,</w>
            <w lemma="vera" type="sfg3eþ">var</w>
            <w lemma="nú" type="aa">nú</w>
            <w lemma="fyrir" type="af">fyrir</w>
            <w lemma="nokkur" type="fohfþ">nokkrum</w>
            <w lemma="ár" type="nhfþ">árum</w>
            <w lemma="byggja" type="sþghen">byggt</w>
            <w lemma="fávitahæli" type="nheo">fávitahæli</w>
            <w lemma="hér" type="aa">hér</w>
            <w lemma="á" type="af">á</w>
            <w lemma="land" type="nheþ">landi</w>
            <w lemma="." type="pl">.</w>
          </s>
          <s n="10">
            <w lemma="það" type="fphen">Það</w>
            <w lemma="vera" type="sfg3en">er</w>
            <w lemma="einstaklingsframtak" type="nhen">einstaklingsframtak</w>
            <w lemma="og" type="c">og</w>
            <w lemma="sýna" type="sfg3en">sýnir</w>
            <w lemma="áhugi" type="nkeo">áhuga</w>
            <w lemma="og" type="c">og</w>
            <w lemma="dugnaður" type="nkeo">dugnað</w>
            <w lemma="ungur" type="lveesf">ungrar</w>
            <w lemma="stúlka" type="nvee">stúlku</w>
            <w lemma="," type="pk">,</w>
            <w lemma="sem" type="ct">sem</w>
            <w lemma="kynnzt" type="sþmhen">kynnzt</w>
            <w lemma="hafa" type="sfg3en">hefir</w>
            <w lemma="ástand" type="nheþ">ástandi</w>
            <w lemma="fáviti" type="nkfe">fávita</w>
            <w lemma="í" type="af">í</w>
            <w lemma="annar" type="fohfþ">öðrum</w>
            <w lemma="land" type="nhfþ">löndum</w>
            <w lemma="og" type="c">og</w>
            <w lemma="hver" type="fshen">hvað</w>
            <w lemma="þar" type="aa">þar</w>
            <w lemma="vera" type="sfg3en">er</w>
            <w lemma="gera" type="sþghen">gert</w>
            <w lemma="það" type="fphfþ">þeim</w>
            <w lemma="til" type="af">til</w>
            <w lemma="líkn" type="nvee">líknar</w>
            <w lemma="." type="pl">.</w>
          </s>
          <s n="11">
            <w lemma="langa" type="sfg3eþ">Langaði</w>
            <w lemma="hún" type="fpveo">hana</w>
            <w lemma="til" type="af">til</w>
            <w lemma="að" type="cn">að</w>
            <w lemma="gera" type="sng">gera</w>
            <w lemma="einhver" type="foheo">eitthvað</w>
            <w lemma="fyrir" type="af">fyrir</w>
            <w lemma="sinn" type="feveo">sína</w>
            <w lemma="eigin" type="lveoof">eigin</w>
            <w lemma="þjóð" type="nveo">þjóð</w>
            <w lemma="í" type="af">í</w>
            <w lemma="þessi" type="faheþ">þessu</w>
            <w lemma="efni" type="nheþ">efni</w>
            <w lemma="." type="pl">.</w>
          </s>
          <s n="12">
            <w lemma="ýmis" type="fokfn">Ýmsir</w>
            <w lemma="hv." type="x">hv.</w>
            <w lemma="þm." type="ks">þm.</w>
            <w lemma="hafa" type="sfg3fn">hafa</w>
            <w lemma="sjá" type="sþghen">séð</w>
            <w lemma="hæli" type="nheog">hælið</w>
            <w lemma="," type="pk">,</w>
            <w lemma="sem" type="ct">sem</w>
            <w lemma="ungur" type="lvenvf">unga</w>
            <w lemma="stúlka" type="nveng">stúlkan</w>
            <w lemma="hafa" type="sfg3en">hefir</w>
            <w lemma="koma" type="sþghen">komið</w>
            <w lemma="upp" type="aa">upp</w>
            <w lemma="," type="pk">,</w>
            <w lemma="og" type="c">og</w>
            <w lemma="sjálfsagt" type="aa">sjálfsagt</w>
            <w lemma="vera" type="sfg3fn">eru</w>
            <w lemma="hann" type="fpkfn">þeir</w>
            <w lemma="ég" type="fp1eþ">mér</w>
            <w lemma="samdóma" type="lkfnof">samdóma</w>
            <w lemma="um" type="af">um</w>
            <w lemma="," type="pk">,</w>
            <w lemma="að" type="c">að</w>
            <w lemma="það" type="fphen">það</w>
            <w lemma="vera" type="svg3en">sé</w>
            <w lemma="vel" type="aa">vel</w>
            <w lemma="nothæfur" type="lhensf">nothæft</w>
            <w lemma="á" type="aa">á</w>
            <w lemma="meðan" type="c">meðan</w>
            <w lemma="ekki" type="aa">ekki</w>
            <w lemma="vera" type="sfg3en">er</w>
            <w lemma="annar" type="fohen">annað</w>
            <w lemma="stór" type="lhenvm">stærra</w>
            <w lemma="og" type="c">og</w>
            <w lemma="fullkominn" type="lhenvm">fullkomnara</w>
            <w lemma="fyrir" type="af">fyrir</w>
            <w lemma="hönd" type="nveþ">hendi</w>
            <w lemma="." type="pl">.</w>
          </s>
          <s n="13">
            <w lemma="eins" type="aa">Eins</w>
            <w lemma="og" type="c">og</w>
            <w lemma="standa" type="sfg3en">stendur</w>
            <w lemma="vera" type="sfg3fn">eru</w>
            <w lemma="þar" type="aa">þar</w>
            <w lemma="14" type="ta">14</w>
            <w lemma="fáviti" type="nkfn">fávitar</w>
            <w lemma="," type="pk">,</w>
            <w lemma="sem" type="ct">sem</w>
            <w lemma="auðvitað" type="aa">auðvitað</w>
            <w lemma="vera" type="sfg3fn">eru</w>
            <w lemma="ekki" type="aa">ekki</w>
            <w lemma="telja" type="sþgkfn">taldir</w>
            <w lemma="í" type="af">í</w>
            <w lemma="skýrsla" type="nvfþ">skýrslum</w>
            <w lemma="sá" type="fahfþ">þeim</w>
            <w lemma="," type="pk">,</w>
            <w lemma="sem" type="ct">sem</w>
            <w lemma="ég" type="fp1en">ég</w>
            <w lemma="hafa" type="sfg1en">hefi</w>
            <w lemma="nefna" type="sþghen">nefnt</w>
            <w lemma="." type="pl">.</w>
          </s>
          <s n="14">
            <w lemma="þessi" type="fakfn">Þessir</w>
            <w lemma="fáviti" type="nkfn">fávitar</w>
            <w lemma="vera" type="sfg3fn">eru</w>
            <w lemma="á" type="af">á</w>
            <w lemma="aldur" type="nkeþg">aldrinum</w>
            <w lemma="2" type="ta">2</w>
            <w lemma="–" type="x">–</w>
            <w lemma="30" type="ta">30</w>
            <w lemma="ár" type="nhfe">ára</w>
            <w lemma="," type="pk">,</w>
            <w lemma="9" type="ta">9</w>
            <w lemma="stúlka" type="nvfn">stúlkur</w>
            <w lemma="og" type="c">og</w>
            <w lemma="5" type="ta">5</w>
            <w lemma="drengur" type="nkfn">drengir</w>
            <w lemma="." type="pl">.</w>
          </s>
          <s n="15">
            <w lemma="elzti" type="nken">Elzti</w>
            <w lemma="drengur" type="nkeng">drengurinn</w>
            <w lemma="vera" type="sfg3en">er</w>
            <w lemma="13" type="ta">13</w>
            <w lemma="ár" type="nhfe">ára</w>
            <w lemma="og" type="c">og</w>
            <w lemma="elzta" type="nven">elzta</w>
            <w lemma="stúlka" type="nveng">stúlkan</w>
            <w lemma="30" type="ta">30</w>
            <w lemma="ár" type="nhfe">ára</w>
            <w lemma="." type="pl">.</w>
          </s>
          <s n="16">
            <w lemma="þessi" type="fahen">Þetta</w>
            <w lemma="hæli" type="nken">hæli</w>
            <w lemma="geta" type="sfg3en">getur</w>
            <w lemma="ekki" type="aa">ekki</w>
            <w lemma="taka" type="sþghen">tekið</w>
            <w lemma="nema" type="c">nema</w>
            <w lemma="barn" type="nhfo">börn</w>
            <w lemma="og" type="c">og</w>
            <w lemma="kvenfólk" type="nheo">kvenfólk</w>
            <w lemma="," type="pk">,</w>
            <w lemma="allur" type="fohee">alls</w>
            <w lemma="ekki" type="aa">ekki</w>
            <w lemma="gamall" type="lkfovm">eldri</w>
            <w lemma="piltur" type="nkfo">pilta</w>
            <w lemma="en" type="c">en</w>
            <w lemma="16" type="ta">16</w>
            <w lemma="ár" type="nhfe">ára</w>
            <w lemma="." type="pl">.</w>
          </s>
          <s n="17">
            <w lemma="en" type="c">En</w>
            <w lemma="það" type="fphen">það</w>
            <w lemma="geta" type="sfg3en">getur</w>
            <w lemma="rúma" type="sþghen">rúmað</w>
            <w lemma="25" type="ta">25</w>
            <w lemma="eða" type="c">eða</w>
            <w lemma="margur" type="lkfovm">fleiri</w>
            <w lemma="fáviti" type="nkfo">fávita</w>
            <w lemma="," type="pk">,</w>
            <w lemma="þegar" type="c">þegar</w>
            <w lemma="búinn" type="lhensf">búið</w>
            <w lemma="vera" type="sfg3en">er</w>
            <w lemma="að" type="cn">að</w>
            <w lemma="innrétta" type="sng">innrétta</w>
            <w lemma="það" type="fpheo">það</w>
            <w lemma="til" type="af">til</w>
            <w lemma="fullur" type="lheesf">fulls</w>
            <w lemma="." type="pl">.</w>
          </s>
          <s n="18">
            <w lemma="hús" type="nheng">Húsið</w>
            <w lemma="vera" type="sfg3en">er</w>
            <w lemma="þrílyftur" type="lhensf">þrílyft</w>
            <w lemma="." type="pl">.</w>
          </s>
          <s n="19">
            <w lemma="búinn" type="lhensf">Búið</w>
            <w lemma="vera" type="sfg3en">er</w>
            <w lemma="að" type="cn">að</w>
            <w lemma="innrétta" type="sng">innrétta</w>
            <w lemma="2" type="ta">2</w>
            <w lemma="hæð" type="nvfog">hæðirnar</w>
            <w lemma="," type="pk">,</w>
            <w lemma="en" type="c">en</w>
            <w lemma="sá" type="faven">sú</w>
            <w lemma="þriðji" type="lvenvf">þriðja</w>
            <w lemma="vera" type="sfg3en">er</w>
            <w lemma="óinnréttaður" type="lvensf">óinnréttuð</w>
            <w lemma="." type="pl">.</w>
          </s>
          <s n="20">
            <w lemma="sá" type="fahen">Það</w>
            <w lemma="," type="pk">,</w>
            <w lemma="sem" type="ct">sem</w>
            <w lemma="ég" type="fp1en">ég</w>
            <w lemma="hyggja" type="sfg1en">hygg</w>
            <w lemma="," type="pk">,</w>
            <w lemma="að" type="c">að</w>
            <w lemma="sérstaklega" type="aa">sérstaklega</w>
            <w lemma="vera" type="svg3en">sé</w>
            <w lemma="það" type="fpheþ">því</w>
            <w lemma="til" type="af">til</w>
            <w lemma="fyrirstaða" type="nvee">fyrirstöðu</w>
            <w lemma="," type="pk">,</w>
            <w lemma="að" type="c">að</w>
            <w lemma="fáviti" type="nkfn">fávitar</w>
            <w lemma="geta" type="svg3fn">geti</w>
            <w lemma="njóta" type="sþghen">notið</w>
            <w lemma="vist" type="nvee">vistar</w>
            <w lemma="á" type="af">á</w>
            <w lemma="þessi" type="faheþ">þessu</w>
            <w lemma="heimili" type="nheþ">heimili</w>
            <w lemma="," type="pk">,</w>
            <w lemma="vera" type="sfg3en">er</w>
            <w lemma="fátækt" type="nven">fátækt</w>
            <w lemma="maður" type="nkfe">manna</w>
            <w lemma="." type="pl">.</w>
          </s>
          <s n="21">
            <w lemma="þó" type="aa">Þó</w>
            <w lemma="að" type="c">að</w>
            <w lemma="ekki" type="aa">ekki</w>
            <w lemma="vera" type="svg3en">sé</w>
            <w lemma="margur" type="lhenvm">fleira</w>
            <w lemma="fólk" type="nhen">fólk</w>
            <w lemma="á" type="af">á</w>
            <w lemma="hæli" type="nheþg">hælinu</w>
            <w lemma="en" type="c">en</w>
            <w lemma="þessi" type="fahen">þetta</w>
            <w lemma="," type="pk">,</w>
            <w lemma="þá" type="aa">þá</w>
            <w lemma="eiga" type="sfg3en">á</w>
            <w lemma="það" type="fphen">það</w>
            <w lemma="útistandandi" type="lhenof">útistandandi</w>
            <w lemma="talsvert" type="aa">talsvert</w>
            <w lemma="mikill" type="lheosf">mikið</w>
            <w lemma="fé" type="nheo">fé</w>
            <w lemma="fyrir" type="af">fyrir</w>
            <w lemma="vera" type="nveo">veru</w>
            <w lemma="þessi" type="fahee">þessa</w>
            <w lemma="fólk" type="nhee">fólks</w>
            <w lemma="þar" type="aa">þar</w>
            <w lemma="." type="pl">.</w>
          </s>
          <s n="22">
            <w lemma="þrátt" type="aa">Þrátt</w>
            <w lemma="fyrir" type="af">fyrir</w>
            <w lemma="það" type="fpheo">það</w>
            <w lemma="," type="pk">,</w>
            <w lemma="þótt" type="c">þótt</w>
            <w lemma="ríki" type="nheng">ríkið</w>
            <w lemma="hafa" type="svg3en">hafi</w>
            <w lemma="nú" type="aa">nú</w>
            <w lemma="upp" type="aa">upp</w>
            <w lemma="á" type="af">á</w>
            <w lemma="síðkastið" type="nheog">síðkastið</w>
            <w lemma="leggja" type="sþghen">lagt</w>
            <w lemma="nokkur" type="foheo">nokkurt</w>
            <w lemma="fé" type="nheo">fé</w>
            <w lemma="fram" type="aa">fram</w>
            <w lemma="með" type="af">með</w>
            <w lemma="einstakur" type="lkfþsf">einstökum</w>
            <w lemma="maður" type="nkfþ">mönnum</w>
            <w lemma="þar" type="aa">þar</w>
            <w lemma="," type="pk">,</w>
            <w lemma="þá" type="aa">þá</w>
            <w lemma="eiga" type="sfg3en">á</w>
            <w lemma="hæli" type="nheng">hælið</w>
            <w lemma="nú" type="aa">nú</w>
            <w lemma="útistandandi" type="lveoof">útistandandi</w>
            <w lemma="4500" type="ta">4500</w>
            <w lemma="kr." type="ks">kr.</w>
            <w lemma="fyrir" type="af">fyrir</w>
            <w lemma="fáviti" type="nkfo">fávita</w>
            <w lemma="víðsvegar" type="aa">víðsvegar</w>
            <w lemma="af" type="af">af</w>
            <w lemma="land" type="nheþg">landinu</w>
            <w lemma="." type="pl">.</w>
          </s>
          <s n="23">
            <w lemma="það" type="fphen">Það</w>
            <w lemma="skulu" type="sfg3en">skal</w>
            <w lemma="þó" type="aa">þó</w>
            <w lemma="taka" type="sþghen">tekið</w>
            <w lemma="fram" type="aa">fram</w>
            <w lemma="," type="pk">,</w>
            <w lemma="að" type="c">að</w>
            <w lemma="Reykjavík" type="nven-s">Reykjavík</w>
            <w lemma="hafa" type="sfg3en">hefir</w>
            <w lemma="alltaf" type="aa">alltaf</w>
            <w lemma="borga" type="sþghen">borgað</w>
            <w lemma="að" type="af">að</w>
            <w lemma="fullur" type="lheþsf">fullu</w>
            <w lemma="og" type="c">og</w>
            <w lemma="Akureyri" type="nveþ-s">Akureyri</w>
            <w lemma="það" type="fpheþ">því</w>
            <w lemma="sem" type="aa">sem</w>
            <w lemma="nærri" type="afe">næst</w>
            <w lemma="." type="pl">.</w>
          </s>
          <s n="24">
            <w lemma="þessi" type="fahen">Þetta</w>
            <w lemma="sýna" type="sfg3en">sýnir</w>
            <w lemma="allur" type="fohee">alls</w>
            <w lemma="ekki" type="aa">ekki</w>
            <w lemma="það" type="fpheo">það</w>
            <w lemma="," type="pk">,</w>
            <w lemma="að" type="c">að</w>
            <w lemma="maður" type="nkfn">menn</w>
            <w lemma="vilja" type="svg3fn">vilji</w>
            <w lemma="ekki" type="aa">ekki</w>
            <w lemma="standa" type="sng">standa</w>
            <w lemma="í" type="af">í</w>
            <w lemma="skil" type="nhfþ">skilum</w>
            <w lemma="," type="pk">,</w>
            <w lemma="heldur" type="c">heldur</w>
            <w lemma="að" type="c">að</w>
            <w lemma="maður" type="nkfn">menn</w>
            <w lemma="geta" type="sfg3fn">geta</w>
            <w lemma="það" type="fpheo">það</w>
            <w lemma="ekki" type="aa">ekki</w>
            <w lemma="." type="pl">.</w>
          </s>
          <s n="25">
            <w lemma="og" type="c">Og</w>
            <w lemma="þessi" type="fahen">þetta</w>
            <w lemma="sýna" type="sfg3en">sýnir</w>
            <w lemma="hann" type="fpkfo">þá</w>
            <w lemma="einnig" type="aa">einnig</w>
            <w lemma="þörf" type="nveog">þörfina</w>
            <w lemma="," type="pk">,</w>
            <w lemma="sem" type="ct">sem</w>
            <w lemma="á" type="af">á</w>
            <w lemma="það" type="fpheþ">því</w>
            <w lemma="vera" type="sfg3en">er</w>
            <w lemma="," type="pk">,</w>
            <w lemma="að" type="c">að</w>
            <w lemma="hinn" type="ghen">hið</w>
            <w lemma="opinber" type="lhenvf">opinbera</w>
            <w lemma="hlaup" type="nheþ">hlaupi</w>
            <w lemma="undir" type="af">undir</w>
            <w lemma="baggi" type="nkeog">baggann</w>
            <w lemma="." type="pl">.</w>
          </s>
          <s n="26">
            <w lemma="það" type="fpheþ">Því</w>
            <w lemma="að" type="c">að</w>
            <w lemma="í" type="af">í</w>
            <w lemma="þessi" type="faheþ">þessu</w>
            <w lemma="heimili" type="nheþ">heimili</w>
            <w lemma="vera" type="sfg3fn">eru</w>
            <w lemma="saman" type="aa">saman</w>
            <w lemma="koma" type="sþgkfn">komnir</w>
            <w lemma="almikill" type="lkfnve">almestu</w>
            <w lemma="aumingi" type="nkfn">aumingjar</w>
            <w lemma="," type="pk">,</w>
            <w lemma="sem" type="ct">sem</w>
            <w lemma="ég" type="fp1en">ég</w>
            <w lemma="geta" type="sfg1en">get</w>
            <w lemma="hugsa" type="sþghen">hugsað</w>
            <w lemma="ég" type="fp1eþ">mér</w>
            <w lemma="," type="pk">,</w>
            <w lemma="að" type="c">að</w>
            <w lemma="til" type="aa">til</w>
            <w lemma="vera" type="svg3fn">séu</w>
            <w lemma="." type="pl">.</w>
          </s>
          <s n="27">
            <w lemma="það" type="fphen">Það</w>
            <w lemma="vera" type="sfg3fn">eru</w>
            <w lemma="sem" type="ct">sem</w>
            <w lemma="vera" type="svg3en">sé</w>
            <w lemma="örviti" type="nkfn">örvitar</w>
            <w lemma="allur" type="fohen">allt</w>
            <w lemma="," type="pk">,</w>
            <w lemma="sem" type="ct">sem</w>
            <w lemma="eiginlega" type="aa">eiginlega</w>
            <w lemma="vera" type="sfg3en">er</w>
            <w lemma="ekki" type="aa">ekki</w>
            <w lemma="hægur" type="lhensf">hægt</w>
            <w lemma="að" type="cn">að</w>
            <w lemma="kenna" type="sng">kenna</w>
            <w lemma="neinn" type="foheo">neitt</w>
            <w lemma="," type="pk">,</w>
            <w lemma="sem" type="ct">sem</w>
            <w lemma="að" type="af">að</w>
            <w lemma="gagn" type="nheþ">gagni</w>
            <w lemma="geta" type="sfg3en">getur</w>
            <w lemma="koma" type="sþghen">komið</w>
            <w lemma="." type="pl">.</w>
          </s>
          <s n="28">
            <w lemma="en" type="c">En</w>
            <w lemma="þrátt" type="aa">þrátt</w>
            <w lemma="fyrir" type="af">fyrir</w>
            <w lemma="það" type="fpheo">það</w>
            <w lemma="," type="pk">,</w>
            <w lemma="þó" type="aa">þó</w>
            <w lemma="svona" type="aa">svona</w>
            <w lemma="vera" type="svg3en">sé</w>
            <w lemma="ástand" type="nhen">ástand</w>
            <w lemma="þessi" type="fahfe">þessara</w>
            <w lemma="barn" type="nhfe">barna</w>
            <w lemma="," type="pk">,</w>
            <w lemma="þá" type="aa">þá</w>
            <w lemma="vera" type="sfg3en">er</w>
            <w lemma="þó" type="aa">þó</w>
            <w lemma="gleðilegur" type="lkensf">gleðilegur</w>
            <w lemma="vottur" type="nken">vottur</w>
            <w lemma="það" type="fphee">þess</w>
            <w lemma="," type="pk">,</w>
            <w lemma="hver" type="foheþ">hverju</w>
            <w lemma="þolinmæði" type="nven">þolinmæði</w>
            <w lemma="og" type="c">og</w>
            <w lemma="nákvæmni" type="nven">nákvæmni</w>
            <w lemma="fá" type="sfg3en">fær</w>
            <w lemma="til" type="af">til</w>
            <w lemma="vegur" type="nkee">vegar</w>
            <w lemma="koma" type="sþghen">komið</w>
            <w lemma="," type="pk">,</w>
            <w lemma="einmitt" type="aa">einmitt</w>
            <w lemma="við" type="af">við</w>
            <w lemma="svona" type="lkfoof">svona</w>
            <w lemma="maður" type="nkfo">menn</w>
            <w lemma="," type="pk">,</w>
            <w lemma="sá" type="faven">sú</w>
            <w lemma="breyting" type="nven">breyting</w>
            <w lemma="," type="pk">,</w>
            <w lemma="sem" type="ct">sem</w>
            <w lemma="verða" type="sþghen">orðið</w>
            <w lemma="hafa" type="sfg3en">hefir</w>
            <w lemma="á" type="af">á</w>
            <w lemma="þessi" type="fahfþ">þessum</w>
            <w lemma="barn" type="nhfþ">börnum</w>
            <w lemma="síðan" type="c">síðan</w>
            <w lemma="það" type="fphfn">þau</w>
            <w lemma="koma" type="sfg3fþ">komu</w>
            <w lemma="í" type="af">í</w>
            <w lemma="hæli" type="nheog">hælið</w>
            <w lemma="." type="pl">.</w>
          </s>
          <s n="29">
            <w lemma="þangað" type="aa">Þangað</w>
            <w lemma="koma" type="sfg3eþ">kom</w>
            <w lemma="barn" type="nhen">barn</w>
            <w lemma="fyrir" type="af">fyrir</w>
            <w lemma="rúmlega" type="aa">rúmlega</w>
            <w lemma="2" type="ta">2</w>
            <w lemma="ár" type="nhfþ">árum</w>
            <w lemma="," type="pk">,</w>
            <w lemma="blindur" type="lhensf">blint</w>
            <w lemma="," type="pk">,</w>
            <w lemma="mállaus" type="lhensf">mállaust</w>
            <w lemma="og" type="c">og</w>
            <w lemma="máttlaust" type="aa">máttlaust</w>
            <w lemma="." type="pl">.</w>
          </s>
          <s n="30">
            <w lemma="það" type="fphen">Það</w>
            <w lemma="hafa" type="sfg3eþ">hafði</w>
            <w lemma="ekki" type="aa">ekki</w>
            <w lemma="læra" type="sþghen">lært</w>
            <w lemma="að" type="cn">að</w>
            <w lemma="ganga" type="sng">ganga</w>
            <w lemma="né" type="c">né</w>
            <w lemma="tala" type="sng">tala</w>
            <w lemma="," type="pk">,</w>
            <w lemma="en" type="c">en</w>
            <w lemma="hafa" type="sfg3eþ">hafði</w>
            <w lemma="þó" type="aa">þó</w>
            <w lemma="nokkur" type="foveo">nokkra</w>
            <w lemma="heyrn" type="nveo">heyrn</w>
            <w lemma="." type="pl">.</w>
          </s>
          <s n="31">
            <w lemma="þessi" type="faheþ">Þessu</w>
            <w lemma="barn" type="nheþ">barni</w>
            <w lemma="vera" type="sfg3eþ">var</w>
            <w lemma="sýna" type="sþgven">sýnd</w>
            <w lemma="mikill" type="lvensf">mikil</w>
            <w lemma="nákvæmni" type="nven">nákvæmni</w>
            <w lemma="af" type="af">af</w>
            <w lemma="sá" type="faheþ">því</w>
            <w lemma="fólk" type="nheþ">fólki</w>
            <w lemma="," type="pk">,</w>
            <w lemma="sem" type="ct">sem</w>
            <w lemma="þarna" type="aa">þarna</w>
            <w lemma="starfa" type="sfg3eþ">starfaði</w>
            <w lemma="." type="pl">.</w>
          </s>
          <s n="32">
            <w lemma="þýzkur" type="lvensf">Þýzk</w>
            <w lemma="hjúkrunarkona" type="nven">hjúkrunarkona</w>
            <w lemma="," type="pk">,</w>
            <w lemma="sem" type="ct">sem</w>
            <w lemma="starfa" type="sþghen">starfað</w>
            <w lemma="hafa" type="sfg3en">hefir</w>
            <w lemma="á" type="af">á</w>
            <w lemma="hæli" type="nheþg">hælinu</w>
            <w lemma="," type="pk">,</w>
            <w lemma="hafa" type="sfg3en">hefir</w>
            <w lemma="leggja" type="sþghen">lagt</w>
            <w lemma="sig" type="fpveo">sig</w>
            <w lemma="fram" type="aa">fram</w>
            <w lemma="til" type="af">til</w>
            <w lemma="að" type="cn">að</w>
            <w lemma="hlynna" type="sng">hlynna</w>
            <w lemma="að" type="af">að</w>
            <w lemma="þessi" type="faheþ">þessu</w>
            <w lemma="barn" type="nheþ">barni</w>
            <w lemma="." type="pl">.</w>
          </s>
          <s n="33">
            <w lemma="barn" type="nheng">Barnið</w>
            <w lemma="vera" type="sfg3en">er</w>
            <w lemma="nú" type="aa">nú</w>
            <w lemma="dálítið" type="aa">dálítið</w>
            <w lemma="fara" type="sþghen">farið</w>
            <w lemma="að" type="cn">að</w>
            <w lemma="ganga" type="sng">ganga</w>
            <w lemma="." type="pl">.</w>
          </s>
          <s n="34">
            <w lemma="það" type="fphen">Það</w>
            <w lemma="vera" type="sfg3eþ">var</w>
            <w lemma="svo" type="aa">svo</w>
            <w lemma="máttlaust" type="aa">máttlaust</w>
            <w lemma="í" type="af">í</w>
            <w lemma="kjálki" type="nkfþg">kjálkunum</w>
            <w lemma="," type="pk">,</w>
            <w lemma="að" type="c">að</w>
            <w lemma="það" type="fphen">það</w>
            <w lemma="geta" type="sfg3eþ">gat</w>
            <w lemma="varla" type="aa">varla</w>
            <w lemma="halda" type="sþghen">haldið</w>
            <w lemma="fæða" type="nveþg">fæðunni</w>
            <w lemma="uppi" type="aa">uppi</w>
            <w lemma="í" type="af">í</w>
            <w lemma="sig" type="fpkeþ">sér</w>
            <w lemma="," type="pk">,</w>
            <w lemma="þó" type="aa">þó</w>
            <w lemma="það" type="fphen">það</w>
            <w lemma="vera" type="svg3eþ">væri</w>
            <w lemma="7" type="ta">7</w>
            <w lemma="–" type="au">–</w>
            <w lemma="8" type="ta">8</w>
            <w lemma="ár" type="nhfe">ára</w>
            <w lemma="." type="pl">.</w>
          </s>
          <s n="35">
            <w lemma="nú" type="aa">Nú</w>
            <w lemma="hafa" type="sfg3en">hefir</w>
            <w lemma="það" type="fphen">það</w>
            <w lemma="fá" type="sþghen">fengið</w>
            <w lemma="sá" type="fakeo">þann</w>
            <w lemma="styrkur" type="nkeo">styrk</w>
            <w lemma="við" type="af">við</w>
            <w lemma="ýmis" type="fovfo">ýmsar</w>
            <w lemma="æfing" type="nvfo">æfingar</w>
            <w lemma="," type="pk">,</w>
            <w lemma="sem" type="ct">sem</w>
            <w lemma="það" type="fphen">það</w>
            <w lemma="vera" type="sfg3en">er</w>
            <w lemma="láta" type="sþghen">látið</w>
            <w lemma="gera" type="sng">gera</w>
            <w lemma="," type="pk">,</w>
            <w lemma="að" type="c">að</w>
            <w lemma="það" type="fphen">það</w>
            <w lemma="geta" type="sfg3en">getur</w>
            <w lemma="borða" type="sþghen">borðað</w>
            <w lemma="nokkurnveginn" type="aa">nokkurnveginn</w>
            <w lemma="og" type="c">og</w>
            <w lemma="gera" type="sþghen">gert</w>
            <w lemma="sig" type="fpheo">sig</w>
            <w lemma="skiljanlegur" type="lheosf">skiljanlegt</w>
            <w lemma="fyrir" type="af">fyrir</w>
            <w lemma="sá" type="fakfþ">þeim</w>
            <w lemma="," type="pk">,</w>
            <w lemma="sem" type="ct">sem</w>
            <w lemma="umgangast" type="sfm3fn">umgangast</w>
            <w lemma="það" type="fpheo">það</w>
            <w lemma="." type="pl">.</w>
          </s>
          <s n="36">
            <w lemma="annar" type="foken">Annar</w>
            <w lemma="fáviti" type="nken">fáviti</w>
            <w lemma="vera" type="sfg3en">er</w>
            <w lemma="þarna" type="aa">þarna</w>
            <w lemma="," type="pk">,</w>
            <w lemma="sem" type="ct">sem</w>
            <w lemma="hafa" type="sfg3en">hefir</w>
            <w lemma="vera" type="sþghen">verið</w>
            <w lemma="þar" type="aa">þar</w>
            <w lemma="síðan" type="c">síðan</w>
            <w lemma="hæli" type="nheng">hælið</w>
            <w lemma="vera" type="sfg3eþ">var</w>
            <w lemma="byggja" type="sþghen">byggt</w>
            <w lemma="." type="pl">.</w>
          </s>
          <s n="37">
            <w lemma="sá" type="faken">Sá</w>
            <w lemma="fáviti" type="nken">fáviti</w>
            <w lemma="vera" type="sfg3en">er</w>
            <w lemma="gersneyddur" type="lkensf">gersneyddur</w>
            <w lemma="allur" type="foveþ">allri</w>
            <w lemma="skynsemi" type="nveþ">skynsemi</w>
            <w lemma="," type="pk">,</w>
            <w lemma="hafa" type="sfg3en">hefir</w>
            <w lemma="enginn" type="fokeo">engan</w>
            <w lemma="skilningur" type="nkeo">skilning</w>
            <w lemma="." type="pl">.</w>
          </s>
          <s n="38">
            <w lemma="en" type="c">En</w>
            <w lemma="þrátt" type="aa">þrátt</w>
            <w lemma="fyrir" type="af">fyrir</w>
            <w lemma="það" type="fpheo">það</w>
            <w lemma="virða" type="sfm3en">virðist</w>
            <w lemma="þó" type="aa">þó</w>
            <w lemma="hafa" type="sng">hafa</w>
            <w lemma="lifnaður" type="nkeo">lifnað</w>
            <w lemma="yfir" type="af">yfir</w>
            <w lemma="þessi" type="fakeþ">þessum</w>
            <w lemma="aumingi" type="nkeþ">aumingja</w>
            <w lemma="," type="pk">,</w>
            <w lemma="þannig" type="aa">þannig</w>
            <w lemma="að" type="c">að</w>
            <w lemma="þegar" type="c">þegar</w>
            <w lemma="þýzkja" type="sfg3eþ">þýzki</w>
            <w lemma="uppeldisfræðingur" type="nkeng">uppeldisfræðingurinn</w>
            <w lemma="," type="pk">,</w>
            <w lemma="sem" type="c">sem</w>
            <w lemma="síðastl" type="nven">síðastl</w>
            <w lemma="." type="pl">.</w>
          </s>
          <s n="39">
            <w lemma="ár" type="nhen">ár</w>
            <w lemma="hafa" type="sfg3en">hefir</w>
            <w lemma="dvelja" type="sþghen">dvalið</w>
            <w lemma="á" type="af">á</w>
            <w lemma="hæli" type="nheþg">hælinu</w>
            <w lemma="til" type="af">til</w>
            <w lemma="það" type="fphee">þess</w>
            <w lemma="að" type="cn">að</w>
            <w lemma="kenna" type="sng">kenna</w>
            <w lemma="sá" type="fakfþ">þeim</w>
            <w lemma="fáviti" type="nkfþ">fávitum</w>
            <w lemma="," type="pk">,</w>
            <w lemma="sem" type="ct">sem</w>
            <w lemma="einhver" type="foveo">einhverja</w>
            <w lemma="ögn" type="nveo">ögn</w>
            <w lemma="geta" type="sfg3fn">geta</w>
            <w lemma="læra" type="sþghen">lært</w>
            <w lemma="," type="pk">,</w>
            <w lemma="þegar" type="c">þegar</w>
            <w lemma="hann" type="fpken">hann</w>
            <w lemma="taka" type="sfg3en">tekur</w>
            <w lemma="fiðla" type="nveog">fiðluna</w>
            <w lemma="og" type="c">og</w>
            <w lemma="fara" type="sfg3en">fer</w>
            <w lemma="að" type="cn">að</w>
            <w lemma="spila" type="sng">spila</w>
            <w lemma="," type="pk">,</w>
            <w lemma="þá" type="aa">þá</w>
            <w lemma="færa" type="sfm3en">færist</w>
            <w lemma="bros" type="nhen">bros</w>
            <w lemma="yfir" type="af">yfir</w>
            <w lemma="andlit" type="nheo">andlit</w>
            <w lemma="þessi" type="fakee">þessa</w>
            <w lemma="aumingi" type="nkee">aumingja</w>
            <w lemma="barn" type="nhee">barns</w>
            <w lemma="," type="pk">,</w>
            <w lemma="sem" type="ct">sem</w>
            <w lemma="bera" type="sfg3en">ber</w>
            <w lemma="vottur" type="nkeo">vott</w>
            <w lemma="um" type="af">um</w>
            <w lemma="," type="pk">,</w>
            <w lemma="að" type="c">að</w>
            <w lemma="einhver" type="foven">einhver</w>
            <w lemma="leið" type="nven">leið</w>
            <w lemma="vera" type="svg3en">sé</w>
            <w lemma="þó" type="aa">þó</w>
            <w lemma="til" type="aa">til</w>
            <w lemma="inn" type="aa">inn</w>
            <w lemma="að" type="af">að</w>
            <w lemma="hinn" type="fakfþ">hinum</w>
            <w lemma="lokaður" type="lkfþvf">lokuðu</w>
            <w lemma="sálarfylgsr" type="nkfþg">sálarfylgsnum</w>
            <w lemma="það" type="fphee">þess</w>
            <w lemma="." type="pl">.</w>
          </s>
          <s n="40">
            <w lemma="þýzki" type="nken">Þýzki</w>
            <w lemma="uppeldisfræðingur" type="nkeng">uppeldisfræðingurinn</w>
            <w lemma="nota" type="sfg3en">notar</w>
            <w lemma="sérstaklega" type="aa">sérstaklega</w>
            <w lemma="mikið" type="aa">mikið</w>
            <w lemma="sönglist" type="nveog">sönglistina</w>
            <w lemma="til" type="af">til</w>
            <w lemma="það" type="fphee">þess</w>
            <w lemma="að" type="cn">að</w>
            <w lemma="glæða" type="sng">glæða</w>
            <w lemma="," type="pk">,</w>
            <w lemma="ef" type="c">ef</w>
            <w lemma="einhver" type="fohen">eitthvað</w>
            <w lemma="vera" type="sfg3en">er</w>
            <w lemma="hægur" type="lhensf">hægt</w>
            <w lemma="að" type="cn">að</w>
            <w lemma="glæða" type="sng">glæða</w>
            <w lemma="í" type="af">í</w>
            <w lemma="sálarlíf" type="nheþ">sálarlífi</w>
            <w lemma="þessi" type="fahfe">þessara</w>
            <w lemma="barn" type="nhfe">barna</w>
            <w lemma="." type="pl">.</w>
          </s>
          <s n="41">
            <w lemma="hann" type="fpken">Hann</w>
            <w lemma="segja" type="sfg3en">segir</w>
            <w lemma="," type="pk">,</w>
            <w lemma="að" type="c">að</w>
            <w lemma="tónn" type="nkfng">tónarnir</w>
            <w lemma="virða" type="svm3fn">virðist</w>
            <w lemma="hafa" type="sng">hafa</w>
            <w lemma="einhver" type="foheo">eitthvert</w>
            <w lemma="töfravald" type="nheo">töfravald</w>
            <w lemma="í" type="af">í</w>
            <w lemma="sig" type="fpkeþ">sér</w>
            <w lemma="fólga" type="sþghen">fólgið</w>
            <w lemma="," type="pk">,</w>
            <w lemma="sem" type="ct">sem</w>
            <w lemma="geta" type="svg3en">geti</w>
            <w lemma="e." type="x">e.</w>
            <w lemma="t" type="x">t</w>
            <w lemma="." type="pl">.</w>
          </s>
          <s n="42">
            <w lemma="v" type="x">v</w>
            <w lemma="." type="pl">.</w>
          </s>
          <s n="43">
            <w lemma="bezt" type="aae">bezt</w>
            <w lemma="af" type="af">af</w>
            <w lemma="allur" type="foheþ">öllu</w>
            <w lemma="glæða" type="sþghen">glætt</w>
            <w lemma="á" type="af">á</w>
            <w lemma="þessi" type="faheþ">þessu</w>
            <w lemma="svið" type="nheþ">sviði</w>
            <w lemma="." type="pl">.</w>
          </s>
          <s n="44">
            <w lemma="ég" type="fp1en">Ég</w>
            <w lemma="taka" type="sfg1en">tek</w>
            <w lemma="þessi" type="faheo">þetta</w>
            <w lemma="fram" type="aa">fram</w>
            <w lemma="til" type="af">til</w>
            <w lemma="það" type="fphee">þess</w>
            <w lemma="að" type="cn">að</w>
            <w lemma="benda" type="sng">benda</w>
            <w lemma="á" type="af">á</w>
            <w lemma="," type="pk">,</w>
            <w lemma="að" type="c">að</w>
            <w lemma="úr" type="af">úr</w>
            <w lemma="það" type="fpheþ">því</w>
            <w lemma="sá" type="fakfn">þeir</w>
            <w lemma="," type="pk">,</w>
            <w lemma="sem" type="ct">sem</w>
            <w lemma="vera" type="sfg3fn">eru</w>
            <w lemma="allur" type="fokfe">allra</w>
            <w lemma="lakt" type="aae">lakast</w>
            <w lemma="settur" type="lkfnsf">settir</w>
            <w lemma="í" type="af">í</w>
            <w lemma="þessi" type="faheþ">þessu</w>
            <w lemma="tillit" type="nheþ">tilliti</w>
            <w lemma="," type="pk">,</w>
            <w lemma="geta" type="sfg3fn">geta</w>
            <w lemma="þó" type="aa">þó</w>
            <w lemma="fá" type="sþghen">fengið</w>
            <w lemma="einhver" type="foveo">einhverja</w>
            <w lemma="ofurlítill" type="lveosf">ofurlitla</w>
            <w lemma="andlegur" type="lveosf">andlega</w>
            <w lemma="skíma" type="nveo">skímu</w>
            <w lemma="við" type="af">við</w>
            <w lemma="alúð" type="nveo">alúð</w>
            <w lemma="og" type="c">og</w>
            <w lemma="nákvæmur" type="lveosf">nákvæma</w>
            <w lemma="viðleitni" type="nveo">viðleitni</w>
            <w lemma="," type="pk">,</w>
            <w lemma="þá" type="aa">þá</w>
            <w lemma="vera" type="sfg3fn">eru</w>
            <w lemma="mikill" type="lvfnsf">miklar</w>
            <w lemma="líkur" type="nvfn">líkur</w>
            <w lemma="til" type="af">til</w>
            <w lemma="," type="pk">,</w>
            <w lemma="að" type="c">að</w>
            <w lemma="sá" type="fakfþ">þeim</w>
            <w lemma="fáviti" type="nkfþ">fávitum</w>
            <w lemma="," type="pk">,</w>
            <w lemma="sem" type="ct">sem</w>
            <w lemma="hafa" type="sfg3fn">hafa</w>
            <w lemma="talsverður" type="lheosf">talsvert</w>
            <w lemma="af" type="af">af</w>
            <w lemma="skynsemi" type="nveþ">skynsemi</w>
            <w lemma="til" type="af">til</w>
            <w lemma="að" type="cn">að</w>
            <w lemma="bera" type="sng">bera</w>
            <w lemma="," type="pk">,</w>
            <w lemma="enda" type="aa">enda</w>
            <w lemma="þótt" type="c">þótt</w>
            <w lemma="einhæfur" type="lvensf">einhæf</w>
            <w lemma="vera" type="svg3en">sé</w>
            <w lemma="og" type="c">og</w>
            <w lemma="óþroskaður" type="lvensf">óþroskuð</w>
            <w lemma="," type="pk">,</w>
            <w lemma="verða" type="svg3en">verði</w>
            <w lemma="hjálpa" type="sþghen">hjálpað</w>
            <w lemma="til" type="af">til</w>
            <w lemma="munur" type="nkfe">muna</w>
            <w lemma="." type="pl">.</w>
          </s>
          <s n="45">
            <w lemma="enda" type="aa">Enda</w>
            <w lemma="vera" type="sfg3en">er</w>
            <w lemma="sá" type="fahen">það</w>
            <w lemma="takmark" type="nheng">takmarkið</w>
            <w lemma="," type="pk">,</w>
            <w lemma="sem" type="ct">sem</w>
            <w lemma="keppa" type="sþghen">keppt</w>
            <w lemma="vera" type="sfg3en">er</w>
            <w lemma="að" type="c">að</w>
            <w lemma="alstaðar" type="aa">alstaðar</w>
            <w lemma="í" type="af">í</w>
            <w lemma="sá" type="fahfþ">þeim</w>
            <w lemma="land" type="nhfþ">löndum</w>
            <w lemma="," type="pk">,</w>
            <w lemma="þar" type="aa">þar</w>
            <w lemma="sem" type="c">sem</w>
            <w lemma="þessi" type="fahfþ">þessum</w>
            <w lemma="mál" type="nhfþ">málum</w>
            <w lemma="vera" type="sfg3en">er</w>
            <w lemma="sýna" type="sþgven">sýnd</w>
            <w lemma="rækt" type="nven">rækt</w>
            <w lemma="," type="pk">,</w>
            <w lemma="að" type="cn">að</w>
            <w lemma="hjálpa" type="sng">hjálpa</w>
            <w lemma="hver" type="fokeþ">hverjum</w>
            <w lemma="einstakur" type="lkeþsf">einstökum</w>
            <w lemma="fáviti" type="nkeþ">fávita</w>
            <w lemma="," type="pk">,</w>
            <w lemma="sem" type="ct">sem</w>
            <w lemma="hjálpa" type="sþghen">hjálpað</w>
            <w lemma="verða" type="sfg3en">verður</w>
            <w lemma="." type="pl">.</w>
          </s>
        </p>
        <p n="7">
          <s n="1">
            <w lemma="að" type="af">Að</w>
            <w lemma="svo" type="aa">svo</w>
            <w lemma="mæltur" type="lheþsf">mæltu</w>
            <w lemma="vilja" type="sfg1en">vil</w>
            <w lemma="ég" type="fp1en">ég</w>
            <w lemma="þakka" type="sng">þakka</w>
            <w lemma="hv." type="ks">hv.</w>
            <w lemma="þdm" type="nheo">þdm</w>
            <w lemma="." type="pl">.</w>
          </s>
          <s n="2">
            <w lemma="sá" type="faveo">þá</w>
            <w lemma="samúð" type="nveo">samúð</w>
            <w lemma="og" type="c">og</w>
            <w lemma="skilningur" type="nkeo">skilning</w>
            <w lemma="," type="pk">,</w>
            <w lemma="sem" type="ct">sem</w>
            <w lemma="hann" type="fpkfn">þeir</w>
            <w lemma="hafa" type="sfg3fn">hafa</w>
            <w lemma="sýna" type="sþghen">sýnt</w>
            <w lemma="þessi" type="faheþ">þessu</w>
            <w lemma="mál" type="nheþ">máli</w>
            <w lemma="bæði" type="c">bæði</w>
            <w lemma="á" type="af">á</w>
            <w lemma="þessi" type="faheþ">þessu</w>
            <w lemma="þing" type="nheþ">þingi</w>
            <w lemma="og" type="c">og</w>
            <w lemma="á" type="af">á</w>
            <w lemma="undanfarinn" type="lhfþsf">undanförnum</w>
            <w lemma="þing" type="nhfþ">þingum</w>
            <w lemma="," type="pk">,</w>
            <w lemma="þegar" type="c">þegar</w>
            <w lemma="ég" type="fp1en">ég</w>
            <w lemma="hafa" type="sfg1en">hefi</w>
            <w lemma="ræða" type="sþghen">rætt</w>
            <w lemma="það" type="fpheo">það</w>
            <w lemma="." type="pl">.</w>
          </s>
          <s n="3">
            <w lemma="ég" type="fp1en">Ég</w>
            <w lemma="geta" type="sfg1en">get</w>
            <w lemma="fallizt" type="nheo">fallizt</w>
            <w lemma="á" type="af">á</w>
            <w lemma="allur" type="fovfo">allar</w>
            <w lemma="brtt" type="x">brtt</w>
            <w lemma="." type="pl">.</w>
          </s>
          <s n="4">
            <w lemma="hv." type="x">hv.</w>
            <w lemma="n" type="x">n</w>
            <w lemma="." type="pl">.</w>
          </s>
          <s n="5">
            <w lemma="hún" type="fpvfn">Þær</w>
            <w lemma="raska" type="sfg3fn">raska</w>
            <w lemma="í" type="af">í</w>
            <w lemma="enginn" type="foheþ">engu</w>
            <w lemma="efni" type="nheþ">efni</w>
            <w lemma="frv." type="ks">frv.</w>
            <w lemma="," type="pk">,</w>
            <w lemma="en" type="c">en</w>
            <w lemma="færa" type="sfg3fn">færa</w>
            <w lemma="mál" type="nheog">málið</w>
            <w lemma="til" type="af">til</w>
            <w lemma="góður" type="lkeevm">betri</w>
            <w lemma="vegur" type="nkee">vegar</w>
            <w lemma="sumstaðar" type="aa">sumstaðar</w>
            <w lemma="í" type="af">í</w>
            <w lemma="frv" type="n-eo">frv</w>
            <w lemma="." type="pl">.</w>
          </s>
          <s n="6">
            <w lemma="kunna" type="sfg1en">Kann</w>
            <w lemma="ég" type="fp1en">ég</w>
            <w lemma="n." type="x">n.</w>
            <w lemma="beztu" type="lvfove">beztu</w>
            <w lemma="þökk" type="nvfo">þakkir</w>
            <w lemma="fyrir" type="af">fyrir</w>
            <w lemma="frammistaða" type="nveo">frammistöðu</w>
            <w lemma="hún" type="fpvee">hennar</w>
            <w lemma="í" type="af">í</w>
            <w lemma="mál" type="nheþg">málinu</w>
            <w lemma="." type="pl">.</w>
          </s>
          <s n="7">
            <w lemma="og" type="c">Og</w>
            <w lemma="þá" type="aa">þá</w>
            <w lemma="vera" type="sfg3en">er</w>
            <w lemma="koma" type="sþghen">komið</w>
            <w lemma="til" type="af">til</w>
            <w lemma="kast" type="nhfe">kasta</w>
            <w lemma="hv." type="ks">hv.</w>
            <w lemma="þdm" type="nhee">þdm</w>
            <w lemma="." type="pl">.</w>
          </s>
          <s n="8">
            <w lemma="vilja" type="sfg1en">Vil</w>
            <w lemma="ég" type="fp1en">ég</w>
            <w lemma="bera" type="sng">bera</w>
            <w lemma="sá" type="faheo">það</w>
            <w lemma="traust" type="nheo">traust</w>
            <w lemma="til" type="af">til</w>
            <w lemma="hv." type="ks">hv.</w>
            <w lemma="þd." type="ks">þd.</w>
            <w lemma="," type="pk">,</w>
            <w lemma="að" type="c">að</w>
            <w lemma="hún" type="fpven">hún</w>
            <w lemma="afgreiða" type="svg3en">afgreiði</w>
            <w lemma="frv." type="ks">frv.</w>
            <w lemma="frá" type="af">frá</w>
            <w lemma="sig" type="fpveþ">sér</w>
            <w lemma="og" type="c">og</w>
            <w lemma="það" type="fphen">það</w>
            <w lemma="fá" type="svg3en">fái</w>
            <w lemma="að" type="cn">að</w>
            <w lemma="halda" type="sng">halda</w>
            <w lemma="áfram" type="aa">áfram</w>
            <w lemma="ferð" type="nveþ">ferð</w>
            <w lemma="sinn" type="feveþ">sinni</w>
            <w lemma="gegnum" type="af">gegnum</w>
            <w lemma="þing" type="nheog">þingið</w>
            <w lemma="," type="pk">,</w>
            <w lemma="þjóð" type="nveþg">þjóðinni</w>
            <w lemma="ég" type="fp1fe">okkar</w>
            <w lemma="til" type="af">til</w>
            <w lemma="sómi" type="nkee">sóma</w>
            <w lemma="og" type="c">og</w>
            <w lemma="einstakur" type="lhfþsf">einstökum</w>
            <w lemma="heimili" type="nhfþ">heimilum</w>
            <w lemma="og" type="c">og</w>
            <w lemma="fáviti" type="nkfþ">fávitum</w>
            <w lemma="til" type="af">til</w>
            <w lemma="björgun" type="nvee">björgunar</w>
            <w lemma="og" type="c">og</w>
            <w lemma="líkn" type="nvee">líknar</w>
            <w lemma="." type="pl">.</w>
          </s>
        </p>
      </div1>
    </body>
  </text>
</TEI>
