<?xml version="1.0" encoding="UTF-8"?>
<TEI xmlns="http://www.tei-c.org/ns/1.0" xml:id="R-33-4703959" xml:lang="is">
  <teiHeader>
    <fileDesc>
      <titleStmt>
        <title>
          <title type="main">Uppeldisstofnun fyrir vangæf börn og unglinga (104. mál)</title>
        </title>
        <respStmt>
          <resp xml:lang="is">Söfnun og úrvinnsla texta</resp>
          <resp xml:lang="en">Collection and processing of text</resp>
          <name xml:lang="is">Stofnun Árna Magnússonar í íslenskum fræðum</name>
          <name xml:lang="en">The Arni Magnusson Institute for Icelandic Studies</name>
        </respStmt>
      </titleStmt>
      <editionStmt>
        <p xml:lang="is">Málheild: Ræður frá Alþingi Íslendinga (2020.06)</p>
        <p xml:lang="en">Corpus: Speeches from The Parliament of Iceland (2020.06)</p>
      </editionStmt>
      <publicationStmt>
        <distributor xml:lang="is">Stofnun Árna Magnússonar í íslenskum fræðum</distributor>
        <distributor xml:lang="en">The Arni Magnusson Institute for Icelandic Studies</distributor>
        <address>
          <addrLine xml:lang="is">Árnagarður við Suðurgötu, 107 Reykjavík, Íslandi</addrLine>
          <addrLine xml:lang="en">Árnagarður Suðurgata, 107 Reykjavik, Iceland</addrLine>
          <addrLine>
            <email>arnastofnun@arnastofnun.is</email>
          </addrLine>
        </address>
        <idno type="risam">R-33-4703959</idno>
        <availability>
          <p xml:lang="is">Þessi texti er til notkunar í málrannsóknum og máltækniverkefnum um allan heim með CC-BY leyfi</p>
          <p xml:lang="en">This text is available for use in language research and language technology projects world wide with CC-BY licence.</p>
        </availability>
        <date>2020-05-27</date>
      </publicationStmt>
      <sourceDesc>
        <biblStruct>
          <analytic>
            <title>
              <title type="main">Uppeldisstofnun fyrir vangæf börn og unglinga (104. mál)</title>
            </title>
            <author>
             <persName>Guðrún Lárusdóttir</persName>
             <note type="gender">F</note>
             <note type="age">55</note>
             <note type="url">http://althingi.is/altext/cv/is/?nfaerslunr=203</note>
             <note type="political_party">Sjálfstæðisflokkur</note>
             <note type="constituency">landskjörinn alþingismaður (LA)</note>
             <note type="role">Alþingismaður</note>
            </author>
            <date when="1935-11-08">08.11. 1935</date>
          </analytic>
          <monogr>
            <title>althingi.is</title>
            <imprint>
              <publisher>Alþingi</publisher>
            </imprint>
            <biblScope>
             <ref>http://althingi.is/altext/raeda/?lthing=49&amp;rnr=4833</ref>
            </biblScope>
          </monogr>
        </biblStruct>
      </sourceDesc>
    </fileDesc>
    <encodingDesc>
      <projectDesc>
        <p xml:lang="is">Sjá lýsingu á verkefninu í rmh2Hdr.xml.</p>
        <p xml:lang="en">See description of project in rmh2Hdr.xml.</p>
      </projectDesc>
      <tagsDecl>
        <namespace name="http://www.tei-c.org/ns/1.0">
          <tagUsage gi="text" occurs="1"/>
          <tagUsage gi="body" occurs="1"/>
          <tagUsage gi="div1" occurs="1"/>
          <tagUsage gi="p" occurs="4"/>
          <tagUsage gi="s" occurs="30"/>
          <tagUsage gi="w" occurs="518"/>
          <tagUsage gi="c" occurs="0"/>
        </namespace>
      </tagsDecl>
    </encodingDesc>
  </teiHeader>
  <text>
    <body>
      <div1>
        <p n="1">
          <s n="1">
            <w lemma="Guðrún" type="nven-s">Guðrún</w>
            <w lemma="Lárusdóttir" type="nven-s">Lárusdóttir</w>
            <w lemma=":" type="pa">:</w>
          </s>
        </p>
        <p n="2">
          <s n="1">
            <w lemma="ég" type="fp1en">Ég</w>
            <w lemma="skulu" type="sfg1en">skal</w>
            <w lemma="strax" type="aa">strax</w>
            <w lemma="svara" type="sng">svara</w>
            <w lemma="hæstv." type="kt">hæstv.</w>
            <w lemma="forsrh." type="kt">forsrh.</w>
            <w lemma="," type="pk">,</w>
            <w lemma="að" type="c">að</w>
            <w lemma="ég" type="fp1en">ég</w>
            <w lemma="vera" type="sfg1en">er</w>
            <w lemma="hann" type="fpkeþ">honum</w>
            <w lemma="samdóma" type="lkenof">samdóma</w>
            <w lemma="um" type="af">um</w>
            <w lemma="það" type="fpheo">það</w>
            <w lemma="," type="pk">,</w>
            <w lemma="að" type="c">að</w>
            <w lemma="beztu" type="lkfnve">beztu</w>
            <w lemma="staður" type="nkfng">staðirnir</w>
            <w lemma="fyrir" type="aa">fyrir</w>
            <w lemma="barn" type="nhfog">börnin</w>
            <w lemma="vera" type="svg3fn">séu</w>
            <w lemma="góður" type="lhfnsf">góð</w>
            <w lemma="heimili" type="nhfn">heimili</w>
            <w lemma="," type="pk">,</w>
            <w lemma="og" type="c">og</w>
            <w lemma="að" type="c">að</w>
            <w lemma="heppilegur" type="lhenvm">heppilegra</w>
            <w lemma="vera" type="svg3en">sé</w>
            <w lemma="að" type="cn">að</w>
            <w lemma="hafa" type="sng">hafa</w>
            <w lemma="svona" type="lheoof">svona</w>
            <w lemma="barnahæli" type="nheo">barnahæli</w>
            <w lemma="ekki" type="aa">ekki</w>
            <w lemma="stór" type="lhfosf">stór</w>
            <w lemma="," type="pk">,</w>
            <w lemma="enda" type="c">enda</w>
            <w lemma="vera" type="sfg3en">er</w>
            <w lemma="stefna" type="sþghen">stefnt</w>
            <w lemma="að" type="af">að</w>
            <w lemma="það" type="fpheþ">því</w>
            <w lemma="í" type="af">í</w>
            <w lemma="Danmörk" type="nveþ-s">Danmörku</w>
            <w lemma="," type="pk">,</w>
            <w lemma="þar" type="aa">þar</w>
            <w lemma="sem" type="c">sem</w>
            <w lemma="ég" type="fp1en">ég</w>
            <w lemma="þekkja" type="sfg1en">þekki</w>
            <w lemma="bezt" type="aae">bezt</w>
            <w lemma="til" type="aa">til</w>
            <w lemma="." type="pl">.</w>
          </s>
          <s n="2">
            <w lemma="ég" type="fp1eþ">Mér</w>
            <w lemma="þykja" type="sfg3eþ">þótti</w>
            <w lemma="vænn" type="lhensf">vænt</w>
            <w lemma="um" type="af">um</w>
            <w lemma="að" type="cn">að</w>
            <w lemma="heyra" type="sng">heyra</w>
            <w lemma="," type="pk">,</w>
            <w lemma="að" type="c">að</w>
            <w lemma="hæstv." type="kt">hæstv.</w>
            <w lemma="forsrh." type="kt">forsrh.</w>
            <w lemma="vera" type="sfg3en">er</w>
            <w lemma="till." type="kt">till.</w>
            <w lemma="fylgjandi" type="lhenof">fylgjandi</w>
            <w lemma="," type="pk">,</w>
            <w lemma="það" type="fpheþ">því</w>
            <w lemma="snemma" type="aae">fyrst</w>
            <w lemma="vera" type="sfg3en">er</w>
            <w lemma="að" type="cn">að</w>
            <w lemma="hugsa" type="sng">hugsa</w>
            <w lemma="um" type="af">um</w>
            <w lemma="mál" type="nheog">málið</w>
            <w lemma="og" type="c">og</w>
            <w lemma="ræða" type="sng">ræða</w>
            <w lemma="það" type="fpheo">það</w>
            <w lemma="," type="pk">,</w>
            <w lemma="og" type="c">og</w>
            <w lemma="ekki" type="aa">ekki</w>
            <w lemma="annar" type="foheo">annað</w>
            <w lemma="," type="pk">,</w>
            <w lemma="sem" type="ct">sem</w>
            <w lemma="liggja" type="sfg3en">liggur</w>
            <w lemma="fyrir" type="aa">fyrir</w>
            <w lemma="nú" type="aa">nú</w>
            <w lemma="." type="pl">.</w>
          </s>
          <s n="3">
            <w lemma="ég" type="fp1en">Ég</w>
            <w lemma="minna" type="sfm1en">minnist</w>
            <w lemma="það" type="fphee">þess</w>
            <w lemma="," type="pk">,</w>
            <w lemma="að" type="c">að</w>
            <w lemma="þegar" type="c">þegar</w>
            <w lemma="hæstv." type="ks">hæstv.</w>
            <w lemma="forsrh." type="ks">forsrh.</w>
            <w lemma="vera" type="sfg3eþ">var</w>
            <w lemma="hér" type="aa">hér</w>
            <w lemma="lögreglustjóri" type="nken">lögreglustjóri</w>
            <w lemma="," type="pk">,</w>
            <w lemma="koma" type="sfg3eþ">kom</w>
            <w lemma="hér" type="aa">hér</w>
            <w lemma="fyrir" type="af">fyrir</w>
            <w lemma="mjög" type="aa">mjög</w>
            <w lemma="leiðinlegur" type="lheosf">leiðinlegt</w>
            <w lemma="barnamál" type="nheo">barnamál</w>
            <w lemma="." type="pl">.</w>
          </s>
          <s n="4">
            <w lemma="vera" type="sfg3eþ">Var</w>
            <w lemma="þá" type="aa">þá</w>
            <w lemma="halda" type="sþgken">haldinn</w>
            <w lemma="stór" type="lkensf">stór</w>
            <w lemma="borgarafundur" type="nken">borgarafundur</w>
            <w lemma="," type="pk">,</w>
            <w lemma="þar" type="aa">þar</w>
            <w lemma="sem" type="c">sem</w>
            <w lemma="tala" type="sfg3fþ">töluðu</w>
            <w lemma="margur" type="lkfnsf">margir</w>
            <w lemma="mætur" type="lkfnsf">mætir</w>
            <w lemma="maður" type="nkfn">menn</w>
            <w lemma="," type="pk">,</w>
            <w lemma="svo" type="aa">svo</w>
            <w lemma="sem" type="c">sem</w>
            <w lemma="Guðmundur" type="nken-s">Guðmundur</w>
            <w lemma="próf." type="kt">próf.</w>
            <w lemma="Hannesson" type="nken-s">Hannesson</w>
            <w lemma="," type="pk">,</w>
            <w lemma="Maggi" type="nken-s">Maggi</w>
            <w lemma="Júl." type="ks">Júl.</w>
            <w lemma="Magnús" type="nken-s">Magnús</w>
            <w lemma="," type="pk">,</w>
            <w lemma="Ólafía" type="nven-s">Ólafía</w>
            <w lemma="Jóhannsdóttir" type="nven-s">Jóhannsdóttir</w>
            <w lemma="o" type="x">o</w>
            <w lemma="." type="pl">.</w>
          </s>
          <s n="5">
            <w lemma="fl." type="ks">fl.</w>
            <w lemma="," type="pk">,</w>
            <w lemma="og" type="c">og</w>
            <w lemma="vera" type="sfg3fþ">voru</w>
            <w lemma="allur" type="fokfn">allir</w>
            <w lemma="sammála" type="lkfnof">sammála</w>
            <w lemma="um" type="af">um</w>
            <w lemma="," type="pk">,</w>
            <w lemma="að" type="c">að</w>
            <w lemma="þörf" type="nven">þörf</w>
            <w lemma="vera" type="svg3eþ">væri</w>
            <w lemma="á" type="af">á</w>
            <w lemma="að" type="cn">að</w>
            <w lemma="koma" type="sng">koma</w>
            <w lemma="upp" type="aa">upp</w>
            <w lemma="hæll" type="nkeþ">hæli</w>
            <w lemma="eins" type="aa">eins</w>
            <w lemma="og" type="c">og</w>
            <w lemma="þessi" type="faken">þessi</w>
            <w lemma="þáltill" type="nven">þáltill</w>
            <w lemma="." type="pl">.</w>
          </s>
          <s n="6">
            <w lemma="fara" type="sfg3en">fer</w>
            <w lemma="fram" type="aa">fram</w>
            <w lemma="á" type="aa">á</w>
            <w lemma="." type="pl">.</w>
          </s>
          <s n="7">
            <w lemma="eftir" type="af">Eftir</w>
            <w lemma="sá" type="favfo">þær</w>
            <w lemma="umr." type="ks">umr.</w>
            <w lemma="koma" type="sfg3fþ">komu</w>
            <w lemma="barnaverndarlög" type="nhfng">barnaverndarlögin</w>
            <w lemma="," type="pk">,</w>
            <w lemma="og" type="c">og</w>
            <w lemma="eiga" type="sfg3eþ">átti</w>
            <w lemma="hæstv." type="kt">hæstv.</w>
            <w lemma="forsrh." type="kt">forsrh.</w>
            <w lemma="mikill" type="lkeosf">mikinn</w>
            <w lemma="þáttur" type="nkeo">þátt</w>
            <w lemma="í" type="af">í</w>
            <w lemma="undirbúningur" type="nkeþ">undirbúningi</w>
            <w lemma="það" type="fphfe">þeirra</w>
            <w lemma="." type="pl">.</w>
          </s>
          <s n="8">
            <w lemma="eins" type="aa">Eins</w>
            <w lemma="vera" type="sfg3en">er</w>
            <w lemma="um" type="af">um</w>
            <w lemma="þessi" type="fakfo">þessa</w>
            <w lemma="till." type="kt">till.</w>
            <w lemma="," type="pk">,</w>
            <w lemma="að" type="c">að</w>
            <w lemma="hún" type="fpven">hún</w>
            <w lemma="eiga" type="sfg3en">á</w>
            <w lemma="að" type="cn">að</w>
            <w lemma="vera" type="sng">vera</w>
            <w lemma="fyrstur" type="lhenve">fyrsta</w>
            <w lemma="spor" type="nheng">sporið</w>
            <w lemma="til" type="af">til</w>
            <w lemma="að" type="cn">að</w>
            <w lemma="koma" type="sng">koma</w>
            <w lemma="mál" type="nheþg">málinu</w>
            <w lemma="á" type="af">á</w>
            <w lemma="staður" type="nkeo">stað</w>
            <w lemma="," type="pk">,</w>
            <w lemma="svo" type="aa">svo</w>
            <w lemma="að" type="c">að</w>
            <w lemma="það" type="fphen">það</w>
            <w lemma="verða" type="svg3en">verði</w>
            <w lemma="athuga" type="sþghen">athugað</w>
            <w lemma="og" type="c">og</w>
            <w lemma="undirbúa" type="sþghen">undirbúið</w>
            <w lemma="," type="pk">,</w>
            <w lemma="í" type="af">í</w>
            <w lemma="sá" type="faveþ">þeirri</w>
            <w lemma="von" type="nveþ">von</w>
            <w lemma="," type="pk">,</w>
            <w lemma="að" type="c">að</w>
            <w lemma="upp" type="aa">upp</w>
            <w lemma="af" type="af">af</w>
            <w lemma="það" type="fpheþ">því</w>
            <w lemma="geta" type="svg3en">geti</w>
            <w lemma="svo" type="aa">svo</w>
            <w lemma="spretta" type="sþghen">sprottið</w>
            <w lemma="framkvur" type="nkeo">framkv</w>
            <w lemma="." type="pl">.</w>
          </s>
          <s n="9">
            <w lemma="þegar" type="c">þegar</w>
            <w lemma="ástæða" type="nvfn">ástæður</w>
            <w lemma="leyfa" type="sfg3fn">leyfa</w>
            <w lemma="." type="pl">.</w>
          </s>
          <s n="10">
            <w lemma="sem" type="c">Sem</w>
            <w lemma="fátækrafulltrúi" type="nken">fátækrafulltrúi</w>
            <w lemma="þekkja" type="sfg1en">þekki</w>
            <w lemma="ég" type="fp1en">ég</w>
            <w lemma="dálítið" type="aa">dálítið</w>
            <w lemma="til" type="af">til</w>
            <w lemma="það" type="fphee">þess</w>
            <w lemma="," type="pk">,</w>
            <w lemma="hve" type="aa">hve</w>
            <w lemma="erfiður" type="lhensf">erfitt</w>
            <w lemma="vera" type="sfg3en">er</w>
            <w lemma="að" type="cn">að</w>
            <w lemma="útvega" type="sng">útvega</w>
            <w lemma="þessi" type="fahfþ">þessum</w>
            <w lemma="barn" type="nhfþ">börnum</w>
            <w lemma="samastaður" type="nkeo">samastað</w>
            <w lemma="." type="pl">.</w>
          </s>
          <s n="11">
            <w lemma="þurfa" type="sng">Þurfa</w>
            <w lemma="að" type="cn">að</w>
            <w lemma="fylgja" type="sng">fylgja</w>
            <w lemma="sá" type="fahfþ">þeim</w>
            <w lemma="ým" type="nhee">ýms</w>
            <w lemma="vottorð" type="nhen">vottorð</w>
            <w lemma="um" type="af">um</w>
            <w lemma="hegðun" type="nveo">hegðun</w>
            <w lemma="og" type="c">og</w>
            <w lemma="annar" type="foheo">annað</w>
            <w lemma="." type="pl">.</w>
          </s>
          <s n="12">
            <w lemma="eiga" type="sfg3fn">Eiga</w>
            <w lemma="barn" type="nhfng">börnin</w>
            <w lemma="á" type="af">á</w>
            <w lemma="hætta" type="nveþ">hættu</w>
            <w lemma="að" type="cn">að</w>
            <w lemma="verða" type="sng">verða</w>
            <w lemma="fyrir" type="af">fyrir</w>
            <w lemma="ýmiskonar" type="lveoof">ýmiskonar</w>
            <w lemma="tortryggni" type="nveo">tortryggni</w>
            <w lemma="," type="pk">,</w>
            <w lemma="e." type="x">e.</w>
            <w lemma="t" type="x">t</w>
            <w lemma="." type="pl">.</w>
          </s>
          <s n="13">
            <w lemma="v" type="x">v</w>
            <w lemma="." type="pl">.</w>
          </s>
          <s n="14">
            <w lemma="óverðskuldaður" type="lkfnvm">óverðskuldaðri</w>
            <w lemma="." type="pl">.</w>
          </s>
          <s n="15">
            <w lemma="á" type="af">Á</w>
            <w lemma="þessi" type="faheþ">þessu</w>
            <w lemma="vera" type="svg3eþ">væri</w>
            <w lemma="lítill" type="lvenvm">minni</w>
            <w lemma="hætta" type="nven">hætta</w>
            <w lemma="," type="pk">,</w>
            <w lemma="ef" type="c">ef</w>
            <w lemma="við" type="af">við</w>
            <w lemma="hún" type="fpvfþ">þeim</w>
            <w lemma="taka" type="svg3eþ">tæki</w>
            <w lemma="stofnun" type="nveo">stofnun</w>
            <w lemma="," type="pk">,</w>
            <w lemma="sem" type="ct">sem</w>
            <w lemma="telja" type="svg3eþ">teldi</w>
            <w lemma="það" type="fphfo">þau</w>
            <w lemma="eins" type="aa">eins</w>
            <w lemma="og" type="c">og</w>
            <w lemma="velkominn" type="lkfosf">velkomna</w>
            <w lemma="gestur" type="nkfo">gesti</w>
            <w lemma="á" type="af">á</w>
            <w lemma="heimili" type="nheog">heimilið</w>
            <w lemma="." type="pl">.</w>
          </s>
        </p>
        <p n="3">
          <s n="1">
            <w lemma="ég" type="fp1en">Ég</w>
            <w lemma="geta" type="sfg1en">get</w>
            <w lemma="aldrei" type="aa">aldrei</w>
            <w lemma="gleyma" type="sþghen">gleymt</w>
            <w lemma="einn" type="tfveþ">einni</w>
            <w lemma="heimsókn" type="nveþ">heimsókn</w>
            <w lemma="á" type="af">á</w>
            <w lemma="einn" type="tfheo">eitt</w>
            <w lemma="svona" type="lheoof">svona</w>
            <w lemma="barnaheimili" type="nheo">barnaheimili</w>
            <w lemma="í" type="af">í</w>
            <w lemma="Danmörk" type="nveþ-s">Danmörku</w>
            <w lemma="." type="pl">.</w>
          </s>
          <s n="2">
            <w lemma="þar" type="aa">Þar</w>
            <w lemma="vera" type="sfg3fþ">voru</w>
            <w lemma="nokkur" type="fokfn">nokkrir</w>
            <w lemma="drengur" type="nkfn">drengir</w>
            <w lemma="," type="pk">,</w>
            <w lemma="og" type="c">og</w>
            <w lemma="hann" type="fpkfn">þeir</w>
            <w lemma="ekki" type="aa">ekki</w>
            <w lemma="álíta" type="sþgkfn">álitnir</w>
            <w lemma="af" type="af">af</w>
            <w lemma="góður" type="lveþvm">betri</w>
            <w lemma="tegund" type="nveþg">tegundinni</w>
            <w lemma="." type="pl">.</w>
          </s>
          <s n="3">
            <w lemma="auk" type="af">Auk</w>
            <w lemma="hún" type="fpvfe">þeirra</w>
            <w lemma="vera" type="sfg3eþ">var</w>
            <w lemma="fólk" type="nhen">fólk</w>
            <w lemma="ekki" type="aa">ekki</w>
            <w lemma="annar" type="fohen">annað</w>
            <w lemma="en" type="c">en</w>
            <w lemma="roskinn" type="lhfnsf">roskin</w>
            <w lemma="hjón" type="nhfn">hjón</w>
            <w lemma="," type="pk">,</w>
            <w lemma="sem" type="ct">sem</w>
            <w lemma="stjórna" type="sfg3fþ">stjórnuðu</w>
            <w lemma="heimili" type="nheþg">heimilinu</w>
            <w lemma="." type="pl">.</w>
          </s>
          <s n="4">
            <w lemma="þar" type="aa">Þar</w>
            <w lemma="vera" type="sfg3eþ">var</w>
            <w lemma="ekki" type="aa">ekki</w>
            <w lemma="vera" type="sþghen">verið</w>
            <w lemma="með" type="af">með</w>
            <w lemma="tortryggni" type="nveþ">tortryggni</w>
            <w lemma="í" type="af">í</w>
            <w lemma="garður" type="nkeo">garð</w>
            <w lemma="barn" type="nhfeg">barnanna</w>
            <w lemma="." type="pl">.</w>
          </s>
          <s n="5">
            <w lemma="þarna" type="aa">Þarna</w>
            <w lemma="standa" type="sfg3eþ">stóð</w>
            <w lemma="allur" type="fohen">allt</w>
            <w lemma="opinn" type="lhensf">opið</w>
            <w lemma="og" type="c">og</w>
            <w lemma="drengur" type="nkfng">drengirnir</w>
            <w lemma="fá" type="sfg3fþ">fengu</w>
            <w lemma="að" type="cn">að</w>
            <w lemma="ganga" type="sng">ganga</w>
            <w lemma="um" type="af">um</w>
            <w lemma="allur" type="foheo">allt</w>
            <w lemma="eftir" type="af">eftir</w>
            <w lemma="eigin" type="lveþof">eigin</w>
            <w lemma="vild" type="nveþ">vild</w>
            <w lemma="." type="pl">.</w>
          </s>
          <s n="6">
            <w lemma="og" type="c">Og</w>
            <w lemma="einmitt" type="aa">einmitt</w>
            <w lemma="þessi" type="faheo">þetta</w>
            <w lemma="," type="pk">,</w>
            <w lemma="að" type="cn">að</w>
            <w lemma="sýna" type="sng">sýna</w>
            <w lemma="barn" type="nhfþg">börnunum</w>
            <w lemma="traust" type="nheo">traust</w>
            <w lemma="," type="pk">,</w>
            <w lemma="sannur" type="lvfosf">sannar</w>
            <w lemma="reynsla" type="nveng">reynslan</w>
            <w lemma="," type="pk">,</w>
            <w lemma="að" type="c">að</w>
            <w lemma="hafa" type="sfg3en">hefir</w>
            <w lemma="mjög" type="aae">mest</w>
            <w lemma="áhrif" type="nhfo">áhrif</w>
            <w lemma="á" type="af">á</w>
            <w lemma="það" type="fphfo">þau</w>
            <w lemma="," type="pk">,</w>
            <w lemma="einkum" type="aa">einkum</w>
            <w lemma="ef" type="c">ef</w>
            <w lemma="það" type="fphfn">þau</w>
            <w lemma="vera" type="sfg3fn">eru</w>
            <w lemma="vanur" type="lhfnsf">vön</w>
            <w lemma="að" type="cn">að</w>
            <w lemma="mæta" type="sng">mæta</w>
            <w lemma="tortryggni" type="nveþ">tortryggni</w>
            <w lemma="um" type="af">um</w>
            <w lemma="," type="pk">,</w>
            <w lemma="að" type="c">að</w>
            <w lemma="það" type="fphfn">þau</w>
            <w lemma="skrökva" type="svg3fn">skrökvi</w>
            <w lemma="," type="pk">,</w>
            <w lemma="stela" type="svg3fn">steli</w>
            <w lemma="o" type="au">o</w>
            <w lemma="." type="pl">.</w>
          </s>
          <s n="7">
            <w lemma="s" type="x">s</w>
            <w lemma="." type="pl">.</w>
          </s>
          <s n="8">
            <w lemma="frv." type="ks">frv.</w>
            <w lemma="-" type="pa">-</w>
            <w lemma="ég" type="fp1en">Ég</w>
            <w lemma="ætla" type="sfg1en">ætla</w>
            <w lemma="ekki" type="aa">ekki</w>
            <w lemma="að" type="cn">að</w>
            <w lemma="vanþakka" type="sng">vanþakka</w>
            <w lemma="sveitaheimili" type="nhfþg">sveitaheimilunum</w>
            <w lemma="sá" type="faheo">það</w>
            <w lemma="," type="pk">,</w>
            <w lemma="sem" type="ct">sem</w>
            <w lemma="það" type="fphfn">þau</w>
            <w lemma="hafa" type="sfg3fn">hafa</w>
            <w lemma="gera" type="sþghen">gert</w>
            <w lemma="fyrir" type="af">fyrir</w>
            <w lemma="þessi" type="fahfo">þessi</w>
            <w lemma="barn" type="nhfo">börn</w>
            <w lemma="og" type="c">og</w>
            <w lemma="hann" type="fpkfe">þeirra</w>
            <w lemma="aðstandandi" type="nkfn">aðstandendur</w>
            <w lemma="." type="pl">.</w>
          </s>
          <s n="9">
            <w lemma="það" type="fphfn">Þau</w>
            <w lemma="hafa" type="sfg3fn">hafa</w>
            <w lemma="margur" type="lhfnsf">mörg</w>
            <w lemma="taka" type="sþghen">tekið</w>
            <w lemma="barn" type="nhfþg">börnunum</w>
            <w lemma="afburður" type="nkfe">afburða</w>
            <w lemma="vel" type="aa">vel</w>
            <w lemma="." type="pl">.</w>
          </s>
          <s n="10">
            <w lemma="en" type="c">En</w>
            <w lemma="eins" type="aa">eins</w>
            <w lemma="og" type="c">og</w>
            <w lemma="nú" type="aa">nú</w>
            <w lemma="vera" type="sfg3en">er</w>
            <w lemma="koma" type="sþghen">komið</w>
            <w lemma="," type="pk">,</w>
            <w lemma="vera" type="sfg3en">er</w>
            <w lemma="það" type="fphen">það</w>
            <w lemma="mjög" type="aa">mjög</w>
            <w lemma="erfiður" type="lhensf">erfitt</w>
            <w lemma="vegna" type="af">vegna</w>
            <w lemma="fólksleysi" type="nhee">fólksleysis</w>
            <w lemma="," type="pk">,</w>
            <w lemma="og" type="c">og</w>
            <w lemma="mega" type="sfg3en">má</w>
            <w lemma="því" type="aa">því</w>
            <w lemma="ekki" type="aa">ekki</w>
            <w lemma="líða" type="sng">líða</w>
            <w lemma="á" type="af">á</w>
            <w lemma="langur" type="lheþsf">löngu</w>
            <w lemma="þar" type="aa">þar</w>
            <w lemma="til" type="aa">til</w>
            <w lemma="sá" type="fahen">það</w>
            <w lemma="opinber" type="lhenvf">opinbera</w>
            <w lemma="taka" type="sfg3en">tekur</w>
            <w lemma="í" type="af">í</w>
            <w lemma="taumur" type="nkfog">taumana</w>
            <w lemma="." type="pl">.</w>
          </s>
        </p>
        <p n="4">
          <s n="1">
            <w lemma="ég" type="fp1en">Ég</w>
            <w lemma="sjá" type="sfg1en">sé</w>
            <w lemma="svo" type="aa">svo</w>
            <w lemma="ekki" type="aa">ekki</w>
            <w lemma="ástæða" type="nveo">ástæðu</w>
            <w lemma="til" type="af">til</w>
            <w lemma="að" type="cn">að</w>
            <w lemma="fara" type="sng">fara</w>
            <w lemma="frekar" type="aam">frekar</w>
            <w lemma="út" type="aa">út</w>
            <w lemma="í" type="af">í</w>
            <w lemma="mál" type="nheog">málið</w>
            <w lemma="," type="pk">,</w>
            <w lemma="einkum" type="aa">einkum</w>
            <w lemma="þar" type="aa">þar</w>
            <w lemma="sem" type="c">sem</w>
            <w lemma="allur" type="fokfn">allir</w>
            <w lemma="virða" type="sfm3fn">virðast</w>
            <w lemma="sammála" type="lkfnof">sammála</w>
            <w lemma="um" type="af">um</w>
            <w lemma="," type="pk">,</w>
            <w lemma="að" type="c">að</w>
            <w lemma="þáltill" type="nken">þáltill</w>
            <w lemma="." type="pl">.</w>
          </s>
          <s n="2">
            <w lemma="ganga" type="svg3en">gangi</w>
            <w lemma="fram" type="aa">fram</w>
            <w lemma="." type="pl">.</w>
          </s>
          <s n="3">
            <w lemma="einnig" type="aa">Einnig</w>
            <w lemma="bera" type="sfg1en">ber</w>
            <w lemma="ég" type="fp1en">ég</w>
            <w lemma="fullur" type="lheosf">fullt</w>
            <w lemma="traust" type="nheo">traust</w>
            <w lemma="til" type="af">til</w>
            <w lemma="hæstv." type="kt">hæstv.</w>
            <w lemma="ríkisstj." type="kt">ríkisstj.</w>
            <w lemma="um" type="af">um</w>
            <w lemma="að" type="cn">að</w>
            <w lemma="greiða" type="sng">greiða</w>
            <w lemma="fyrir" type="af">fyrir</w>
            <w lemma="mál" type="nheþg">málinu</w>
            <w lemma="," type="pk">,</w>
            <w lemma="einkum" type="aa">einkum</w>
            <w lemma="vegna" type="af">vegna</w>
            <w lemma="það" type="fphee">þess</w>
            <w lemma="." type="pl">.</w>
          </s>
          <s n="4">
            <w lemma="að" type="c">að</w>
            <w lemma="hæstv." type="ks">hæstv.</w>
            <w lemma="forsrh." type="kt">forsrh.</w>
            <w lemma="hafa" type="sfg3en">hefir</w>
            <w lemma="vera" type="sþghen">verið</w>
            <w lemma="hér" type="aa">hér</w>
            <w lemma="lögreglustjóri" type="nken">lögreglustjóri</w>
            <w lemma="og" type="c">og</w>
            <w lemma="þekkja" type="sfg3en">þekkir</w>
            <w lemma="," type="pk">,</w>
            <w lemma="hve" type="aa">hve</w>
            <w lemma="mikill" type="lhensf">mikið</w>
            <w lemma="hér" type="aa">hér</w>
            <w lemma="vera" type="sfg3en">er</w>
            <w lemma="af" type="af">af</w>
            <w lemma="óknyttabarni" type="nkfþ">óknyttabörnum</w>
            <w lemma="og" type="c">og</w>
            <w lemma="hversu" type="aa">hversu</w>
            <w lemma="erfiður" type="lhensf">erfitt</w>
            <w lemma="vera" type="sfg3en">er</w>
            <w lemma="að" type="cn">að</w>
            <w lemma="fá" type="sng">fá</w>
            <w lemma="fyrir" type="af">fyrir</w>
            <w lemma="það" type="fphfo">þau</w>
            <w lemma="samastaður" type="nkeo">samastað</w>
            <w lemma="." type="pl">.</w>
          </s>
        </p>
      </div1>
    </body>
  </text>
</TEI>
