<?xml version="1.0" encoding="UTF-8"?>
<TEI xmlns="http://www.tei-c.org/ns/1.0" xml:id="R-33-4495417" xml:lang="is">
  <teiHeader>
    <fileDesc>
      <titleStmt>
        <title>
          <title type="main">Stjórnarskrárbreyting (1. mál)</title>
        </title>
        <respStmt>
          <resp xml:lang="is">Söfnun og úrvinnsla texta</resp>
          <resp xml:lang="en">Collection and processing of text</resp>
          <name xml:lang="is">Stofnun Árna Magnússonar í íslenskum fræðum</name>
          <name xml:lang="en">The Arni Magnusson Institute for Icelandic Studies</name>
        </respStmt>
      </titleStmt>
      <editionStmt>
        <p xml:lang="is">Málheild: Ræður frá Alþingi Íslendinga (2020.06)</p>
        <p xml:lang="en">Corpus: Speeches from The Parliament of Iceland (2020.06)</p>
      </editionStmt>
      <publicationStmt>
        <distributor xml:lang="is">Stofnun Árna Magnússonar í íslenskum fræðum</distributor>
        <distributor xml:lang="en">The Arni Magnusson Institute for Icelandic Studies</distributor>
        <address>
          <addrLine xml:lang="is">Árnagarður við Suðurgötu, 107 Reykjavík, Íslandi</addrLine>
          <addrLine xml:lang="en">Árnagarður Suðurgata, 107 Reykjavik, Iceland</addrLine>
          <addrLine>
            <email>arnastofnun@arnastofnun.is</email>
          </addrLine>
        </address>
        <idno type="risam">R-33-4495417</idno>
        <availability>
          <p xml:lang="is">Þessi texti er til notkunar í málrannsóknum og máltækniverkefnum um allan heim með CC-BY leyfi</p>
          <p xml:lang="en">This text is available for use in language research and language technology projects world wide with CC-BY licence.</p>
        </availability>
        <date>2020-05-27</date>
      </publicationStmt>
      <sourceDesc>
        <biblStruct>
          <analytic>
            <title>
              <title type="main">Stjórnarskrárbreyting (1. mál)</title>
            </title>
            <author>
             <persName>Jón Ólafsson</persName>
             <note type="gender">M</note>
             <note type="age">60</note>
             <note type="url">http://althingi.is/altext/cv/is/?nfaerslunr=327</note>
             <note type="political_party">Heimastjórnarflokkurinn</note>
             <note type="constituency">Suður-Múlasýslu (SM)</note>
             <note type="role">Alþingismaður</note>
             <note type="role">skrifari sþ.</note>
            </author>
            <date when="1911-02-20">20.02. 1911</date>
          </analytic>
          <monogr>
            <title>althingi.is</title>
            <imprint>
              <publisher>Alþingi</publisher>
            </imprint>
            <biblScope>
             <ref>http://althingi.is/altext/raeda/?lthing=22&amp;rnr=1194</ref>
            </biblScope>
          </monogr>
        </biblStruct>
      </sourceDesc>
    </fileDesc>
    <encodingDesc>
      <projectDesc>
        <p xml:lang="is">Sjá lýsingu á verkefninu í rmh2Hdr.xml.</p>
        <p xml:lang="en">See description of project in rmh2Hdr.xml.</p>
      </projectDesc>
      <tagsDecl>
        <namespace name="http://www.tei-c.org/ns/1.0">
          <tagUsage gi="text" occurs="1"/>
          <tagUsage gi="body" occurs="1"/>
          <tagUsage gi="div1" occurs="1"/>
          <tagUsage gi="p" occurs="2"/>
          <tagUsage gi="s" occurs="41"/>
          <tagUsage gi="w" occurs="712"/>
          <tagUsage gi="c" occurs="0"/>
        </namespace>
      </tagsDecl>
    </encodingDesc>
  </teiHeader>
  <text>
    <body>
      <div1>
        <p n="1">
          <s n="1">
            <w lemma="Jón" type="nken-s">Jón</w>
            <w lemma="Ólafsson" type="nken-s">Ólafsson</w>
            <w lemma=":" type="pa">:</w>
          </s>
        </p>
        <p n="2">
          <s n="1">
            <w lemma="herra" type="nken">Herra</w>
            <w lemma="forseti" type="nken">forseti</w>
            <w lemma="!" type="pl">!</w>
          </s>
          <s n="2">
            <w lemma="eg" type="fp1en">Eg</w>
            <w lemma="vilja" type="sfg1en">vil</w>
            <w lemma="leyfa" type="sng">leyfa</w>
            <w lemma="ég" type="fp1eþ">mér</w>
            <w lemma="að" type="cn">að</w>
            <w lemma="vekja" type="sng">vekja</w>
            <w lemma="athygli" type="nveo">athygli</w>
            <w lemma="á" type="af">á</w>
            <w lemma="," type="pk">,</w>
            <w lemma="að" type="c">að</w>
            <w lemma="flutningsmaður" type="nkfn">flutningsmenn</w>
            <w lemma="frumv." type="kt">frumv.</w>
            <w lemma="virða" type="sfm3fn">virðast</w>
            <w lemma="ekki" type="aa">ekki</w>
            <w lemma="hafa" type="sng">hafa</w>
            <w lemma="lesa" type="sþghen">lesið</w>
            <w lemma="26." type="lveovf">26.</w>
            <w lemma="gr." type="ks">gr.</w>
            <w lemma="þingsköp" type="nhfeg">þingskapanna</w>
            <w lemma="." type="pl">.</w>
          </s>
          <s n="3">
            <w lemma="þar" type="aa">Þar</w>
            <w lemma="standa" type="sfg3en">stendur</w>
            <w lemma=":" type="pa">:</w>
            <w lemma="»" type="pg">»</w>
            <w lemma="lagafrumvarp" type="nhen">Lagafrumvarp</w>
            <w lemma="," type="pk">,</w>
            <w lemma="er" type="ct">er</w>
            <w lemma="fela" type="sfg3en">felur</w>
            <w lemma="í" type="af">í</w>
            <w lemma="sig" type="fpheþ">sér</w>
            <w lemma="tillaga" type="nveo">tillögu</w>
            <w lemma="um" type="af">um</w>
            <w lemma="breyting" type="x">breyting</w>
            <w lemma="á" type="af">á</w>
            <w lemma="stjórnarskrá" type="nveþg">stjórnarskránni</w>
            <w lemma="eða" type="c">eða</w>
            <w lemma="viðauki" type="nkeþ">viðauka</w>
            <w lemma="við" type="af">við</w>
            <w lemma="hún" type="fpveo">hana</w>
            <w lemma="," type="pk">,</w>
            <w lemma="skulu" type="sfg3en">skal</w>
            <w lemma="í" type="af">í</w>
            <w lemma="fyrirsögn" type="nveþg">fyrirsögninni</w>
            <w lemma="nefna" type="sþghen">nefnt</w>
            <w lemma="frumvarp" type="nhen">frumvarp</w>
            <w lemma="til" type="af">til</w>
            <w lemma="stjórnarskipunarlög" type="nhfe">stjórnarskipunarlaga</w>
            <w lemma="." type="pl">.</w>
          </s>
          <s n="4">
            <w lemma="hafa" type="svg3en">Hafi</w>
            <w lemma="það" type="fphen">það</w>
            <w lemma="eigi" type="aa">eigi</w>
            <w lemma="þá" type="aa">þá</w>
            <w lemma="fyrirsögn" type="nveo">fyrirsögn</w>
            <w lemma="," type="pk">,</w>
            <w lemma="vísa" type="sfg3en">vísar</w>
            <w lemma="forseti" type="nken">forseti</w>
            <w lemma="það" type="fpheþ">því</w>
            <w lemma="frá" type="aa">frá</w>
            <w lemma="«" type="pg">«</w>
            <w lemma="." type="pl">.</w>
          </s>
          <s n="5">
            <w lemma="þessi" type="faheþ">Þessu</w>
            <w lemma="ákvæði" type="nheþ">ákvæði</w>
            <w lemma="hafa" type="sfg3en">hefir</w>
            <w lemma="hingað" type="aa">hingað</w>
            <w lemma="til" type="aa">til</w>
            <w lemma="vera" type="sþghen">verið</w>
            <w lemma="stranglega" type="aa">stranglega</w>
            <w lemma="fylgja" type="sþghen">fylgt</w>
            <w lemma="," type="pk">,</w>
            <w lemma="og" type="c">og</w>
            <w lemma="hafa" type="sfg3en">hefir</w>
            <w lemma="það" type="fphen">það</w>
            <w lemma="koma" type="sþghen">komið</w>
            <w lemma="tvisvar" type="aa">tvisvar</w>
            <w lemma="sinn" type="nhfþ">sinnum</w>
            <w lemma="fyrir" type="aa">fyrir</w>
            <w lemma="," type="pk">,</w>
            <w lemma="að" type="c">að</w>
            <w lemma="frumv." type="kt">frumv.</w>
            <w lemma="hafa" type="sfg3en">hefir</w>
            <w lemma="vera" type="sþghen">verið</w>
            <w lemma="vísa" type="sþghen">vísað</w>
            <w lemma="frá" type="aa">frá</w>
            <w lemma="af" type="af">af</w>
            <w lemma="sá" type="faveþ">þeirri</w>
            <w lemma="ástæða" type="nveþ">ástæðu</w>
            <w lemma="." type="pl">.</w>
          </s>
          <s n="6">
            <w lemma="hér" type="aa">Hér</w>
            <w lemma="hafa" type="sfg3en">hefir</w>
            <w lemma="vera" type="sþghen">verið</w>
            <w lemma="brjóta" type="sþghen">brotið</w>
            <w lemma="í" type="af">í</w>
            <w lemma="bágur" type="lhfosf">bág</w>
            <w lemma="við" type="af">við</w>
            <w lemma="þessi" type="faheo">þetta</w>
            <w lemma="ákvæði" type="nheo">ákvæði</w>
            <w lemma="," type="pk">,</w>
            <w lemma="og" type="c">og</w>
            <w lemma="þar" type="aa">þar</w>
            <w lemma="sem" type="c">sem</w>
            <w lemma="frumvarp" type="nheng">frumvarpið</w>
            <w lemma="nefna" type="sfm3en">nefnist</w>
            <w lemma=":" type="pa">:</w>
            <w lemma="»" type="pg">»</w>
            <w lemma="Frumv." type="kt">Frumv.</w>
            <w lemma="til" type="af">til</w>
            <w lemma="stjórnarskrá" type="nvee">stjórnarskrár</w>
            <w lemma="Ísland" type="nhee-s">Íslands</w>
            <w lemma="«" type="pg">«</w>
            <w lemma="," type="pk">,</w>
            <w lemma="vilja" type="sfg1en">vil</w>
            <w lemma="eg" type="fp1en">eg</w>
            <w lemma="því" type="aa">því</w>
            <w lemma="skora" type="sng">skora</w>
            <w lemma="á" type="af">á</w>
            <w lemma="forseti" type="nkeo">forseta</w>
            <w lemma="að" type="cn">að</w>
            <w lemma="vísa" type="sng">vísa</w>
            <w lemma="mál" type="nheþg">málinu</w>
            <w lemma="frá" type="aa">frá</w>
            <w lemma="." type="pl">.</w>
          </s>
          <s n="7">
            <w lemma="-" type="pa">-</w>
            <w lemma="en" type="c">En</w>
            <w lemma="úr" type="af">úr</w>
            <w lemma="það" type="fpheþ">því</w>
            <w lemma="eg" type="fp1en">eg</w>
            <w lemma="á" type="af">á</w>
            <w lemma="annar" type="foheo">annað</w>
            <w lemma="borð" type="nheo">borð</w>
            <w lemma="vera" type="sfg3en">er</w>
            <w lemma="standa" type="sþgken">staðinn</w>
            <w lemma="upp" type="aa">upp</w>
            <w lemma="," type="pk">,</w>
            <w lemma="vilja" type="sfg1en">vil</w>
            <w lemma="eg" type="fp1en">eg</w>
            <w lemma="fara" type="sng">fara</w>
            <w lemma="nokkur" type="fohfþ">nokkrum</w>
            <w lemma="margur" type="lhfþvm">fleiri</w>
            <w lemma="orð" type="nhfþ">orðum</w>
            <w lemma="um" type="af">um</w>
            <w lemma="mál" type="nheog">málið</w>
            <w lemma="." type="pl">.</w>
          </s>
          <s n="8">
            <w lemma="Háttv." type="ks">Háttv.</w>
            <w lemma="flutnm" type="n-en">flutnm</w>
            <w lemma="." type="pl">.</w>
          </s>
          <s n="9">
            <w lemma="(" type="pa">(</w>
            <w lemma="J." type="ks">J.</w>
            <w lemma="Þ." type="ks">Þ.</w>
            <w lemma=")" type="pa">)</w>
            <w lemma="afsaka" type="sfg3eþ">afsakaði</w>
            <w lemma="sig" type="fpveo">sig</w>
            <w lemma="með" type="af">með</w>
            <w lemma="það" type="fpheþ">því</w>
            <w lemma="," type="pk">,</w>
            <w lemma="að" type="c">að</w>
            <w lemma="flutningsmaður" type="nkfn">flutningsmenn</w>
            <w lemma="frumv." type="kt">frumv.</w>
            <w lemma="hafa" type="svg3fþ">hefðu</w>
            <w lemma="eigi" type="aa">eigi</w>
            <w lemma="hafa" type="sþghen">haft</w>
            <w lemma="nægur" type="lkeosf">nægan</w>
            <w lemma="tími" type="nkeo">tíma</w>
            <w lemma="við" type="af">við</w>
            <w lemma="samningur" type="nkeo">samning</w>
            <w lemma="þessi" type="fahee">þessa</w>
            <w lemma="frumv." type="ks">frumv.</w>
            <w lemma="til" type="af">til</w>
            <w lemma="að" type="cn">að</w>
            <w lemma="kynna" type="sng">kynna</w>
            <w lemma="sig" type="fpkeþ">sér</w>
            <w lemma="stjórnarskrárfrvur" type="nkeo">stjórnarskrárfrv</w>
            <w lemma="." type="pl">.</w>
          </s>
          <s n="10">
            <w lemma="sá" type="faheo">það</w>
            <w lemma="," type="pk">,</w>
            <w lemma="sem" type="ct">sem</w>
            <w lemma="stjórn" type="nveng">stjórnin</w>
            <w lemma="leggja" type="sfg3eþ">lagði</w>
            <w lemma="fyrir" type="af">fyrir</w>
            <w lemma="síðari" type="lheove">síðasta</w>
            <w lemma="þing" type="nheo">þing</w>
            <w lemma="." type="pl">.</w>
          </s>
          <s n="11">
            <w lemma="hann" type="fpkfn">Þeir</w>
            <w lemma="hafa" type="sfg3fn">hafa</w>
            <w lemma="þó" type="aa">þó</w>
            <w lemma="hafa" type="sþghen">haft</w>
            <w lemma="2" type="ta">2</w>
            <w lemma="ár" type="nhfo">ár</w>
            <w lemma="." type="pl">.</w>
          </s>
          <s n="12">
            <w lemma="(" type="pa">(</w>
            <w lemma="Jón" type="nken-s">Jón</w>
            <w lemma="Þorkelsson" type="nken-s">Þorkelsson</w>
            <w lemma=":" type="pa">:</w>
            <w lemma="hafa" type="sfg1en">Hefi</w>
            <w lemma="aldrei" type="aa">aldrei</w>
            <w lemma="segja" type="sþghen">sagt</w>
            <w lemma="það" type="fpheo">það</w>
            <w lemma="!" type="pl">!</w>
            <w lemma=")" type="pa">)</w>
          </s>
          <s n="13">
            <w lemma="." type="pl">.</w>
          </s>
          <s n="14">
            <w lemma="jú" type="au">Jú</w>
            <w lemma="," type="pk">,</w>
            <w lemma="háttv." type="ks">háttv.</w>
            <w lemma="flutningsmaður" type="nken">flutningsmaður</w>
            <w lemma="segja" type="sfg3eþ">sagði</w>
            <w lemma="það" type="fpheo">það</w>
            <w lemma="," type="pk">,</w>
            <w lemma="það" type="fpheþ">því</w>
            <w lemma="taka" type="sfg1eþ">tók</w>
            <w lemma="eg" type="fp1en">eg</w>
            <w lemma="vel" type="aa">vel</w>
            <w lemma="eftir" type="aa">eftir</w>
            <w lemma="," type="pk">,</w>
            <w lemma="þótt" type="c">þótt</w>
            <w lemma="hann" type="fpken">hann</w>
            <w lemma="kunna" type="svg3en">kunni</w>
            <w lemma="að" type="cn">að</w>
            <w lemma="strika" type="sng">strika</w>
            <w lemma="það" type="fpheo">það</w>
            <w lemma="út" type="aa">út</w>
            <w lemma="úr" type="af">úr</w>
            <w lemma="ræða" type="nveþ">ræðu</w>
            <w lemma="sinn" type="feveþ">sinni</w>
            <w lemma="," type="pk">,</w>
            <w lemma="áður" type="aa">áður</w>
            <w lemma="en" type="c">en</w>
            <w lemma="hún" type="fpven">hún</w>
            <w lemma="verða" type="sfg3en">verður</w>
            <w lemma="prenta" type="sþgven">prentuð</w>
            <w lemma="," type="pk">,</w>
            <w lemma="en" type="c">en</w>
            <w lemma="eg" type="fp1en">eg</w>
            <w lemma="vilja" type="sfg1en">vil</w>
            <w lemma="leyfa" type="sng">leyfa</w>
            <w lemma="ég" type="fp1eþ">mér</w>
            <w lemma="að" type="cn">að</w>
            <w lemma="benda" type="sng">benda</w>
            <w lemma="á" type="af">á</w>
            <w lemma="," type="pk">,</w>
            <w lemma="að" type="af">að</w>
            <w lemma="háttv." type="kt">háttv.</w>
            <w lemma="flutnm" type="nhee">flutnm</w>
            <w lemma="." type="pl">.</w>
          </s>
          <s n="15">
            <w lemma="hafa" type="sfg3en">hefir</w>
            <w lemma="þó" type="aa">þó</w>
            <w lemma="vinna" type="sþmhen">unnist</w>
            <w lemma="tími" type="nken">tími</w>
            <w lemma="til" type="af">til</w>
            <w lemma="það" type="fphee">þess</w>
            <w lemma="að" type="cn">að</w>
            <w lemma="skrifa" type="sng">skrifa</w>
            <w lemma="upp" type="aa">upp</w>
            <w lemma="heill" type="lvfosf">heilar</w>
            <w lemma="grein" type="nvfo">greinar</w>
            <w lemma="úr" type="af">úr</w>
            <w lemma="stjórnarskrárfrv" type="nveþ">stjórnarskrárfrv</w>
            <w lemma="." type="pl">.</w>
          </s>
          <s n="16">
            <w lemma="stjórn" type="nveeg">stjórnarinnar</w>
            <w lemma="frá" type="af">frá</w>
            <w lemma="síðari" type="lheþve">síðasta</w>
            <w lemma="þing" type="nheþ">þingi</w>
            <w lemma="." type="pl">.</w>
          </s>
          <s n="17">
            <w lemma="-" type="pa">-</w>
            <w lemma="vilja" type="svg3en">Vilji</w>
            <w lemma="þjóð" type="nveeg">þjóðarinnar</w>
            <w lemma="í" type="af">í</w>
            <w lemma="þessi" type="faheþ">þessu</w>
            <w lemma="mál" type="nheþ">máli</w>
            <w lemma="hafa" type="sfg3en">hefir</w>
            <w lemma="sjá" type="sþmhen">sést</w>
            <w lemma="á" type="af">á</w>
            <w lemma="þingmálafundur" type="nkfþ">þingmálafundum</w>
            <w lemma="sá" type="fahfþ">þeim</w>
            <w lemma="," type="pk">,</w>
            <w lemma="sem" type="ct">sem</w>
            <w lemma="halda" type="sþgkfn">haldnir</w>
            <w lemma="hafa" type="sfg3fn">hafa</w>
            <w lemma="vera" type="sþghen">verið</w>
            <w lemma="nú" type="aa">nú</w>
            <w lemma="að" type="af">að</w>
            <w lemma="undanfarinn" type="lheþsf">undanförnu</w>
            <w lemma=";" type="pk">;</w>
            <w lemma="á" type="af">á</w>
            <w lemma="hann" type="fpkfþ">þeim</w>
            <w lemma="allur" type="fokfþ">öllum</w>
            <w lemma="hafa" type="sfg3en">hefir</w>
            <w lemma="það" type="fphee">þess</w>
            <w lemma="vera" type="sþghen">verið</w>
            <w lemma="óska" type="sþghen">óskað</w>
            <w lemma="," type="pk">,</w>
            <w lemma="að" type="c">að</w>
            <w lemma="stjórnarskrá" type="nveng">stjórnarskráin</w>
            <w lemma="vera" type="svg3eþ">væri</w>
            <w lemma="endurskoða" type="sþgven">endurskoðuð</w>
            <w lemma="og" type="c">og</w>
            <w lemma="afgreiða" type="sþgven">afgreidd</w>
            <w lemma="á" type="af">á</w>
            <w lemma="þessi" type="faheþ">þessu</w>
            <w lemma="þing" type="nheþ">þingi</w>
            <w lemma=";" type="pk">;</w>
            <w lemma="að" type="af">að</w>
            <w lemma="það" type="fpheþ">því</w>
            <w lemma="er" type="ct">er</w>
            <w lemma="snerta" type="sfg3en">snertir</w>
            <w lemma="einstakur" type="lhfosf">einstök</w>
            <w lemma="ákvæði" type="nhfo">ákvæði</w>
            <w lemma="," type="pk">,</w>
            <w lemma="hafa" type="sfg3en">hefir</w>
            <w lemma="það" type="fphen">það</w>
            <w lemma="sérstaklega" type="aa">sérstaklega</w>
            <w lemma="koma" type="sþghen">komið</w>
            <w lemma="berlega" type="aa">berlega</w>
            <w lemma="fram" type="aa">fram</w>
            <w lemma="," type="pk">,</w>
            <w lemma="að" type="c">að</w>
            <w lemma="það" type="fphen">það</w>
            <w lemma="vera" type="sfg3en">er</w>
            <w lemma="almennur" type="lkensf">almennur</w>
            <w lemma="þjóðarvilji" type="nken">þjóðarvilji</w>
            <w lemma="," type="pk">,</w>
            <w lemma="að" type="c">að</w>
            <w lemma="konungskvaðning" type="nven">konungskvaðning</w>
            <w lemma="þingmaður" type="nkfe">þingmanna</w>
            <w lemma="verða" type="svg3en">verði</w>
            <w lemma="afnema" type="sþgven">afnumin</w>
            <w lemma="." type="pl">.</w>
          </s>
          <s n="18">
            <w lemma="fáein" type="nvfn">Fáeinir</w>
            <w lemma="þingmaður" type="nkfn">þingmenn</w>
            <w lemma="vilja" type="sfg3fn">vilja</w>
            <w lemma="þó" type="aa">þó</w>
            <w lemma="enginn" type="foveo">enga</w>
            <w lemma="endurskoðun" type="nveo">endurskoðun</w>
            <w lemma="og" type="c">og</w>
            <w lemma="meðal" type="af">meðal</w>
            <w lemma="hann" type="fpkfe">þeirra</w>
            <w lemma="munu" type="sfg3fn">munu</w>
            <w lemma="vera" type="sng">vera</w>
            <w lemma="hinn" type="fakfn">hinir</w>
            <w lemma="háttv." type="ks">háttv.</w>
            <w lemma="flutningsmur" type="nkeo">flutningsm</w>
            <w lemma="." type="pl">.</w>
          </s>
          <s n="19">
            <w lemma="frumv." type="ks">frumv.</w>
            <w lemma="," type="pk">,</w>
            <w lemma="að" type="c">að</w>
            <w lemma="minsta" type="aa">minsta</w>
            <w lemma="kostur" type="nkfo">kosti</w>
            <w lemma="hafa" type="sfg3en">hefir</w>
            <w lemma="háttv." type="kt">háttv.</w>
            <w lemma="1." type="ta">1.</w>
            <w lemma="þm" type="ks">þm</w>
            <w lemma="." type="pl">.</w>
          </s>
          <s n="20">
            <w lemma="Rvk." type="ks">Rvk.</w>
            <w lemma="(" type="pa">(</w>
            <w lemma="J." type="ks">J.</w>
            <w lemma="Þ." type="ks">Þ.</w>
            <w lemma=")" type="pa">)</w>
            <w lemma="gera" type="sþghen">gert</w>
            <w lemma="ráð" type="nhen">ráð</w>
            <w lemma="fyrir" type="aa">fyrir</w>
            <w lemma="á" type="af">á</w>
            <w lemma="þingmálafundur" type="nkeþ">þingmálafundi</w>
            <w lemma="hér" type="aa">hér</w>
            <w lemma="," type="pk">,</w>
            <w lemma="að" type="c">að</w>
            <w lemma="viðunanlegur" type="lhfnsf">viðunanleg</w>
            <w lemma="sambandslög" type="nhfn">sambandslög</w>
            <w lemma="fá" type="svm3fn">fáist</w>
            <w lemma="ekki" type="aa">ekki</w>
            <w lemma="fyr" type="x">fyr</w>
            <w lemma="en" type="c">en</w>
            <w lemma="eftir" type="af">eftir</w>
            <w lemma="1½" type="ta">1½</w>
            <w lemma="eða" type="c">eða</w>
            <w lemma="2" type="ta">2</w>
            <w lemma="öld" type="nvfo">aldir</w>
            <w lemma="og" type="c">og</w>
            <w lemma="að" type="c">að</w>
            <w lemma="stjórnarskrárbreyting" type="nvfn">stjórnarskrárbreytingar</w>
            <w lemma="verða" type="svg3fn">verði</w>
            <w lemma="að" type="cn">að</w>
            <w lemma="bíða" type="sng">bíða</w>
            <w lemma="jafnlengi" type="aa">jafnlengi</w>
            <w lemma="." type="pl">.</w>
          </s>
          <s n="21">
            <w lemma="Frumv." type="kt">Frumv.</w>
            <w lemma="sá" type="fahfe">þeirra</w>
            <w lemma="félag" type="nhfe">félaga</w>
            <w lemma="," type="pk">,</w>
            <w lemma="sem" type="ct">sem</w>
            <w lemma="innihalda" type="sfg3en">inniheldur</w>
            <w lemma="margur" type="lhfosf">mörg</w>
            <w lemma="sambandslagaákvæði" type="nhfo">sambandslagaákvæði</w>
            <w lemma="," type="pk">,</w>
            <w lemma="sem" type="ct">sem</w>
            <w lemma="Dani" type="nkfn-s">Danir</w>
            <w lemma="vitanlega" type="aa">vitanlega</w>
            <w lemma="telja" type="sfg3fn">telja</w>
            <w lemma="óaðgengilegur" type="lhfosf">óaðgengileg</w>
            <w lemma="," type="pk">,</w>
            <w lemma="vera" type="sfg3en">er</w>
            <w lemma="það" type="fpheþ">því</w>
            <w lemma="ekki" type="aa">ekki</w>
            <w lemma="annar" type="fohen">annað</w>
            <w lemma="en" type="c">en</w>
            <w lemma="tilraun" type="nven">tilraun</w>
            <w lemma="til" type="af">til</w>
            <w lemma="að" type="cn">að</w>
            <w lemma="hefta" type="sng">hefta</w>
            <w lemma="framgangur" type="nkeo">framgang</w>
            <w lemma="mál" type="nheeg">málsins</w>
            <w lemma="," type="pk">,</w>
            <w lemma="en" type="c">en</w>
            <w lemma="slíkur" type="fbven">slík</w>
            <w lemma="tilraun" type="nven">tilraun</w>
            <w lemma="vera" type="sfg3en">er</w>
            <w lemma="gagnstæður" type="lvensf">gagnstæð</w>
            <w lemma="vilji" type="nkeþ">vilja</w>
            <w lemma="landsmaður" type="nkfe">landsmanna</w>
            <w lemma="og" type="c">og</w>
            <w lemma="væntanlega" type="aa">væntanlega</w>
            <w lemma="allur" type="fokfe">allra</w>
            <w lemma="í" type="af">í</w>
            <w lemma="þessi" type="faveþ">þessari</w>
            <w lemma="deild" type="nveþ">deild</w>
            <w lemma="," type="pk">,</w>
            <w lemma="annaur" type="fohfe">annara</w>
            <w lemma="en" type="c">en</w>
            <w lemma="flutningsm" type="nhen">flutningsm</w>
            <w lemma="." type="pl">.</w>
          </s>
          <s n="22">
            <w lemma="allur" type="fokfþ">Öllum</w>
            <w lemma="mega" type="sfg3en">má</w>
            <w lemma="vera" type="sng">vera</w>
            <w lemma="ljós" type="lhensf">ljóst</w>
            <w lemma="," type="pk">,</w>
            <w lemma="að" type="c">að</w>
            <w lemma="frumv." type="kt">frumv.</w>
            <w lemma="þessi" type="fahen">þetta</w>
            <w lemma="vera" type="sfg3en">er</w>
            <w lemma="enginn" type="foheþ">engu</w>
            <w lemma="varla" type="aam">síður</w>
            <w lemma="sambandslagafrumv" type="nhee">sambandslagafrumv</w>
            <w lemma="." type="pl">.</w>
          </s>
          <s n="23">
            <w lemma="en" type="c">en</w>
            <w lemma="stjórnarskrárfrumv" type="nhen">stjórnarskrárfrumv</w>
            <w lemma="." type="pl">.</w>
          </s>
          <s n="24">
            <w lemma="," type="pk">,</w>
            <w lemma="og" type="c">og</w>
            <w lemma="ef" type="c">ef</w>
            <w lemma="svo" type="aa">svo</w>
            <w lemma="ólíklega" type="aa">ólíklega</w>
            <w lemma="fara" type="svg3eþ">færi</w>
            <w lemma="," type="pk">,</w>
            <w lemma="að" type="c">að</w>
            <w lemma="slíkur" type="fbhen">slíkt</w>
            <w lemma="frumv." type="ks">frumv.</w>
            <w lemma="verða" type="svg3eþ">yrði</w>
            <w lemma="samþykja" type="sþghen">samþykt</w>
            <w lemma="af" type="af">af</w>
            <w lemma="alþingi" type="nheþ">alþingi</w>
            <w lemma="," type="pk">,</w>
            <w lemma="þá" type="aa">þá</w>
            <w lemma="munu" type="svg3eþ">mundi</w>
            <w lemma="næsta" type="lkenve">næsta</w>
            <w lemma="ráðherra" type="nkeþ">ráðherra</w>
            <w lemma="vera" type="sng">vera</w>
            <w lemma="skapaður" type="lkensf">skapaður</w>
            <w lemma="aldur" type="nken">aldur</w>
            <w lemma="," type="pk">,</w>
            <w lemma="það" type="fpheþ">því</w>
            <w lemma="að" type="c">að</w>
            <w lemma="hver" type="foken">hver</w>
            <w lemma="sem" type="ct">sem</w>
            <w lemma="ég" type="fp1fn">við</w>
            <w lemma="valda" type="sfg1fn">völdum</w>
            <w lemma="taka" type="sfg3en">tekur</w>
            <w lemma="munu" type="svg3eþ">mundi</w>
            <w lemma="velta" type="sng">velta</w>
            <w lemma="á" type="af">á</w>
            <w lemma="það" type="fpheþ">því</w>
            <w lemma="." type="pl">.</w>
          </s>
          <s n="25">
            <w lemma="hér" type="aa">Hér</w>
            <w lemma="vera" type="sfg3fn">eru</w>
            <w lemma="t" type="x">t</w>
            <w lemma="." type="pl">.</w>
          </s>
          <s n="26">
            <w lemma="d." type="x">d.</w>
            <w lemma="setja" type="sþghen">sett</w>
            <w lemma="ákvæði" type="nhfn">ákvæði</w>
            <w lemma="um" type="aa">um</w>
            <w lemma="," type="pk">,</w>
            <w lemma="hvernig" type="aa">hvernig</w>
            <w lemma="að" type="c">að</w>
            <w lemma="skulu" type="svg3en">skuli</w>
            <w lemma="fara" type="sng">fara</w>
            <w lemma="," type="pk">,</w>
            <w lemma="þegar" type="c">þegar</w>
            <w lemma="konungur" type="nken">konungur</w>
            <w lemma="vera" type="sfg3en">er</w>
            <w lemma="ófullveðja" type="lkenof">ófullveðja</w>
            <w lemma="," type="pk">,</w>
            <w lemma="sem" type="ct">sem</w>
            <w lemma="koma" type="sfg3en">kemur</w>
            <w lemma="í" type="af">í</w>
            <w lemma="bágur" type="lhfosf">bág</w>
            <w lemma="við" type="af">við</w>
            <w lemma="grundvallarlög" type="nhfo">grundvallarlög</w>
            <w lemma="Dani" type="nkfe-s">Dana</w>
            <w lemma="," type="pk">,</w>
            <w lemma="og" type="c">og</w>
            <w lemma="geta" type="svg3eþ">gæti</w>
            <w lemma="því" type="aa">því</w>
            <w lemma="konungur" type="nken">konungur</w>
            <w lemma="aldrei" type="aa">aldrei</w>
            <w lemma="samþykja" type="sþghen">samþykt</w>
            <w lemma="slíkur" type="fbheo">slíkt</w>
            <w lemma="." type="pl">.</w>
          </s>
          <s n="27">
            <w lemma="eg" type="fp1en">Eg</w>
            <w lemma="fyrir" type="af">fyrir</w>
            <w lemma="minn" type="feheo">mitt</w>
            <w lemma="leyti" type="nheo">leyti</w>
            <w lemma="telja" type="sfg1en">tel</w>
            <w lemma="eðlilegur" type="lheosf">eðlilegt</w>
            <w lemma="," type="pk">,</w>
            <w lemma="að" type="c">að</w>
            <w lemma="meirihl" type="nven">meirihl</w>
            <w lemma="." type="pl">.</w>
          </s>
          <s n="28">
            <w lemma="bera" type="svg3en">beri</w>
            <w lemma="fram" type="aa">fram</w>
            <w lemma="sambandslagafrv" type="nveo">sambandslagafrv</w>
            <w lemma="." type="pl">.</w>
          </s>
          <s n="29">
            <w lemma="eða" type="c">eða</w>
            <w lemma="skilnaðarfrv" type="nhen">skilnaðarfrv</w>
            <w lemma="." type="pl">.</w>
          </s>
          <s n="30">
            <w lemma=";" type="pk">;</w>
            <w lemma="um" type="af">um</w>
            <w lemma="það" type="fpheo">það</w>
            <w lemma="vera" type="sfg3en">er</w>
            <w lemma="enginn" type="foheo">ekkert</w>
            <w lemma="að" type="cn">að</w>
            <w lemma="segja" type="sng">segja</w>
            <w lemma="." type="pl">.</w>
          </s>
          <s n="31">
            <w lemma="en" type="c">En</w>
            <w lemma="eg" type="fp1en">eg</w>
            <w lemma="vera" type="sfg1en">er</w>
            <w lemma="á" type="aa">á</w>
            <w lemma="móti" type="af">móti</w>
            <w lemma="grímuklæddur" type="lheþsf">grímuklæddu</w>
            <w lemma="sambandslagafrv" type="nheþ">sambandslagafrv</w>
            <w lemma="." type="pl">.</w>
          </s>
          <s n="32">
            <w lemma="," type="pk">,</w>
            <w lemma="og" type="c">og</w>
            <w lemma="eg" type="fp1en">eg</w>
            <w lemma="vera" type="sfg1en">er</w>
            <w lemma="á" type="aa">á</w>
            <w lemma="móti" type="af">móti</w>
            <w lemma="," type="pk">,</w>
            <w lemma="að" type="c">að</w>
            <w lemma="það" type="fpheþ">því</w>
            <w lemma="vera" type="svg3en">sé</w>
            <w lemma="þvæla" type="sþghen">þvælt</w>
            <w lemma="saman" type="aa">saman</w>
            <w lemma="við" type="af">við</w>
            <w lemma="stjórnarskrármál" type="nheog">stjórnarskrármálið</w>
            <w lemma="," type="pk">,</w>
            <w lemma="báðir" type="fohfþ">báðum</w>
            <w lemma="mál" type="nhfþg">málunum</w>
            <w lemma="til" type="af">til</w>
            <w lemma="fall" type="nhee">falls</w>
            <w lemma="og" type="c">og</w>
            <w lemma="hnekkir" type="nkee">hnekkis</w>
            <w lemma="." type="pl">.</w>
          </s>
          <s n="33">
            <w lemma="samkvæmt" type="af">Samkvæmt</w>
            <w lemma="2." type="ta">2.</w>
            <w lemma="gr." type="ks">gr.</w>
            <w lemma="þessi" type="faveo">þessa</w>
            <w lemma="frv." type="ks">frv.</w>
            <w lemma="vera" type="sfg3fn">eru</w>
            <w lemma="t" type="x">t</w>
            <w lemma="." type="pl">.</w>
          </s>
          <s n="34">
            <w lemma="d." type="x">d.</w>
            <w lemma="allur" type="fohfn">öll</w>
            <w lemma="sérmál" type="nhfn">sérmál</w>
            <w lemma="hverfa" type="sþghfn">horfin</w>
            <w lemma="úr" type="af">úr</w>
            <w lemma="saga" type="nveþg">sögunni</w>
            <w lemma="," type="pk">,</w>
            <w lemma="konungur" type="nken">konungur</w>
            <w lemma="og" type="c">og</w>
            <w lemma="alþingi" type="nhen">alþingi</w>
            <w lemma="í" type="af">í</w>
            <w lemma="sameining" type="nveo">sameining</w>
            <w lemma="eiga" type="sfg3fn">eiga</w>
            <w lemma="að" type="cn">að</w>
            <w lemma="hafa" type="sng">hafa</w>
            <w lemma="löggjafarvald" type="nheo">löggjafarvald</w>
            <w lemma="í" type="af">í</w>
            <w lemma="»" type="pg">»</w>
            <w lemma="allur" type="fohfþ">öllum</w>
            <w lemma="málefni" type="nhfþ">málefnum</w>
            <w lemma="land" type="nheeg">landsins</w>
            <w lemma="«" type="pg">«</w>
            <w lemma="," type="pk">,</w>
            <w lemma="og" type="c">og</w>
            <w lemma="eiga" type="svg3eþ">ætti</w>
            <w lemma="enginn" type="foken">enginn</w>
            <w lemma="að" type="cn">að</w>
            <w lemma="villa" type="snm">villast</w>
            <w lemma="á" type="af">á</w>
            <w lemma="," type="pk">,</w>
            <w lemma="að" type="c">að</w>
            <w lemma="upp" type="aa">upp</w>
            <w lemma="úr" type="af">úr</w>
            <w lemma="slíkur" type="fbheþ">slíku</w>
            <w lemma="frumv." type="kt">frumv.</w>
            <w lemma="hafa" type="sfm3en">hefst</w>
            <w lemma="hvorki" type="c">hvorki</w>
            <w lemma="endurbót" type="nven">endurbót</w>
            <w lemma="á" type="af">á</w>
            <w lemma="samband" type="nheþg">sambandinu</w>
            <w lemma="né" type="c">né</w>
            <w lemma="stjórnarskrá" type="nveþg">stjórnarskránni</w>
            <w lemma="." type="pl">.</w>
          </s>
          <s n="35">
            <w lemma="laumuleikur" type="nken">Laumuleikur</w>
            <w lemma="hinn" type="gkfe">hinna</w>
            <w lemma="háttv." type="kt">háttv.</w>
            <w lemma="flutningsm" type="nhee">flutningsm</w>
            <w lemma="." type="pl">.</w>
          </s>
          <s n="36">
            <w lemma="vera" type="sfg3en">er</w>
            <w lemma="alt" type="nken">alt</w>
            <w lemma="of" type="aa">of</w>
            <w lemma="augljós" type="lkensf">augljós</w>
            <w lemma="til" type="af">til</w>
            <w lemma="það" type="fphee">þess</w>
            <w lemma="." type="pl">.</w>
          </s>
          <s n="37">
            <w lemma="þessi" type="fahen">Þetta</w>
            <w lemma="frumv." type="kt">frumv.</w>
            <w lemma="vera" type="sfg3en">er</w>
            <w lemma="því" type="aa">því</w>
            <w lemma="dauðadæmdur" type="lhensf">dauðadæmt</w>
            <w lemma="frá" type="af">frá</w>
            <w lemma="upphaf" type="nheþ">upphafi</w>
            <w lemma="," type="pk">,</w>
            <w lemma="enda" type="c">enda</w>
            <w lemma="hafa" type="svg3fþ">hefðu</w>
            <w lemma="flutningsm" type="nhee">flutningsm</w>
            <w lemma="." type="pl">.</w>
          </s>
          <s n="38">
            <w lemma="vel" type="aa">vel</w>
            <w lemma="geta" type="sþghen">getað</w>
            <w lemma="bíða" type="sþghen">beðið</w>
            <w lemma="," type="pk">,</w>
            <w lemma="það" type="fpheþ">því</w>
            <w lemma="að" type="aa">að</w>
            <w lemma="annar" type="fohen">annað</w>
            <w lemma="frumv." type="kt">frumv.</w>
            <w lemma="löglega" type="aa">löglega</w>
            <w lemma="orða" type="sþghen">orðað</w>
            <w lemma="vera" type="sfg3en">er</w>
            <w lemma="á" type="af">á</w>
            <w lemma="leið" type="nveþg">leiðinni</w>
            <w lemma=";" type="pk">;</w>
            <w lemma="það" type="fphen">það</w>
            <w lemma="vera" type="sfg3eþ">var</w>
            <w lemma="afhenda" type="sþghen">afhent</w>
            <w lemma="til" type="af">til</w>
            <w lemma="prentun" type="nvee">prentunar</w>
            <w lemma="í" type="af">í</w>
            <w lemma="dagur" type="nkeo">dag</w>
            <w lemma="." type="pl">.</w>
          </s>
          <s n="39">
            <w lemma="eg" type="fp1en">Eg</w>
            <w lemma="vilja" type="sfg1en">vil</w>
            <w lemma="svo" type="aa">svo</w>
            <w lemma="að" type="af">að</w>
            <w lemma="lok" type="nhfþ">lokum</w>
            <w lemma="skora" type="sng">skora</w>
            <w lemma="á" type="af">á</w>
            <w lemma="háttv." type="kt">háttv.</w>
            <w lemma="flutningsm" type="nheo">flutningsm</w>
            <w lemma="." type="pl">.</w>
          </s>
          <s n="40">
            <w lemma="að" type="cn">að</w>
            <w lemma="taka" type="sng">taka</w>
            <w lemma="frumv." type="kt">frumv.</w>
            <w lemma="aftur" type="aa">aftur</w>
            <w lemma="," type="pk">,</w>
            <w lemma="en" type="c">en</w>
            <w lemma="ef" type="c">ef</w>
            <w lemma="hann" type="fpkfn">þeir</w>
            <w lemma="vilja" type="sfg3fn">vilja</w>
            <w lemma="það" type="fpheo">það</w>
            <w lemma="ekki" type="aa">ekki</w>
            <w lemma="," type="pk">,</w>
            <w lemma="vilja" type="sfg1en">vil</w>
            <w lemma="eg" type="fp1en">eg</w>
            <w lemma="skora" type="sng">skora</w>
            <w lemma="á" type="af">á</w>
            <w lemma="forseti" type="nkeog">forsetann</w>
            <w lemma="að" type="cn">að</w>
            <w lemma="taka" type="sng">taka</w>
            <w lemma="það" type="fpheo">það</w>
            <w lemma="út" type="aa">út</w>
            <w lemma="af" type="af">af</w>
            <w lemma="dagskrá" type="nveþ">dagskrá</w>
            <w lemma="," type="pk">,</w>
            <w lemma="þangað" type="aa">þangað</w>
            <w lemma="til" type="aa">til</w>
            <w lemma="fyrirsögn" type="nven">fyrirsögn</w>
            <w lemma="það" type="fphee">þess</w>
            <w lemma="vera" type="sfg3en">er</w>
            <w lemma="lagfæra" type="sþgven">lagfærð</w>
            <w lemma="." type="pl">.</w>
          </s>
        </p>
      </div1>
    </body>
  </text>
</TEI>
