<?xml version="1.0" encoding="UTF-8"?>
<TEI xmlns="http://www.tei-c.org/ns/1.0" xml:id="R-33-4806998" xml:lang="is">
  <teiHeader>
    <fileDesc>
      <titleStmt>
        <title>
          <title type="main">Breytingar á stjórnarskipunarlögum (17. mál)</title>
        </title>
        <respStmt>
          <resp xml:lang="is">Söfnun og úrvinnsla texta</resp>
          <resp xml:lang="en">Collection and processing of text</resp>
          <name xml:lang="is">Stofnun Árna Magnússonar í íslenskum fræðum</name>
          <name xml:lang="en">The Arni Magnusson Institute for Icelandic Studies</name>
        </respStmt>
      </titleStmt>
      <editionStmt>
        <p xml:lang="is">Málheild: Ræður frá Alþingi Íslendinga (2020.06)</p>
        <p xml:lang="en">Corpus: Speeches from The Parliament of Iceland (2020.06)</p>
      </editionStmt>
      <publicationStmt>
        <distributor xml:lang="is">Stofnun Árna Magnússonar í íslenskum fræðum</distributor>
        <distributor xml:lang="en">The Arni Magnusson Institute for Icelandic Studies</distributor>
        <address>
          <addrLine xml:lang="is">Árnagarður við Suðurgötu, 107 Reykjavík, Íslandi</addrLine>
          <addrLine xml:lang="en">Árnagarður Suðurgata, 107 Reykjavik, Iceland</addrLine>
          <addrLine>
            <email>arnastofnun@arnastofnun.is</email>
          </addrLine>
        </address>
        <idno type="risam">R-33-4806998</idno>
        <availability>
          <p xml:lang="is">Þessi texti er til notkunar í málrannsóknum og máltækniverkefnum um allan heim með CC-BY leyfi</p>
          <p xml:lang="en">This text is available for use in language research and language technology projects world wide with CC-BY licence.</p>
        </availability>
        <date>2020-05-27</date>
      </publicationStmt>
      <sourceDesc>
        <biblStruct>
          <analytic>
            <title>
              <title type="main">Breytingar á stjórnarskipunarlögum (17. mál)</title>
            </title>
            <author>
             <persName>Jón Þorkelsson</persName>
             <note type="gender">M</note>
             <note type="age">51</note>
             <note type="url">http://althingi.is/altext/cv/is/?nfaerslunr=342</note>
             <note type="political_party">Sjálfstæðisflokkurinn eldri</note>
             <note type="constituency">Reykvíkinga (Rv)</note>
             <note type="role">Alþingismaður</note>
            </author>
            <date when="1911-02-25">25.02. 1911</date>
          </analytic>
          <monogr>
            <title>althingi.is</title>
            <imprint>
              <publisher>Alþingi</publisher>
            </imprint>
            <biblScope>
             <ref>http://althingi.is/altext/raeda/?lthing=22&amp;rnr=1206</ref>
            </biblScope>
          </monogr>
        </biblStruct>
      </sourceDesc>
    </fileDesc>
    <encodingDesc>
      <projectDesc>
        <p xml:lang="is">Sjá lýsingu á verkefninu í rmh2Hdr.xml.</p>
        <p xml:lang="en">See description of project in rmh2Hdr.xml.</p>
      </projectDesc>
      <tagsDecl>
        <namespace name="http://www.tei-c.org/ns/1.0">
          <tagUsage gi="text" occurs="1"/>
          <tagUsage gi="body" occurs="1"/>
          <tagUsage gi="div1" occurs="1"/>
          <tagUsage gi="p" occurs="6"/>
          <tagUsage gi="s" occurs="46"/>
          <tagUsage gi="w" occurs="909"/>
          <tagUsage gi="c" occurs="0"/>
        </namespace>
      </tagsDecl>
    </encodingDesc>
  </teiHeader>
  <text>
    <body>
      <div1>
        <p n="1">
          <s n="1">
            <w lemma="Jón" type="nken-s">Jón</w>
            <w lemma="Þorkelsson" type="nken-s">Þorkelsson</w>
            <w lemma=":" type="pa">:</w>
          </s>
        </p>
        <p n="2">
          <s n="1">
            <w lemma="það" type="fphen">Það</w>
            <w lemma="vera" type="sfg3en">er</w>
            <w lemma="harður" type="lhensf">hart</w>
            <w lemma="," type="pk">,</w>
            <w lemma="að" type="c">að</w>
            <w lemma="þegja" type="sþghen">þagað</w>
            <w lemma="vera" type="svg3en">sé</w>
            <w lemma="við" type="af">við</w>
            <w lemma="svo" type="aa">svo</w>
            <w lemma="merkur" type="lheþsf">merku</w>
            <w lemma="frumvarp" type="nheþ">frumvarpi</w>
            <w lemma="," type="pk">,</w>
            <w lemma="sem" type="ct">sem</w>
            <w lemma="þessi" type="fahen">þetta</w>
            <w lemma="vera" type="sfg3en">er</w>
            <w lemma="." type="pl">.</w>
          </s>
          <s n="2">
            <w lemma="Háttv." type="ks">Háttv.</w>
            <w lemma="flutningsmaður" type="nkfn">flutningsmenn</w>
            <w lemma="vera" type="sfg3fþ">voru</w>
            <w lemma="líka" type="aa">líka</w>
            <w lemma="kurteis" type="lkfnvm">kurteisari</w>
            <w lemma="en" type="c">en</w>
            <w lemma="svo" type="aa">svo</w>
            <w lemma="á" type="af">á</w>
            <w lemma="dagur" type="nkfþg">dögunum</w>
            <w lemma="við" type="af">við</w>
            <w lemma="stjórnarskrárfrumvarp" type="nheo">stjórnarskrárfrumvarp</w>
            <w lemma="sá" type="faheo">það</w>
            <w lemma="," type="pk">,</w>
            <w lemma="sem" type="ct">sem</w>
            <w lemma="ég" type="fp1fn">við</w>
            <w lemma="koma" type="sfg1fn">komum</w>
            <w lemma="með" type="aa">með</w>
            <w lemma="," type="pk">,</w>
            <w lemma="háttv." type="ks">háttv.</w>
            <w lemma="þm" type="ks">þm</w>
            <w lemma="." type="pl">.</w>
          </s>
          <s n="3">
            <w lemma="Dal" type="n----s">Dal</w>
            <w lemma="." type="pl">.</w>
          </s>
          <s n="4">
            <w lemma="(" type="pa">(</w>
            <w lemma="B." type="x">B.</w>
            <w lemma="J." type="ks">J.</w>
            <w lemma=")" type="pa">)</w>
            <w lemma="og" type="c">og</w>
            <w lemma="eg" type="fp1en">eg</w>
            <w lemma="." type="pl">.</w>
          </s>
          <s n="5">
            <w lemma="eg" type="fp1en">Eg</w>
            <w lemma="vilja" type="sfg1en">vil</w>
            <w lemma="því" type="aa">því</w>
            <w lemma="leyfa" type="sng">leyfa</w>
            <w lemma="ég" type="fp1eþ">mér</w>
            <w lemma="," type="pk">,</w>
            <w lemma="með" type="af">með</w>
            <w lemma="leyfi" type="nheþ">leyfi</w>
            <w lemma="hæstv." type="ks">hæstv.</w>
            <w lemma="forseti" type="nkee">forseta</w>
            <w lemma="og" type="c">og</w>
            <w lemma="annaur" type="fokfe">annara</w>
            <w lemma="góður" type="lkfesf">góðra</w>
            <w lemma="maður" type="nkfe">manna</w>
            <w lemma="," type="pk">,</w>
            <w lemma="að" type="cn">að</w>
            <w lemma="drepa" type="sng">drepa</w>
            <w lemma="lauslega" type="aa">lauslega</w>
            <w lemma="á" type="af">á</w>
            <w lemma="sinn" type="feheo">sitt</w>
            <w lemma="af" type="af">af</w>
            <w lemma="hver" type="fsheþ">hverju</w>
            <w lemma="á" type="af">á</w>
            <w lemma="víð" type="nveo">víð</w>
            <w lemma="og" type="c">og</w>
            <w lemma="dreif" type="nveo">dreif</w>
            <w lemma="," type="pk">,</w>
            <w lemma="sem" type="ct">sem</w>
            <w lemma="ég" type="fp1eþ">mér</w>
            <w lemma="þykja" type="sfg3en">þykir</w>
            <w lemma="einn" type="fohfe">einna</w>
            <w lemma="merkilegur" type="lhense">merkilegast</w>
            <w lemma="við" type="af">við</w>
            <w lemma="frumv." type="kt">frumv.</w>
            <w lemma="þessi" type="faheo">þetta</w>
            <w lemma="." type="pl">.</w>
          </s>
          <s n="6">
            <w lemma="það" type="fphen">Það</w>
            <w lemma="vera" type="sfg3en">er</w>
            <w lemma="verður" type="lhensf">vert</w>
            <w lemma="að" type="cn">að</w>
            <w lemma="athuga" type="sng">athuga</w>
            <w lemma="strax" type="aa">strax</w>
            <w lemma="í" type="af">í</w>
            <w lemma="upphaf" type="nheþg">upphafinu</w>
            <w lemma="," type="pk">,</w>
            <w lemma="að" type="c">að</w>
            <w lemma="í" type="af">í</w>
            <w lemma="frumv." type="kt">frumv.</w>
            <w lemma="þessi" type="faheþ">þessu</w>
            <w lemma="vera" type="sfg3en">er</w>
            <w lemma="ganga" type="sþghen">gengið</w>
            <w lemma="þurr" type="lkfþsf">þurrum</w>
            <w lemma="fótur" type="nkfþ">fótum</w>
            <w lemma="fram" type="aa">fram</w>
            <w lemma="hjá" type="af">hjá</w>
            <w lemma="það" type="fpheþ">því</w>
            <w lemma="," type="pk">,</w>
            <w lemma="sem" type="ct">sem</w>
            <w lemma="á" type="af">á</w>
            <w lemma="þingmálafundur" type="nkfþ">þingmálafundum</w>
            <w lemma="hafa" type="sfg3en">hefir</w>
            <w lemma="vera" type="sþghen">verið</w>
            <w lemma="telja" type="sþghen">talið</w>
            <w lemma="aðalatriði" type="nhen">aðalatriði</w>
            <w lemma="," type="pk">,</w>
            <w lemma="sem" type="ct">sem</w>
            <w lemma="vera" type="svg3en">sé</w>
            <w lemma="það" type="fpheþ">því</w>
            <w lemma="," type="pk">,</w>
            <w lemma="að" type="c">að</w>
            <w lemma="ef" type="c">ef</w>
            <w lemma="nokkur" type="fohen">nokkuð</w>
            <w lemma="setja" type="svg3eþ">setti</w>
            <w lemma="að" type="cn">að</w>
            <w lemma="fara" type="sng">fara</w>
            <w lemma="að" type="cn">að</w>
            <w lemma="krukka" type="sng">krukka</w>
            <w lemma="í" type="af">í</w>
            <w lemma="stjórnarskrá" type="nveog">stjórnarskrána</w>
            <w lemma="," type="pk">,</w>
            <w lemma="þá" type="aa">þá</w>
            <w lemma="eiga" type="svg3eþ">ætti</w>
            <w lemma="að" type="cn">að</w>
            <w lemma="kippa" type="sng">kippa</w>
            <w lemma="burt" type="aa">burt</w>
            <w lemma="tilvitnun" type="nveþg">tilvitnuninni</w>
            <w lemma="til" type="af">til</w>
            <w lemma="stöðulög" type="nhfeg">stöðulaganna</w>
            <w lemma="." type="pl">.</w>
          </s>
          <s n="7">
            <w lemma="eins" type="aa">Eins</w>
            <w lemma="og" type="c">og</w>
            <w lemma="frv." type="ks">frv.</w>
            <w lemma="liggja" type="sfg3en">liggur</w>
            <w lemma="nú" type="aa">nú</w>
            <w lemma="fyrir" type="aa">fyrir</w>
            <w lemma="," type="pk">,</w>
            <w lemma="þá" type="aa">þá</w>
            <w lemma="vera" type="sfg3en">er</w>
            <w lemma="það" type="fphen">það</w>
            <w lemma="tilgangur" type="nken">tilgangur</w>
            <w lemma="háttv." type="ks">háttv.</w>
            <w lemma="flutningsmaður" type="nkfe">flutningsmanna</w>
            <w lemma="," type="pk">,</w>
            <w lemma="að" type="cn">að</w>
            <w lemma="færa" type="sng">færa</w>
            <w lemma="breyting" type="nvfog">breytingarnar</w>
            <w lemma="inn" type="aa">inn</w>
            <w lemma="í" type="af">í</w>
            <w lemma="núgildandi" type="lkfoof">núgildandi</w>
            <w lemma="texti" type="nkeo">texta</w>
            <w lemma="stjórnarskrá" type="nveeg">stjórnarskrárinnar</w>
            <w lemma="og" type="c">og</w>
            <w lemma="gera" type="sng">gera</w>
            <w lemma="úr" type="af">úr</w>
            <w lemma="stjórnarskrá" type="nveþg">stjórnarskránni</w>
            <w lemma="þannig" type="aa">þannig</w>
            <w lemma="breyttur" type="lveþsf">breyttri</w>
            <w lemma="einn" type="fokeo">einn</w>
            <w lemma="»" type="pg">»</w>
            <w lemma="codex" type="e">codex</w>
            <w lemma="«" type="pg">«</w>
            <w lemma="eða" type="c">eða</w>
            <w lemma="»" type="pg">»</w>
            <w lemma="codification" type="e">codification</w>
            <w lemma="«" type="pg">«</w>
            <w lemma="." type="pl">.</w>
          </s>
          <s n="8">
            <w lemma="það" type="fphen">Það</w>
            <w lemma="vera" type="sfg3en">er</w>
            <w lemma="því" type="aa">því</w>
            <w lemma="sýna" type="sþghen">sýnt</w>
            <w lemma="," type="pk">,</w>
            <w lemma="að" type="c">að</w>
            <w lemma="þessi" type="fakfn">þessir</w>
            <w lemma="herra" type="nkfn">herrar</w>
            <w lemma="vilja" type="sfg3fn">vilja</w>
            <w lemma="halda" type="sng">halda</w>
            <w lemma="vér" type="fp1fþ">oss</w>
            <w lemma="fast" type="aa">fast</w>
            <w lemma="við" type="af">við</w>
            <w lemma="stöðulög" type="nhfog">stöðulögin</w>
            <w lemma="." type="pl">.</w>
          </s>
          <s n="9">
            <w lemma="margur" type="lhensf">Margt</w>
            <w lemma="vera" type="sfg3en">er</w>
            <w lemma="hér" type="aa">hér</w>
            <w lemma="og" type="c">og</w>
            <w lemma="margur" type="lhenvm">fleira</w>
            <w lemma="eftirtektarverður" type="lhensf">eftirtektarvert</w>
            <w lemma="." type="pl">.</w>
          </s>
          <s n="10">
            <w lemma="sumur" type="fohen">Sumt</w>
            <w lemma="vera" type="sfg3en">er</w>
            <w lemma="hinsvegar" type="aa">hinsvegar</w>
            <w lemma="sameiginlegur" type="lhensf">sameiginlegt</w>
            <w lemma="með" type="af">með</w>
            <w lemma="þessi" type="faheþ">þessu</w>
            <w lemma="frumv." type="kt">frumv.</w>
            <w lemma="og" type="c">og</w>
            <w lemma="frumv." type="ks">frumv.</w>
            <w lemma="ég" type="fp1fe">okkar</w>
            <w lemma="þm" type="ks">þm</w>
            <w lemma="." type="pl">.</w>
          </s>
          <s n="11">
            <w lemma="Dalamaður" type="nkfe-s">Dalamanna</w>
            <w lemma="," type="pk">,</w>
            <w lemma="t" type="x">t</w>
            <w lemma="." type="pl">.</w>
          </s>
          <s n="12">
            <w lemma="d." type="x">d.</w>
            <w lemma="vera" type="sfg3en">er</w>
            <w lemma="ríkisráðsákvæði" type="nheþg">ríkisráðsákvæðinu</w>
            <w lemma="kipt" type="x">kipt</w>
            <w lemma="burt" type="aa">burt</w>
            <w lemma="," type="pk">,</w>
            <w lemma="en" type="c">en</w>
            <w lemma="aftur" type="aa">aftur</w>
            <w lemma="vanta" type="sfg3en">vantar</w>
            <w lemma="hér" type="aa">hér</w>
            <w lemma="fastur" type="lheosf">fast</w>
            <w lemma="ákvæði" type="nheo">ákvæði</w>
            <w lemma="um" type="af">um</w>
            <w lemma="tala" type="nveo">tölu</w>
            <w lemma="ráðherra" type="nkfeg">ráðherranna</w>
            <w lemma="." type="pl">.</w>
          </s>
          <s n="13">
            <w lemma="ég" type="fp1fn">Við</w>
            <w lemma="vilja" type="sfg1fþ">vildum</w>
            <w lemma="að" type="c">að</w>
            <w lemma="hún" type="fpven">hún</w>
            <w lemma="vera" type="svg3eþ">væri</w>
            <w lemma="staddur" type="lvensf">stödd</w>
            <w lemma="fastur" type="lvensf">föst</w>
            <w lemma="í" type="af">í</w>
            <w lemma="stjórnarskrá" type="nveþg">stjórnarskránni</w>
            <w lemma="sjálfur" type="fbveþ">sjálfri</w>
            <w lemma="," type="pk">,</w>
            <w lemma="vilja" type="svg1fþ">vildum</w>
            <w lemma="að" type="c">að</w>
            <w lemma="sá" type="fahen">það</w>
            <w lemma="atriði" type="nhen">atriði</w>
            <w lemma="standa" type="svg3eþ">stæði</w>
            <w lemma="á" type="af">á</w>
            <w lemma="steinn" type="nkeþ">steini</w>
            <w lemma="," type="pk">,</w>
            <w lemma="svo" type="aa">svo</w>
            <w lemma="að" type="c">að</w>
            <w lemma="ekki" type="aa">ekki</w>
            <w lemma="vera" type="svg3en">sé</w>
            <w lemma="hægur" type="lhensf">hægt</w>
            <w lemma="að" type="cn">að</w>
            <w lemma="hrúga" type="sng">hrúga</w>
            <w lemma="á" type="af">á</w>
            <w lemma="þjóð" type="nveog">þjóðina</w>
            <w lemma="hve" type="aa">hve</w>
            <w lemma="margur" type="lkfþsf">mörgum</w>
            <w lemma="ráðherra" type="nkfþ">ráðherrum</w>
            <w lemma="sem" type="ct">sem</w>
            <w lemma="vera" type="sfg3en">er</w>
            <w lemma="," type="pk">,</w>
            <w lemma="með" type="af">með</w>
            <w lemma="einfaldur" type="lhfþsf">einföldum</w>
            <w lemma="lög" type="nhfþ">lögum</w>
            <w lemma="." type="pl">.</w>
          </s>
          <s n="14">
            <w lemma="annars" type="aa">Annars</w>
            <w lemma="skulu" type="sfg1en">skal</w>
            <w lemma="eg" type="fp1en">eg</w>
            <w lemma="nú" type="aa">nú</w>
            <w lemma="fara" type="sng">fara</w>
            <w lemma="sem" type="aa">sem</w>
            <w lemma="fár" type="lhfþse">fæstum</w>
            <w lemma="orð" type="nhfþ">orðum</w>
            <w lemma="um" type="af">um</w>
            <w lemma="sá" type="fahfo">þau</w>
            <w lemma="atriði" type="nhfo">atriði</w>
            <w lemma="," type="pk">,</w>
            <w lemma="sem" type="ct">sem</w>
            <w lemma="kunna" type="sfg3fn">kunna</w>
            <w lemma="að" type="cn">að</w>
            <w lemma="geta" type="sng">geta</w>
            <w lemma="verða" type="sþghen">orðið</w>
            <w lemma="samningsatriði" type="nhfn">samningsatriði</w>
            <w lemma="milli" type="af">milli</w>
            <w lemma="háttv." type="ks">háttv.</w>
            <w lemma="flutningsm" type="nkee">flutningsm</w>
            <w lemma="." type="pl">.</w>
          </s>
          <s n="15">
            <w lemma="og" type="c">og</w>
            <w lemma="minn" type="feven">mín</w>
            <w lemma="og" type="c">og</w>
            <w lemma="þm" type="ks">þm</w>
            <w lemma="." type="pl">.</w>
          </s>
          <s n="16">
            <w lemma="Dalamaður" type="nkfe-s">Dalamanna</w>
            <w lemma="," type="pk">,</w>
            <w lemma="en" type="c">en</w>
            <w lemma="það" type="fphen">það</w>
            <w lemma="geta" type="sfg3en">getur</w>
            <w lemma="tilvitnun" type="nveng">tilvitnunin</w>
            <w lemma="í" type="af">í</w>
            <w lemma="stöðulög" type="nhfog">stöðulögin</w>
            <w lemma="ekki" type="aa">ekki</w>
            <w lemma="verða" type="sþghen">orðið</w>
            <w lemma="." type="pl">.</w>
          </s>
          <s n="17">
            <w lemma="eftir" type="af">Eftir</w>
            <w lemma="núgildandi" type="lveoof">núgildandi</w>
            <w lemma="stjórnarskrá" type="nveo">stjórnarskrá</w>
            <w lemma="vera" type="sfg3fn">eru</w>
            <w lemma="hann" type="fpkfn">þeir</w>
            <w lemma="maður" type="nkfn">menn</w>
            <w lemma="einn" type="lkfnsf">einir</w>
            <w lemma="kjörgengur" type="lkfnsf">kjörgengir</w>
            <w lemma="til" type="af">til</w>
            <w lemma="alþingi" type="nhee">alþingis</w>
            <w lemma="," type="pk">,</w>
            <w lemma="er" type="ct">er</w>
            <w lemma="dvelja" type="sþghen">dvalið</w>
            <w lemma="hafa" type="sng">hafa</w>
            <w lemma="síðari" type="lhfove">síðustu</w>
            <w lemma="5" type="ta">5</w>
            <w lemma="ár" type="nhfo">ár</w>
            <w lemma="í" type="af">í</w>
            <w lemma="sá" type="fahfþ">þeim</w>
            <w lemma="land" type="nhfþ">löndum</w>
            <w lemma="í" type="af">í</w>
            <w lemma="Norðurálfa" type="nveþgs">Norðurálfunni</w>
            <w lemma="," type="pk">,</w>
            <w lemma="sem" type="ct">sem</w>
            <w lemma="liggja" type="sfg3fn">liggja</w>
            <w lemma="undir" type="af">undir</w>
            <w lemma="veldi" type="nheo">veldi</w>
            <w lemma="Danakonungur" type="nkee-s">Danakonungs</w>
            <w lemma="." type="pl">.</w>
          </s>
          <s n="18">
            <w lemma="þessi" type="fahen">Þetta</w>
            <w lemma="hafa" type="sfg3en">hefir</w>
            <w lemma="nú" type="aa">nú</w>
            <w lemma="margur" type="lkfþsf">mörgum</w>
            <w lemma="þótt" type="c">þótt</w>
            <w lemma="innlimunarmerki" type="nhen">innlimunarmerki</w>
            <w lemma="," type="pk">,</w>
            <w lemma="og" type="c">og</w>
            <w lemma="í" type="af">í</w>
            <w lemma="þessi" type="faheþ">þessu</w>
            <w lemma="frv." type="ks">frv.</w>
            <w lemma="vera" type="sfg3en">er</w>
            <w lemma="það" type="fpheþ">því</w>
            <w lemma="enn" type="aa">enn</w>
            <w lemma="halda" type="sþghen">haldið</w>
            <w lemma="á" type="af">á</w>
            <w lemma="sá" type="fakeo">þann</w>
            <w lemma="háttur" type="nkeo">hátt</w>
            <w lemma="," type="pk">,</w>
            <w lemma="að" type="c">að</w>
            <w lemma="kjörgengi" type="nhen">kjörgengi</w>
            <w lemma="vera" type="sfg3en">er</w>
            <w lemma="bundinn" type="lhensf">bundið</w>
            <w lemma="við" type="af">við</w>
            <w lemma="það" type="fpheo">það</w>
            <w lemma="," type="pk">,</w>
            <w lemma="að" type="c">að</w>
            <w lemma="maður" type="nkfn">menn</w>
            <w lemma="hafa" type="svg3fn">hafi</w>
            <w lemma="vera" type="sþghen">verið</w>
            <w lemma="heimilisfastur" type="lkfnsf">heimilisfastir</w>
            <w lemma="2" type="ta">2</w>
            <w lemma="síðari" type="lhfove">síðustu</w>
            <w lemma="ár" type="nhfo">ár</w>
            <w lemma="í" type="af">í</w>
            <w lemma="veldi" type="nheþ">veldi</w>
            <w lemma="Danakonungur" type="nkee-s">Danakonungs</w>
            <w lemma="," type="pk">,</w>
            <w lemma="í" type="af">í</w>
            <w lemma="»" type="pg">»</w>
            <w lemma="hinn" type="gheþ">hinu</w>
            <w lemma="samsafnaður" type="lheþvf">samsafnaða</w>
            <w lemma="danskur" type="lheþvf">danska</w>
            <w lemma="ríki" type="nheþ">ríki</w>
            <w lemma="«" type="pg">«</w>
            <w lemma="," type="pk">,</w>
            <w lemma="og" type="c">og</w>
            <w lemma="vera" type="sfg3en">er</w>
            <w lemma="þessi" type="fahen">þetta</w>
            <w lemma="atriði" type="nhen">atriði</w>
            <w lemma="ekki" type="aa">ekki</w>
            <w lemma="neinn" type="fohen">neitt</w>
            <w lemma="samningamál" type="nhen">samningamál</w>
            <w lemma="." type="pl">.</w>
          </s>
          <s n="19">
            <w lemma="ég" type="fp1fþ">Okkur</w>
            <w lemma="þykja" type="sfg3en">þykir</w>
            <w lemma="þurfa" type="sng">þurfa</w>
            <w lemma="að" type="cn">að</w>
            <w lemma="miða" type="sng">miða</w>
            <w lemma="kjörgengi" type="nheo">kjörgengi</w>
            <w lemma="við" type="af">við</w>
            <w lemma="Ísland" type="nheo-s">Ísland</w>
            <w lemma="," type="pk">,</w>
            <w lemma="og" type="c">og</w>
            <w lemma="gera" type="sfg1fþ">gerðum</w>
            <w lemma="ég" type="fp1fn">við</w>
            <w lemma="ráð" type="nheo">ráð</w>
            <w lemma="fyrir" type="af">fyrir</w>
            <w lemma="að" type="cn">að</w>
            <w lemma="skorða" type="sng">skorða</w>
            <w lemma="það" type="fpheo">það</w>
            <w lemma="við" type="af">við</w>
            <w lemma="tveir" type="tfhfe">tveggja</w>
            <w lemma="ár" type="nhfe">ára</w>
            <w lemma="búseta" type="nveo">búsetu</w>
            <w lemma="á" type="af">á</w>
            <w lemma="Ísland" type="nheþ-s">Íslandi</w>
            <w lemma="." type="pl">.</w>
          </s>
        </p>
        <p n="3">
          <s n="1">
            <w lemma="þá" type="aa">Þá</w>
            <w lemma="vera" type="sfg3en">er</w>
            <w lemma="það" type="fphen">það</w>
            <w lemma="," type="pk">,</w>
            <w lemma="að" type="c">að</w>
            <w lemma="þessi" type="fahen">þetta</w>
            <w lemma="frv." type="ks">frv.</w>
            <w lemma="gera" type="sfg3en">gerir</w>
            <w lemma="aðeins" type="aa">aðeins</w>
            <w lemma="ráð" type="nheo">ráð</w>
            <w lemma="fyrir" type="af">fyrir</w>
            <w lemma="það" type="fpheþ">því</w>
            <w lemma="," type="pk">,</w>
            <w lemma="að" type="c">að</w>
            <w lemma="breyta" type="sng">breyta</w>
            <w lemma="mega" type="svg3en">megi</w>
            <w lemma="fyrirkomulag" type="nheþ">fyrirkomulagi</w>
            <w lemma="þjóðkirkja" type="nveeg">þjóðkirkjunnar</w>
            <w lemma="-" type="pa">-</w>
            <w lemma="evangelisk-lúterska" type="nveþ">evangelisk-lútersku</w>
            <w lemma="-" type="pa">-</w>
            <w lemma="með" type="af">með</w>
            <w lemma="lög" type="nhfþ">lögum</w>
            <w lemma="," type="pk">,</w>
            <w lemma="en" type="c">en</w>
            <w lemma="vilja" type="sfg1fþ">vildum</w>
            <w lemma="hafa" type="sng">hafa</w>
            <w lemma="það" type="fpheo">það</w>
            <w lemma="í" type="af">í</w>
            <w lemma="stj.skr." type="kt">stj.skr.</w>
            <w lemma="," type="pk">,</w>
            <w lemma="að" type="c">að</w>
            <w lemma="fyrirkomulag" type="nheþ">fyrirkomulagi</w>
            <w lemma="kirkja" type="nveeg">kirkjunnar</w>
            <w lemma="skulu" type="svg3en">skuli</w>
            <w lemma="skipa" type="sþghen">skipað</w>
            <w lemma="með" type="af">með</w>
            <w lemma="lög" type="nhfþ">lögum</w>
            <w lemma="." type="pl">.</w>
          </s>
          <s n="2">
            <w lemma="en" type="c">En</w>
            <w lemma="þessi" type="fahen">þetta</w>
            <w lemma="mega" type="svg3eþ">mætti</w>
            <w lemma="nú" type="aa">nú</w>
            <w lemma="gjarnan" type="aam">heldur</w>
            <w lemma="verða" type="sng">verða</w>
            <w lemma="samningaatriði" type="nhfn">samningaatriði</w>
            <w lemma="." type="pl">.</w>
          </s>
        </p>
        <p n="4">
          <s n="1">
            <w lemma="þá" type="aa">Þá</w>
            <w lemma="skulu" type="sfg1en">skal</w>
            <w lemma="eg" type="fp1en">eg</w>
            <w lemma="," type="pk">,</w>
            <w lemma="með" type="af">með</w>
            <w lemma="leyfi" type="nheþ">leyfi</w>
            <w lemma="hæstv." type="ks">hæstv.</w>
            <w lemma="forseti" type="nkee">forseta</w>
            <w lemma="," type="pk">,</w>
            <w lemma="leyfa" type="sng">leyfa</w>
            <w lemma="ég" type="fp1eþ">mér</w>
            <w lemma="að" type="cn">að</w>
            <w lemma="lesa" type="sng">lesa</w>
            <w lemma="einn" type="tfveo">eina</w>
            <w lemma="stuttur" type="lveosf">stutta</w>
            <w lemma="grein" type="nveo">grein</w>
            <w lemma="," type="pk">,</w>
            <w lemma="sem" type="ct">sem</w>
            <w lemma="þessi" type="fahen">þetta</w>
            <w lemma="frumvarp" type="nhen">frumvarp</w>
            <w lemma="gera" type="sfg3en">gerir</w>
            <w lemma="ráð" type="nheo">ráð</w>
            <w lemma="fyrir" type="af">fyrir</w>
            <w lemma=";" type="pk">;</w>
            <w lemma="að" type="c">að</w>
            <w lemma="bæta" type="sþghen">bætt</w>
            <w lemma="verða" type="svg3en">verði</w>
            <w lemma="inn" type="aa">inn</w>
            <w lemma="í" type="af">í</w>
            <w lemma="stjórnarskrá" type="nveog">stjórnarskrána</w>
            <w lemma="." type="pl">.</w>
          </s>
          <s n="2">
            <w lemma="hún" type="fpven">Hún</w>
            <w lemma="hljóða" type="sfg3en">hljóðar</w>
            <w lemma="svo" type="aa">svo</w>
            <w lemma=":" type="pa">:</w>
          </s>
          <s n="3">
            <w lemma="»" type="pg">»</w>
            <w lemma="konungur" type="nken">Konungur</w>
            <w lemma="geta" type="sfg3en">getur</w>
            <w lemma="með" type="af">með</w>
            <w lemma="samþykki" type="nheþ">samþykki</w>
            <w lemma="alþingi" type="nhee">alþingis</w>
            <w lemma="kæra" type="sþghen">kært</w>
            <w lemma="maður" type="nkfo">menn</w>
            <w lemma="fyrir" type="af">fyrir</w>
            <w lemma="landsdómur" type="nkeþ">landsdómi</w>
            <w lemma="fyrir" type="af">fyrir</w>
            <w lemma="þesskonar" type="lkfoof">þesskonar</w>
            <w lemma="glæpur" type="nkfo">glæpi</w>
            <w lemma="," type="pk">,</w>
            <w lemma="vera" type="sfg3en">er</w>
            <w lemma="hann" type="fpkeþ">honum</w>
            <w lemma="virða" type="sfm3fn">virðast</w>
            <w lemma="einkar" type="aa">einkar</w>
            <w lemma="háskalegur" type="lkfnsf">háskalegir</w>
            <w lemma="fyrir" type="af">fyrir</w>
            <w lemma="Ísland" type="nheo-s">Ísland</w>
            <w lemma="«" type="pg">«</w>
            <w lemma="." type="pl">.</w>
          </s>
          <s n="4">
            <w lemma="ég" type="fp1eþ">Mér</w>
            <w lemma="vera" type="sfg3en">er</w>
            <w lemma="nú" type="aa">nú</w>
            <w lemma="spurn" type="nven">spurn</w>
            <w lemma=":" type="pa">:</w>
            <w lemma="hver" type="fohen">Hvert</w>
            <w lemma="stefna" type="sfg3en">stefnir</w>
            <w lemma="þessi" type="fahen">þetta</w>
            <w lemma="?" type="pl">?</w>
          </s>
          <s n="5">
            <w lemma="það" type="fphen">Það</w>
            <w lemma="munu" type="sfg3en">mun</w>
            <w lemma="þó" type="aa">þó</w>
            <w lemma="ekki" type="aa">ekki</w>
            <w lemma="hér" type="aa">hér</w>
            <w lemma="vera" type="sþghen">verið</w>
            <w lemma="að" type="cn">að</w>
            <w lemma="gera" type="sng">gera</w>
            <w lemma="ráð" type="nheo">ráð</w>
            <w lemma="fyrir" type="af">fyrir</w>
            <w lemma="það" type="fpheþ">því</w>
            <w lemma="," type="pk">,</w>
            <w lemma="að" type="c">að</w>
            <w lemma="þing" type="nheng">þingið</w>
            <w lemma="kunna" type="svg3en">kunni</w>
            <w lemma="einhver" type="fokeo">einhvern</w>
            <w lemma="tími" type="nkeo">tíma</w>
            <w lemma="að" type="cn">að</w>
            <w lemma="verða" type="sng">verða</w>
            <w lemma="svo" type="aa">svo</w>
            <w lemma="skipa" type="sþghen">skipað</w>
            <w lemma="," type="pk">,</w>
            <w lemma="að" type="c">að</w>
            <w lemma="á" type="af">á</w>
            <w lemma="þessi" type="fakeo">þennan</w>
            <w lemma="háttur" type="nkeo">hátt</w>
            <w lemma="mega" type="svg3eþ">mætti</w>
            <w lemma="bæla" type="sng">bæla</w>
            <w lemma="það" type="fpheo">það</w>
            <w lemma="niður" type="aa">niður</w>
            <w lemma="," type="pk">,</w>
            <w lemma="að" type="c">að</w>
            <w lemma="hér" type="aa">hér</w>
            <w lemma="á" type="af">á</w>
            <w lemma="land" type="nheþ">landi</w>
            <w lemma="geta" type="svg3en">geti</w>
            <w lemma="koma" type="sþghen">komið</w>
            <w lemma="upp" type="aa">upp</w>
            <w lemma="og" type="c">og</w>
            <w lemma="halda" type="sþmhen">haldist</w>
            <w lemma="við" type="af">við</w>
            <w lemma="pólitískur" type="lvfosf">pólitískar</w>
            <w lemma="hreyfing" type="nvfo">hreyfingar</w>
            <w lemma="," type="pk">,</w>
            <w lemma="sem" type="ct">sem</w>
            <w lemma="þykja" type="svg3en">þyki</w>
            <w lemma="fara" type="sfg3fn">fara</w>
            <w lemma="gjarnan" type="aam">heldur</w>
            <w lemma="langt" type="aa">langt</w>
            <w lemma="?" type="pl">?</w>
          </s>
          <s n="6">
            <w lemma="(" type="pa">(</w>
            <w lemma="nokkur" type="fokfn">Nokkrir</w>
            <w lemma="þm." type="ks">þm.</w>
            <w lemma=":" type="pa">:</w>
            <w lemma="t." type="au">T.</w>
            <w lemma="d." type="x">d.</w>
            <w lemma="skilnaður" type="nken">skilnaður</w>
            <w lemma=")" type="pa">)</w>
            <w lemma="." type="pl">.</w>
          </s>
          <s n="7">
            <w lemma="já" type="au">Já</w>
            <w lemma="." type="pl">.</w>
          </s>
          <s n="8">
            <w lemma="(" type="pa">(</w>
            <w lemma="Jón" type="nken-s">Jón</w>
            <w lemma="Ólafsson" type="nken-s">Ólafsson</w>
            <w lemma=":" type="pa">:</w>
            <w lemma="það" type="fphen">Það</w>
            <w lemma="standa" type="sfg3en">stendur</w>
            <w lemma=":" type="pa">:</w>
            <w lemma="pólitískur" type="lkfosf">pólitíska</w>
            <w lemma="glæpur" type="nkfo">glæpi</w>
            <w lemma=")" type="pa">)</w>
            <w lemma="." type="pl">.</w>
          </s>
          <s n="9">
            <w lemma="jú" type="au">Jú</w>
            <w lemma="," type="pk">,</w>
            <w lemma="það" type="fphen">það</w>
            <w lemma="geta" type="sfg3en">getur</w>
            <w lemma="hugsa" type="sþmhen">hugsast</w>
            <w lemma="," type="pk">,</w>
            <w lemma="að" type="af">að</w>
            <w lemma="einhver" type="foheþ">einhverju</w>
            <w lemma="sinn" type="nheþ">sinni</w>
            <w lemma="verða" type="svg3en">verði</w>
            <w lemma="sá" type="faken">sá</w>
            <w lemma="mikill" type="lkenvm">meiri</w>
            <w lemma="hluti" type="nken">hluti</w>
            <w lemma="í" type="af">í</w>
            <w lemma="þing" type="nheþg">þinginu</w>
            <w lemma="," type="pk">,</w>
            <w lemma="er" type="ct">er</w>
            <w lemma="álíta" type="svg3en">álíti</w>
            <w lemma="skilnaðarstefna" type="nveog">skilnaðarstefnuna</w>
            <w lemma="vera" type="sng">vera</w>
            <w lemma="það" type="fphen">það</w>
            <w lemma="." type="pl">.</w>
          </s>
          <s n="10">
            <w lemma="eg" type="fp1en">Eg</w>
            <w lemma="gera" type="sfg1en">geri</w>
            <w lemma="enginn" type="fokfþ">engum</w>
            <w lemma="neinn" type="fovfo">neinar</w>
            <w lemma="getsök" type="nvfo">getsakir</w>
            <w lemma="." type="pl">.</w>
          </s>
          <s n="11">
            <w lemma="eg" type="fp1en">Eg</w>
            <w lemma="spyrja" type="sfg1en">spyr</w>
            <w lemma="eingöngu" type="aa">eingöngu</w>
            <w lemma="," type="pk">,</w>
            <w lemma="hvert" type="aa">hvert</w>
            <w lemma="þessi" type="fahen">þetta</w>
            <w lemma="stefna" type="sfg3en">stefnir</w>
            <w lemma="," type="pk">,</w>
            <w lemma="og" type="c">og</w>
            <w lemma="eg" type="fp1en">eg</w>
            <w lemma="heimta" type="sfg1en">heimta</w>
            <w lemma="skýring" type="nveo">skýringu</w>
            <w lemma="á" type="af">á</w>
            <w lemma="það" type="fpheþ">því</w>
            <w lemma="," type="pk">,</w>
            <w lemma="það" type="fpheþ">því</w>
            <w lemma="að" type="c">að</w>
            <w lemma="þessi" type="faheþ">þessu</w>
            <w lemma="þurfa" type="sfg3en">þarf</w>
            <w lemma="að" type="cn">að</w>
            <w lemma="gefa" type="sng">gefa</w>
            <w lemma="rækilega" type="aa">rækilega</w>
            <w lemma="gaumur" type="nkeo">gaum</w>
            <w lemma="." type="pl">.</w>
          </s>
          <s n="12">
            <w lemma="einn" type="tfhen">Eitt</w>
            <w lemma="hafa" type="sfg3fn">hafa</w>
            <w lemma="háttv." type="ks">háttv.</w>
            <w lemma="flutn.m." type="ks">flutn.m.</w>
            <w lemma="ekki" type="aa">ekki</w>
            <w lemma="þora" type="sþghen">þorað</w>
            <w lemma="að" type="cn">að</w>
            <w lemma="taka" type="sng">taka</w>
            <w lemma="eftir" type="af">eftir</w>
            <w lemma="ég" type="fp1fþ">okkur</w>
            <w lemma="," type="pk">,</w>
            <w lemma="og" type="c">og</w>
            <w lemma="það" type="fphen">það</w>
            <w lemma="vera" type="sfg3en">er</w>
            <w lemma="að" type="cn">að</w>
            <w lemma="losa" type="sng">losa</w>
            <w lemma="ég" type="fp1fo">okkur</w>
            <w lemma="við" type="af">við</w>
            <w lemma="krossaglingur" type="nheog">krossaglingrið</w>
            <w lemma="." type="pl">.</w>
          </s>
          <s n="13">
            <w lemma="það" type="fphfþ">Þeim</w>
            <w lemma="hafa" type="sfg3en">hefir</w>
            <w lemma="nú" type="aa">nú</w>
            <w lemma="ef" type="c">ef</w>
            <w lemma="til" type="aa">til</w>
            <w lemma="vilja" type="sfg3en">vill</w>
            <w lemma="þótt" type="c">þótt</w>
            <w lemma="sá" type="fahen">það</w>
            <w lemma="hégómamál" type="nhen">hégómamál</w>
            <w lemma="," type="pk">,</w>
            <w lemma="en" type="c">en</w>
            <w lemma="það" type="fphen">það</w>
            <w lemma="hafa" type="sfg3en">hefir</w>
            <w lemma="þó" type="aa">þó</w>
            <w lemma="stundum" type="aa">stundum</w>
            <w lemma="reyna" type="sþmhen">reynst</w>
            <w lemma="handhægur" type="lhensf">handhægt</w>
            <w lemma="að" type="cn">að</w>
            <w lemma="beita" type="sng">beita</w>
            <w lemma="eða" type="c">eða</w>
            <w lemma="jafnvel" type="aa">jafnvel</w>
            <w lemma="misbeita" type="sng">misbeita</w>
            <w lemma="sá" type="fakee">þess</w>
            <w lemma="háttur" type="nkee">háttar</w>
            <w lemma="tildur" type="nheþ">tildri</w>
            <w lemma=";" type="pk">;</w>
            <w lemma="vilja" type="sfg1fþ">vildum</w>
            <w lemma="ég" type="fp1fn">við</w>
            <w lemma="því" type="aa">því</w>
            <w lemma="lögbanna" type="sng">lögbanna</w>
            <w lemma="allur" type="fokeo">allan</w>
            <w lemma="sá" type="fakeo">þann</w>
            <w lemma="óþarfi" type="nkeo">óþarfa</w>
            <w lemma="." type="pl">.</w>
          </s>
          <s n="14">
            <w lemma="það" type="fphen">Það</w>
            <w lemma="vera" type="sfg3en">er</w>
            <w lemma="skamur" type="lhensf">skamt</w>
            <w lemma="á" type="af">á</w>
            <w lemma="að" type="cn">að</w>
            <w lemma="minna" type="snm">minnast</w>
            <w lemma="síðan" type="aa">síðan</w>
            <w lemma="ausa" type="sþghen">ausið</w>
            <w lemma="vera" type="sfg3eþ">var</w>
            <w lemma="yfir" type="af">yfir</w>
            <w lemma="land" type="nheog">landið</w>
            <w lemma="steypiflóð" type="nheþ">steypiflóði</w>
            <w lemma="af" type="af">af</w>
            <w lemma="kross" type="nkfþ">krossum</w>
            <w lemma="og" type="c">og</w>
            <w lemma="titill" type="nkfþ">titlum</w>
            <w lemma="." type="pl">.</w>
          </s>
          <s n="15">
            <w lemma="(" type="pa">(</w>
            <w lemma="Hannes" type="nken-s">Hannes</w>
            <w lemma="Hafstein" type="nken-s">Hafstein</w>
            <w lemma=":" type="pa">:</w>
            <w lemma="fá" type="sfg3eþ">Fékk</w>
            <w lemma="þingmaður" type="nkeng">þingmaðurinn</w>
            <w lemma="enginn" type="foheo">ekkert</w>
            <w lemma="?" type="pl">?</w>
            <w lemma=")" type="pa">)</w>
          </s>
          <s n="16">
            <w lemma="-" type="pa">-</w>
            <w lemma="ég" type="fp1fn">Við</w>
            <w lemma="þm" type="ks">þm</w>
            <w lemma="." type="pl">.</w>
          </s>
          <s n="17">
            <w lemma="Dalur" type="nkeþ-s">Dal</w>
            <w lemma="." type="pl">.</w>
          </s>
          <s n="18">
            <w lemma="(" type="pa">(</w>
            <w lemma="B." type="x">B.</w>
            <w lemma="J." type="x">J.</w>
            <w lemma=")" type="pa">)</w>
            <w lemma="hafa" type="sfg1fn">höfum</w>
            <w lemma="ekki" type="aa">ekki</w>
            <w lemma="bera" type="sþghen">borið</w>
            <w lemma="ég" type="fp1fo">okkur</w>
            <w lemma="eftir" type="af">eftir</w>
            <w lemma="það" type="fpheþ">því</w>
            <w lemma="," type="pk">,</w>
            <w lemma="og" type="c">og</w>
            <w lemma="vilja" type="sfg1fn">viljum</w>
            <w lemma="nú" type="aa">nú</w>
            <w lemma="taka" type="sng">taka</w>
            <w lemma="fyrir" type="af">fyrir</w>
            <w lemma="allur" type="foveo">alla</w>
            <w lemma="von" type="nveo">von</w>
            <w lemma="þar" type="aa">þar</w>
            <w lemma="um" type="af">um</w>
            <w lemma="báðir" type="fohfo">bæði</w>
            <w lemma="ég" type="fp1fþ">okkur</w>
            <w lemma="og" type="c">og</w>
            <w lemma="annar" type="fokfþ">öðrum</w>
            <w lemma="til" type="af">til</w>
            <w lemma="hönd" type="nvfe">handa</w>
            <w lemma="." type="pl">.</w>
          </s>
          <s n="19">
            <w lemma="einn" type="tfhen">Eitt</w>
            <w lemma="vera" type="sfg3en">er</w>
            <w lemma="það" type="fphen">það</w>
            <w lemma="enn" type="aa">enn</w>
            <w lemma="," type="pk">,</w>
            <w lemma="sem" type="ct">sem</w>
            <w lemma="varla" type="aa">varla</w>
            <w lemma="geta" type="sfg3en">getur</w>
            <w lemma="vel" type="aa">vel</w>
            <w lemma="vera" type="sþghen">verið</w>
            <w lemma="samningsatriði" type="nhen">samningsatriði</w>
            <w lemma="," type="pk">,</w>
            <w lemma="en" type="c">en</w>
            <w lemma="það" type="fphen">það</w>
            <w lemma="vera" type="sfg3fn">eru</w>
            <w lemma="verða" type="sþghfn">orðin</w>
            <w lemma=":" type="pa">:</w>
            <w lemma="»" type="pg">»</w>
            <w lemma="hinn" type="ghfn">hin</w>
            <w lemma="sérstaklegur" type="lhfnvf">sérstaklegu</w>
            <w lemma="«" type="pg">«</w>
            <w lemma="málefni" type="nhfn">málefni</w>
            <w lemma="Ísland" type="nhee-s">Íslands</w>
            <w lemma="." type="pl">.</w>
          </s>
          <s n="20">
            <w lemma="það" type="fphfn">Þau</w>
            <w lemma="mega" type="sfg3fn">mega</w>
            <w lemma="í" type="af">í</w>
            <w lemma="raun" type="nveþg">rauninni</w>
            <w lemma="ekki" type="aa">ekki</w>
            <w lemma="sjá" type="sfm3fn">sjást</w>
            <w lemma="." type="pl">.</w>
          </s>
          <s n="21">
            <w lemma="það" type="fphen">Það</w>
            <w lemma="vera" type="sfg3en">er</w>
            <w lemma="óbeinlínis" type="aa">óbeinlínis</w>
            <w lemma="viðurkenning" type="nven">viðurkenning</w>
            <w lemma="á" type="af">á</w>
            <w lemma="»" type="pg">»</w>
            <w lemma="sameiginlegur" type="lhfþsf">sameiginlegum</w>
            <w lemma="«" type="pg">«</w>
            <w lemma="mál" type="nhfþ">málum</w>
            <w lemma="." type="pl">.</w>
          </s>
        </p>
        <p n="5">
          <s n="1">
            <w lemma="á" type="af">Á</w>
            <w lemma="einn" type="tfkeþ">einum</w>
            <w lemma="staður" type="nkeþ">stað</w>
            <w lemma="í" type="af">í</w>
            <w lemma="frv." type="ks">frv.</w>
            <w lemma="líta" type="sfg3en">lítur</w>
            <w lemma="svo" type="aa">svo</w>
            <w lemma="út" type="aa">út</w>
            <w lemma="sem" type="c">sem</w>
            <w lemma="ætla" type="sþmhen">ætlast</w>
            <w lemma="vera" type="svg3en">sé</w>
            <w lemma="til" type="af">til</w>
            <w lemma="að" type="cn">að</w>
            <w lemma="yfirheyra" type="sng">yfirheyra</w>
            <w lemma="eiga" type="svg3en">eigi</w>
            <w lemma="kjósandi" type="nkfn">kjósendur</w>
            <w lemma="í" type="af">í</w>
            <w lemma="pólitík" type="nveþ">pólitík</w>
            <w lemma="," type="pk">,</w>
            <w lemma="líklega" type="aa">líklega</w>
            <w lemma="helzt" type="aae">helzt</w>
            <w lemma="við" type="af">við</w>
            <w lemma="kjörborð" type="nheog">kjörborðið</w>
            <w lemma="," type="pk">,</w>
            <w lemma="svona" type="aa">svona</w>
            <w lemma="líkt" type="aa">líkt</w>
            <w lemma="og" type="c">og</w>
            <w lemma="fermingarbarn" type="nhfn">fermingarbörn</w>
            <w lemma="." type="pl">.</w>
          </s>
          <s n="2">
            <w lemma="ef" type="c">Ef</w>
            <w lemma="binda" type="sng">binda</w>
            <w lemma="eiga" type="svg3eþ">ætti</w>
            <w lemma="kosningarréttur" type="nkeo">kosningarrétt</w>
            <w lemma="maður" type="nkfe">manna</w>
            <w lemma="við" type="af">við</w>
            <w lemma="einhver" type="fohfo">einhver</w>
            <w lemma="þekkingarskilyrði" type="nhfo">þekkingarskilyrði</w>
            <w lemma="," type="pk">,</w>
            <w lemma="svo" type="aa">svo</w>
            <w lemma="sem" type="c">sem</w>
            <w lemma="að" type="cn">að</w>
            <w lemma="vita" type="sng">vita</w>
            <w lemma="aðalundirstöðuatriði" type="nhfog">aðalundirstöðuatriðin</w>
            <w lemma="um" type="af">um</w>
            <w lemma="stjórnarfar" type="nheo">stjórnarfar</w>
            <w lemma="land" type="nheeg">landsins</w>
            <w lemma="," type="pk">,</w>
            <w lemma="þá" type="aa">þá</w>
            <w lemma="sýna" type="sfm3en">sýnist</w>
            <w lemma="það" type="fphen">það</w>
            <w lemma="helzt" type="aae">helzt</w>
            <w lemma="eiga" type="sng">eiga</w>
            <w lemma="við" type="af">við</w>
            <w lemma="að" type="cn">að</w>
            <w lemma="hafa" type="sng">hafa</w>
            <w lemma="tilsögn" type="nveo">tilsögn</w>
            <w lemma="um" type="af">um</w>
            <w lemma="það" type="fpheo">það</w>
            <w lemma="í" type="af">í</w>
            <w lemma="alþýðufræðsla" type="nveþg">alþýðufræðslunni</w>
            <w lemma="í" type="af">í</w>
            <w lemma="land" type="nheþg">landinu</w>
            <w lemma="," type="pk">,</w>
            <w lemma="í" type="af">í</w>
            <w lemma="barnaskóli" type="nkfþ">barnaskólum</w>
            <w lemma="og" type="c">og</w>
            <w lemma="alþýðuskóli" type="nkfþ">alþýðuskólum</w>
            <w lemma="." type="pl">.</w>
          </s>
        </p>
        <p n="6">
          <s n="1">
            <w lemma="eg" type="fp1en">Eg</w>
            <w lemma="skulu" type="sfg1en">skal</w>
            <w lemma="svo" type="aa">svo</w>
            <w lemma="ekki" type="aa">ekki</w>
            <w lemma="fjölyrða" type="sng">fjölyrða</w>
            <w lemma="mikill" type="lheovm">meira</w>
            <w lemma="að" type="af">að</w>
            <w lemma="sinn" type="nheþ">sinni</w>
            <w lemma="um" type="af">um</w>
            <w lemma="þessi" type="faheo">þetta</w>
            <w lemma="frumvarp" type="nheo">frumvarp</w>
            <w lemma="," type="pk">,</w>
            <w lemma="en" type="c">en</w>
            <w lemma="vil" type="x">vil</w>
            <w lemma="»" type="pg">»</w>
            <w lemma="slá" type="nveo">slá</w>
            <w lemma="það" type="fpheþ">því</w>
            <w lemma="fastur" type="lheþsf">föstu</w>
            <w lemma="«" type="pg">«</w>
            <w lemma="," type="pk">,</w>
            <w lemma="að" type="c">að</w>
            <w lemma="þar" type="aa">þar</w>
            <w lemma="kenna" type="sfg3en">kennir</w>
            <w lemma="of" type="aa">of</w>
            <w lemma="mjög" type="aa">mjög</w>
            <w lemma="innlimunarandi" type="nkeo">innlimunaranda</w>
            <w lemma="það" type="fphee">þess</w>
            <w lemma="," type="pk">,</w>
            <w lemma="sem" type="ct">sem</w>
            <w lemma="vera" type="sþghen">verið</w>
            <w lemma="hafa" type="sfg3en">hefir</w>
            <w lemma="í" type="af">í</w>
            <w lemma="fleiru" type="lheþvm">fleiru</w>
            <w lemma="úr" type="af">úr</w>
            <w lemma="sá" type="faveþ">þeirri</w>
            <w lemma="átt" type="nveþg">áttinni</w>
            <w lemma="." type="pl">.</w>
          </s>
        </p>
      </div1>
    </body>
  </text>
</TEI>
