<?xml version="1.0" encoding="UTF-8"?>
<TEI xmlns="http://www.tei-c.org/ns/1.0" xml:id="R-33-4694454" xml:lang="is">
  <teiHeader>
    <fileDesc>
      <titleStmt>
        <title>
          <title type="main">Almenn viðskiptalög (118. mál)</title>
        </title>
        <respStmt>
          <resp xml:lang="is">Söfnun og úrvinnsla texta</resp>
          <resp xml:lang="en">Collection and processing of text</resp>
          <name xml:lang="is">Stofnun Árna Magnússonar í íslenskum fræðum</name>
          <name xml:lang="en">The Arni Magnusson Institute for Icelandic Studies</name>
        </respStmt>
      </titleStmt>
      <editionStmt>
        <p xml:lang="is">Málheild: Ræður frá Alþingi Íslendinga (2020.06)</p>
        <p xml:lang="en">Corpus: Speeches from The Parliament of Iceland (2020.06)</p>
      </editionStmt>
      <publicationStmt>
        <distributor xml:lang="is">Stofnun Árna Magnússonar í íslenskum fræðum</distributor>
        <distributor xml:lang="en">The Arni Magnusson Institute for Icelandic Studies</distributor>
        <address>
          <addrLine xml:lang="is">Árnagarður við Suðurgötu, 107 Reykjavík, Íslandi</addrLine>
          <addrLine xml:lang="en">Árnagarður Suðurgata, 107 Reykjavik, Iceland</addrLine>
          <addrLine>
            <email>arnastofnun@arnastofnun.is</email>
          </addrLine>
        </address>
        <idno type="risam">R-33-4694454</idno>
        <availability>
          <p xml:lang="is">Þessi texti er til notkunar í málrannsóknum og máltækniverkefnum um allan heim með CC-BY leyfi</p>
          <p xml:lang="en">This text is available for use in language research and language technology projects world wide with CC-BY licence.</p>
        </availability>
        <date>2020-05-27</date>
      </publicationStmt>
      <sourceDesc>
        <biblStruct>
          <analytic>
            <title>
              <title type="main">Almenn viðskiptalög (118. mál)</title>
            </title>
            <author>
             <persName>Björn Jónsson</persName>
             <note type="gender">M</note>
             <note type="age">64</note>
             <note type="url">http://althingi.is/altext/cv/is/?nfaerslunr=83</note>
             <note type="political_party">Sjálfstæðisflokkurinn eldri</note>
             <note type="constituency">Barðstrendinga (Ba)</note>
             <note type="role">Alþingismaður</note>
             <note type="role">forsætisráðherra</note>
            </author>
            <date when="1911-02-17">17.02. 1911</date>
          </analytic>
          <monogr>
            <title>althingi.is</title>
            <imprint>
              <publisher>Alþingi</publisher>
            </imprint>
            <biblScope>
             <ref>http://althingi.is/altext/raeda/?lthing=22&amp;rnr=223</ref>
            </biblScope>
          </monogr>
        </biblStruct>
      </sourceDesc>
    </fileDesc>
    <encodingDesc>
      <projectDesc>
        <p xml:lang="is">Sjá lýsingu á verkefninu í rmh2Hdr.xml.</p>
        <p xml:lang="en">See description of project in rmh2Hdr.xml.</p>
      </projectDesc>
      <tagsDecl>
        <namespace name="http://www.tei-c.org/ns/1.0">
          <tagUsage gi="text" occurs="1"/>
          <tagUsage gi="body" occurs="1"/>
          <tagUsage gi="div1" occurs="1"/>
          <tagUsage gi="p" occurs="2"/>
          <tagUsage gi="s" occurs="8"/>
          <tagUsage gi="w" occurs="157"/>
          <tagUsage gi="c" occurs="0"/>
        </namespace>
      </tagsDecl>
    </encodingDesc>
  </teiHeader>
  <text>
    <body>
      <div1>
        <p n="1">
          <s n="1">
            <w lemma="ráðherra" type="nken">Ráðherra</w>
            <w lemma=":" type="pa">:</w>
          </s>
        </p>
        <p n="2">
          <s n="1">
            <w lemma="eg" type="fp1en">Eg</w>
            <w lemma="geta" type="sfg1en">get</w>
            <w lemma="vera" type="sþghen">verið</w>
            <w lemma="fáorður" type="lkensf">fáorður</w>
            <w lemma="um" type="af">um</w>
            <w lemma="frv." type="ks">frv.</w>
            <w lemma="," type="pk">,</w>
            <w lemma="þó" type="aa">þó</w>
            <w lemma="það" type="fphen">það</w>
            <w lemma="vera" type="svg3en">sé</w>
            <w lemma="bæði" type="c">bæði</w>
            <w lemma="langur" type="lhensf">langt</w>
            <w lemma="og" type="c">og</w>
            <w lemma="merkilegur" type="lhensf">merkilegt</w>
            <w lemma="," type="pk">,</w>
            <w lemma="með" type="af">með</w>
            <w lemma="það" type="fpheþ">því</w>
            <w lemma="að" type="c">að</w>
            <w lemma="nálega" type="aa">nálega</w>
            <w lemma="samhljóða" type="lhenof">samhljóða</w>
            <w lemma="frv." type="ks">frv.</w>
            <w lemma="vera" type="sfg3eþ">var</w>
            <w lemma="til" type="af">til</w>
            <w lemma="umræða" type="nvee">umræðu</w>
            <w lemma="á" type="af">á</w>
            <w lemma="síðari" type="lheþve">síðasta</w>
            <w lemma="þing" type="nheþ">þingi</w>
            <w lemma="." type="pl">.</w>
          </s>
          <s n="2">
            <w lemma="Frv." type="ks">Frv.</w>
            <w lemma="vera" type="sfg3en">er</w>
            <w lemma="aðfenginn" type="lhensf">aðfengið</w>
            <w lemma="," type="pk">,</w>
            <w lemma="en" type="c">en</w>
            <w lemma="þó" type="aa">þó</w>
            <w lemma="ekki" type="aa">ekki</w>
            <w lemma="þýðing" type="nven">þýðing</w>
            <w lemma="á" type="af">á</w>
            <w lemma="danskur" type="lhfþsf">dönskum</w>
            <w lemma="lög" type="nhfþ">lögum</w>
            <w lemma="," type="pk">,</w>
            <w lemma="svo" type="aa">svo</w>
            <w lemma="að" type="c">að</w>
            <w lemma="virðul" type="nken">virðul</w>
            <w lemma="." type="pl">.</w>
          </s>
          <s n="3">
            <w lemma="þm." type="ks">þm.</w>
            <w lemma="þurfa" type="sfg3fn">þurfa</w>
            <w lemma="ekki" type="aa">ekki</w>
            <w lemma="að" type="cn">að</w>
            <w lemma="vera" type="sng">vera</w>
            <w lemma="fælinn" type="lkfnsf">fælnir</w>
            <w lemma="við" type="af">við</w>
            <w lemma="það" type="fpheo">það</w>
            <w lemma="af" type="af">af</w>
            <w lemma="sá" type="faveþ">þeirri</w>
            <w lemma="ástæða" type="nveþ">ástæðu</w>
            <w lemma="." type="pl">.</w>
          </s>
          <s n="4">
            <w lemma="það" type="fpheþ">Því</w>
            <w lemma="vera" type="sfg3eþ">var</w>
            <w lemma="snúa" type="sþghen">snúið</w>
            <w lemma="á" type="af">á</w>
            <w lemma="síðari" type="lheþve">síðasta</w>
            <w lemma="þing" type="nheþ">þingi</w>
            <w lemma="af" type="af">af</w>
            <w lemma="vel" type="aa">vel</w>
            <w lemma="fær" type="lkeþsf">færum</w>
            <w lemma="maður" type="nkeþ">manni</w>
            <w lemma=";" type="pk">;</w>
            <w lemma="úr" type="af">úr</w>
            <w lemma="lög" type="nhfþ">lögum</w>
            <w lemma="er" type="ct">er</w>
            <w lemma="gilda" type="sfg3fn">gilda</w>
            <w lemma="um" type="af">um</w>
            <w lemma="allur" type="fohfo">öll</w>
            <w lemma="Norðurlönd" type="nhfo-s">Norðurlönd</w>
            <w lemma="." type="pl">.</w>
          </s>
          <s n="5">
            <w lemma="vera" type="sfg3eþ">Var</w>
            <w lemma="vinna" type="sþghen">unnið</w>
            <w lemma="að" type="af">að</w>
            <w lemma="þessi" type="fahfþ">þessum</w>
            <w lemma="lög" type="nhfþ">lögum</w>
            <w lemma="af" type="af">af</w>
            <w lemma="hæfur" type="lkfþve">hæfustu</w>
            <w lemma="maður" type="nkfþ">mönnum</w>
            <w lemma="úr" type="af">úr</w>
            <w lemma="allur" type="fohfþ">öllum</w>
            <w lemma="þrír" type="tfhfþ">þrem</w>
            <w lemma="land" type="nhfþ">löndum</w>
            <w lemma="," type="pk">,</w>
            <w lemma="og" type="c">og</w>
            <w lemma="vera" type="sfg3fþ">voru</w>
            <w lemma="það" type="fphfn">þau</w>
            <w lemma="samþykja" type="sþghen">samþykt</w>
            <w lemma="á" type="af">á</w>
            <w lemma="allur" type="fohfþ">öllum</w>
            <w lemma="þrír" type="tfhfþ">þrem</w>
            <w lemma="löggjafarþing" type="nhfþ">löggjafarþingum</w>
            <w lemma="þar" type="aa">þar</w>
            <w lemma="." type="pl">.</w>
          </s>
          <s n="6">
            <w lemma="vera" type="sfg3en">Er</w>
            <w lemma="því" type="aa">því</w>
            <w lemma="trygging" type="nven">trygging</w>
            <w lemma="fyrir" type="af">fyrir</w>
            <w lemma="það" type="fpheþ">því</w>
            <w lemma="," type="pk">,</w>
            <w lemma="að" type="c">að</w>
            <w lemma="það" type="fphfn">þau</w>
            <w lemma="vera" type="svg3fn">séu</w>
            <w lemma="vel" type="aa">vel</w>
            <w lemma="vandaður" type="lhfnsf">vönduð</w>
            <w lemma="og" type="c">og</w>
            <w lemma="vel" type="aa">vel</w>
            <w lemma="frá" type="af">frá</w>
            <w lemma="það" type="fphfþ">þeim</w>
            <w lemma="ganga" type="sþghen">gengið</w>
            <w lemma=";" type="pk">;</w>
            <w lemma="en" type="c">en</w>
            <w lemma="auk" type="af">auk</w>
            <w lemma="það" type="fphee">þess</w>
            <w lemma="vera" type="sfg3en">er</w>
            <w lemma="það" type="fphen">það</w>
            <w lemma="hagfeldur" type="lhensf">hagfelt</w>
            <w lemma="að" type="cn">að</w>
            <w lemma="búa" type="sng">búa</w>
            <w lemma="við" type="af">við</w>
            <w lemma="sami" type="fbhfo">sömu</w>
            <w lemma="lög" type="nhfo">lög</w>
            <w lemma="í" type="af">í</w>
            <w lemma="þessi" type="faheþ">þessu</w>
            <w lemma="efni" type="nheþ">efni</w>
            <w lemma="," type="pk">,</w>
            <w lemma="sem" type="ct">sem</w>
            <w lemma="annar" type="fovfn">aðrar</w>
            <w lemma="Norðurlönd" type="nhfe-s">Norðurlanda</w>
            <w lemma="þjóð" type="nvfn">þjóðir</w>
            <w lemma="." type="pl">.</w>
          </s>
          <s n="7">
            <w lemma="stjórn" type="nveng">Stjórnin</w>
            <w lemma="hafa" type="sfg3en">hefir</w>
            <w lemma="að" type="aa">að</w>
            <w lemma="eins" type="aa">eins</w>
            <w lemma="gera" type="sþghen">gert</w>
            <w lemma="nokkur" type="fovfo">nokkrar</w>
            <w lemma="smábreyting" type="nvfo">smábreytingar</w>
            <w lemma="á" type="af">á</w>
            <w lemma="lög" type="nhfþg">lögunum</w>
            <w lemma="," type="pk">,</w>
            <w lemma="þar" type="aa">þar</w>
            <w lemma="sem" type="c">sem</w>
            <w lemma="hún" type="fpveþ">henni</w>
            <w lemma="þykja" type="sfg3eþ">þótti</w>
            <w lemma="við" type="aa">við</w>
            <w lemma="þurfa" type="sng">þurfa</w>
            <w lemma="eftir" type="af">eftir</w>
            <w lemma="sérháttur" type="nkfþ">sérháttum</w>
            <w lemma="Vor" type="nhfþ-s">vorum</w>
            <w lemma="." type="pl">.</w>
          </s>
        </p>
      </div1>
    </body>
  </text>
</TEI>
